text_idx,seed,ext_ratio_pct,orig_chars,ref_chars,ext_chars,hyb_chars,hyb_ratio,bart_input_tokens,bart_truncated,hyb_bert_f1,hyb_rouge1,hyb_rouge2,hyb_rougeL,hyb_kw_match,hyb_kw_content_match,gen_bert_f1,gen_rouge1,gen_rouge2,gen_rougeL,gen_kw_match,gen_kw_content_match,gen_bart_tokens,gen_bart_truncated,gen_length_basis,hyb_rouge1_morph,hyb_rouge2_morph,hyb_rougeL_morph,gen_rouge1_morph,gen_rouge2_morph,gen_rougeL_morph
1,42,1,1186,109,13,16,0.013,9,0,0.6141,0.128,0.0488,0.096,0.03,0.0741,0.6724,0.2571,0.1169,0.1345,0.35,0.4444,512,1,extracted,0.1842,0.0541,0.1316,0.1985,0.0599,0.1241
1,42,2,1186,109,13,16,0.013,9,0,0.6141,0.128,0.0488,0.096,0.03,0.0741,0.6724,0.2571,0.1169,0.1345,0.35,0.4444,512,1,extracted,0.1842,0.0541,0.1316,0.1985,0.0599,0.1241
1,42,3,1186,109,13,16,0.013,9,0,0.6141,0.128,0.0488,0.096,0.03,0.0741,0.6724,0.2571,0.1169,0.1345,0.35,0.4444,512,1,extracted,0.1842,0.0541,0.1316,0.1985,0.0599,0.1241
1,42,4,1186,109,13,16,0.013,9,0,0.6141,0.128,0.0488,0.096,0.03,0.0741,0.6724,0.2571,0.1169,0.1345,0.35,0.4444,512,1,extracted,0.1842,0.0541,0.1316,0.1985,0.0599,0.1241
1,42,5,1186,109,13,16,0.013,9,0,0.6141,0.128,0.0488,0.096,0.03,0.0741,0.6724,0.2571,0.1169,0.1345,0.35,0.4444,512,1,extracted,0.1842,0.0541,0.1316,0.1985,0.0599,0.1241
1,42,6,1186,109,13,16,0.013,9,0,0.6141,0.128,0.0488,0.096,0.03,0.0741,0.6724,0.2571,0.1169,0.1345,0.35,0.4444,512,1,extracted,0.1842,0.0541,0.1316,0.1985,0.0599,0.1241
1,42,7,1186,109,13,16,0.013,9,0,0.6141,0.128,0.0488,0.096,0.03,0.0741,0.6724,0.2571,0.1169,0.1345,0.35,0.4444,512,1,extracted,0.1842,0.0541,0.1316,0.1985,0.0599,0.1241
1,42,8,1186,109,58,32,0.027,37,0,0.621,0.2695,0.0863,0.1702,0.06,0.0741,0.6724,0.2571,0.1169,0.1345,0.35,0.4444,512,1,extracted,0.1687,0.0247,0.1205,0.1985,0.0599,0.1241
1,42,9,1186,109,58,32,0.027,37,0,0.621,0.2695,0.0863,0.1702,0.06,0.0741,0.6724,0.2571,0.1169,0.1345,0.35,0.4444,512,1,extracted,0.1687,0.0247,0.1205,0.1985,0.0599,0.1241
1,42,10,1186,109,58,32,0.027,37,0,0.621,0.2695,0.0863,0.1702,0.06,0.0741,0.6724,0.2571,0.1169,0.1345,0.35,0.4444,512,1,extracted,0.1687,0.0247,0.1205,0.1985,0.0599,0.1241
1,42,11,1186,109,58,32,0.027,37,0,0.621,0.2695,0.0863,0.1702,0.06,0.0741,0.6724,0.2571,0.1169,0.1345,0.35,0.4444,512,1,extracted,0.1687,0.0247,0.1205,0.1985,0.0599,0.1241
1,42,12,1186,109,58,32,0.027,37,0,0.621,0.2695,0.0863,0.1702,0.06,0.0741,0.6724,0.2571,0.1169,0.1345,0.35,0.4444,512,1,extracted,0.1687,0.0247,0.1205,0.1985,0.0599,0.1241
1,42,13,1186,109,92,58,0.049,54,0,0.6418,0.3353,0.0727,0.1437,0.06,0.1111,0.6724,0.2571,0.1169,0.1345,0.35,0.4444,512,1,extracted,0.3774,0.0577,0.2075,0.1985,0.0599,0.1241
1,42,14,1186,109,92,58,0.049,54,0,0.6418,0.3353,0.0727,0.1437,0.06,0.1111,0.6724,0.2571,0.1169,0.1345,0.35,0.4444,512,1,extracted,0.3774,0.0577,0.2075,0.1985,0.0599,0.1241
1,42,15,1186,109,92,58,0.049,54,0,0.6418,0.3353,0.0727,0.1437,0.06,0.1111,0.6724,0.2571,0.1169,0.1345,0.35,0.4444,512,1,extracted,0.3774,0.0577,0.2075,0.1985,0.0599,0.1241
1,42,16,1186,109,92,58,0.049,54,0,0.6418,0.3353,0.0727,0.1437,0.06,0.1111,0.6724,0.2571,0.1169,0.1345,0.35,0.4444,512,1,extracted,0.3774,0.0577,0.2075,0.1985,0.0599,0.1241
1,42,17,1186,109,92,58,0.049,54,0,0.6418,0.3353,0.0727,0.1437,0.06,0.1111,0.6724,0.2571,0.1169,0.1345,0.35,0.4444,512,1,extracted,0.3774,0.0577,0.2075,0.1985,0.0599,0.1241
1,42,18,1186,109,141,80,0.067,80,0,0.6554,0.4021,0.1176,0.2116,0.1,0.1111,0.6724,0.2571,0.1169,0.1345,0.35,0.4444,512,1,extracted,0.3898,0.069,0.2034,0.1985,0.0599,0.1241
1,42,19,1186,109,141,80,0.067,80,0,0.6554,0.4021,0.1176,0.2116,0.1,0.1111,0.6724,0.2571,0.1169,0.1345,0.35,0.4444,512,1,extracted,0.3898,0.069,0.2034,0.1985,0.0599,0.1241
1,42,20,1186,109,141,80,0.067,80,0,0.6554,0.4021,0.1176,0.2116,0.1,0.1111,0.6724,0.2571,0.1169,0.1345,0.35,0.4444,512,1,extracted,0.3898,0.069,0.2034,0.1985,0.0599,0.1241
1,42,21,1186,109,141,80,0.067,80,0,0.6554,0.4021,0.1176,0.2116,0.1,0.1111,0.6724,0.2571,0.1169,0.1345,0.35,0.4444,512,1,extracted,0.3898,0.069,0.2034,0.1985,0.0599,0.1241
1,42,22,1186,109,141,80,0.067,80,0,0.6554,0.4021,0.1176,0.2116,0.1,0.1111,0.6724,0.2571,0.1169,0.1345,0.35,0.4444,512,1,extracted,0.3898,0.069,0.2034,0.1985,0.0599,0.1241
1,42,23,1186,109,176,105,0.089,94,0,0.6448,0.3832,0.1132,0.2056,0.1,0.1111,0.6724,0.2571,0.1169,0.1345,0.35,0.4444,512,1,extracted,0.3582,0.0606,0.1791,0.1985,0.0599,0.1241
1,42,24,1186,109,176,105,0.089,94,0,0.6448,0.3832,0.1132,0.2056,0.1,0.1111,0.6724,0.2571,0.1169,0.1345,0.35,0.4444,512,1,extracted,0.3582,0.0606,0.1791,0.1985,0.0599,0.1241
1,42,25,1186,109,176,105,0.089,94,0,0.6448,0.3832,0.1132,0.2056,0.1,0.1111,0.6724,0.2571,0.1169,0.1345,0.35,0.4444,512,1,extracted,0.3582,0.0606,0.1791,0.1985,0.0599,0.1241
1,42,26,1186,109,176,105,0.089,94,0,0.6448,0.3832,0.1132,0.2056,0.1,0.1111,0.6724,0.2571,0.1169,0.1345,0.35,0.4444,512,1,extracted,0.3582,0.0606,0.1791,0.1985,0.0599,0.1241
1,42,27,1186,109,176,105,0.089,94,0,0.6448,0.3832,0.1132,0.2056,0.1,0.1111,0.6724,0.2571,0.1169,0.1345,0.35,0.4444,512,1,extracted,0.3582,0.0606,0.1791,0.1985,0.0599,0.1241
1,42,28,1186,109,203,121,0.102,109,0,0.6504,0.4087,0.1316,0.2174,0.12,0.1481,0.6724,0.2571,0.1169,0.1345,0.35,0.4444,512,1,extracted,0.375,0.0704,0.1944,0.1985,0.0599,0.1241
1,42,29,1186,109,203,121,0.102,109,0,0.6504,0.4087,0.1316,0.2174,0.12,0.1481,0.6724,0.2571,0.1169,0.1345,0.35,0.4444,512,1,extracted,0.375,0.0704,0.1944,0.1985,0.0599,0.1241
1,42,30,1186,109,203,121,0.102,109,0,0.6504,0.4087,0.1316,0.2174,0.12,0.1481,0.6724,0.2571,0.1169,0.1345,0.35,0.4444,512,1,extracted,0.375,0.0704,0.1944,0.1985,0.0599,0.1241
1,42,31,1186,109,203,121,0.102,109,0,0.6504,0.4087,0.1316,0.2174,0.12,0.1481,0.6724,0.2571,0.1169,0.1345,0.35,0.4444,512,1,extracted,0.375,0.0704,0.1944,0.1985,0.0599,0.1241
1,42,32,1186,109,203,121,0.102,109,0,0.6504,0.4087,0.1316,0.2174,0.12,0.1481,0.6724,0.2571,0.1169,0.1345,0.35,0.4444,512,1,extracted,0.375,0.0704,0.1944,0.1985,0.0599,0.1241
1,42,33,1186,109,247,145,0.122,128,0,0.6495,0.4488,0.1429,0.2047,0.15,0.1852,0.6724,0.2571,0.1169,0.1345,0.35,0.4444,512,1,extracted,0.3797,0.0641,0.1772,0.1985,0.0599,0.1241
1,42,34,1186,109,247,145,0.122,128,0,0.6495,0.4488,0.1429,0.2047,0.15,0.1852,0.6724,0.2571,0.1169,0.1345,0.35,0.4444,512,1,extracted,0.3797,0.0641,0.1772,0.1985,0.0599,0.1241
1,42,35,1186,109,247,145,0.122,128,0,0.6495,0.4488,0.1429,0.2047,0.15,0.1852,0.6724,0.2571,0.1169,0.1345,0.35,0.4444,512,1,extracted,0.3797,0.0641,0.1772,0.1985,0.0599,0.1241
1,42,36,1186,109,247,145,0.122,128,0,0.6495,0.4488,0.1429,0.2047,0.15,0.1852,0.6724,0.2571,0.1169,0.1345,0.35,0.4444,512,1,extracted,0.3797,0.0641,0.1772,0.1985,0.0599,0.1241
1,42,37,1186,109,247,145,0.122,128,0,0.6495,0.4488,0.1429,0.2047,0.15,0.1852,0.6724,0.2571,0.1169,0.1345,0.35,0.4444,512,1,extracted,0.3797,0.0641,0.1772,0.1985,0.0599,0.1241
1,42,38,1186,109,295,174,0.147,147,0,0.6497,0.417,0.1352,0.2049,0.16,0.2222,0.6724,0.2571,0.1169,0.1345,0.35,0.4444,512,1,extracted,0.3483,0.0568,0.1798,0.1985,0.0599,0.1241
1,42,39,1186,109,295,174,0.147,147,0,0.6497,0.417,0.1352,0.2049,0.16,0.2222,0.6724,0.2571,0.1169,0.1345,0.35,0.4444,512,1,extracted,0.3483,0.0568,0.1798,0.1985,0.0599,0.1241
1,42,40,1186,109,295,174,0.147,147,0,0.6497,0.417,0.1352,0.2049,0.16,0.2222,0.6724,0.2571,0.1169,0.1345,0.35,0.4444,512,1,extracted,0.3483,0.0568,0.1798,0.1985,0.0599,0.1241
1,42,41,1186,109,295,174,0.147,147,0,0.6497,0.417,0.1352,0.2049,0.16,0.2222,0.6724,0.2571,0.1169,0.1345,0.35,0.4444,512,1,extracted,0.3483,0.0568,0.1798,0.1985,0.0599,0.1241
1,42,42,1186,109,295,174,0.147,147,0,0.6497,0.417,0.1352,0.2049,0.16,0.2222,0.6724,0.2571,0.1169,0.1345,0.35,0.4444,512,1,extracted,0.3483,0.0568,0.1798,0.1985,0.0599,0.1241
1,42,43,1186,109,370,210,0.177,185,0,0.6717,0.3713,0.1246,0.1889,0.18,0.2593,0.6724,0.2571,0.1169,0.1345,0.35,0.4444,512,1,extracted,0.3478,0.0377,0.1615,0.1985,0.0599,0.1241
1,42,44,1186,109,370,210,0.177,185,0,0.6717,0.3713,0.1246,0.1889,0.18,0.2593,0.6724,0.2571,0.1169,0.1345,0.35,0.4444,512,1,extracted,0.3478,0.0377,0.1615,0.1985,0.0599,0.1241
1,42,45,1186,109,370,210,0.177,185,0,0.6717,0.3713,0.1246,0.1889,0.18,0.2593,0.6724,0.2571,0.1169,0.1345,0.35,0.4444,512,1,extracted,0.3478,0.0377,0.1615,0.1985,0.0599,0.1241
1,42,46,1186,109,370,210,0.177,185,0,0.6717,0.3713,0.1246,0.1889,0.18,0.2593,0.6724,0.2571,0.1169,0.1345,0.35,0.4444,512,1,extracted,0.3478,0.0377,0.1615,0.1985,0.0599,0.1241
1,42,47,1186,109,370,210,0.177,185,0,0.6717,0.3713,0.1246,0.1889,0.18,0.2593,0.6724,0.2571,0.1169,0.1345,0.35,0.4444,512,1,extracted,0.3478,0.0377,0.1615,0.1985,0.0599,0.1241
1,42,48,1186,109,417,229,0.193,205,0,0.6431,0.3416,0.1125,0.1366,0.15,0.2222,0.6724,0.2571,0.1169,0.1345,0.35,0.4444,512,1,extracted,0.323,0.0377,0.1366,0.1985,0.0599,0.1241
1,42,49,1186,109,417,229,0.193,205,0,0.6431,0.3416,0.1125,0.1366,0.15,0.2222,0.6724,0.2571,0.1169,0.1345,0.35,0.4444,512,1,extracted,0.323,0.0377,0.1366,0.1985,0.0599,0.1241
1,42,50,1186,109,417,229,0.193,205,0,0.6431,0.3416,0.1125,0.1366,0.15,0.2222,0.6724,0.2571,0.1169,0.1345,0.35,0.4444,512,1,extracted,0.323,0.0377,0.1366,0.1985,0.0599,0.1241
1,42,51,1186,109,417,229,0.193,205,0,0.6431,0.3416,0.1125,0.1366,0.15,0.2222,0.6724,0.2571,0.1169,0.1345,0.35,0.4444,512,1,extracted,0.323,0.0377,0.1366,0.1985,0.0599,0.1241
1,42,52,1186,109,417,229,0.193,205,0,0.6431,0.3416,0.1125,0.1366,0.15,0.2222,0.6724,0.2571,0.1169,0.1345,0.35,0.4444,512,1,extracted,0.323,0.0377,0.1366,0.1985,0.0599,0.1241
1,42,53,1186,109,480,269,0.227,237,0,0.6347,0.2817,0.0907,0.1239,0.15,0.2222,0.6724,0.2571,0.1169,0.1345,0.35,0.4444,512,1,extracted,0.3165,0.0385,0.1392,0.1985,0.0599,0.1241
1,42,54,1186,109,480,269,0.227,237,0,0.6347,0.2817,0.0907,0.1239,0.15,0.2222,0.6724,0.2571,0.1169,0.1345,0.35,0.4444,512,1,extracted,0.3165,0.0385,0.1392,0.1985,0.0599,0.1241
1,42,55,1186,109,480,269,0.227,237,0,0.6347,0.2817,0.0907,0.1239,0.15,0.2222,0.6724,0.2571,0.1169,0.1345,0.35,0.4444,512,1,extracted,0.3165,0.0385,0.1392,0.1985,0.0599,0.1241
1,42,56,1186,109,480,269,0.227,237,0,0.6347,0.2817,0.0907,0.1239,0.15,0.2222,0.6724,0.2571,0.1169,0.1345,0.35,0.4444,512,1,extracted,0.3165,0.0385,0.1392,0.1985,0.0599,0.1241
1,42,57,1186,109,480,269,0.227,237,0,0.6347,0.2817,0.0907,0.1239,0.15,0.2222,0.6724,0.2571,0.1169,0.1345,0.35,0.4444,512,1,extracted,0.3165,0.0385,0.1392,0.1985,0.0599,0.1241
1,42,58,1186,109,531,312,0.263,264,0,0.6844,0.3552,0.1711,0.146,0.34,0.4815,0.6724,0.2571,0.1169,0.1345,0.35,0.4444,512,1,extracted,0.3377,0.0786,0.1645,0.1985,0.0599,0.1241
1,42,59,1186,109,531,312,0.263,264,0,0.6844,0.3552,0.1711,0.146,0.34,0.4815,0.6724,0.2571,0.1169,0.1345,0.35,0.4444,512,1,extracted,0.3377,0.0786,0.1645,0.1985,0.0599,0.1241
1,42,60,1186,109,531,312,0.263,264,0,0.6844,0.3552,0.1711,0.146,0.34,0.4815,0.6724,0.2571,0.1169,0.1345,0.35,0.4444,512,1,extracted,0.3377,0.0786,0.1645,0.1985,0.0599,0.1241
1,42,61,1186,109,531,312,0.263,264,0,0.6844,0.3552,0.1711,0.146,0.34,0.4815,0.6724,0.2571,0.1169,0.1345,0.35,0.4444,512,1,extracted,0.3377,0.0786,0.1645,0.1985,0.0599,0.1241
1,42,62,1186,109,531,312,0.263,264,0,0.6844,0.3552,0.1711,0.146,0.34,0.4815,0.6724,0.2571,0.1169,0.1345,0.35,0.4444,512,1,extracted,0.3377,0.0786,0.1645,0.1985,0.0599,0.1241
1,42,63,1186,109,597,316,0.266,299,0,0.6466,0.3107,0.0976,0.1408,0.19,0.2222,0.6724,0.2571,0.1169,0.1345,0.35,0.4444,512,1,extracted,0.2735,0.0431,0.1197,0.1985,0.0599,0.1241
1,42,64,1186,109,597,316,0.266,299,0,0.6466,0.3107,0.0976,0.1408,0.19,0.2222,0.6724,0.2571,0.1169,0.1345,0.35,0.4444,512,1,extracted,0.2735,0.0431,0.1197,0.1985,0.0599,0.1241
1,42,65,1186,109,597,316,0.266,299,0,0.6466,0.3107,0.0976,0.1408,0.19,0.2222,0.6724,0.2571,0.1169,0.1345,0.35,0.4444,512,1,extracted,0.2735,0.0431,0.1197,0.1985,0.0599,0.1241
1,42,66,1186,109,597,316,0.266,299,0,0.6466,0.3107,0.0976,0.1408,0.19,0.2222,0.6724,0.2571,0.1169,0.1345,0.35,0.4444,512,1,extracted,0.2735,0.0431,0.1197,0.1985,0.0599,0.1241
1,42,67,1186,109,597,316,0.266,299,0,0.6466,0.3107,0.0976,0.1408,0.19,0.2222,0.6724,0.2571,0.1169,0.1345,0.35,0.4444,512,1,extracted,0.2735,0.0431,0.1197,0.1985,0.0599,0.1241
1,42,68,1186,109,644,358,0.302,321,0,0.6595,0.3297,0.128,0.1582,0.27,0.3333,0.6724,0.2571,0.1169,0.1345,0.35,0.4444,512,1,extracted,0.2824,0.0791,0.1569,0.1985,0.0599,0.1241
1,42,69,1186,109,644,358,0.302,321,0,0.6595,0.3297,0.128,0.1582,0.27,0.3333,0.6724,0.2571,0.1169,0.1345,0.35,0.4444,512,1,extracted,0.2824,0.0791,0.1569,0.1985,0.0599,0.1241
1,42,70,1186,109,644,358,0.302,321,0,0.6595,0.3297,0.128,0.1582,0.27,0.3333,0.6724,0.2571,0.1169,0.1345,0.35,0.4444,512,1,extracted,0.2824,0.0791,0.1569,0.1985,0.0599,0.1241
1,42,71,1186,109,644,358,0.302,321,0,0.6595,0.3297,0.128,0.1582,0.27,0.3333,0.6724,0.2571,0.1169,0.1345,0.35,0.4444,512,1,extracted,0.2824,0.0791,0.1569,0.1985,0.0599,0.1241
1,42,72,1186,109,644,358,0.302,321,0,0.6595,0.3297,0.128,0.1582,0.27,0.3333,0.6724,0.2571,0.1169,0.1345,0.35,0.4444,512,1,extracted,0.2824,0.0791,0.1569,0.1985,0.0599,0.1241
1,42,73,1186,109,701,418,0.352,352,0,0.6721,0.3276,0.1354,0.1349,0.31,0.4074,0.6724,0.2571,0.1169,0.1345,0.35,0.4444,512,1,extracted,0.2617,0.0608,0.1409,0.1985,0.0599,0.1241
1,42,74,1186,109,701,418,0.352,352,0,0.6721,0.3276,0.1354,0.1349,0.31,0.4074,0.6724,0.2571,0.1169,0.1345,0.35,0.4444,512,1,extracted,0.2617,0.0608,0.1409,0.1985,0.0599,0.1241
1,42,75,1186,109,701,418,0.352,352,0,0.6721,0.3276,0.1354,0.1349,0.31,0.4074,0.6724,0.2571,0.1169,0.1345,0.35,0.4444,512,1,extracted,0.2617,0.0608,0.1409,0.1985,0.0599,0.1241
1,42,76,1186,109,701,418,0.352,352,0,0.6721,0.3276,0.1354,0.1349,0.31,0.4074,0.6724,0.2571,0.1169,0.1345,0.35,0.4444,512,1,extracted,0.2617,0.0608,0.1409,0.1985,0.0599,0.1241
1,42,77,1186,109,701,418,0.352,352,0,0.6721,0.3276,0.1354,0.1349,0.31,0.4074,0.6724,0.2571,0.1169,0.1345,0.35,0.4444,512,1,extracted,0.2617,0.0608,0.1409,0.1985,0.0599,0.1241
1,42,78,1186,109,761,467,0.394,386,0,0.6728,0.2991,0.1361,0.153,0.34,0.4074,0.6724,0.2571,0.1169,0.1345,0.35,0.4444,512,1,extracted,0.2266,0.0741,0.136,0.1985,0.0599,0.1241
1,42,79,1186,109,761,467,0.394,386,0,0.6728,0.2991,0.1361,0.153,0.34,0.4074,0.6724,0.2571,0.1169,0.1345,0.35,0.4444,512,1,extracted,0.2266,0.0741,0.136,0.1985,0.0599,0.1241
1,42,80,1186,109,761,467,0.394,386,0,0.6728,0.2991,0.1361,0.153,0.34,0.4074,0.6724,0.2571,0.1169,0.1345,0.35,0.4444,512,1,extracted,0.2266,0.0741,0.136,0.1985,0.0599,0.1241
1,42,81,1186,109,761,467,0.394,386,0,0.6728,0.2991,0.1361,0.153,0.34,0.4074,0.6724,0.2571,0.1169,0.1345,0.35,0.4444,512,1,extracted,0.2266,0.0741,0.136,0.1985,0.0599,0.1241
1,42,82,1186,109,761,467,0.394,386,0,0.6728,0.2991,0.1361,0.153,0.34,0.4074,0.6724,0.2571,0.1169,0.1345,0.35,0.4444,512,1,extracted,0.2266,0.0741,0.136,0.1985,0.0599,0.1241
1,42,83,1186,109,871,522,0.44,440,0,0.6738,0.2701,0.1161,0.135,0.32,0.3704,0.6724,0.2571,0.1169,0.1345,0.35,0.4444,512,1,extracted,0.2332,0.0762,0.1283,0.1985,0.0599,0.1241
1,42,84,1186,109,871,522,0.44,440,0,0.6738,0.2701,0.1161,0.135,0.32,0.3704,0.6724,0.2571,0.1169,0.1345,0.35,0.4444,512,1,extracted,0.2332,0.0762,0.1283,0.1985,0.0599,0.1241
1,42,85,1186,109,871,522,0.44,440,0,0.6738,0.2701,0.1161,0.135,0.32,0.3704,0.6724,0.2571,0.1169,0.1345,0.35,0.4444,512,1,extracted,0.2332,0.0762,0.1283,0.1985,0.0599,0.1241
1,42,86,1186,109,871,522,0.44,440,0,0.6738,0.2701,0.1161,0.135,0.32,0.3704,0.6724,0.2571,0.1169,0.1345,0.35,0.4444,512,1,extracted,0.2332,0.0762,0.1283,0.1985,0.0599,0.1241
1,42,87,1186,109,871,522,0.44,440,0,0.6738,0.2701,0.1161,0.135,0.32,0.3704,0.6724,0.2571,0.1169,0.1345,0.35,0.4444,512,1,extracted,0.2332,0.0762,0.1283,0.1985,0.0599,0.1241
1,42,88,1186,109,959,574,0.484,487,0,0.6607,0.2537,0.1006,0.118,0.3,0.4074,0.6724,0.2571,0.1169,0.1345,0.35,0.4444,512,1,extracted,0.2137,0.0614,0.1221,0.1985,0.0599,0.1241
1,42,89,1186,109,959,574,0.484,487,0,0.6607,0.2537,0.1006,0.118,0.3,0.4074,0.6724,0.2571,0.1169,0.1345,0.35,0.4444,512,1,extracted,0.2137,0.0614,0.1221,0.1985,0.0599,0.1241
1,42,90,1186,109,959,574,0.484,487,0,0.6607,0.2537,0.1006,0.118,0.3,0.4074,0.6724,0.2571,0.1169,0.1345,0.35,0.4444,512,1,extracted,0.2137,0.0614,0.1221,0.1985,0.0599,0.1241
1,42,91,1186,109,959,574,0.484,487,0,0.6607,0.2537,0.1006,0.118,0.3,0.4074,0.6724,0.2571,0.1169,0.1345,0.35,0.4444,512,1,extracted,0.2137,0.0614,0.1221,0.1985,0.0599,0.1241
1,42,92,1186,109,959,574,0.484,487,0,0.6607,0.2537,0.1006,0.118,0.3,0.4074,0.6724,0.2571,0.1169,0.1345,0.35,0.4444,512,1,extracted,0.2137,0.0614,0.1221,0.1985,0.0599,0.1241
1,42,93,1186,109,1051,580,0.489,512,1,0.6609,0.242,0.0906,0.1195,0.27,0.2963,0.6724,0.2571,0.1169,0.1345,0.35,0.4444,512,1,extracted,0.18,0.0489,0.1168,0.1985,0.0599,0.1241
1,42,94,1186,109,1051,580,0.489,512,1,0.6609,0.242,0.0906,0.1195,0.27,0.2963,0.6724,0.2571,0.1169,0.1345,0.35,0.4444,512,1,extracted,0.18,0.0489,0.1168,0.1985,0.0599,0.1241
1,42,95,1186,109,1051,580,0.489,512,1,0.6609,0.242,0.0906,0.1195,0.27,0.2963,0.6724,0.2571,0.1169,0.1345,0.35,0.4444,512,1,extracted,0.18,0.0489,0.1168,0.1985,0.0599,0.1241
1,42,96,1186,109,1051,580,0.489,512,1,0.6609,0.242,0.0906,0.1195,0.27,0.2963,0.6724,0.2571,0.1169,0.1345,0.35,0.4444,512,1,extracted,0.18,0.0489,0.1168,0.1985,0.0599,0.1241
1,42,97,1186,109,1051,580,0.489,512,1,0.6609,0.242,0.0906,0.1195,0.27,0.2963,0.6724,0.2571,0.1169,0.1345,0.35,0.4444,512,1,extracted,0.18,0.0489,0.1168,0.1985,0.0599,0.1241
1,42,98,1186,109,1173,563,0.475,512,1,0.6657,0.2504,0.1046,0.1252,0.31,0.3333,0.6724,0.2571,0.1169,0.1345,0.35,0.4444,512,1,extracted,0.1934,0.0614,0.1221,0.1985,0.0599,0.1241
1,42,99,1186,109,1173,563,0.475,512,1,0.6657,0.2504,0.1046,0.1252,0.31,0.3333,0.6724,0.2571,0.1169,0.1345,0.35,0.4444,512,1,extracted,0.1934,0.0614,0.1221,0.1985,0.0599,0.1241
1,42,100,1186,109,1173,563,0.475,512,1,0.6657,0.2504,0.1046,0.1252,0.31,0.3333,0.6724,0.2571,0.1169,0.1345,0.35,0.4444,512,1,extracted,0.1934,0.0614,0.1221,0.1985,0.0599,0.1241
2,42,1,977,51,17,17,0.017,13,0,0.6285,0.1765,0.0606,0.1765,0.0417,0.0,0.6745,0.1315,0.0911,0.1033,0.5625,0.7333,500,0,extracted,0.1277,0.0,0.1277,0.1472,0.0816,0.1066
2,42,2,977,51,17,17,0.017,13,0,0.6285,0.1765,0.0606,0.1765,0.0417,0.0,0.6745,0.1315,0.0911,0.1033,0.5625,0.7333,500,0,extracted,0.1277,0.0,0.1277,0.1472,0.0816,0.1066
2,42,3,977,51,17,17,0.017,13,0,0.6285,0.1765,0.0606,0.1765,0.0417,0.0,0.6745,0.1315,0.0911,0.1033,0.5625,0.7333,500,0,extracted,0.1277,0.0,0.1277,0.1472,0.0816,0.1066
2,42,4,977,51,17,17,0.017,13,0,0.6285,0.1765,0.0606,0.1765,0.0417,0.0,0.6745,0.1315,0.0911,0.1033,0.5625,0.7333,500,0,extracted,0.1277,0.0,0.1277,0.1472,0.0816,0.1066
2,42,5,977,51,17,17,0.017,13,0,0.6285,0.1765,0.0606,0.1765,0.0417,0.0,0.6745,0.1315,0.0911,0.1033,0.5625,0.7333,500,0,extracted,0.1277,0.0,0.1277,0.1472,0.0816,0.1066
2,42,6,977,51,17,17,0.017,13,0,0.6285,0.1765,0.0606,0.1765,0.0417,0.0,0.6745,0.1315,0.0911,0.1033,0.5625,0.7333,500,0,extracted,0.1277,0.0,0.1277,0.1472,0.0816,0.1066
2,42,7,977,51,17,17,0.017,13,0,0.6285,0.1765,0.0606,0.1765,0.0417,0.0,0.6745,0.1315,0.0911,0.1033,0.5625,0.7333,500,0,extracted,0.1277,0.0,0.1277,0.1472,0.0816,0.1066
2,42,8,977,51,17,17,0.017,13,0,0.6285,0.1765,0.0606,0.1765,0.0417,0.0,0.6745,0.1315,0.0911,0.1033,0.5625,0.7333,500,0,extracted,0.1277,0.0,0.1277,0.1472,0.0816,0.1066
2,42,9,977,51,27,27,0.028,20,0,0.6312,0.2051,0.1053,0.1538,0.0833,0.0667,0.6745,0.1315,0.0911,0.1033,0.5625,0.7333,500,0,extracted,0.1852,0.0769,0.1111,0.1472,0.0816,0.1066
2,42,10,977,51,27,27,0.028,20,0,0.6312,0.2051,0.1053,0.1538,0.0833,0.0667,0.6745,0.1315,0.0911,0.1033,0.5625,0.7333,500,0,extracted,0.1852,0.0769,0.1111,0.1472,0.0816,0.1066
2,42,11,977,51,27,27,0.028,20,0,0.6312,0.2051,0.1053,0.1538,0.0833,0.0667,0.6745,0.1315,0.0911,0.1033,0.5625,0.7333,500,0,extracted,0.1852,0.0769,0.1111,0.1472,0.0816,0.1066
2,42,12,977,51,27,27,0.028,20,0,0.6312,0.2051,0.1053,0.1538,0.0833,0.0667,0.6745,0.1315,0.0911,0.1033,0.5625,0.7333,500,0,extracted,0.1852,0.0769,0.1111,0.1472,0.0816,0.1066
2,42,13,977,51,27,27,0.028,20,0,0.6312,0.2051,0.1053,0.1538,0.0833,0.0667,0.6745,0.1315,0.0911,0.1033,0.5625,0.7333,500,0,extracted,0.1852,0.0769,0.1111,0.1472,0.0816,0.1066
2,42,14,977,51,52,32,0.033,36,0,0.6206,0.2892,0.0988,0.1928,0.0833,0.0667,0.6745,0.1315,0.0911,0.1033,0.5625,0.7333,500,0,extracted,0.2456,0.0727,0.1754,0.1472,0.0816,0.1066
2,42,15,977,51,52,32,0.033,36,0,0.6206,0.2892,0.0988,0.1928,0.0833,0.0667,0.6745,0.1315,0.0911,0.1033,0.5625,0.7333,500,0,extracted,0.2456,0.0727,0.1754,0.1472,0.0816,0.1066
2,42,16,977,51,52,32,0.033,36,0,0.6206,0.2892,0.0988,0.1928,0.0833,0.0667,0.6745,0.1315,0.0911,0.1033,0.5625,0.7333,500,0,extracted,0.2456,0.0727,0.1754,0.1472,0.0816,0.1066
2,42,17,977,51,52,32,0.033,36,0,0.6206,0.2892,0.0988,0.1928,0.0833,0.0667,0.6745,0.1315,0.0911,0.1033,0.5625,0.7333,500,0,extracted,0.2456,0.0727,0.1754,0.1472,0.0816,0.1066
2,42,18,977,51,52,32,0.033,36,0,0.6206,0.2892,0.0988,0.1928,0.0833,0.0667,0.6745,0.1315,0.0911,0.1033,0.5625,0.7333,500,0,extracted,0.2456,0.0727,0.1754,0.1472,0.0816,0.1066
2,42,19,977,51,52,32,0.033,36,0,0.6206,0.2892,0.0988,0.1928,0.0833,0.0667,0.6745,0.1315,0.0911,0.1033,0.5625,0.7333,500,0,extracted,0.2456,0.0727,0.1754,0.1472,0.0816,0.1066
2,42,20,977,51,93,60,0.061,54,0,0.6958,0.4144,0.2385,0.2342,0.2708,0.4,0.6745,0.1315,0.0911,0.1033,0.5625,0.7333,500,0,extracted,0.3846,0.2105,0.2308,0.1472,0.0816,0.1066
2,42,21,977,51,93,60,0.061,54,0,0.6958,0.4144,0.2385,0.2342,0.2708,0.4,0.6745,0.1315,0.0911,0.1033,0.5625,0.7333,500,0,extracted,0.3846,0.2105,0.2308,0.1472,0.0816,0.1066
2,42,22,977,51,93,60,0.061,54,0,0.6958,0.4144,0.2385,0.2342,0.2708,0.4,0.6745,0.1315,0.0911,0.1033,0.5625,0.7333,500,0,extracted,0.3846,0.2105,0.2308,0.1472,0.0816,0.1066
2,42,23,977,51,93,60,0.061,54,0,0.6958,0.4144,0.2385,0.2342,0.2708,0.4,0.6745,0.1315,0.0911,0.1033,0.5625,0.7333,500,0,extracted,0.3846,0.2105,0.2308,0.1472,0.0816,0.1066
2,42,24,977,51,93,60,0.061,54,0,0.6958,0.4144,0.2385,0.2342,0.2708,0.4,0.6745,0.1315,0.0911,0.1033,0.5625,0.7333,500,0,extracted,0.3846,0.2105,0.2308,0.1472,0.0816,0.1066
2,42,25,977,51,93,60,0.061,54,0,0.6958,0.4144,0.2385,0.2342,0.2708,0.4,0.6745,0.1315,0.0911,0.1033,0.5625,0.7333,500,0,extracted,0.3846,0.2105,0.2308,0.1472,0.0816,0.1066
2,42,26,977,51,143,86,0.088,82,0,0.6822,0.3942,0.2074,0.219,0.2917,0.4,0.6745,0.1315,0.0911,0.1033,0.5625,0.7333,500,0,extracted,0.3579,0.172,0.1895,0.1472,0.0816,0.1066
2,42,27,977,51,143,86,0.088,82,0,0.6822,0.3942,0.2074,0.219,0.2917,0.4,0.6745,0.1315,0.0911,0.1033,0.5625,0.7333,500,0,extracted,0.3579,0.172,0.1895,0.1472,0.0816,0.1066
2,42,28,977,51,143,86,0.088,82,0,0.6822,0.3942,0.2074,0.219,0.2917,0.4,0.6745,0.1315,0.0911,0.1033,0.5625,0.7333,500,0,extracted,0.3579,0.172,0.1895,0.1472,0.0816,0.1066
2,42,29,977,51,143,86,0.088,82,0,0.6822,0.3942,0.2074,0.219,0.2917,0.4,0.6745,0.1315,0.0911,0.1033,0.5625,0.7333,500,0,extracted,0.3579,0.172,0.1895,0.1472,0.0816,0.1066
2,42,30,977,51,143,86,0.088,82,0,0.6822,0.3942,0.2074,0.219,0.2917,0.4,0.6745,0.1315,0.0911,0.1033,0.5625,0.7333,500,0,extracted,0.3579,0.172,0.1895,0.1472,0.0816,0.1066
2,42,31,977,51,201,109,0.112,108,0,0.6953,0.2614,0.1722,0.1699,0.2708,0.4,0.6745,0.1315,0.0911,0.1033,0.5625,0.7333,500,0,extracted,0.2947,0.172,0.1895,0.1472,0.0816,0.1066
2,42,32,977,51,201,109,0.112,108,0,0.6953,0.2614,0.1722,0.1699,0.2708,0.4,0.6745,0.1315,0.0911,0.1033,0.5625,0.7333,500,0,extracted,0.2947,0.172,0.1895,0.1472,0.0816,0.1066
2,42,33,977,51,201,109,0.112,108,0,0.6953,0.2614,0.1722,0.1699,0.2708,0.4,0.6745,0.1315,0.0911,0.1033,0.5625,0.7333,500,0,extracted,0.2947,0.172,0.1895,0.1472,0.0816,0.1066
2,42,34,977,51,201,109,0.112,108,0,0.6953,0.2614,0.1722,0.1699,0.2708,0.4,0.6745,0.1315,0.0911,0.1033,0.5625,0.7333,500,0,extracted,0.2947,0.172,0.1895,0.1472,0.0816,0.1066
2,42,35,977,51,201,109,0.112,108,0,0.6953,0.2614,0.1722,0.1699,0.2708,0.4,0.6745,0.1315,0.0911,0.1033,0.5625,0.7333,500,0,extracted,0.2947,0.172,0.1895,0.1472,0.0816,0.1066
2,42,36,977,51,201,109,0.112,108,0,0.6953,0.2614,0.1722,0.1699,0.2708,0.4,0.6745,0.1315,0.0911,0.1033,0.5625,0.7333,500,0,extracted,0.2947,0.172,0.1895,0.1472,0.0816,0.1066
2,42,37,977,51,279,178,0.182,151,0,0.6545,0.1892,0.0727,0.0991,0.1667,0.2667,0.6745,0.1315,0.0911,0.1033,0.5625,0.7333,500,0,extracted,0.1818,0.0615,0.1212,0.1472,0.0816,0.1066
2,42,38,977,51,279,178,0.182,151,0,0.6545,0.1892,0.0727,0.0991,0.1667,0.2667,0.6745,0.1315,0.0911,0.1033,0.5625,0.7333,500,0,extracted,0.1818,0.0615,0.1212,0.1472,0.0816,0.1066
2,42,39,977,51,279,178,0.182,151,0,0.6545,0.1892,0.0727,0.0991,0.1667,0.2667,0.6745,0.1315,0.0911,0.1033,0.5625,0.7333,500,0,extracted,0.1818,0.0615,0.1212,0.1472,0.0816,0.1066
2,42,40,977,51,279,178,0.182,151,0,0.6545,0.1892,0.0727,0.0991,0.1667,0.2667,0.6745,0.1315,0.0911,0.1033,0.5625,0.7333,500,0,extracted,0.1818,0.0615,0.1212,0.1472,0.0816,0.1066
2,42,41,977,51,279,178,0.182,151,0,0.6545,0.1892,0.0727,0.0991,0.1667,0.2667,0.6745,0.1315,0.0911,0.1033,0.5625,0.7333,500,0,extracted,0.1818,0.0615,0.1212,0.1472,0.0816,0.1066
2,42,42,977,51,340,200,0.205,181,0,0.6394,0.1967,0.0579,0.0984,0.1458,0.2667,0.6745,0.1315,0.0911,0.1033,0.5625,0.7333,500,0,extracted,0.2014,0.0438,0.1007,0.1472,0.0816,0.1066
2,42,43,977,51,340,200,0.205,181,0,0.6394,0.1967,0.0579,0.0984,0.1458,0.2667,0.6745,0.1315,0.0911,0.1033,0.5625,0.7333,500,0,extracted,0.2014,0.0438,0.1007,0.1472,0.0816,0.1066
2,42,44,977,51,340,200,0.205,181,0,0.6394,0.1967,0.0579,0.0984,0.1458,0.2667,0.6745,0.1315,0.0911,0.1033,0.5625,0.7333,500,0,extracted,0.2014,0.0438,0.1007,0.1472,0.0816,0.1066
2,42,45,977,51,340,200,0.205,181,0,0.6394,0.1967,0.0579,0.0984,0.1458,0.2667,0.6745,0.1315,0.0911,0.1033,0.5625,0.7333,500,0,extracted,0.2014,0.0438,0.1007,0.1472,0.0816,0.1066
2,42,46,977,51,340,200,0.205,181,0,0.6394,0.1967,0.0579,0.0984,0.1458,0.2667,0.6745,0.1315,0.0911,0.1033,0.5625,0.7333,500,0,extracted,0.2014,0.0438,0.1007,0.1472,0.0816,0.1066
2,42,47,977,51,340,200,0.205,181,0,0.6394,0.1967,0.0579,0.0984,0.1458,0.2667,0.6745,0.1315,0.0911,0.1033,0.5625,0.7333,500,0,extracted,0.2014,0.0438,0.1007,0.1472,0.0816,0.1066
2,42,48,977,51,393,233,0.238,202,0,0.6352,0.2278,0.0717,0.1352,0.1875,0.3333,0.6745,0.1315,0.0911,0.1033,0.5625,0.7333,500,0,extracted,0.1893,0.0479,0.1302,0.1472,0.0816,0.1066
2,42,49,977,51,393,233,0.238,202,0,0.6352,0.2278,0.0717,0.1352,0.1875,0.3333,0.6745,0.1315,0.0911,0.1033,0.5625,0.7333,500,0,extracted,0.1893,0.0479,0.1302,0.1472,0.0816,0.1066
2,42,50,977,51,393,233,0.238,202,0,0.6352,0.2278,0.0717,0.1352,0.1875,0.3333,0.6745,0.1315,0.0911,0.1033,0.5625,0.7333,500,0,extracted,0.1893,0.0479,0.1302,0.1472,0.0816,0.1066
2,42,51,977,51,393,233,0.238,202,0,0.6352,0.2278,0.0717,0.1352,0.1875,0.3333,0.6745,0.1315,0.0911,0.1033,0.5625,0.7333,500,0,extracted,0.1893,0.0479,0.1302,0.1472,0.0816,0.1066
2,42,52,977,51,393,233,0.238,202,0,0.6352,0.2278,0.0717,0.1352,0.1875,0.3333,0.6745,0.1315,0.0911,0.1033,0.5625,0.7333,500,0,extracted,0.1893,0.0479,0.1302,0.1472,0.0816,0.1066
2,42,53,977,51,438,263,0.269,225,0,0.6449,0.2236,0.0836,0.1534,0.25,0.4,0.6745,0.1315,0.0911,0.1033,0.5625,0.7333,500,0,extracted,0.2,0.0606,0.15,0.1472,0.0816,0.1066
2,42,54,977,51,438,263,0.269,225,0,0.6449,0.2236,0.0836,0.1534,0.25,0.4,0.6745,0.1315,0.0911,0.1033,0.5625,0.7333,500,0,extracted,0.2,0.0606,0.15,0.1472,0.0816,0.1066
2,42,55,977,51,438,263,0.269,225,0,0.6449,0.2236,0.0836,0.1534,0.25,0.4,0.6745,0.1315,0.0911,0.1033,0.5625,0.7333,500,0,extracted,0.2,0.0606,0.15,0.1472,0.0816,0.1066
2,42,56,977,51,438,263,0.269,225,0,0.6449,0.2236,0.0836,0.1534,0.25,0.4,0.6745,0.1315,0.0911,0.1033,0.5625,0.7333,500,0,extracted,0.2,0.0606,0.15,0.1472,0.0816,0.1066
2,42,57,977,51,438,263,0.269,225,0,0.6449,0.2236,0.0836,0.1534,0.25,0.4,0.6745,0.1315,0.0911,0.1033,0.5625,0.7333,500,0,extracted,0.2,0.0606,0.15,0.1472,0.0816,0.1066
2,42,58,977,51,438,263,0.269,225,0,0.6449,0.2236,0.0836,0.1534,0.25,0.4,0.6745,0.1315,0.0911,0.1033,0.5625,0.7333,500,0,extracted,0.2,0.0606,0.15,0.1472,0.0816,0.1066
2,42,59,977,51,498,298,0.305,253,0,0.6479,0.1954,0.0809,0.1149,0.25,0.4667,0.6745,0.1315,0.0911,0.1033,0.5625,0.7333,500,0,extracted,0.1964,0.0631,0.125,0.1472,0.0816,0.1066
2,42,60,977,51,498,298,0.305,253,0,0.6479,0.1954,0.0809,0.1149,0.25,0.4667,0.6745,0.1315,0.0911,0.1033,0.5625,0.7333,500,0,extracted,0.1964,0.0631,0.125,0.1472,0.0816,0.1066
2,42,61,977,51,498,298,0.305,253,0,0.6479,0.1954,0.0809,0.1149,0.25,0.4667,0.6745,0.1315,0.0911,0.1033,0.5625,0.7333,500,0,extracted,0.1964,0.0631,0.125,0.1472,0.0816,0.1066
2,42,62,977,51,498,298,0.305,253,0,0.6479,0.1954,0.0809,0.1149,0.25,0.4667,0.6745,0.1315,0.0911,0.1033,0.5625,0.7333,500,0,extracted,0.1964,0.0631,0.125,0.1472,0.0816,0.1066
2,42,63,977,51,498,298,0.305,253,0,0.6479,0.1954,0.0809,0.1149,0.25,0.4667,0.6745,0.1315,0.0911,0.1033,0.5625,0.7333,500,0,extracted,0.1964,0.0631,0.125,0.1472,0.0816,0.1066
2,42,64,977,51,550,338,0.346,278,0,0.6628,0.189,0.095,0.1155,0.3333,0.6,0.6745,0.1315,0.0911,0.1033,0.5625,0.7333,500,0,extracted,0.1941,0.0766,0.1181,0.1472,0.0816,0.1066
2,42,65,977,51,550,338,0.346,278,0,0.6628,0.189,0.095,0.1155,0.3333,0.6,0.6745,0.1315,0.0911,0.1033,0.5625,0.7333,500,0,extracted,0.1941,0.0766,0.1181,0.1472,0.0816,0.1066
2,42,66,977,51,550,338,0.346,278,0,0.6628,0.189,0.095,0.1155,0.3333,0.6,0.6745,0.1315,0.0911,0.1033,0.5625,0.7333,500,0,extracted,0.1941,0.0766,0.1181,0.1472,0.0816,0.1066
2,42,67,977,51,550,338,0.346,278,0,0.6628,0.189,0.095,0.1155,0.3333,0.6,0.6745,0.1315,0.0911,0.1033,0.5625,0.7333,500,0,extracted,0.1941,0.0766,0.1181,0.1472,0.0816,0.1066
2,42,68,977,51,550,338,0.346,278,0,0.6628,0.189,0.095,0.1155,0.3333,0.6,0.6745,0.1315,0.0911,0.1033,0.5625,0.7333,500,0,extracted,0.1941,0.0766,0.1181,0.1472,0.0816,0.1066
2,42,69,977,51,550,338,0.346,278,0,0.6628,0.189,0.095,0.1155,0.3333,0.6,0.6745,0.1315,0.0911,0.1033,0.5625,0.7333,500,0,extracted,0.1941,0.0766,0.1181,0.1472,0.0816,0.1066
2,42,70,977,51,631,382,0.391,325,0,0.6515,0.1856,0.1072,0.1206,0.4375,0.6,0.6745,0.1315,0.0911,0.1033,0.5625,0.7333,500,0,extracted,0.1837,0.0783,0.1272,0.1472,0.0816,0.1066
2,42,71,977,51,631,382,0.391,325,0,0.6515,0.1856,0.1072,0.1206,0.4375,0.6,0.6745,0.1315,0.0911,0.1033,0.5625,0.7333,500,0,extracted,0.1837,0.0783,0.1272,0.1472,0.0816,0.1066
2,42,72,977,51,631,382,0.391,325,0,0.6515,0.1856,0.1072,0.1206,0.4375,0.6,0.6745,0.1315,0.0911,0.1033,0.5625,0.7333,500,0,extracted,0.1837,0.0783,0.1272,0.1472,0.0816,0.1066
2,42,73,977,51,631,382,0.391,325,0,0.6515,0.1856,0.1072,0.1206,0.4375,0.6,0.6745,0.1315,0.0911,0.1033,0.5625,0.7333,500,0,extracted,0.1837,0.0783,0.1272,0.1472,0.0816,0.1066
2,42,74,977,51,631,382,0.391,325,0,0.6515,0.1856,0.1072,0.1206,0.4375,0.6,0.6745,0.1315,0.0911,0.1033,0.5625,0.7333,500,0,extracted,0.1837,0.0783,0.1272,0.1472,0.0816,0.1066
2,42,75,977,51,684,419,0.429,350,0,0.6505,0.1766,0.0931,0.0883,0.3958,0.6667,0.6745,0.1315,0.0911,0.1033,0.5625,0.7333,500,0,extracted,0.197,0.084,0.1136,0.1472,0.0816,0.1066
2,42,76,977,51,684,419,0.429,350,0,0.6505,0.1766,0.0931,0.0883,0.3958,0.6667,0.6745,0.1315,0.0911,0.1033,0.5625,0.7333,500,0,extracted,0.197,0.084,0.1136,0.1472,0.0816,0.1066
2,42,77,977,51,684,419,0.429,350,0,0.6505,0.1766,0.0931,0.0883,0.3958,0.6667,0.6745,0.1315,0.0911,0.1033,0.5625,0.7333,500,0,extracted,0.197,0.084,0.1136,0.1472,0.0816,0.1066
2,42,78,977,51,684,419,0.429,350,0,0.6505,0.1766,0.0931,0.0883,0.3958,0.6667,0.6745,0.1315,0.0911,0.1033,0.5625,0.7333,500,0,extracted,0.197,0.084,0.1136,0.1472,0.0816,0.1066
2,42,79,977,51,684,419,0.429,350,0,0.6505,0.1766,0.0931,0.0883,0.3958,0.6667,0.6745,0.1315,0.0911,0.1033,0.5625,0.7333,500,0,extracted,0.197,0.084,0.1136,0.1472,0.0816,0.1066
2,42,80,977,51,684,419,0.429,350,0,0.6505,0.1766,0.0931,0.0883,0.3958,0.6667,0.6745,0.1315,0.0911,0.1033,0.5625,0.7333,500,0,extracted,0.197,0.084,0.1136,0.1472,0.0816,0.1066
2,42,81,977,51,763,437,0.447,386,0,0.6651,0.1913,0.1336,0.1164,0.625,0.8667,0.6745,0.1315,0.0911,0.1033,0.5625,0.7333,500,0,extracted,0.2088,0.1017,0.1279,0.1472,0.0816,0.1066
2,42,82,977,51,763,437,0.447,386,0,0.6651,0.1913,0.1336,0.1164,0.625,0.8667,0.6745,0.1315,0.0911,0.1033,0.5625,0.7333,500,0,extracted,0.2088,0.1017,0.1279,0.1472,0.0816,0.1066
2,42,83,977,51,763,437,0.447,386,0,0.6651,0.1913,0.1336,0.1164,0.625,0.8667,0.6745,0.1315,0.0911,0.1033,0.5625,0.7333,500,0,extracted,0.2088,0.1017,0.1279,0.1472,0.0816,0.1066
2,42,84,977,51,763,437,0.447,386,0,0.6651,0.1913,0.1336,0.1164,0.625,0.8667,0.6745,0.1315,0.0911,0.1033,0.5625,0.7333,500,0,extracted,0.2088,0.1017,0.1279,0.1472,0.0816,0.1066
2,42,85,977,51,763,437,0.447,386,0,0.6651,0.1913,0.1336,0.1164,0.625,0.8667,0.6745,0.1315,0.0911,0.1033,0.5625,0.7333,500,0,extracted,0.2088,0.1017,0.1279,0.1472,0.0816,0.1066
2,42,86,977,51,763,437,0.447,386,0,0.6651,0.1913,0.1336,0.1164,0.625,0.8667,0.6745,0.1315,0.0911,0.1033,0.5625,0.7333,500,0,extracted,0.2088,0.1017,0.1279,0.1472,0.0816,0.1066
2,42,87,977,51,806,485,0.496,408,0,0.6727,0.1818,0.1293,0.125,0.6667,0.9333,0.6745,0.1315,0.0911,0.1033,0.5625,0.7333,500,0,extracted,0.1947,0.1068,0.1416,0.1472,0.0816,0.1066
2,42,88,977,51,806,485,0.496,408,0,0.6727,0.1818,0.1293,0.125,0.6667,0.9333,0.6745,0.1315,0.0911,0.1033,0.5625,0.7333,500,0,extracted,0.1947,0.1068,0.1416,0.1472,0.0816,0.1066
2,42,89,977,51,806,485,0.496,408,0,0.6727,0.1818,0.1293,0.125,0.6667,0.9333,0.6745,0.1315,0.0911,0.1033,0.5625,0.7333,500,0,extracted,0.1947,0.1068,0.1416,0.1472,0.0816,0.1066
2,42,90,977,51,806,485,0.496,408,0,0.6727,0.1818,0.1293,0.125,0.6667,0.9333,0.6745,0.1315,0.0911,0.1033,0.5625,0.7333,500,0,extracted,0.1947,0.1068,0.1416,0.1472,0.0816,0.1066
2,42,91,977,51,806,485,0.496,408,0,0.6727,0.1818,0.1293,0.125,0.6667,0.9333,0.6745,0.1315,0.0911,0.1033,0.5625,0.7333,500,0,extracted,0.1947,0.1068,0.1416,0.1472,0.0816,0.1066
2,42,92,977,51,874,516,0.528,444,0,0.6481,0.1613,0.1115,0.0789,0.6042,0.8,0.6745,0.1315,0.0911,0.1033,0.5625,0.7333,500,0,extracted,0.1829,0.092,0.1037,0.1472,0.0816,0.1066
2,42,93,977,51,874,516,0.528,444,0,0.6481,0.1613,0.1115,0.0789,0.6042,0.8,0.6745,0.1315,0.0911,0.1033,0.5625,0.7333,500,0,extracted,0.1829,0.092,0.1037,0.1472,0.0816,0.1066
2,42,94,977,51,874,516,0.528,444,0,0.6481,0.1613,0.1115,0.0789,0.6042,0.8,0.6745,0.1315,0.0911,0.1033,0.5625,0.7333,500,0,extracted,0.1829,0.092,0.1037,0.1472,0.0816,0.1066
2,42,95,977,51,874,516,0.528,444,0,0.6481,0.1613,0.1115,0.0789,0.6042,0.8,0.6745,0.1315,0.0911,0.1033,0.5625,0.7333,500,0,extracted,0.1829,0.092,0.1037,0.1472,0.0816,0.1066
2,42,96,977,51,874,516,0.528,444,0,0.6481,0.1613,0.1115,0.0789,0.6042,0.8,0.6745,0.1315,0.0911,0.1033,0.5625,0.7333,500,0,extracted,0.1829,0.092,0.1037,0.1472,0.0816,0.1066
2,42,97,977,51,874,516,0.528,444,0,0.6481,0.1613,0.1115,0.0789,0.6042,0.8,0.6745,0.1315,0.0911,0.1033,0.5625,0.7333,500,0,extracted,0.1829,0.092,0.1037,0.1472,0.0816,0.1066
2,42,98,977,51,964,525,0.537,489,0,0.688,0.1533,0.1119,0.115,0.625,0.8,0.6745,0.1315,0.0911,0.1033,0.5625,0.7333,500,0,extracted,0.1627,0.1003,0.1207,0.1472,0.0816,0.1066
2,42,99,977,51,964,525,0.537,489,0,0.688,0.1533,0.1119,0.115,0.625,0.8,0.6745,0.1315,0.0911,0.1033,0.5625,0.7333,500,0,extracted,0.1627,0.1003,0.1207,0.1472,0.0816,0.1066
2,42,100,977,51,964,525,0.537,489,0,0.688,0.1533,0.1119,0.115,0.625,0.8,0.6745,0.1315,0.0911,0.1033,0.5625,0.7333,500,0,extracted,0.1627,0.1003,0.1207,0.1472,0.0816,0.1066
3,42,1,887,54,10,21,0.024,8,0,0.5839,0.16,0.0274,0.1067,0.0192,0.0556,0.6311,0.1246,0.0625,0.0865,0.3269,0.4444,419,0,extracted,0.125,0.0,0.125,0.1465,0.0449,0.0955
3,42,2,887,54,10,21,0.024,8,0,0.5839,0.16,0.0274,0.1067,0.0192,0.0556,0.6311,0.1246,0.0625,0.0865,0.3269,0.4444,419,0,extracted,0.125,0.0,0.125,0.1465,0.0449,0.0955
3,42,3,887,54,10,21,0.024,8,0,0.5839,0.16,0.0274,0.1067,0.0192,0.0556,0.6311,0.1246,0.0625,0.0865,0.3269,0.4444,419,0,extracted,0.125,0.0,0.125,0.1465,0.0449,0.0955
3,42,4,887,54,10,21,0.024,8,0,0.5839,0.16,0.0274,0.1067,0.0192,0.0556,0.6311,0.1246,0.0625,0.0865,0.3269,0.4444,419,0,extracted,0.125,0.0,0.125,0.1465,0.0449,0.0955
3,42,5,887,54,10,21,0.024,8,0,0.5839,0.16,0.0274,0.1067,0.0192,0.0556,0.6311,0.1246,0.0625,0.0865,0.3269,0.4444,419,0,extracted,0.125,0.0,0.125,0.1465,0.0449,0.0955
3,42,6,887,54,10,21,0.024,8,0,0.5839,0.16,0.0274,0.1067,0.0192,0.0556,0.6311,0.1246,0.0625,0.0865,0.3269,0.4444,419,0,extracted,0.125,0.0,0.125,0.1465,0.0449,0.0955
3,42,7,887,54,10,21,0.024,8,0,0.5839,0.16,0.0274,0.1067,0.0192,0.0556,0.6311,0.1246,0.0625,0.0865,0.3269,0.4444,419,0,extracted,0.125,0.0,0.125,0.1465,0.0449,0.0955
3,42,8,887,54,10,21,0.024,8,0,0.5839,0.16,0.0274,0.1067,0.0192,0.0556,0.6311,0.1246,0.0625,0.0865,0.3269,0.4444,419,0,extracted,0.125,0.0,0.125,0.1465,0.0449,0.0955
3,42,9,887,54,10,21,0.024,8,0,0.5839,0.16,0.0274,0.1067,0.0192,0.0556,0.6311,0.1246,0.0625,0.0865,0.3269,0.4444,419,0,extracted,0.125,0.0,0.125,0.1465,0.0449,0.0955
3,42,10,887,54,19,19,0.021,13,0,0.6405,0.2192,0.0282,0.1096,0.0192,0.0556,0.6311,0.1246,0.0625,0.0865,0.3269,0.4444,419,0,extracted,0.1667,0.0,0.0833,0.1465,0.0449,0.0955
3,42,11,887,54,19,19,0.021,13,0,0.6405,0.2192,0.0282,0.1096,0.0192,0.0556,0.6311,0.1246,0.0625,0.0865,0.3269,0.4444,419,0,extracted,0.1667,0.0,0.0833,0.1465,0.0449,0.0955
3,42,12,887,54,19,19,0.021,13,0,0.6405,0.2192,0.0282,0.1096,0.0192,0.0556,0.6311,0.1246,0.0625,0.0865,0.3269,0.4444,419,0,extracted,0.1667,0.0,0.0833,0.1465,0.0449,0.0955
3,42,13,887,54,19,19,0.021,13,0,0.6405,0.2192,0.0282,0.1096,0.0192,0.0556,0.6311,0.1246,0.0625,0.0865,0.3269,0.4444,419,0,extracted,0.1667,0.0,0.0833,0.1465,0.0449,0.0955
3,42,14,887,54,19,19,0.021,13,0,0.6405,0.2192,0.0282,0.1096,0.0192,0.0556,0.6311,0.1246,0.0625,0.0865,0.3269,0.4444,419,0,extracted,0.1667,0.0,0.0833,0.1465,0.0449,0.0955
3,42,15,887,54,19,19,0.021,13,0,0.6405,0.2192,0.0282,0.1096,0.0192,0.0556,0.6311,0.1246,0.0625,0.0865,0.3269,0.4444,419,0,extracted,0.1667,0.0,0.0833,0.1465,0.0449,0.0955
3,42,16,887,54,31,19,0.021,18,0,0.6405,0.2192,0.0282,0.1096,0.0192,0.0556,0.6311,0.1246,0.0625,0.0865,0.3269,0.4444,419,0,extracted,0.1667,0.0,0.0833,0.1465,0.0449,0.0955
3,42,17,887,54,31,19,0.021,18,0,0.6405,0.2192,0.0282,0.1096,0.0192,0.0556,0.6311,0.1246,0.0625,0.0865,0.3269,0.4444,419,0,extracted,0.1667,0.0,0.0833,0.1465,0.0449,0.0955
3,42,18,887,54,31,19,0.021,18,0,0.6405,0.2192,0.0282,0.1096,0.0192,0.0556,0.6311,0.1246,0.0625,0.0865,0.3269,0.4444,419,0,extracted,0.1667,0.0,0.0833,0.1465,0.0449,0.0955
3,42,19,887,54,31,19,0.021,18,0,0.6405,0.2192,0.0282,0.1096,0.0192,0.0556,0.6311,0.1246,0.0625,0.0865,0.3269,0.4444,419,0,extracted,0.1667,0.0,0.0833,0.1465,0.0449,0.0955
3,42,20,887,54,31,19,0.021,18,0,0.6405,0.2192,0.0282,0.1096,0.0192,0.0556,0.6311,0.1246,0.0625,0.0865,0.3269,0.4444,419,0,extracted,0.1667,0.0,0.0833,0.1465,0.0449,0.0955
3,42,21,887,54,31,19,0.021,18,0,0.6405,0.2192,0.0282,0.1096,0.0192,0.0556,0.6311,0.1246,0.0625,0.0865,0.3269,0.4444,419,0,extracted,0.1667,0.0,0.0833,0.1465,0.0449,0.0955
3,42,22,887,54,54,19,0.021,31,0,0.6405,0.2192,0.0282,0.1096,0.0192,0.0556,0.6311,0.1246,0.0625,0.0865,0.3269,0.4444,419,0,extracted,0.1667,0.0,0.0833,0.1465,0.0449,0.0955
3,42,23,887,54,54,19,0.021,31,0,0.6405,0.2192,0.0282,0.1096,0.0192,0.0556,0.6311,0.1246,0.0625,0.0865,0.3269,0.4444,419,0,extracted,0.1667,0.0,0.0833,0.1465,0.0449,0.0955
3,42,24,887,54,54,19,0.021,31,0,0.6405,0.2192,0.0282,0.1096,0.0192,0.0556,0.6311,0.1246,0.0625,0.0865,0.3269,0.4444,419,0,extracted,0.1667,0.0,0.0833,0.1465,0.0449,0.0955
3,42,25,887,54,54,19,0.021,31,0,0.6405,0.2192,0.0282,0.1096,0.0192,0.0556,0.6311,0.1246,0.0625,0.0865,0.3269,0.4444,419,0,extracted,0.1667,0.0,0.0833,0.1465,0.0449,0.0955
3,42,26,887,54,54,19,0.021,31,0,0.6405,0.2192,0.0282,0.1096,0.0192,0.0556,0.6311,0.1246,0.0625,0.0865,0.3269,0.4444,419,0,extracted,0.1667,0.0,0.0833,0.1465,0.0449,0.0955
3,42,27,887,54,54,19,0.021,31,0,0.6405,0.2192,0.0282,0.1096,0.0192,0.0556,0.6311,0.1246,0.0625,0.0865,0.3269,0.4444,419,0,extracted,0.1667,0.0,0.0833,0.1465,0.0449,0.0955
3,42,28,887,54,54,19,0.021,31,0,0.6405,0.2192,0.0282,0.1096,0.0192,0.0556,0.6311,0.1246,0.0625,0.0865,0.3269,0.4444,419,0,extracted,0.1667,0.0,0.0833,0.1465,0.0449,0.0955
3,42,29,887,54,90,61,0.069,46,0,0.6246,0.3333,0.1071,0.2105,0.1154,0.0556,0.6311,0.1246,0.0625,0.0865,0.3269,0.4444,419,0,extracted,0.2769,0.0317,0.2154,0.1465,0.0449,0.0955
3,42,30,887,54,90,61,0.069,46,0,0.6246,0.3333,0.1071,0.2105,0.1154,0.0556,0.6311,0.1246,0.0625,0.0865,0.3269,0.4444,419,0,extracted,0.2769,0.0317,0.2154,0.1465,0.0449,0.0955
3,42,31,887,54,90,61,0.069,46,0,0.6246,0.3333,0.1071,0.2105,0.1154,0.0556,0.6311,0.1246,0.0625,0.0865,0.3269,0.4444,419,0,extracted,0.2769,0.0317,0.2154,0.1465,0.0449,0.0955
3,42,32,887,54,90,61,0.069,46,0,0.6246,0.3333,0.1071,0.2105,0.1154,0.0556,0.6311,0.1246,0.0625,0.0865,0.3269,0.4444,419,0,extracted,0.2769,0.0317,0.2154,0.1465,0.0449,0.0955
3,42,33,887,54,90,61,0.069,46,0,0.6246,0.3333,0.1071,0.2105,0.1154,0.0556,0.6311,0.1246,0.0625,0.0865,0.3269,0.4444,419,0,extracted,0.2769,0.0317,0.2154,0.1465,0.0449,0.0955
3,42,34,887,54,90,61,0.069,46,0,0.6246,0.3333,0.1071,0.2105,0.1154,0.0556,0.6311,0.1246,0.0625,0.0865,0.3269,0.4444,419,0,extracted,0.2769,0.0317,0.2154,0.1465,0.0449,0.0955
3,42,35,887,54,151,91,0.103,75,0,0.6654,0.2361,0.0282,0.1389,0.0385,0.1111,0.6311,0.1246,0.0625,0.0865,0.3269,0.4444,419,0,extracted,0.2727,0.0233,0.2045,0.1465,0.0449,0.0955
3,42,36,887,54,151,91,0.103,75,0,0.6654,0.2361,0.0282,0.1389,0.0385,0.1111,0.6311,0.1246,0.0625,0.0865,0.3269,0.4444,419,0,extracted,0.2727,0.0233,0.2045,0.1465,0.0449,0.0955
3,42,37,887,54,151,91,0.103,75,0,0.6654,0.2361,0.0282,0.1389,0.0385,0.1111,0.6311,0.1246,0.0625,0.0865,0.3269,0.4444,419,0,extracted,0.2727,0.0233,0.2045,0.1465,0.0449,0.0955
3,42,38,887,54,151,91,0.103,75,0,0.6654,0.2361,0.0282,0.1389,0.0385,0.1111,0.6311,0.1246,0.0625,0.0865,0.3269,0.4444,419,0,extracted,0.2727,0.0233,0.2045,0.1465,0.0449,0.0955
3,42,39,887,54,151,91,0.103,75,0,0.6654,0.2361,0.0282,0.1389,0.0385,0.1111,0.6311,0.1246,0.0625,0.0865,0.3269,0.4444,419,0,extracted,0.2727,0.0233,0.2045,0.1465,0.0449,0.0955
3,42,40,887,54,151,91,0.103,75,0,0.6654,0.2361,0.0282,0.1389,0.0385,0.1111,0.6311,0.1246,0.0625,0.0865,0.3269,0.4444,419,0,extracted,0.2727,0.0233,0.2045,0.1465,0.0449,0.0955
3,42,41,887,54,204,123,0.139,103,0,0.6432,0.25,0.0805,0.1477,0.1346,0.1111,0.6311,0.1246,0.0625,0.0865,0.3269,0.4444,419,0,extracted,0.2424,0.0412,0.1414,0.1465,0.0449,0.0955
3,42,42,887,54,204,123,0.139,103,0,0.6432,0.25,0.0805,0.1477,0.1346,0.1111,0.6311,0.1246,0.0625,0.0865,0.3269,0.4444,419,0,extracted,0.2424,0.0412,0.1414,0.1465,0.0449,0.0955
3,42,43,887,54,204,123,0.139,103,0,0.6432,0.25,0.0805,0.1477,0.1346,0.1111,0.6311,0.1246,0.0625,0.0865,0.3269,0.4444,419,0,extracted,0.2424,0.0412,0.1414,0.1465,0.0449,0.0955
3,42,44,887,54,204,123,0.139,103,0,0.6432,0.25,0.0805,0.1477,0.1346,0.1111,0.6311,0.1246,0.0625,0.0865,0.3269,0.4444,419,0,extracted,0.2424,0.0412,0.1414,0.1465,0.0449,0.0955
3,42,45,887,54,204,123,0.139,103,0,0.6432,0.25,0.0805,0.1477,0.1346,0.1111,0.6311,0.1246,0.0625,0.0865,0.3269,0.4444,419,0,extracted,0.2424,0.0412,0.1414,0.1465,0.0449,0.0955
3,42,46,887,54,204,123,0.139,103,0,0.6432,0.25,0.0805,0.1477,0.1346,0.1111,0.6311,0.1246,0.0625,0.0865,0.3269,0.4444,419,0,extracted,0.2424,0.0412,0.1414,0.1465,0.0449,0.0955
3,42,47,887,54,237,122,0.138,116,0,0.6501,0.32,0.1387,0.16,0.2115,0.2222,0.6311,0.1246,0.0625,0.0865,0.3269,0.4444,419,0,extracted,0.32,0.0816,0.14,0.1465,0.0449,0.0955
3,42,48,887,54,237,122,0.138,116,0,0.6501,0.32,0.1387,0.16,0.2115,0.2222,0.6311,0.1246,0.0625,0.0865,0.3269,0.4444,419,0,extracted,0.32,0.0816,0.14,0.1465,0.0449,0.0955
3,42,49,887,54,237,122,0.138,116,0,0.6501,0.32,0.1387,0.16,0.2115,0.2222,0.6311,0.1246,0.0625,0.0865,0.3269,0.4444,419,0,extracted,0.32,0.0816,0.14,0.1465,0.0449,0.0955
3,42,50,887,54,237,122,0.138,116,0,0.6501,0.32,0.1387,0.16,0.2115,0.2222,0.6311,0.1246,0.0625,0.0865,0.3269,0.4444,419,0,extracted,0.32,0.0816,0.14,0.1465,0.0449,0.0955
3,42,51,887,54,237,122,0.138,116,0,0.6501,0.32,0.1387,0.16,0.2115,0.2222,0.6311,0.1246,0.0625,0.0865,0.3269,0.4444,419,0,extracted,0.32,0.0816,0.14,0.1465,0.0449,0.0955
3,42,52,887,54,237,122,0.138,116,0,0.6501,0.32,0.1387,0.16,0.2115,0.2222,0.6311,0.1246,0.0625,0.0865,0.3269,0.4444,419,0,extracted,0.32,0.0816,0.14,0.1465,0.0449,0.0955
3,42,53,887,54,237,122,0.138,116,0,0.6501,0.32,0.1387,0.16,0.2115,0.2222,0.6311,0.1246,0.0625,0.0865,0.3269,0.4444,419,0,extracted,0.32,0.0816,0.14,0.1465,0.0449,0.0955
3,42,54,887,54,285,141,0.159,138,0,0.6508,0.299,0.125,0.1649,0.2115,0.2222,0.6311,0.1246,0.0625,0.0865,0.3269,0.4444,419,0,extracted,0.3148,0.0755,0.1852,0.1465,0.0449,0.0955
3,42,55,887,54,285,141,0.159,138,0,0.6508,0.299,0.125,0.1649,0.2115,0.2222,0.6311,0.1246,0.0625,0.0865,0.3269,0.4444,419,0,extracted,0.3148,0.0755,0.1852,0.1465,0.0449,0.0955
3,42,56,887,54,285,141,0.159,138,0,0.6508,0.299,0.125,0.1649,0.2115,0.2222,0.6311,0.1246,0.0625,0.0865,0.3269,0.4444,419,0,extracted,0.3148,0.0755,0.1852,0.1465,0.0449,0.0955
3,42,57,887,54,285,141,0.159,138,0,0.6508,0.299,0.125,0.1649,0.2115,0.2222,0.6311,0.1246,0.0625,0.0865,0.3269,0.4444,419,0,extracted,0.3148,0.0755,0.1852,0.1465,0.0449,0.0955
3,42,58,887,54,285,141,0.159,138,0,0.6508,0.299,0.125,0.1649,0.2115,0.2222,0.6311,0.1246,0.0625,0.0865,0.3269,0.4444,419,0,extracted,0.3148,0.0755,0.1852,0.1465,0.0449,0.0955
3,42,59,887,54,285,141,0.159,138,0,0.6508,0.299,0.125,0.1649,0.2115,0.2222,0.6311,0.1246,0.0625,0.0865,0.3269,0.4444,419,0,extracted,0.3148,0.0755,0.1852,0.1465,0.0449,0.0955
3,42,60,887,54,340,203,0.229,165,0,0.6412,0.25,0.1024,0.1328,0.25,0.3333,0.6311,0.1246,0.0625,0.0865,0.3269,0.4444,419,0,extracted,0.2899,0.0441,0.1449,0.1465,0.0449,0.0955
3,42,61,887,54,340,203,0.229,165,0,0.6412,0.25,0.1024,0.1328,0.25,0.3333,0.6311,0.1246,0.0625,0.0865,0.3269,0.4444,419,0,extracted,0.2899,0.0441,0.1449,0.1465,0.0449,0.0955
3,42,62,887,54,340,203,0.229,165,0,0.6412,0.25,0.1024,0.1328,0.25,0.3333,0.6311,0.1246,0.0625,0.0865,0.3269,0.4444,419,0,extracted,0.2899,0.0441,0.1449,0.1465,0.0449,0.0955
3,42,63,887,54,340,203,0.229,165,0,0.6412,0.25,0.1024,0.1328,0.25,0.3333,0.6311,0.1246,0.0625,0.0865,0.3269,0.4444,419,0,extracted,0.2899,0.0441,0.1449,0.1465,0.0449,0.0955
3,42,64,887,54,340,203,0.229,165,0,0.6412,0.25,0.1024,0.1328,0.25,0.3333,0.6311,0.1246,0.0625,0.0865,0.3269,0.4444,419,0,extracted,0.2899,0.0441,0.1449,0.1465,0.0449,0.0955
3,42,65,887,54,340,203,0.229,165,0,0.6412,0.25,0.1024,0.1328,0.25,0.3333,0.6311,0.1246,0.0625,0.0865,0.3269,0.4444,419,0,extracted,0.2899,0.0441,0.1449,0.1465,0.0449,0.0955
3,42,66,887,54,407,239,0.269,203,0,0.6472,0.2116,0.0825,0.1229,0.2308,0.2222,0.6311,0.1246,0.0625,0.0865,0.3269,0.4444,419,0,extracted,0.2138,0.0382,0.1258,0.1465,0.0449,0.0955
3,42,67,887,54,407,239,0.269,203,0,0.6472,0.2116,0.0825,0.1229,0.2308,0.2222,0.6311,0.1246,0.0625,0.0865,0.3269,0.4444,419,0,extracted,0.2138,0.0382,0.1258,0.1465,0.0449,0.0955
3,42,68,887,54,407,239,0.269,203,0,0.6472,0.2116,0.0825,0.1229,0.2308,0.2222,0.6311,0.1246,0.0625,0.0865,0.3269,0.4444,419,0,extracted,0.2138,0.0382,0.1258,0.1465,0.0449,0.0955
3,42,69,887,54,407,239,0.269,203,0,0.6472,0.2116,0.0825,0.1229,0.2308,0.2222,0.6311,0.1246,0.0625,0.0865,0.3269,0.4444,419,0,extracted,0.2138,0.0382,0.1258,0.1465,0.0449,0.0955
3,42,70,887,54,407,239,0.269,203,0,0.6472,0.2116,0.0825,0.1229,0.2308,0.2222,0.6311,0.1246,0.0625,0.0865,0.3269,0.4444,419,0,extracted,0.2138,0.0382,0.1258,0.1465,0.0449,0.0955
3,42,71,887,54,407,239,0.269,203,0,0.6472,0.2116,0.0825,0.1229,0.2308,0.2222,0.6311,0.1246,0.0625,0.0865,0.3269,0.4444,419,0,extracted,0.2138,0.0382,0.1258,0.1465,0.0449,0.0955
3,42,72,887,54,483,286,0.322,239,0,0.6433,0.1829,0.0772,0.118,0.25,0.2222,0.6311,0.1246,0.0625,0.0865,0.3269,0.4444,419,0,extracted,0.2,0.0337,0.1333,0.1465,0.0449,0.0955
3,42,73,887,54,483,286,0.322,239,0,0.6433,0.1829,0.0772,0.118,0.25,0.2222,0.6311,0.1246,0.0625,0.0865,0.3269,0.4444,419,0,extracted,0.2,0.0337,0.1333,0.1465,0.0449,0.0955
3,42,74,887,54,483,286,0.322,239,0,0.6433,0.1829,0.0772,0.118,0.25,0.2222,0.6311,0.1246,0.0625,0.0865,0.3269,0.4444,419,0,extracted,0.2,0.0337,0.1333,0.1465,0.0449,0.0955
3,42,75,887,54,483,286,0.322,239,0,0.6433,0.1829,0.0772,0.118,0.25,0.2222,0.6311,0.1246,0.0625,0.0865,0.3269,0.4444,419,0,extracted,0.2,0.0337,0.1333,0.1465,0.0449,0.0955
3,42,76,887,54,483,286,0.322,239,0,0.6433,0.1829,0.0772,0.118,0.25,0.2222,0.6311,0.1246,0.0625,0.0865,0.3269,0.4444,419,0,extracted,0.2,0.0337,0.1333,0.1465,0.0449,0.0955
3,42,77,887,54,483,286,0.322,239,0,0.6433,0.1829,0.0772,0.118,0.25,0.2222,0.6311,0.1246,0.0625,0.0865,0.3269,0.4444,419,0,extracted,0.2,0.0337,0.1333,0.1465,0.0449,0.0955
3,42,78,887,54,483,286,0.322,239,0,0.6433,0.1829,0.0772,0.118,0.25,0.2222,0.6311,0.1246,0.0625,0.0865,0.3269,0.4444,419,0,extracted,0.2,0.0337,0.1333,0.1465,0.0449,0.0955
3,42,79,887,54,570,341,0.384,280,0,0.6305,0.1624,0.0765,0.1269,0.2692,0.2778,0.6311,0.1246,0.0625,0.0865,0.3269,0.4444,419,0,extracted,0.1712,0.0364,0.1441,0.1465,0.0449,0.0955
3,42,80,887,54,570,341,0.384,280,0,0.6305,0.1624,0.0765,0.1269,0.2692,0.2778,0.6311,0.1246,0.0625,0.0865,0.3269,0.4444,419,0,extracted,0.1712,0.0364,0.1441,0.1465,0.0449,0.0955
3,42,81,887,54,570,341,0.384,280,0,0.6305,0.1624,0.0765,0.1269,0.2692,0.2778,0.6311,0.1246,0.0625,0.0865,0.3269,0.4444,419,0,extracted,0.1712,0.0364,0.1441,0.1465,0.0449,0.0955
3,42,82,887,54,570,341,0.384,280,0,0.6305,0.1624,0.0765,0.1269,0.2692,0.2778,0.6311,0.1246,0.0625,0.0865,0.3269,0.4444,419,0,extracted,0.1712,0.0364,0.1441,0.1465,0.0449,0.0955
3,42,83,887,54,570,341,0.384,280,0,0.6305,0.1624,0.0765,0.1269,0.2692,0.2778,0.6311,0.1246,0.0625,0.0865,0.3269,0.4444,419,0,extracted,0.1712,0.0364,0.1441,0.1465,0.0449,0.0955
3,42,84,887,54,570,341,0.384,280,0,0.6305,0.1624,0.0765,0.1269,0.2692,0.2778,0.6311,0.1246,0.0625,0.0865,0.3269,0.4444,419,0,extracted,0.1712,0.0364,0.1441,0.1465,0.0449,0.0955
3,42,85,887,54,655,386,0.435,316,0,0.6156,0.1528,0.0651,0.088,0.25,0.2778,0.6311,0.1246,0.0625,0.0865,0.3269,0.4444,419,0,extracted,0.181,0.0385,0.1333,0.1465,0.0449,0.0955
3,42,86,887,54,655,386,0.435,316,0,0.6156,0.1528,0.0651,0.088,0.25,0.2778,0.6311,0.1246,0.0625,0.0865,0.3269,0.4444,419,0,extracted,0.181,0.0385,0.1333,0.1465,0.0449,0.0955
3,42,87,887,54,655,386,0.435,316,0,0.6156,0.1528,0.0651,0.088,0.25,0.2778,0.6311,0.1246,0.0625,0.0865,0.3269,0.4444,419,0,extracted,0.181,0.0385,0.1333,0.1465,0.0449,0.0955
3,42,88,887,54,655,386,0.435,316,0,0.6156,0.1528,0.0651,0.088,0.25,0.2778,0.6311,0.1246,0.0625,0.0865,0.3269,0.4444,419,0,extracted,0.181,0.0385,0.1333,0.1465,0.0449,0.0955
3,42,89,887,54,655,386,0.435,316,0,0.6156,0.1528,0.0651,0.088,0.25,0.2778,0.6311,0.1246,0.0625,0.0865,0.3269,0.4444,419,0,extracted,0.181,0.0385,0.1333,0.1465,0.0449,0.0955
3,42,90,887,54,655,386,0.435,316,0,0.6156,0.1528,0.0651,0.088,0.25,0.2778,0.6311,0.1246,0.0625,0.0865,0.3269,0.4444,419,0,extracted,0.181,0.0385,0.1333,0.1465,0.0449,0.0955
3,42,91,887,54,771,444,0.501,367,0,0.6256,0.1434,0.0576,0.0902,0.2692,0.3889,0.6311,0.1246,0.0625,0.0865,0.3269,0.4444,419,0,extracted,0.1687,0.0405,0.1285,0.1465,0.0449,0.0955
3,42,92,887,54,771,444,0.501,367,0,0.6256,0.1434,0.0576,0.0902,0.2692,0.3889,0.6311,0.1246,0.0625,0.0865,0.3269,0.4444,419,0,extracted,0.1687,0.0405,0.1285,0.1465,0.0449,0.0955
3,42,93,887,54,771,444,0.501,367,0,0.6256,0.1434,0.0576,0.0902,0.2692,0.3889,0.6311,0.1246,0.0625,0.0865,0.3269,0.4444,419,0,extracted,0.1687,0.0405,0.1285,0.1465,0.0449,0.0955
3,42,94,887,54,771,444,0.501,367,0,0.6256,0.1434,0.0576,0.0902,0.2692,0.3889,0.6311,0.1246,0.0625,0.0865,0.3269,0.4444,419,0,extracted,0.1687,0.0405,0.1285,0.1465,0.0449,0.0955
3,42,95,887,54,771,444,0.501,367,0,0.6256,0.1434,0.0576,0.0902,0.2692,0.3889,0.6311,0.1246,0.0625,0.0865,0.3269,0.4444,419,0,extracted,0.1687,0.0405,0.1285,0.1465,0.0449,0.0955
3,42,96,887,54,771,444,0.501,367,0,0.6256,0.1434,0.0576,0.0902,0.2692,0.3889,0.6311,0.1246,0.0625,0.0865,0.3269,0.4444,419,0,extracted,0.1687,0.0405,0.1285,0.1465,0.0449,0.0955
3,42,97,887,54,877,540,0.609,409,0,0.6202,0.1182,0.0542,0.0777,0.2885,0.3889,0.6311,0.1246,0.0625,0.0865,0.3269,0.4444,419,0,extracted,0.1386,0.0332,0.1056,0.1465,0.0449,0.0955
3,42,98,887,54,877,540,0.609,409,0,0.6202,0.1182,0.0542,0.0777,0.2885,0.3889,0.6311,0.1246,0.0625,0.0865,0.3269,0.4444,419,0,extracted,0.1386,0.0332,0.1056,0.1465,0.0449,0.0955
3,42,99,887,54,877,540,0.609,409,0,0.6202,0.1182,0.0542,0.0777,0.2885,0.3889,0.6311,0.1246,0.0625,0.0865,0.3269,0.4444,419,0,extracted,0.1386,0.0332,0.1056,0.1465,0.0449,0.0955
3,42,100,887,54,877,540,0.609,409,0,0.6202,0.1182,0.0542,0.0777,0.2885,0.3889,0.6311,0.1246,0.0625,0.0865,0.3269,0.4444,419,0,extracted,0.1386,0.0332,0.1056,0.1465,0.0449,0.0955
4,42,1,895,100,29,29,0.032,14,0,0.6686,0.2326,0.0315,0.155,0.0204,0.0714,0.6549,0.1994,0.0862,0.1074,0.2755,0.3571,395,0,extracted,0.1667,0.0244,0.1429,0.202,0.0693,0.1281
4,42,2,895,100,29,29,0.032,14,0,0.6686,0.2326,0.0315,0.155,0.0204,0.0714,0.6549,0.1994,0.0862,0.1074,0.2755,0.3571,395,0,extracted,0.1667,0.0244,0.1429,0.202,0.0693,0.1281
4,42,3,895,100,29,29,0.032,14,0,0.6686,0.2326,0.0315,0.155,0.0204,0.0714,0.6549,0.1994,0.0862,0.1074,0.2755,0.3571,395,0,extracted,0.1667,0.0244,0.1429,0.202,0.0693,0.1281
4,42,4,895,100,29,29,0.032,14,0,0.6686,0.2326,0.0315,0.155,0.0204,0.0714,0.6549,0.1994,0.0862,0.1074,0.2755,0.3571,395,0,extracted,0.1667,0.0244,0.1429,0.202,0.0693,0.1281
4,42,5,895,100,29,29,0.032,14,0,0.6686,0.2326,0.0315,0.155,0.0204,0.0714,0.6549,0.1994,0.0862,0.1074,0.2755,0.3571,395,0,extracted,0.1667,0.0244,0.1429,0.202,0.0693,0.1281
4,42,6,895,100,29,29,0.032,14,0,0.6686,0.2326,0.0315,0.155,0.0204,0.0714,0.6549,0.1994,0.0862,0.1074,0.2755,0.3571,395,0,extracted,0.1667,0.0244,0.1429,0.202,0.0693,0.1281
4,42,7,895,100,29,29,0.032,14,0,0.6686,0.2326,0.0315,0.155,0.0204,0.0714,0.6549,0.1994,0.0862,0.1074,0.2755,0.3571,395,0,extracted,0.1667,0.0244,0.1429,0.202,0.0693,0.1281
4,42,8,895,100,29,29,0.032,14,0,0.6686,0.2326,0.0315,0.155,0.0204,0.0714,0.6549,0.1994,0.0862,0.1074,0.2755,0.3571,395,0,extracted,0.1667,0.0244,0.1429,0.202,0.0693,0.1281
4,42,9,895,100,29,29,0.032,14,0,0.6686,0.2326,0.0315,0.155,0.0204,0.0714,0.6549,0.1994,0.0862,0.1074,0.2755,0.3571,395,0,extracted,0.1667,0.0244,0.1429,0.202,0.0693,0.1281
4,42,10,895,100,57,43,0.048,27,0,0.6559,0.2657,0.0709,0.1259,0.051,0.1429,0.6549,0.1994,0.0862,0.1074,0.2755,0.3571,395,0,extracted,0.2609,0.0667,0.1739,0.202,0.0693,0.1281
4,42,11,895,100,57,43,0.048,27,0,0.6559,0.2657,0.0709,0.1259,0.051,0.1429,0.6549,0.1994,0.0862,0.1074,0.2755,0.3571,395,0,extracted,0.2609,0.0667,0.1739,0.202,0.0693,0.1281
4,42,12,895,100,57,43,0.048,27,0,0.6559,0.2657,0.0709,0.1259,0.051,0.1429,0.6549,0.1994,0.0862,0.1074,0.2755,0.3571,395,0,extracted,0.2609,0.0667,0.1739,0.202,0.0693,0.1281
4,42,13,895,100,57,43,0.048,27,0,0.6559,0.2657,0.0709,0.1259,0.051,0.1429,0.6549,0.1994,0.0862,0.1074,0.2755,0.3571,395,0,extracted,0.2609,0.0667,0.1739,0.202,0.0693,0.1281
4,42,14,895,100,57,43,0.048,27,0,0.6559,0.2657,0.0709,0.1259,0.051,0.1429,0.6549,0.1994,0.0862,0.1074,0.2755,0.3571,395,0,extracted,0.2609,0.0667,0.1739,0.202,0.0693,0.1281
4,42,15,895,100,57,43,0.048,27,0,0.6559,0.2657,0.0709,0.1259,0.051,0.1429,0.6549,0.1994,0.0862,0.1074,0.2755,0.3571,395,0,extracted,0.2609,0.0667,0.1739,0.202,0.0693,0.1281
4,42,16,895,100,99,62,0.069,49,0,0.668,0.3086,0.075,0.1235,0.0612,0.1429,0.6549,0.1994,0.0862,0.1074,0.2755,0.3571,395,0,extracted,0.2857,0.0777,0.1524,0.202,0.0693,0.1281
4,42,17,895,100,99,62,0.069,49,0,0.668,0.3086,0.075,0.1235,0.0612,0.1429,0.6549,0.1994,0.0862,0.1074,0.2755,0.3571,395,0,extracted,0.2857,0.0777,0.1524,0.202,0.0693,0.1281
4,42,18,895,100,99,62,0.069,49,0,0.668,0.3086,0.075,0.1235,0.0612,0.1429,0.6549,0.1994,0.0862,0.1074,0.2755,0.3571,395,0,extracted,0.2857,0.0777,0.1524,0.202,0.0693,0.1281
4,42,19,895,100,99,62,0.069,49,0,0.668,0.3086,0.075,0.1235,0.0612,0.1429,0.6549,0.1994,0.0862,0.1074,0.2755,0.3571,395,0,extracted,0.2857,0.0777,0.1524,0.202,0.0693,0.1281
4,42,20,895,100,99,62,0.069,49,0,0.668,0.3086,0.075,0.1235,0.0612,0.1429,0.6549,0.1994,0.0862,0.1074,0.2755,0.3571,395,0,extracted,0.2857,0.0777,0.1524,0.202,0.0693,0.1281
4,42,21,895,100,99,62,0.069,49,0,0.668,0.3086,0.075,0.1235,0.0612,0.1429,0.6549,0.1994,0.0862,0.1074,0.2755,0.3571,395,0,extracted,0.2857,0.0777,0.1524,0.202,0.0693,0.1281
4,42,22,895,100,128,86,0.096,57,0,0.7055,0.4409,0.1196,0.2151,0.1122,0.25,0.6549,0.1994,0.0862,0.1074,0.2755,0.3571,395,0,extracted,0.3833,0.0678,0.2167,0.202,0.0693,0.1281
4,42,23,895,100,128,86,0.096,57,0,0.7055,0.4409,0.1196,0.2151,0.1122,0.25,0.6549,0.1994,0.0862,0.1074,0.2755,0.3571,395,0,extracted,0.3833,0.0678,0.2167,0.202,0.0693,0.1281
4,42,24,895,100,128,86,0.096,57,0,0.7055,0.4409,0.1196,0.2151,0.1122,0.25,0.6549,0.1994,0.0862,0.1074,0.2755,0.3571,395,0,extracted,0.3833,0.0678,0.2167,0.202,0.0693,0.1281
4,42,25,895,100,128,86,0.096,57,0,0.7055,0.4409,0.1196,0.2151,0.1122,0.25,0.6549,0.1994,0.0862,0.1074,0.2755,0.3571,395,0,extracted,0.3833,0.0678,0.2167,0.202,0.0693,0.1281
4,42,26,895,100,128,86,0.096,57,0,0.7055,0.4409,0.1196,0.2151,0.1122,0.25,0.6549,0.1994,0.0862,0.1074,0.2755,0.3571,395,0,extracted,0.3833,0.0678,0.2167,0.202,0.0693,0.1281
4,42,27,895,100,128,86,0.096,57,0,0.7055,0.4409,0.1196,0.2151,0.1122,0.25,0.6549,0.1994,0.0862,0.1074,0.2755,0.3571,395,0,extracted,0.3833,0.0678,0.2167,0.202,0.0693,0.1281
4,42,28,895,100,128,86,0.096,57,0,0.7055,0.4409,0.1196,0.2151,0.1122,0.25,0.6549,0.1994,0.0862,0.1074,0.2755,0.3571,395,0,extracted,0.3833,0.0678,0.2167,0.202,0.0693,0.1281
4,42,29,895,100,179,94,0.105,79,0,0.6946,0.4227,0.1146,0.1856,0.1122,0.25,0.6549,0.1994,0.0862,0.1074,0.2755,0.3571,395,0,extracted,0.368,0.065,0.192,0.202,0.0693,0.1281
4,42,30,895,100,179,94,0.105,79,0,0.6946,0.4227,0.1146,0.1856,0.1122,0.25,0.6549,0.1994,0.0862,0.1074,0.2755,0.3571,395,0,extracted,0.368,0.065,0.192,0.202,0.0693,0.1281
4,42,31,895,100,179,94,0.105,79,0,0.6946,0.4227,0.1146,0.1856,0.1122,0.25,0.6549,0.1994,0.0862,0.1074,0.2755,0.3571,395,0,extracted,0.368,0.065,0.192,0.202,0.0693,0.1281
4,42,32,895,100,179,94,0.105,79,0,0.6946,0.4227,0.1146,0.1856,0.1122,0.25,0.6549,0.1994,0.0862,0.1074,0.2755,0.3571,395,0,extracted,0.368,0.065,0.192,0.202,0.0693,0.1281
4,42,33,895,100,179,94,0.105,79,0,0.6946,0.4227,0.1146,0.1856,0.1122,0.25,0.6549,0.1994,0.0862,0.1074,0.2755,0.3571,395,0,extracted,0.368,0.065,0.192,0.202,0.0693,0.1281
4,42,34,895,100,179,94,0.105,79,0,0.6946,0.4227,0.1146,0.1856,0.1122,0.25,0.6549,0.1994,0.0862,0.1074,0.2755,0.3571,395,0,extracted,0.368,0.065,0.192,0.202,0.0693,0.1281
4,42,35,895,100,219,137,0.153,100,0,0.6841,0.3644,0.1368,0.1864,0.1633,0.3214,0.6549,0.1994,0.0862,0.1074,0.2755,0.3571,395,0,extracted,0.359,0.1039,0.1795,0.202,0.0693,0.1281
4,42,36,895,100,219,137,0.153,100,0,0.6841,0.3644,0.1368,0.1864,0.1633,0.3214,0.6549,0.1994,0.0862,0.1074,0.2755,0.3571,395,0,extracted,0.359,0.1039,0.1795,0.202,0.0693,0.1281
4,42,37,895,100,219,137,0.153,100,0,0.6841,0.3644,0.1368,0.1864,0.1633,0.3214,0.6549,0.1994,0.0862,0.1074,0.2755,0.3571,395,0,extracted,0.359,0.1039,0.1795,0.202,0.0693,0.1281
4,42,38,895,100,219,137,0.153,100,0,0.6841,0.3644,0.1368,0.1864,0.1633,0.3214,0.6549,0.1994,0.0862,0.1074,0.2755,0.3571,395,0,extracted,0.359,0.1039,0.1795,0.202,0.0693,0.1281
4,42,39,895,100,219,137,0.153,100,0,0.6841,0.3644,0.1368,0.1864,0.1633,0.3214,0.6549,0.1994,0.0862,0.1074,0.2755,0.3571,395,0,extracted,0.359,0.1039,0.1795,0.202,0.0693,0.1281
4,42,40,895,100,219,137,0.153,100,0,0.6841,0.3644,0.1368,0.1864,0.1633,0.3214,0.6549,0.1994,0.0862,0.1074,0.2755,0.3571,395,0,extracted,0.359,0.1039,0.1795,0.202,0.0693,0.1281
4,42,41,895,100,259,160,0.179,116,0,0.6825,0.378,0.1587,0.1969,0.2041,0.3571,0.6549,0.1994,0.0862,0.1074,0.2755,0.3571,395,0,extracted,0.4054,0.1096,0.2297,0.202,0.0693,0.1281
4,42,42,895,100,259,160,0.179,116,0,0.6825,0.378,0.1587,0.1969,0.2041,0.3571,0.6549,0.1994,0.0862,0.1074,0.2755,0.3571,395,0,extracted,0.4054,0.1096,0.2297,0.202,0.0693,0.1281
4,42,43,895,100,259,160,0.179,116,0,0.6825,0.378,0.1587,0.1969,0.2041,0.3571,0.6549,0.1994,0.0862,0.1074,0.2755,0.3571,395,0,extracted,0.4054,0.1096,0.2297,0.202,0.0693,0.1281
4,42,44,895,100,259,160,0.179,116,0,0.6825,0.378,0.1587,0.1969,0.2041,0.3571,0.6549,0.1994,0.0862,0.1074,0.2755,0.3571,395,0,extracted,0.4054,0.1096,0.2297,0.202,0.0693,0.1281
4,42,45,895,100,259,160,0.179,116,0,0.6825,0.378,0.1587,0.1969,0.2041,0.3571,0.6549,0.1994,0.0862,0.1074,0.2755,0.3571,395,0,extracted,0.4054,0.1096,0.2297,0.202,0.0693,0.1281
4,42,46,895,100,259,160,0.179,116,0,0.6825,0.378,0.1587,0.1969,0.2041,0.3571,0.6549,0.1994,0.0862,0.1074,0.2755,0.3571,395,0,extracted,0.4054,0.1096,0.2297,0.202,0.0693,0.1281
4,42,47,895,100,342,207,0.231,148,0,0.6718,0.3725,0.1316,0.1699,0.2041,0.3571,0.6549,0.1994,0.0862,0.1074,0.2755,0.3571,395,0,extracted,0.3756,0.1026,0.1929,0.202,0.0693,0.1281
4,42,48,895,100,342,207,0.231,148,0,0.6718,0.3725,0.1316,0.1699,0.2041,0.3571,0.6549,0.1994,0.0862,0.1074,0.2755,0.3571,395,0,extracted,0.3756,0.1026,0.1929,0.202,0.0693,0.1281
4,42,49,895,100,342,207,0.231,148,0,0.6718,0.3725,0.1316,0.1699,0.2041,0.3571,0.6549,0.1994,0.0862,0.1074,0.2755,0.3571,395,0,extracted,0.3756,0.1026,0.1929,0.202,0.0693,0.1281
4,42,50,895,100,342,207,0.231,148,0,0.6718,0.3725,0.1316,0.1699,0.2041,0.3571,0.6549,0.1994,0.0862,0.1074,0.2755,0.3571,395,0,extracted,0.3756,0.1026,0.1929,0.202,0.0693,0.1281
4,42,51,895,100,342,207,0.231,148,0,0.6718,0.3725,0.1316,0.1699,0.2041,0.3571,0.6549,0.1994,0.0862,0.1074,0.2755,0.3571,395,0,extracted,0.3756,0.1026,0.1929,0.202,0.0693,0.1281
4,42,52,895,100,342,207,0.231,148,0,0.6718,0.3725,0.1316,0.1699,0.2041,0.3571,0.6549,0.1994,0.0862,0.1074,0.2755,0.3571,395,0,extracted,0.3756,0.1026,0.1929,0.202,0.0693,0.1281
4,42,53,895,100,342,207,0.231,148,0,0.6718,0.3725,0.1316,0.1699,0.2041,0.3571,0.6549,0.1994,0.0862,0.1074,0.2755,0.3571,395,0,extracted,0.3756,0.1026,0.1929,0.202,0.0693,0.1281
4,42,54,895,100,390,238,0.266,167,0,0.6628,0.3373,0.119,0.1538,0.2041,0.3571,0.6549,0.1994,0.0862,0.1074,0.2755,0.3571,395,0,extracted,0.3458,0.1038,0.1869,0.202,0.0693,0.1281
4,42,55,895,100,390,238,0.266,167,0,0.6628,0.3373,0.119,0.1538,0.2041,0.3571,0.6549,0.1994,0.0862,0.1074,0.2755,0.3571,395,0,extracted,0.3458,0.1038,0.1869,0.202,0.0693,0.1281
4,42,56,895,100,390,238,0.266,167,0,0.6628,0.3373,0.119,0.1538,0.2041,0.3571,0.6549,0.1994,0.0862,0.1074,0.2755,0.3571,395,0,extracted,0.3458,0.1038,0.1869,0.202,0.0693,0.1281
4,42,57,895,100,390,238,0.266,167,0,0.6628,0.3373,0.119,0.1538,0.2041,0.3571,0.6549,0.1994,0.0862,0.1074,0.2755,0.3571,395,0,extracted,0.3458,0.1038,0.1869,0.202,0.0693,0.1281
4,42,58,895,100,390,238,0.266,167,0,0.6628,0.3373,0.119,0.1538,0.2041,0.3571,0.6549,0.1994,0.0862,0.1074,0.2755,0.3571,395,0,extracted,0.3458,0.1038,0.1869,0.202,0.0693,0.1281
4,42,59,895,100,390,238,0.266,167,0,0.6628,0.3373,0.119,0.1538,0.2041,0.3571,0.6549,0.1994,0.0862,0.1074,0.2755,0.3571,395,0,extracted,0.3458,0.1038,0.1869,0.202,0.0693,0.1281
4,42,60,895,100,444,277,0.309,193,0,0.6783,0.3767,0.16,0.1698,0.2959,0.4643,0.6549,0.1994,0.0862,0.1074,0.2755,0.3571,395,0,extracted,0.3691,0.0952,0.1803,0.202,0.0693,0.1281
4,42,61,895,100,444,277,0.309,193,0,0.6783,0.3767,0.16,0.1698,0.2959,0.4643,0.6549,0.1994,0.0862,0.1074,0.2755,0.3571,395,0,extracted,0.3691,0.0952,0.1803,0.202,0.0693,0.1281
4,42,62,895,100,444,277,0.309,193,0,0.6783,0.3767,0.16,0.1698,0.2959,0.4643,0.6549,0.1994,0.0862,0.1074,0.2755,0.3571,395,0,extracted,0.3691,0.0952,0.1803,0.202,0.0693,0.1281
4,42,63,895,100,444,277,0.309,193,0,0.6783,0.3767,0.16,0.1698,0.2959,0.4643,0.6549,0.1994,0.0862,0.1074,0.2755,0.3571,395,0,extracted,0.3691,0.0952,0.1803,0.202,0.0693,0.1281
4,42,64,895,100,444,277,0.309,193,0,0.6783,0.3767,0.16,0.1698,0.2959,0.4643,0.6549,0.1994,0.0862,0.1074,0.2755,0.3571,395,0,extracted,0.3691,0.0952,0.1803,0.202,0.0693,0.1281
4,42,65,895,100,444,277,0.309,193,0,0.6783,0.3767,0.16,0.1698,0.2959,0.4643,0.6549,0.1994,0.0862,0.1074,0.2755,0.3571,395,0,extracted,0.3691,0.0952,0.1803,0.202,0.0693,0.1281
4,42,66,895,100,493,312,0.349,214,0,0.6736,0.3155,0.1171,0.1505,0.2347,0.3929,0.6549,0.1994,0.0862,0.1074,0.2755,0.3571,395,0,extracted,0.3059,0.087,0.1647,0.202,0.0693,0.1281
4,42,67,895,100,493,312,0.349,214,0,0.6736,0.3155,0.1171,0.1505,0.2347,0.3929,0.6549,0.1994,0.0862,0.1074,0.2755,0.3571,395,0,extracted,0.3059,0.087,0.1647,0.202,0.0693,0.1281
4,42,68,895,100,493,312,0.349,214,0,0.6736,0.3155,0.1171,0.1505,0.2347,0.3929,0.6549,0.1994,0.0862,0.1074,0.2755,0.3571,395,0,extracted,0.3059,0.087,0.1647,0.202,0.0693,0.1281
4,42,69,895,100,493,312,0.349,214,0,0.6736,0.3155,0.1171,0.1505,0.2347,0.3929,0.6549,0.1994,0.0862,0.1074,0.2755,0.3571,395,0,extracted,0.3059,0.087,0.1647,0.202,0.0693,0.1281
4,42,70,895,100,493,312,0.349,214,0,0.6736,0.3155,0.1171,0.1505,0.2347,0.3929,0.6549,0.1994,0.0862,0.1074,0.2755,0.3571,395,0,extracted,0.3059,0.087,0.1647,0.202,0.0693,0.1281
4,42,71,895,100,493,312,0.349,214,0,0.6736,0.3155,0.1171,0.1505,0.2347,0.3929,0.6549,0.1994,0.0862,0.1074,0.2755,0.3571,395,0,extracted,0.3059,0.087,0.1647,0.202,0.0693,0.1281
4,42,72,895,100,565,361,0.403,245,0,0.6777,0.295,0.1133,0.1432,0.2551,0.4286,0.6549,0.1994,0.0862,0.1074,0.2755,0.3571,395,0,extracted,0.2847,0.0769,0.1528,0.202,0.0693,0.1281
4,42,73,895,100,565,361,0.403,245,0,0.6777,0.295,0.1133,0.1432,0.2551,0.4286,0.6549,0.1994,0.0862,0.1074,0.2755,0.3571,395,0,extracted,0.2847,0.0769,0.1528,0.202,0.0693,0.1281
4,42,74,895,100,565,361,0.403,245,0,0.6777,0.295,0.1133,0.1432,0.2551,0.4286,0.6549,0.1994,0.0862,0.1074,0.2755,0.3571,395,0,extracted,0.2847,0.0769,0.1528,0.202,0.0693,0.1281
4,42,75,895,100,565,361,0.403,245,0,0.6777,0.295,0.1133,0.1432,0.2551,0.4286,0.6549,0.1994,0.0862,0.1074,0.2755,0.3571,395,0,extracted,0.2847,0.0769,0.1528,0.202,0.0693,0.1281
4,42,76,895,100,565,361,0.403,245,0,0.6777,0.295,0.1133,0.1432,0.2551,0.4286,0.6549,0.1994,0.0862,0.1074,0.2755,0.3571,395,0,extracted,0.2847,0.0769,0.1528,0.202,0.0693,0.1281
4,42,77,895,100,565,361,0.403,245,0,0.6777,0.295,0.1133,0.1432,0.2551,0.4286,0.6549,0.1994,0.0862,0.1074,0.2755,0.3571,395,0,extracted,0.2847,0.0769,0.1528,0.202,0.0693,0.1281
4,42,78,895,100,565,361,0.403,245,0,0.6777,0.295,0.1133,0.1432,0.2551,0.4286,0.6549,0.1994,0.0862,0.1074,0.2755,0.3571,395,0,extracted,0.2847,0.0769,0.1528,0.202,0.0693,0.1281
4,42,79,895,100,660,391,0.437,288,0,0.6753,0.2729,0.1022,0.1385,0.2449,0.3929,0.6549,0.1994,0.0862,0.1074,0.2755,0.3571,395,0,extracted,0.2637,0.0647,0.1736,0.202,0.0693,0.1281
4,42,80,895,100,660,391,0.437,288,0,0.6753,0.2729,0.1022,0.1385,0.2449,0.3929,0.6549,0.1994,0.0862,0.1074,0.2755,0.3571,395,0,extracted,0.2637,0.0647,0.1736,0.202,0.0693,0.1281
4,42,81,895,100,660,391,0.437,288,0,0.6753,0.2729,0.1022,0.1385,0.2449,0.3929,0.6549,0.1994,0.0862,0.1074,0.2755,0.3571,395,0,extracted,0.2637,0.0647,0.1736,0.202,0.0693,0.1281
4,42,82,895,100,660,391,0.437,288,0,0.6753,0.2729,0.1022,0.1385,0.2449,0.3929,0.6549,0.1994,0.0862,0.1074,0.2755,0.3571,395,0,extracted,0.2637,0.0647,0.1736,0.202,0.0693,0.1281
4,42,83,895,100,660,391,0.437,288,0,0.6753,0.2729,0.1022,0.1385,0.2449,0.3929,0.6549,0.1994,0.0862,0.1074,0.2755,0.3571,395,0,extracted,0.2637,0.0647,0.1736,0.202,0.0693,0.1281
4,42,84,895,100,660,391,0.437,288,0,0.6753,0.2729,0.1022,0.1385,0.2449,0.3929,0.6549,0.1994,0.0862,0.1074,0.2755,0.3571,395,0,extracted,0.2637,0.0647,0.1736,0.202,0.0693,0.1281
4,42,85,895,100,749,460,0.514,334,0,0.6678,0.2532,0.0944,0.1266,0.2551,0.4286,0.6549,0.1994,0.0862,0.1074,0.2755,0.3571,395,0,extracted,0.2523,0.0725,0.1441,0.202,0.0693,0.1281
4,42,86,895,100,749,460,0.514,334,0,0.6678,0.2532,0.0944,0.1266,0.2551,0.4286,0.6549,0.1994,0.0862,0.1074,0.2755,0.3571,395,0,extracted,0.2523,0.0725,0.1441,0.202,0.0693,0.1281
4,42,87,895,100,749,460,0.514,334,0,0.6678,0.2532,0.0944,0.1266,0.2551,0.4286,0.6549,0.1994,0.0862,0.1074,0.2755,0.3571,395,0,extracted,0.2523,0.0725,0.1441,0.202,0.0693,0.1281
4,42,88,895,100,749,460,0.514,334,0,0.6678,0.2532,0.0944,0.1266,0.2551,0.4286,0.6549,0.1994,0.0862,0.1074,0.2755,0.3571,395,0,extracted,0.2523,0.0725,0.1441,0.202,0.0693,0.1281
4,42,89,895,100,749,460,0.514,334,0,0.6678,0.2532,0.0944,0.1266,0.2551,0.4286,0.6549,0.1994,0.0862,0.1074,0.2755,0.3571,395,0,extracted,0.2523,0.0725,0.1441,0.202,0.0693,0.1281
4,42,90,895,100,749,460,0.514,334,0,0.6678,0.2532,0.0944,0.1266,0.2551,0.4286,0.6549,0.1994,0.0862,0.1074,0.2755,0.3571,395,0,extracted,0.2523,0.0725,0.1441,0.202,0.0693,0.1281
4,42,91,895,100,819,501,0.56,362,0,0.6599,0.2189,0.0777,0.1212,0.2347,0.3571,0.6549,0.1994,0.0862,0.1074,0.2755,0.3571,395,0,extracted,0.2327,0.0613,0.1496,0.202,0.0693,0.1281
4,42,92,895,100,819,501,0.56,362,0,0.6599,0.2189,0.0777,0.1212,0.2347,0.3571,0.6549,0.1994,0.0862,0.1074,0.2755,0.3571,395,0,extracted,0.2327,0.0613,0.1496,0.202,0.0693,0.1281
4,42,93,895,100,819,501,0.56,362,0,0.6599,0.2189,0.0777,0.1212,0.2347,0.3571,0.6549,0.1994,0.0862,0.1074,0.2755,0.3571,395,0,extracted,0.2327,0.0613,0.1496,0.202,0.0693,0.1281
4,42,94,895,100,819,501,0.56,362,0,0.6599,0.2189,0.0777,0.1212,0.2347,0.3571,0.6549,0.1994,0.0862,0.1074,0.2755,0.3571,395,0,extracted,0.2327,0.0613,0.1496,0.202,0.0693,0.1281
4,42,95,895,100,819,501,0.56,362,0,0.6599,0.2189,0.0777,0.1212,0.2347,0.3571,0.6549,0.1994,0.0862,0.1074,0.2755,0.3571,395,0,extracted,0.2327,0.0613,0.1496,0.202,0.0693,0.1281
4,42,96,895,100,819,501,0.56,362,0,0.6599,0.2189,0.0777,0.1212,0.2347,0.3571,0.6549,0.1994,0.0862,0.1074,0.2755,0.3571,395,0,extracted,0.2327,0.0613,0.1496,0.202,0.0693,0.1281
4,42,97,895,100,884,541,0.604,387,0,0.6665,0.2275,0.1109,0.1201,0.3571,0.4643,0.6549,0.1994,0.0862,0.1074,0.2755,0.3571,395,0,extracted,0.235,0.084,0.141,0.202,0.0693,0.1281
4,42,98,895,100,884,541,0.604,387,0,0.6665,0.2275,0.1109,0.1201,0.3571,0.4643,0.6549,0.1994,0.0862,0.1074,0.2755,0.3571,395,0,extracted,0.235,0.084,0.141,0.202,0.0693,0.1281
4,42,99,895,100,884,541,0.604,387,0,0.6665,0.2275,0.1109,0.1201,0.3571,0.4643,0.6549,0.1994,0.0862,0.1074,0.2755,0.3571,395,0,extracted,0.235,0.084,0.141,0.202,0.0693,0.1281
4,42,100,895,100,884,541,0.604,387,0,0.6665,0.2275,0.1109,0.1201,0.3571,0.4643,0.6549,0.1994,0.0862,0.1074,0.2755,0.3571,395,0,extracted,0.235,0.084,0.141,0.202,0.0693,0.1281
5,42,1,1003,72,14,23,0.023,8,0,0.6469,0.1935,0.0659,0.172,0.0441,0.0417,0.6665,0.1695,0.0835,0.1048,0.3824,0.5,490,0,extracted,0.2069,0.0357,0.2069,0.1391,0.0578,0.0911
5,42,2,1003,72,14,23,0.023,8,0,0.6469,0.1935,0.0659,0.172,0.0441,0.0417,0.6665,0.1695,0.0835,0.1048,0.3824,0.5,490,0,extracted,0.2069,0.0357,0.2069,0.1391,0.0578,0.0911
5,42,3,1003,72,14,23,0.023,8,0,0.6469,0.1935,0.0659,0.172,0.0441,0.0417,0.6665,0.1695,0.0835,0.1048,0.3824,0.5,490,0,extracted,0.2069,0.0357,0.2069,0.1391,0.0578,0.0911
5,42,4,1003,72,14,23,0.023,8,0,0.6469,0.1935,0.0659,0.172,0.0441,0.0417,0.6665,0.1695,0.0835,0.1048,0.3824,0.5,490,0,extracted,0.2069,0.0357,0.2069,0.1391,0.0578,0.0911
5,42,5,1003,72,14,23,0.023,8,0,0.6469,0.1935,0.0659,0.172,0.0441,0.0417,0.6665,0.1695,0.0835,0.1048,0.3824,0.5,490,0,extracted,0.2069,0.0357,0.2069,0.1391,0.0578,0.0911
5,42,6,1003,72,14,23,0.023,8,0,0.6469,0.1935,0.0659,0.172,0.0441,0.0417,0.6665,0.1695,0.0835,0.1048,0.3824,0.5,490,0,extracted,0.2069,0.0357,0.2069,0.1391,0.0578,0.0911
5,42,7,1003,72,14,23,0.023,8,0,0.6469,0.1935,0.0659,0.172,0.0441,0.0417,0.6665,0.1695,0.0835,0.1048,0.3824,0.5,490,0,extracted,0.2069,0.0357,0.2069,0.1391,0.0578,0.0911
5,42,8,1003,72,35,35,0.035,16,0,0.7226,0.3048,0.1359,0.1905,0.1029,0.1667,0.6665,0.1695,0.0835,0.1048,0.3824,0.5,490,0,extracted,0.3284,0.0923,0.2388,0.1391,0.0578,0.0911
5,42,9,1003,72,35,35,0.035,16,0,0.7226,0.3048,0.1359,0.1905,0.1029,0.1667,0.6665,0.1695,0.0835,0.1048,0.3824,0.5,490,0,extracted,0.3284,0.0923,0.2388,0.1391,0.0578,0.0911
5,42,10,1003,72,35,35,0.035,16,0,0.7226,0.3048,0.1359,0.1905,0.1029,0.1667,0.6665,0.1695,0.0835,0.1048,0.3824,0.5,490,0,extracted,0.3284,0.0923,0.2388,0.1391,0.0578,0.0911
5,42,11,1003,72,35,35,0.035,16,0,0.7226,0.3048,0.1359,0.1905,0.1029,0.1667,0.6665,0.1695,0.0835,0.1048,0.3824,0.5,490,0,extracted,0.3284,0.0923,0.2388,0.1391,0.0578,0.0911
5,42,12,1003,72,35,35,0.035,16,0,0.7226,0.3048,0.1359,0.1905,0.1029,0.1667,0.6665,0.1695,0.0835,0.1048,0.3824,0.5,490,0,extracted,0.3284,0.0923,0.2388,0.1391,0.0578,0.0911
5,42,13,1003,72,35,35,0.035,16,0,0.7226,0.3048,0.1359,0.1905,0.1029,0.1667,0.6665,0.1695,0.0835,0.1048,0.3824,0.5,490,0,extracted,0.3284,0.0923,0.2388,0.1391,0.0578,0.0911
5,42,14,1003,72,62,46,0.046,30,0,0.711,0.3276,0.1228,0.2241,0.1029,0.1667,0.6665,0.1695,0.0835,0.1048,0.3824,0.5,490,0,extracted,0.3514,0.0833,0.2703,0.1391,0.0578,0.0911
5,42,15,1003,72,62,46,0.046,30,0,0.711,0.3276,0.1228,0.2241,0.1029,0.1667,0.6665,0.1695,0.0835,0.1048,0.3824,0.5,490,0,extracted,0.3514,0.0833,0.2703,0.1391,0.0578,0.0911
5,42,16,1003,72,62,46,0.046,30,0,0.711,0.3276,0.1228,0.2241,0.1029,0.1667,0.6665,0.1695,0.0835,0.1048,0.3824,0.5,490,0,extracted,0.3514,0.0833,0.2703,0.1391,0.0578,0.0911
5,42,17,1003,72,62,46,0.046,30,0,0.711,0.3276,0.1228,0.2241,0.1029,0.1667,0.6665,0.1695,0.0835,0.1048,0.3824,0.5,490,0,extracted,0.3514,0.0833,0.2703,0.1391,0.0578,0.0911
5,42,18,1003,72,62,46,0.046,30,0,0.711,0.3276,0.1228,0.2241,0.1029,0.1667,0.6665,0.1695,0.0835,0.1048,0.3824,0.5,490,0,extracted,0.3514,0.0833,0.2703,0.1391,0.0578,0.0911
5,42,19,1003,72,97,58,0.058,46,0,0.6949,0.2969,0.1111,0.2031,0.1029,0.1667,0.6665,0.1695,0.0835,0.1048,0.3824,0.5,490,0,extracted,0.3171,0.075,0.2439,0.1391,0.0578,0.0911
5,42,20,1003,72,97,58,0.058,46,0,0.6949,0.2969,0.1111,0.2031,0.1029,0.1667,0.6665,0.1695,0.0835,0.1048,0.3824,0.5,490,0,extracted,0.3171,0.075,0.2439,0.1391,0.0578,0.0911
5,42,21,1003,72,97,58,0.058,46,0,0.6949,0.2969,0.1111,0.2031,0.1029,0.1667,0.6665,0.1695,0.0835,0.1048,0.3824,0.5,490,0,extracted,0.3171,0.075,0.2439,0.1391,0.0578,0.0911
5,42,22,1003,72,97,58,0.058,46,0,0.6949,0.2969,0.1111,0.2031,0.1029,0.1667,0.6665,0.1695,0.0835,0.1048,0.3824,0.5,490,0,extracted,0.3171,0.075,0.2439,0.1391,0.0578,0.0911
5,42,23,1003,72,97,58,0.058,46,0,0.6949,0.2969,0.1111,0.2031,0.1029,0.1667,0.6665,0.1695,0.0835,0.1048,0.3824,0.5,490,0,extracted,0.3171,0.075,0.2439,0.1391,0.0578,0.0911
5,42,24,1003,72,131,70,0.07,61,0,0.7006,0.3,0.1014,0.2,0.1029,0.1667,0.6665,0.1695,0.0835,0.1048,0.3824,0.5,490,0,extracted,0.3333,0.0682,0.2667,0.1391,0.0578,0.0911
5,42,25,1003,72,131,70,0.07,61,0,0.7006,0.3,0.1014,0.2,0.1029,0.1667,0.6665,0.1695,0.0835,0.1048,0.3824,0.5,490,0,extracted,0.3333,0.0682,0.2667,0.1391,0.0578,0.0911
5,42,26,1003,72,131,70,0.07,61,0,0.7006,0.3,0.1014,0.2,0.1029,0.1667,0.6665,0.1695,0.0835,0.1048,0.3824,0.5,490,0,extracted,0.3333,0.0682,0.2667,0.1391,0.0578,0.0911
5,42,27,1003,72,131,70,0.07,61,0,0.7006,0.3,0.1014,0.2,0.1029,0.1667,0.6665,0.1695,0.0835,0.1048,0.3824,0.5,490,0,extracted,0.3333,0.0682,0.2667,0.1391,0.0578,0.0911
5,42,28,1003,72,131,70,0.07,61,0,0.7006,0.3,0.1014,0.2,0.1029,0.1667,0.6665,0.1695,0.0835,0.1048,0.3824,0.5,490,0,extracted,0.3333,0.0682,0.2667,0.1391,0.0578,0.0911
5,42,29,1003,72,165,102,0.102,80,0,0.6969,0.2558,0.0941,0.1512,0.1029,0.1667,0.6665,0.1695,0.0835,0.1048,0.3824,0.5,490,0,extracted,0.2883,0.0734,0.1982,0.1391,0.0578,0.0911
5,42,30,1003,72,165,102,0.102,80,0,0.6969,0.2558,0.0941,0.1512,0.1029,0.1667,0.6665,0.1695,0.0835,0.1048,0.3824,0.5,490,0,extracted,0.2883,0.0734,0.1982,0.1391,0.0578,0.0911
5,42,31,1003,72,165,102,0.102,80,0,0.6969,0.2558,0.0941,0.1512,0.1029,0.1667,0.6665,0.1695,0.0835,0.1048,0.3824,0.5,490,0,extracted,0.2883,0.0734,0.1982,0.1391,0.0578,0.0911
5,42,32,1003,72,165,102,0.102,80,0,0.6969,0.2558,0.0941,0.1512,0.1029,0.1667,0.6665,0.1695,0.0835,0.1048,0.3824,0.5,490,0,extracted,0.2883,0.0734,0.1982,0.1391,0.0578,0.0911
5,42,33,1003,72,165,102,0.102,80,0,0.6969,0.2558,0.0941,0.1512,0.1029,0.1667,0.6665,0.1695,0.0835,0.1048,0.3824,0.5,490,0,extracted,0.2883,0.0734,0.1982,0.1391,0.0578,0.0911
5,42,34,1003,72,165,102,0.102,80,0,0.6969,0.2558,0.0941,0.1512,0.1029,0.1667,0.6665,0.1695,0.0835,0.1048,0.3824,0.5,490,0,extracted,0.2883,0.0734,0.1982,0.1391,0.0578,0.0911
5,42,35,1003,72,206,118,0.118,97,0,0.7013,0.2872,0.129,0.1702,0.1765,0.25,0.6665,0.1695,0.0835,0.1048,0.3824,0.5,490,0,extracted,0.2689,0.0684,0.1849,0.1391,0.0578,0.0911
5,42,36,1003,72,206,118,0.118,97,0,0.7013,0.2872,0.129,0.1702,0.1765,0.25,0.6665,0.1695,0.0835,0.1048,0.3824,0.5,490,0,extracted,0.2689,0.0684,0.1849,0.1391,0.0578,0.0911
5,42,37,1003,72,206,118,0.118,97,0,0.7013,0.2872,0.129,0.1702,0.1765,0.25,0.6665,0.1695,0.0835,0.1048,0.3824,0.5,490,0,extracted,0.2689,0.0684,0.1849,0.1391,0.0578,0.0911
5,42,38,1003,72,206,118,0.118,97,0,0.7013,0.2872,0.129,0.1702,0.1765,0.25,0.6665,0.1695,0.0835,0.1048,0.3824,0.5,490,0,extracted,0.2689,0.0684,0.1849,0.1391,0.0578,0.0911
5,42,39,1003,72,206,118,0.118,97,0,0.7013,0.2872,0.129,0.1702,0.1765,0.25,0.6665,0.1695,0.0835,0.1048,0.3824,0.5,490,0,extracted,0.2689,0.0684,0.1849,0.1391,0.0578,0.0911
5,42,40,1003,72,241,144,0.144,114,0,0.6856,0.2991,0.1132,0.1869,0.1765,0.25,0.6665,0.1695,0.0835,0.1048,0.3824,0.5,490,0,extracted,0.2556,0.0611,0.1805,0.1391,0.0578,0.0911
5,42,41,1003,72,241,144,0.144,114,0,0.6856,0.2991,0.1132,0.1869,0.1765,0.25,0.6665,0.1695,0.0835,0.1048,0.3824,0.5,490,0,extracted,0.2556,0.0611,0.1805,0.1391,0.0578,0.0911
5,42,42,1003,72,241,144,0.144,114,0,0.6856,0.2991,0.1132,0.1869,0.1765,0.25,0.6665,0.1695,0.0835,0.1048,0.3824,0.5,490,0,extracted,0.2556,0.0611,0.1805,0.1391,0.0578,0.0911
5,42,43,1003,72,241,144,0.144,114,0,0.6856,0.2991,0.1132,0.1869,0.1765,0.25,0.6665,0.1695,0.0835,0.1048,0.3824,0.5,490,0,extracted,0.2556,0.0611,0.1805,0.1391,0.0578,0.0911
5,42,44,1003,72,241,144,0.144,114,0,0.6856,0.2991,0.1132,0.1869,0.1765,0.25,0.6665,0.1695,0.0835,0.1048,0.3824,0.5,490,0,extracted,0.2556,0.0611,0.1805,0.1391,0.0578,0.0911
5,42,45,1003,72,277,163,0.163,134,0,0.6907,0.3004,0.1039,0.1803,0.1765,0.25,0.6665,0.1695,0.0835,0.1048,0.3824,0.5,490,0,extracted,0.2603,0.0556,0.1644,0.1391,0.0578,0.0911
5,42,46,1003,72,277,163,0.163,134,0,0.6907,0.3004,0.1039,0.1803,0.1765,0.25,0.6665,0.1695,0.0835,0.1048,0.3824,0.5,490,0,extracted,0.2603,0.0556,0.1644,0.1391,0.0578,0.0911
5,42,47,1003,72,277,163,0.163,134,0,0.6907,0.3004,0.1039,0.1803,0.1765,0.25,0.6665,0.1695,0.0835,0.1048,0.3824,0.5,490,0,extracted,0.2603,0.0556,0.1644,0.1391,0.0578,0.0911
5,42,48,1003,72,277,163,0.163,134,0,0.6907,0.3004,0.1039,0.1803,0.1765,0.25,0.6665,0.1695,0.0835,0.1048,0.3824,0.5,490,0,extracted,0.2603,0.0556,0.1644,0.1391,0.0578,0.0911
5,42,49,1003,72,277,163,0.163,134,0,0.6907,0.3004,0.1039,0.1803,0.1765,0.25,0.6665,0.1695,0.0835,0.1048,0.3824,0.5,490,0,extracted,0.2603,0.0556,0.1644,0.1391,0.0578,0.0911
5,42,50,1003,72,314,182,0.181,151,0,0.694,0.2937,0.104,0.1587,0.1912,0.25,0.6665,0.1695,0.0835,0.1048,0.3824,0.5,490,0,extracted,0.2532,0.0641,0.1772,0.1391,0.0578,0.0911
5,42,51,1003,72,314,182,0.181,151,0,0.694,0.2937,0.104,0.1587,0.1912,0.25,0.6665,0.1695,0.0835,0.1048,0.3824,0.5,490,0,extracted,0.2532,0.0641,0.1772,0.1391,0.0578,0.0911
5,42,52,1003,72,314,182,0.181,151,0,0.694,0.2937,0.104,0.1587,0.1912,0.25,0.6665,0.1695,0.0835,0.1048,0.3824,0.5,490,0,extracted,0.2532,0.0641,0.1772,0.1391,0.0578,0.0911
5,42,53,1003,72,314,182,0.181,151,0,0.694,0.2937,0.104,0.1587,0.1912,0.25,0.6665,0.1695,0.0835,0.1048,0.3824,0.5,490,0,extracted,0.2532,0.0641,0.1772,0.1391,0.0578,0.0911
5,42,54,1003,72,314,182,0.181,151,0,0.694,0.2937,0.104,0.1587,0.1912,0.25,0.6665,0.1695,0.0835,0.1048,0.3824,0.5,490,0,extracted,0.2532,0.0641,0.1772,0.1391,0.0578,0.0911
5,42,55,1003,72,314,182,0.181,151,0,0.694,0.2937,0.104,0.1587,0.1912,0.25,0.6665,0.1695,0.0835,0.1048,0.3824,0.5,490,0,extracted,0.2532,0.0641,0.1772,0.1391,0.0578,0.0911
5,42,56,1003,72,357,214,0.213,172,0,0.7102,0.2887,0.1277,0.1549,0.25,0.3333,0.6665,0.1695,0.0835,0.1048,0.3824,0.5,490,0,extracted,0.2431,0.0782,0.1657,0.1391,0.0578,0.0911
5,42,57,1003,72,357,214,0.213,172,0,0.7102,0.2887,0.1277,0.1549,0.25,0.3333,0.6665,0.1695,0.0835,0.1048,0.3824,0.5,490,0,extracted,0.2431,0.0782,0.1657,0.1391,0.0578,0.0911
5,42,58,1003,72,357,214,0.213,172,0,0.7102,0.2887,0.1277,0.1549,0.25,0.3333,0.6665,0.1695,0.0835,0.1048,0.3824,0.5,490,0,extracted,0.2431,0.0782,0.1657,0.1391,0.0578,0.0911
5,42,59,1003,72,357,214,0.213,172,0,0.7102,0.2887,0.1277,0.1549,0.25,0.3333,0.6665,0.1695,0.0835,0.1048,0.3824,0.5,490,0,extracted,0.2431,0.0782,0.1657,0.1391,0.0578,0.0911
5,42,60,1003,72,357,214,0.213,172,0,0.7102,0.2887,0.1277,0.1549,0.25,0.3333,0.6665,0.1695,0.0835,0.1048,0.3824,0.5,490,0,extracted,0.2431,0.0782,0.1657,0.1391,0.0578,0.0911
5,42,61,1003,72,420,267,0.266,209,0,0.719,0.3086,0.1672,0.1958,0.3971,0.4167,0.6665,0.1695,0.0835,0.1048,0.3824,0.5,490,0,extracted,0.243,0.0849,0.1776,0.1391,0.0578,0.0911
5,42,62,1003,72,420,267,0.266,209,0,0.719,0.3086,0.1672,0.1958,0.3971,0.4167,0.6665,0.1695,0.0835,0.1048,0.3824,0.5,490,0,extracted,0.243,0.0849,0.1776,0.1391,0.0578,0.0911
5,42,63,1003,72,420,267,0.266,209,0,0.719,0.3086,0.1672,0.1958,0.3971,0.4167,0.6665,0.1695,0.0835,0.1048,0.3824,0.5,490,0,extracted,0.243,0.0849,0.1776,0.1391,0.0578,0.0911
5,42,64,1003,72,420,267,0.266,209,0,0.719,0.3086,0.1672,0.1958,0.3971,0.4167,0.6665,0.1695,0.0835,0.1048,0.3824,0.5,490,0,extracted,0.243,0.0849,0.1776,0.1391,0.0578,0.0911
5,42,65,1003,72,420,267,0.266,209,0,0.719,0.3086,0.1672,0.1958,0.3971,0.4167,0.6665,0.1695,0.0835,0.1048,0.3824,0.5,490,0,extracted,0.243,0.0849,0.1776,0.1391,0.0578,0.0911
5,42,66,1003,72,491,301,0.3,238,0,0.6947,0.2318,0.0976,0.1348,0.25,0.375,0.6665,0.1695,0.0835,0.1048,0.3824,0.5,490,0,extracted,0.2075,0.0753,0.1411,0.1391,0.0578,0.0911
5,42,67,1003,72,491,301,0.3,238,0,0.6947,0.2318,0.0976,0.1348,0.25,0.375,0.6665,0.1695,0.0835,0.1048,0.3824,0.5,490,0,extracted,0.2075,0.0753,0.1411,0.1391,0.0578,0.0911
5,42,68,1003,72,491,301,0.3,238,0,0.6947,0.2318,0.0976,0.1348,0.25,0.375,0.6665,0.1695,0.0835,0.1048,0.3824,0.5,490,0,extracted,0.2075,0.0753,0.1411,0.1391,0.0578,0.0911
5,42,69,1003,72,491,301,0.3,238,0,0.6947,0.2318,0.0976,0.1348,0.25,0.375,0.6665,0.1695,0.0835,0.1048,0.3824,0.5,490,0,extracted,0.2075,0.0753,0.1411,0.1391,0.0578,0.0911
5,42,70,1003,72,491,301,0.3,238,0,0.6947,0.2318,0.0976,0.1348,0.25,0.375,0.6665,0.1695,0.0835,0.1048,0.3824,0.5,490,0,extracted,0.2075,0.0753,0.1411,0.1391,0.0578,0.0911
5,42,71,1003,72,491,301,0.3,238,0,0.6947,0.2318,0.0976,0.1348,0.25,0.375,0.6665,0.1695,0.0835,0.1048,0.3824,0.5,490,0,extracted,0.2075,0.0753,0.1411,0.1391,0.0578,0.0911
5,42,72,1003,72,552,341,0.34,265,0,0.6889,0.2141,0.0929,0.1265,0.2647,0.375,0.6665,0.1695,0.0835,0.1048,0.3824,0.5,490,0,extracted,0.1859,0.0674,0.1264,0.1391,0.0578,0.0911
5,42,73,1003,72,552,341,0.34,265,0,0.6889,0.2141,0.0929,0.1265,0.2647,0.375,0.6665,0.1695,0.0835,0.1048,0.3824,0.5,490,0,extracted,0.1859,0.0674,0.1264,0.1391,0.0578,0.0911
5,42,74,1003,72,552,341,0.34,265,0,0.6889,0.2141,0.0929,0.1265,0.2647,0.375,0.6665,0.1695,0.0835,0.1048,0.3824,0.5,490,0,extracted,0.1859,0.0674,0.1264,0.1391,0.0578,0.0911
5,42,75,1003,72,552,341,0.34,265,0,0.6889,0.2141,0.0929,0.1265,0.2647,0.375,0.6665,0.1695,0.0835,0.1048,0.3824,0.5,490,0,extracted,0.1859,0.0674,0.1264,0.1391,0.0578,0.0911
5,42,76,1003,72,552,341,0.34,265,0,0.6889,0.2141,0.0929,0.1265,0.2647,0.375,0.6665,0.1695,0.0835,0.1048,0.3824,0.5,490,0,extracted,0.1859,0.0674,0.1264,0.1391,0.0578,0.0911
5,42,77,1003,72,620,390,0.389,291,0,0.6833,0.2217,0.1048,0.1261,0.3382,0.375,0.6665,0.1695,0.0835,0.1048,0.3824,0.5,490,0,extracted,0.1849,0.0828,0.137,0.1391,0.0578,0.0911
5,42,78,1003,72,620,390,0.389,291,0,0.6833,0.2217,0.1048,0.1261,0.3382,0.375,0.6665,0.1695,0.0835,0.1048,0.3824,0.5,490,0,extracted,0.1849,0.0828,0.137,0.1391,0.0578,0.0911
5,42,79,1003,72,620,390,0.389,291,0,0.6833,0.2217,0.1048,0.1261,0.3382,0.375,0.6665,0.1695,0.0835,0.1048,0.3824,0.5,490,0,extracted,0.1849,0.0828,0.137,0.1391,0.0578,0.0911
5,42,80,1003,72,620,390,0.389,291,0,0.6833,0.2217,0.1048,0.1261,0.3382,0.375,0.6665,0.1695,0.0835,0.1048,0.3824,0.5,490,0,extracted,0.1849,0.0828,0.137,0.1391,0.0578,0.0911
5,42,81,1003,72,620,390,0.389,291,0,0.6833,0.2217,0.1048,0.1261,0.3382,0.375,0.6665,0.1695,0.0835,0.1048,0.3824,0.5,490,0,extracted,0.1849,0.0828,0.137,0.1391,0.0578,0.0911
5,42,82,1003,72,726,418,0.417,340,0,0.686,0.2136,0.0948,0.1273,0.3235,0.4583,0.6665,0.1695,0.0835,0.1048,0.3824,0.5,490,0,extracted,0.1824,0.0633,0.1321,0.1391,0.0578,0.0911
5,42,83,1003,72,726,418,0.417,340,0,0.686,0.2136,0.0948,0.1273,0.3235,0.4583,0.6665,0.1695,0.0835,0.1048,0.3824,0.5,490,0,extracted,0.1824,0.0633,0.1321,0.1391,0.0578,0.0911
5,42,84,1003,72,726,418,0.417,340,0,0.686,0.2136,0.0948,0.1273,0.3235,0.4583,0.6665,0.1695,0.0835,0.1048,0.3824,0.5,490,0,extracted,0.1824,0.0633,0.1321,0.1391,0.0578,0.0911
5,42,85,1003,72,726,418,0.417,340,0,0.686,0.2136,0.0948,0.1273,0.3235,0.4583,0.6665,0.1695,0.0835,0.1048,0.3824,0.5,490,0,extracted,0.1824,0.0633,0.1321,0.1391,0.0578,0.0911
5,42,86,1003,72,726,418,0.417,340,0,0.686,0.2136,0.0948,0.1273,0.3235,0.4583,0.6665,0.1695,0.0835,0.1048,0.3824,0.5,490,0,extracted,0.1824,0.0633,0.1321,0.1391,0.0578,0.0911
5,42,87,1003,72,804,469,0.468,378,0,0.6689,0.1933,0.0858,0.119,0.3235,0.4167,0.6665,0.1695,0.0835,0.1048,0.3824,0.5,490,0,extracted,0.1547,0.0461,0.1089,0.1391,0.0578,0.0911
5,42,88,1003,72,804,469,0.468,378,0,0.6689,0.1933,0.0858,0.119,0.3235,0.4167,0.6665,0.1695,0.0835,0.1048,0.3824,0.5,490,0,extracted,0.1547,0.0461,0.1089,0.1391,0.0578,0.0911
5,42,89,1003,72,804,469,0.468,378,0,0.6689,0.1933,0.0858,0.119,0.3235,0.4167,0.6665,0.1695,0.0835,0.1048,0.3824,0.5,490,0,extracted,0.1547,0.0461,0.1089,0.1391,0.0578,0.0911
5,42,90,1003,72,804,469,0.468,378,0,0.6689,0.1933,0.0858,0.119,0.3235,0.4167,0.6665,0.1695,0.0835,0.1048,0.3824,0.5,490,0,extracted,0.1547,0.0461,0.1089,0.1391,0.0578,0.0911
5,42,91,1003,72,804,469,0.468,378,0,0.6689,0.1933,0.0858,0.119,0.3235,0.4167,0.6665,0.1695,0.0835,0.1048,0.3824,0.5,490,0,extracted,0.1547,0.0461,0.1089,0.1391,0.0578,0.0911
5,42,92,1003,72,804,469,0.468,378,0,0.6689,0.1933,0.0858,0.119,0.3235,0.4167,0.6665,0.1695,0.0835,0.1048,0.3824,0.5,490,0,extracted,0.1547,0.0461,0.1089,0.1391,0.0578,0.0911
5,42,93,1003,72,883,532,0.53,417,0,0.6821,0.1895,0.0917,0.1083,0.3824,0.5,0.6665,0.1695,0.0835,0.1048,0.3824,0.5,490,0,extracted,0.1602,0.0667,0.1105,0.1391,0.0578,0.0911
5,42,94,1003,72,883,532,0.53,417,0,0.6821,0.1895,0.0917,0.1083,0.3824,0.5,0.6665,0.1695,0.0835,0.1048,0.3824,0.5,490,0,extracted,0.1602,0.0667,0.1105,0.1391,0.0578,0.0911
5,42,95,1003,72,883,532,0.53,417,0,0.6821,0.1895,0.0917,0.1083,0.3824,0.5,0.6665,0.1695,0.0835,0.1048,0.3824,0.5,490,0,extracted,0.1602,0.0667,0.1105,0.1391,0.0578,0.0911
5,42,96,1003,72,883,532,0.53,417,0,0.6821,0.1895,0.0917,0.1083,0.3824,0.5,0.6665,0.1695,0.0835,0.1048,0.3824,0.5,490,0,extracted,0.1602,0.0667,0.1105,0.1391,0.0578,0.0911
5,42,97,1003,72,883,532,0.53,417,0,0.6821,0.1895,0.0917,0.1083,0.3824,0.5,0.6665,0.1695,0.0835,0.1048,0.3824,0.5,490,0,extracted,0.1602,0.0667,0.1105,0.1391,0.0578,0.0911
5,42,98,1003,72,990,591,0.589,477,0,0.6864,0.176,0.1065,0.1123,0.5,0.625,0.6665,0.1695,0.0835,0.1048,0.3824,0.5,490,0,extracted,0.1509,0.0664,0.0943,0.1391,0.0578,0.0911
5,42,99,1003,72,990,591,0.589,477,0,0.6864,0.176,0.1065,0.1123,0.5,0.625,0.6665,0.1695,0.0835,0.1048,0.3824,0.5,490,0,extracted,0.1509,0.0664,0.0943,0.1391,0.0578,0.0911
5,42,100,1003,72,990,591,0.589,477,0,0.6864,0.176,0.1065,0.1123,0.5,0.625,0.6665,0.1695,0.0835,0.1048,0.3824,0.5,490,0,extracted,0.1509,0.0664,0.0943,0.1391,0.0578,0.0911
6,42,1,741,94,16,19,0.026,10,0,0.6075,0.1416,0.036,0.0885,0.022,0.0,0.6792,0.2634,0.1379,0.1336,0.3846,0.4483,334,0,extracted,0.0833,0.0286,0.0556,0.2437,0.1132,0.1375
6,42,2,741,94,16,19,0.026,10,0,0.6075,0.1416,0.036,0.0885,0.022,0.0,0.6792,0.2634,0.1379,0.1336,0.3846,0.4483,334,0,extracted,0.0833,0.0286,0.0556,0.2437,0.1132,0.1375
6,42,3,741,94,16,19,0.026,10,0,0.6075,0.1416,0.036,0.0885,0.022,0.0,0.6792,0.2634,0.1379,0.1336,0.3846,0.4483,334,0,extracted,0.0833,0.0286,0.0556,0.2437,0.1132,0.1375
6,42,4,741,94,16,19,0.026,10,0,0.6075,0.1416,0.036,0.0885,0.022,0.0,0.6792,0.2634,0.1379,0.1336,0.3846,0.4483,334,0,extracted,0.0833,0.0286,0.0556,0.2437,0.1132,0.1375
6,42,5,741,94,16,19,0.026,10,0,0.6075,0.1416,0.036,0.0885,0.022,0.0,0.6792,0.2634,0.1379,0.1336,0.3846,0.4483,334,0,extracted,0.0833,0.0286,0.0556,0.2437,0.1132,0.1375
6,42,6,741,94,16,19,0.026,10,0,0.6075,0.1416,0.036,0.0885,0.022,0.0,0.6792,0.2634,0.1379,0.1336,0.3846,0.4483,334,0,extracted,0.0833,0.0286,0.0556,0.2437,0.1132,0.1375
6,42,7,741,94,16,19,0.026,10,0,0.6075,0.1416,0.036,0.0885,0.022,0.0,0.6792,0.2634,0.1379,0.1336,0.3846,0.4483,334,0,extracted,0.0833,0.0286,0.0556,0.2437,0.1132,0.1375
6,42,8,741,94,16,19,0.026,10,0,0.6075,0.1416,0.036,0.0885,0.022,0.0,0.6792,0.2634,0.1379,0.1336,0.3846,0.4483,334,0,extracted,0.0833,0.0286,0.0556,0.2437,0.1132,0.1375
6,42,9,741,94,16,19,0.026,10,0,0.6075,0.1416,0.036,0.0885,0.022,0.0,0.6792,0.2634,0.1379,0.1336,0.3846,0.4483,334,0,extracted,0.0833,0.0286,0.0556,0.2437,0.1132,0.1375
6,42,10,741,94,16,19,0.026,10,0,0.6075,0.1416,0.036,0.0885,0.022,0.0,0.6792,0.2634,0.1379,0.1336,0.3846,0.4483,334,0,extracted,0.0833,0.0286,0.0556,0.2437,0.1132,0.1375
6,42,11,741,94,43,43,0.058,20,0,0.6413,0.292,0.0741,0.1752,0.0549,0.0345,0.6792,0.2634,0.1379,0.1336,0.3846,0.4483,334,0,extracted,0.2273,0.0465,0.1364,0.2437,0.1132,0.1375
6,42,12,741,94,43,43,0.058,20,0,0.6413,0.292,0.0741,0.1752,0.0549,0.0345,0.6792,0.2634,0.1379,0.1336,0.3846,0.4483,334,0,extracted,0.2273,0.0465,0.1364,0.2437,0.1132,0.1375
6,42,13,741,94,43,43,0.058,20,0,0.6413,0.292,0.0741,0.1752,0.0549,0.0345,0.6792,0.2634,0.1379,0.1336,0.3846,0.4483,334,0,extracted,0.2273,0.0465,0.1364,0.2437,0.1132,0.1375
6,42,14,741,94,43,43,0.058,20,0,0.6413,0.292,0.0741,0.1752,0.0549,0.0345,0.6792,0.2634,0.1379,0.1336,0.3846,0.4483,334,0,extracted,0.2273,0.0465,0.1364,0.2437,0.1132,0.1375
6,42,15,741,94,43,43,0.058,20,0,0.6413,0.292,0.0741,0.1752,0.0549,0.0345,0.6792,0.2634,0.1379,0.1336,0.3846,0.4483,334,0,extracted,0.2273,0.0465,0.1364,0.2437,0.1132,0.1375
6,42,16,741,94,43,43,0.058,20,0,0.6413,0.292,0.0741,0.1752,0.0549,0.0345,0.6792,0.2634,0.1379,0.1336,0.3846,0.4483,334,0,extracted,0.2273,0.0465,0.1364,0.2437,0.1132,0.1375
6,42,17,741,94,43,43,0.058,20,0,0.6413,0.292,0.0741,0.1752,0.0549,0.0345,0.6792,0.2634,0.1379,0.1336,0.3846,0.4483,334,0,extracted,0.2273,0.0465,0.1364,0.2437,0.1132,0.1375
6,42,18,741,94,72,49,0.066,32,0,0.698,0.3357,0.1418,0.2378,0.1099,0.1724,0.6792,0.2634,0.1379,0.1336,0.3846,0.4483,334,0,extracted,0.3261,0.0889,0.2391,0.2437,0.1132,0.1375
6,42,19,741,94,72,49,0.066,32,0,0.698,0.3357,0.1418,0.2378,0.1099,0.1724,0.6792,0.2634,0.1379,0.1336,0.3846,0.4483,334,0,extracted,0.3261,0.0889,0.2391,0.2437,0.1132,0.1375
6,42,20,741,94,72,49,0.066,32,0,0.698,0.3357,0.1418,0.2378,0.1099,0.1724,0.6792,0.2634,0.1379,0.1336,0.3846,0.4483,334,0,extracted,0.3261,0.0889,0.2391,0.2437,0.1132,0.1375
6,42,21,741,94,72,49,0.066,32,0,0.698,0.3357,0.1418,0.2378,0.1099,0.1724,0.6792,0.2634,0.1379,0.1336,0.3846,0.4483,334,0,extracted,0.3261,0.0889,0.2391,0.2437,0.1132,0.1375
6,42,22,741,94,72,49,0.066,32,0,0.698,0.3357,0.1418,0.2378,0.1099,0.1724,0.6792,0.2634,0.1379,0.1336,0.3846,0.4483,334,0,extracted,0.3261,0.0889,0.2391,0.2437,0.1132,0.1375
6,42,23,741,94,72,49,0.066,32,0,0.698,0.3357,0.1418,0.2378,0.1099,0.1724,0.6792,0.2634,0.1379,0.1336,0.3846,0.4483,334,0,extracted,0.3261,0.0889,0.2391,0.2437,0.1132,0.1375
6,42,24,741,94,72,49,0.066,32,0,0.698,0.3357,0.1418,0.2378,0.1099,0.1724,0.6792,0.2634,0.1379,0.1336,0.3846,0.4483,334,0,extracted,0.3261,0.0889,0.2391,0.2437,0.1132,0.1375
6,42,25,741,94,123,69,0.093,59,0,0.6736,0.3436,0.0994,0.184,0.0879,0.1724,0.6792,0.2634,0.1379,0.1336,0.3846,0.4483,334,0,extracted,0.3238,0.0777,0.2286,0.2437,0.1132,0.1375
6,42,26,741,94,123,69,0.093,59,0,0.6736,0.3436,0.0994,0.184,0.0879,0.1724,0.6792,0.2634,0.1379,0.1336,0.3846,0.4483,334,0,extracted,0.3238,0.0777,0.2286,0.2437,0.1132,0.1375
6,42,27,741,94,123,69,0.093,59,0,0.6736,0.3436,0.0994,0.184,0.0879,0.1724,0.6792,0.2634,0.1379,0.1336,0.3846,0.4483,334,0,extracted,0.3238,0.0777,0.2286,0.2437,0.1132,0.1375
6,42,28,741,94,123,69,0.093,59,0,0.6736,0.3436,0.0994,0.184,0.0879,0.1724,0.6792,0.2634,0.1379,0.1336,0.3846,0.4483,334,0,extracted,0.3238,0.0777,0.2286,0.2437,0.1132,0.1375
6,42,29,741,94,123,69,0.093,59,0,0.6736,0.3436,0.0994,0.184,0.0879,0.1724,0.6792,0.2634,0.1379,0.1336,0.3846,0.4483,334,0,extracted,0.3238,0.0777,0.2286,0.2437,0.1132,0.1375
6,42,30,741,94,123,69,0.093,59,0,0.6736,0.3436,0.0994,0.184,0.0879,0.1724,0.6792,0.2634,0.1379,0.1336,0.3846,0.4483,334,0,extracted,0.3238,0.0777,0.2286,0.2437,0.1132,0.1375
6,42,31,741,94,123,69,0.093,59,0,0.6736,0.3436,0.0994,0.184,0.0879,0.1724,0.6792,0.2634,0.1379,0.1336,0.3846,0.4483,334,0,extracted,0.3238,0.0777,0.2286,0.2437,0.1132,0.1375
6,42,32,741,94,123,69,0.093,59,0,0.6736,0.3436,0.0994,0.184,0.0879,0.1724,0.6792,0.2634,0.1379,0.1336,0.3846,0.4483,334,0,extracted,0.3238,0.0777,0.2286,0.2437,0.1132,0.1375
6,42,33,741,94,156,79,0.107,73,0,0.6647,0.3584,0.0936,0.1734,0.0769,0.1724,0.6792,0.2634,0.1379,0.1336,0.3846,0.4483,334,0,extracted,0.3486,0.0748,0.1835,0.2437,0.1132,0.1375
6,42,34,741,94,156,79,0.107,73,0,0.6647,0.3584,0.0936,0.1734,0.0769,0.1724,0.6792,0.2634,0.1379,0.1336,0.3846,0.4483,334,0,extracted,0.3486,0.0748,0.1835,0.2437,0.1132,0.1375
6,42,35,741,94,156,79,0.107,73,0,0.6647,0.3584,0.0936,0.1734,0.0769,0.1724,0.6792,0.2634,0.1379,0.1336,0.3846,0.4483,334,0,extracted,0.3486,0.0748,0.1835,0.2437,0.1132,0.1375
6,42,36,741,94,156,79,0.107,73,0,0.6647,0.3584,0.0936,0.1734,0.0769,0.1724,0.6792,0.2634,0.1379,0.1336,0.3846,0.4483,334,0,extracted,0.3486,0.0748,0.1835,0.2437,0.1132,0.1375
6,42,37,741,94,156,79,0.107,73,0,0.6647,0.3584,0.0936,0.1734,0.0769,0.1724,0.6792,0.2634,0.1379,0.1336,0.3846,0.4483,334,0,extracted,0.3486,0.0748,0.1835,0.2437,0.1132,0.1375
6,42,38,741,94,156,79,0.107,73,0,0.6647,0.3584,0.0936,0.1734,0.0769,0.1724,0.6792,0.2634,0.1379,0.1336,0.3846,0.4483,334,0,extracted,0.3486,0.0748,0.1835,0.2437,0.1132,0.1375
6,42,39,741,94,156,79,0.107,73,0,0.6647,0.3584,0.0936,0.1734,0.0769,0.1724,0.6792,0.2634,0.1379,0.1336,0.3846,0.4483,334,0,extracted,0.3486,0.0748,0.1835,0.2437,0.1132,0.1375
6,42,40,741,94,200,108,0.146,89,0,0.6684,0.4059,0.11,0.1683,0.1099,0.2069,0.6792,0.2634,0.1379,0.1336,0.3846,0.4483,334,0,extracted,0.3721,0.0945,0.186,0.2437,0.1132,0.1375
6,42,41,741,94,200,108,0.146,89,0,0.6684,0.4059,0.11,0.1683,0.1099,0.2069,0.6792,0.2634,0.1379,0.1336,0.3846,0.4483,334,0,extracted,0.3721,0.0945,0.186,0.2437,0.1132,0.1375
6,42,42,741,94,200,108,0.146,89,0,0.6684,0.4059,0.11,0.1683,0.1099,0.2069,0.6792,0.2634,0.1379,0.1336,0.3846,0.4483,334,0,extracted,0.3721,0.0945,0.186,0.2437,0.1132,0.1375
6,42,43,741,94,200,108,0.146,89,0,0.6684,0.4059,0.11,0.1683,0.1099,0.2069,0.6792,0.2634,0.1379,0.1336,0.3846,0.4483,334,0,extracted,0.3721,0.0945,0.186,0.2437,0.1132,0.1375
6,42,44,741,94,200,108,0.146,89,0,0.6684,0.4059,0.11,0.1683,0.1099,0.2069,0.6792,0.2634,0.1379,0.1336,0.3846,0.4483,334,0,extracted,0.3721,0.0945,0.186,0.2437,0.1132,0.1375
6,42,45,741,94,200,108,0.146,89,0,0.6684,0.4059,0.11,0.1683,0.1099,0.2069,0.6792,0.2634,0.1379,0.1336,0.3846,0.4483,334,0,extracted,0.3721,0.0945,0.186,0.2437,0.1132,0.1375
6,42,46,741,94,200,108,0.146,89,0,0.6684,0.4059,0.11,0.1683,0.1099,0.2069,0.6792,0.2634,0.1379,0.1336,0.3846,0.4483,334,0,extracted,0.3721,0.0945,0.186,0.2437,0.1132,0.1375
6,42,47,741,94,263,149,0.201,118,0,0.6677,0.3374,0.0747,0.1646,0.0879,0.1724,0.6792,0.2634,0.1379,0.1336,0.3846,0.4483,334,0,extracted,0.3333,0.0704,0.2083,0.2437,0.1132,0.1375
6,42,48,741,94,263,149,0.201,118,0,0.6677,0.3374,0.0747,0.1646,0.0879,0.1724,0.6792,0.2634,0.1379,0.1336,0.3846,0.4483,334,0,extracted,0.3333,0.0704,0.2083,0.2437,0.1132,0.1375
6,42,49,741,94,263,149,0.201,118,0,0.6677,0.3374,0.0747,0.1646,0.0879,0.1724,0.6792,0.2634,0.1379,0.1336,0.3846,0.4483,334,0,extracted,0.3333,0.0704,0.2083,0.2437,0.1132,0.1375
6,42,50,741,94,263,149,0.201,118,0,0.6677,0.3374,0.0747,0.1646,0.0879,0.1724,0.6792,0.2634,0.1379,0.1336,0.3846,0.4483,334,0,extracted,0.3333,0.0704,0.2083,0.2437,0.1132,0.1375
6,42,51,741,94,263,149,0.201,118,0,0.6677,0.3374,0.0747,0.1646,0.0879,0.1724,0.6792,0.2634,0.1379,0.1336,0.3846,0.4483,334,0,extracted,0.3333,0.0704,0.2083,0.2437,0.1132,0.1375
6,42,52,741,94,263,149,0.201,118,0,0.6677,0.3374,0.0747,0.1646,0.0879,0.1724,0.6792,0.2634,0.1379,0.1336,0.3846,0.4483,334,0,extracted,0.3333,0.0704,0.2083,0.2437,0.1132,0.1375
6,42,53,741,94,263,149,0.201,118,0,0.6677,0.3374,0.0747,0.1646,0.0879,0.1724,0.6792,0.2634,0.1379,0.1336,0.3846,0.4483,334,0,extracted,0.3333,0.0704,0.2083,0.2437,0.1132,0.1375
6,42,54,741,94,321,201,0.271,144,0,0.6773,0.3439,0.1484,0.1754,0.2198,0.3448,0.6792,0.2634,0.1379,0.1336,0.3846,0.4483,334,0,extracted,0.3563,0.093,0.1954,0.2437,0.1132,0.1375
6,42,55,741,94,321,201,0.271,144,0,0.6773,0.3439,0.1484,0.1754,0.2198,0.3448,0.6792,0.2634,0.1379,0.1336,0.3846,0.4483,334,0,extracted,0.3563,0.093,0.1954,0.2437,0.1132,0.1375
6,42,56,741,94,321,201,0.271,144,0,0.6773,0.3439,0.1484,0.1754,0.2198,0.3448,0.6792,0.2634,0.1379,0.1336,0.3846,0.4483,334,0,extracted,0.3563,0.093,0.1954,0.2437,0.1132,0.1375
6,42,57,741,94,321,201,0.271,144,0,0.6773,0.3439,0.1484,0.1754,0.2198,0.3448,0.6792,0.2634,0.1379,0.1336,0.3846,0.4483,334,0,extracted,0.3563,0.093,0.1954,0.2437,0.1132,0.1375
6,42,58,741,94,321,201,0.271,144,0,0.6773,0.3439,0.1484,0.1754,0.2198,0.3448,0.6792,0.2634,0.1379,0.1336,0.3846,0.4483,334,0,extracted,0.3563,0.093,0.1954,0.2437,0.1132,0.1375
6,42,59,741,94,321,201,0.271,144,0,0.6773,0.3439,0.1484,0.1754,0.2198,0.3448,0.6792,0.2634,0.1379,0.1336,0.3846,0.4483,334,0,extracted,0.3563,0.093,0.1954,0.2437,0.1132,0.1375
6,42,60,741,94,321,201,0.271,144,0,0.6773,0.3439,0.1484,0.1754,0.2198,0.3448,0.6792,0.2634,0.1379,0.1336,0.3846,0.4483,334,0,extracted,0.3563,0.093,0.1954,0.2437,0.1132,0.1375
6,42,61,741,94,383,228,0.308,175,0,0.6725,0.3269,0.1097,0.1538,0.1758,0.3103,0.6792,0.2634,0.1379,0.1336,0.3846,0.4483,334,0,extracted,0.3152,0.0769,0.1848,0.2437,0.1132,0.1375
6,42,62,741,94,383,228,0.308,175,0,0.6725,0.3269,0.1097,0.1538,0.1758,0.3103,0.6792,0.2634,0.1379,0.1336,0.3846,0.4483,334,0,extracted,0.3152,0.0769,0.1848,0.2437,0.1132,0.1375
6,42,63,741,94,383,228,0.308,175,0,0.6725,0.3269,0.1097,0.1538,0.1758,0.3103,0.6792,0.2634,0.1379,0.1336,0.3846,0.4483,334,0,extracted,0.3152,0.0769,0.1848,0.2437,0.1132,0.1375
6,42,64,741,94,383,228,0.308,175,0,0.6725,0.3269,0.1097,0.1538,0.1758,0.3103,0.6792,0.2634,0.1379,0.1336,0.3846,0.4483,334,0,extracted,0.3152,0.0769,0.1848,0.2437,0.1132,0.1375
6,42,65,741,94,383,228,0.308,175,0,0.6725,0.3269,0.1097,0.1538,0.1758,0.3103,0.6792,0.2634,0.1379,0.1336,0.3846,0.4483,334,0,extracted,0.3152,0.0769,0.1848,0.2437,0.1132,0.1375
6,42,66,741,94,383,228,0.308,175,0,0.6725,0.3269,0.1097,0.1538,0.1758,0.3103,0.6792,0.2634,0.1379,0.1336,0.3846,0.4483,334,0,extracted,0.3152,0.0769,0.1848,0.2437,0.1132,0.1375
6,42,67,741,94,383,228,0.308,175,0,0.6725,0.3269,0.1097,0.1538,0.1758,0.3103,0.6792,0.2634,0.1379,0.1336,0.3846,0.4483,334,0,extracted,0.3152,0.0769,0.1848,0.2437,0.1132,0.1375
6,42,68,741,94,433,250,0.337,195,0,0.6646,0.3114,0.1084,0.1437,0.1868,0.3103,0.6792,0.2634,0.1379,0.1336,0.3846,0.4483,334,0,extracted,0.2929,0.0816,0.1717,0.2437,0.1132,0.1375
6,42,69,741,94,433,250,0.337,195,0,0.6646,0.3114,0.1084,0.1437,0.1868,0.3103,0.6792,0.2634,0.1379,0.1336,0.3846,0.4483,334,0,extracted,0.2929,0.0816,0.1717,0.2437,0.1132,0.1375
6,42,70,741,94,433,250,0.337,195,0,0.6646,0.3114,0.1084,0.1437,0.1868,0.3103,0.6792,0.2634,0.1379,0.1336,0.3846,0.4483,334,0,extracted,0.2929,0.0816,0.1717,0.2437,0.1132,0.1375
6,42,71,741,94,433,250,0.337,195,0,0.6646,0.3114,0.1084,0.1437,0.1868,0.3103,0.6792,0.2634,0.1379,0.1336,0.3846,0.4483,334,0,extracted,0.2929,0.0816,0.1717,0.2437,0.1132,0.1375
6,42,72,741,94,433,250,0.337,195,0,0.6646,0.3114,0.1084,0.1437,0.1868,0.3103,0.6792,0.2634,0.1379,0.1336,0.3846,0.4483,334,0,extracted,0.2929,0.0816,0.1717,0.2437,0.1132,0.1375
6,42,73,741,94,433,250,0.337,195,0,0.6646,0.3114,0.1084,0.1437,0.1868,0.3103,0.6792,0.2634,0.1379,0.1336,0.3846,0.4483,334,0,extracted,0.2929,0.0816,0.1717,0.2437,0.1132,0.1375
6,42,74,741,94,433,250,0.337,195,0,0.6646,0.3114,0.1084,0.1437,0.1868,0.3103,0.6792,0.2634,0.1379,0.1336,0.3846,0.4483,334,0,extracted,0.2929,0.0816,0.1717,0.2437,0.1132,0.1375
6,42,75,741,94,433,250,0.337,195,0,0.6646,0.3114,0.1084,0.1437,0.1868,0.3103,0.6792,0.2634,0.1379,0.1336,0.3846,0.4483,334,0,extracted,0.2929,0.0816,0.1717,0.2437,0.1132,0.1375
6,42,76,741,94,485,287,0.387,220,0,0.6718,0.2803,0.0921,0.1402,0.1758,0.2759,0.6792,0.2634,0.1379,0.1336,0.3846,0.4483,334,0,extracted,0.2597,0.0699,0.1558,0.2437,0.1132,0.1375
6,42,77,741,94,485,287,0.387,220,0,0.6718,0.2803,0.0921,0.1402,0.1758,0.2759,0.6792,0.2634,0.1379,0.1336,0.3846,0.4483,334,0,extracted,0.2597,0.0699,0.1558,0.2437,0.1132,0.1375
6,42,78,741,94,485,287,0.387,220,0,0.6718,0.2803,0.0921,0.1402,0.1758,0.2759,0.6792,0.2634,0.1379,0.1336,0.3846,0.4483,334,0,extracted,0.2597,0.0699,0.1558,0.2437,0.1132,0.1375
6,42,79,741,94,485,287,0.387,220,0,0.6718,0.2803,0.0921,0.1402,0.1758,0.2759,0.6792,0.2634,0.1379,0.1336,0.3846,0.4483,334,0,extracted,0.2597,0.0699,0.1558,0.2437,0.1132,0.1375
6,42,80,741,94,485,287,0.387,220,0,0.6718,0.2803,0.0921,0.1402,0.1758,0.2759,0.6792,0.2634,0.1379,0.1336,0.3846,0.4483,334,0,extracted,0.2597,0.0699,0.1558,0.2437,0.1132,0.1375
6,42,81,741,94,485,287,0.387,220,0,0.6718,0.2803,0.0921,0.1402,0.1758,0.2759,0.6792,0.2634,0.1379,0.1336,0.3846,0.4483,334,0,extracted,0.2597,0.0699,0.1558,0.2437,0.1132,0.1375
6,42,82,741,94,485,287,0.387,220,0,0.6718,0.2803,0.0921,0.1402,0.1758,0.2759,0.6792,0.2634,0.1379,0.1336,0.3846,0.4483,334,0,extracted,0.2597,0.0699,0.1558,0.2437,0.1132,0.1375
6,42,83,741,94,567,329,0.444,261,0,0.6724,0.2654,0.158,0.1671,0.3516,0.3448,0.6792,0.2634,0.1379,0.1336,0.3846,0.4483,334,0,extracted,0.2759,0.1391,0.1638,0.2437,0.1132,0.1375
6,42,84,741,94,567,329,0.444,261,0,0.6724,0.2654,0.158,0.1671,0.3516,0.3448,0.6792,0.2634,0.1379,0.1336,0.3846,0.4483,334,0,extracted,0.2759,0.1391,0.1638,0.2437,0.1132,0.1375
6,42,85,741,94,567,329,0.444,261,0,0.6724,0.2654,0.158,0.1671,0.3516,0.3448,0.6792,0.2634,0.1379,0.1336,0.3846,0.4483,334,0,extracted,0.2759,0.1391,0.1638,0.2437,0.1132,0.1375
6,42,86,741,94,567,329,0.444,261,0,0.6724,0.2654,0.158,0.1671,0.3516,0.3448,0.6792,0.2634,0.1379,0.1336,0.3846,0.4483,334,0,extracted,0.2759,0.1391,0.1638,0.2437,0.1132,0.1375
6,42,87,741,94,567,329,0.444,261,0,0.6724,0.2654,0.158,0.1671,0.3516,0.3448,0.6792,0.2634,0.1379,0.1336,0.3846,0.4483,334,0,extracted,0.2759,0.1391,0.1638,0.2437,0.1132,0.1375
6,42,88,741,94,567,329,0.444,261,0,0.6724,0.2654,0.158,0.1671,0.3516,0.3448,0.6792,0.2634,0.1379,0.1336,0.3846,0.4483,334,0,extracted,0.2759,0.1391,0.1638,0.2437,0.1132,0.1375
6,42,89,741,94,567,329,0.444,261,0,0.6724,0.2654,0.158,0.1671,0.3516,0.3448,0.6792,0.2634,0.1379,0.1336,0.3846,0.4483,334,0,extracted,0.2759,0.1391,0.1638,0.2437,0.1132,0.1375
6,42,90,741,94,644,388,0.524,293,0,0.6795,0.2754,0.1532,0.1483,0.3846,0.4483,0.6792,0.2634,0.1379,0.1336,0.3846,0.4483,334,0,extracted,0.2543,0.1246,0.1375,0.2437,0.1132,0.1375
6,42,91,741,94,644,388,0.524,293,0,0.6795,0.2754,0.1532,0.1483,0.3846,0.4483,0.6792,0.2634,0.1379,0.1336,0.3846,0.4483,334,0,extracted,0.2543,0.1246,0.1375,0.2437,0.1132,0.1375
6,42,92,741,94,644,388,0.524,293,0,0.6795,0.2754,0.1532,0.1483,0.3846,0.4483,0.6792,0.2634,0.1379,0.1336,0.3846,0.4483,334,0,extracted,0.2543,0.1246,0.1375,0.2437,0.1132,0.1375
6,42,93,741,94,644,388,0.524,293,0,0.6795,0.2754,0.1532,0.1483,0.3846,0.4483,0.6792,0.2634,0.1379,0.1336,0.3846,0.4483,334,0,extracted,0.2543,0.1246,0.1375,0.2437,0.1132,0.1375
6,42,94,741,94,644,388,0.524,293,0,0.6795,0.2754,0.1532,0.1483,0.3846,0.4483,0.6792,0.2634,0.1379,0.1336,0.3846,0.4483,334,0,extracted,0.2543,0.1246,0.1375,0.2437,0.1132,0.1375
6,42,95,741,94,644,388,0.524,293,0,0.6795,0.2754,0.1532,0.1483,0.3846,0.4483,0.6792,0.2634,0.1379,0.1336,0.3846,0.4483,334,0,extracted,0.2543,0.1246,0.1375,0.2437,0.1132,0.1375
6,42,96,741,94,644,388,0.524,293,0,0.6795,0.2754,0.1532,0.1483,0.3846,0.4483,0.6792,0.2634,0.1379,0.1336,0.3846,0.4483,334,0,extracted,0.2543,0.1246,0.1375,0.2437,0.1132,0.1375
6,42,97,741,94,734,429,0.579,329,0,0.681,0.269,0.1448,0.1365,0.3956,0.4828,0.6792,0.2634,0.1379,0.1336,0.3846,0.4483,334,0,extracted,0.2453,0.1203,0.1258,0.2437,0.1132,0.1375
6,42,98,741,94,734,429,0.579,329,0,0.681,0.269,0.1448,0.1365,0.3956,0.4828,0.6792,0.2634,0.1379,0.1336,0.3846,0.4483,334,0,extracted,0.2453,0.1203,0.1258,0.2437,0.1132,0.1375
6,42,99,741,94,734,429,0.579,329,0,0.681,0.269,0.1448,0.1365,0.3956,0.4828,0.6792,0.2634,0.1379,0.1336,0.3846,0.4483,334,0,extracted,0.2453,0.1203,0.1258,0.2437,0.1132,0.1375
6,42,100,741,94,734,429,0.579,329,0,0.681,0.269,0.1448,0.1365,0.3956,0.4828,0.6792,0.2634,0.1379,0.1336,0.3846,0.4483,334,0,extracted,0.2453,0.1203,0.1258,0.2437,0.1132,0.1375
7,42,1,974,60,30,30,0.031,14,0,0.7009,0.3333,0.1136,0.2889,0.0893,0.1333,0.6731,0.1758,0.0932,0.1028,0.4464,0.5333,481,0,extracted,0.3019,0.0,0.2642,0.1548,0.0479,0.0952
7,42,2,974,60,30,30,0.031,14,0,0.7009,0.3333,0.1136,0.2889,0.0893,0.1333,0.6731,0.1758,0.0932,0.1028,0.4464,0.5333,481,0,extracted,0.3019,0.0,0.2642,0.1548,0.0479,0.0952
7,42,3,974,60,30,30,0.031,14,0,0.7009,0.3333,0.1136,0.2889,0.0893,0.1333,0.6731,0.1758,0.0932,0.1028,0.4464,0.5333,481,0,extracted,0.3019,0.0,0.2642,0.1548,0.0479,0.0952
7,42,4,974,60,30,30,0.031,14,0,0.7009,0.3333,0.1136,0.2889,0.0893,0.1333,0.6731,0.1758,0.0932,0.1028,0.4464,0.5333,481,0,extracted,0.3019,0.0,0.2642,0.1548,0.0479,0.0952
7,42,5,974,60,30,30,0.031,14,0,0.7009,0.3333,0.1136,0.2889,0.0893,0.1333,0.6731,0.1758,0.0932,0.1028,0.4464,0.5333,481,0,extracted,0.3019,0.0,0.2642,0.1548,0.0479,0.0952
7,42,6,974,60,30,30,0.031,14,0,0.7009,0.3333,0.1136,0.2889,0.0893,0.1333,0.6731,0.1758,0.0932,0.1028,0.4464,0.5333,481,0,extracted,0.3019,0.0,0.2642,0.1548,0.0479,0.0952
7,42,7,974,60,30,30,0.031,14,0,0.7009,0.3333,0.1136,0.2889,0.0893,0.1333,0.6731,0.1758,0.0932,0.1028,0.4464,0.5333,481,0,extracted,0.3019,0.0,0.2642,0.1548,0.0479,0.0952
7,42,8,974,60,50,32,0.033,24,0,0.6973,0.3696,0.1333,0.2826,0.1071,0.1333,0.6731,0.1758,0.0932,0.1028,0.4464,0.5333,481,0,extracted,0.2963,0.0,0.2222,0.1548,0.0479,0.0952
7,42,9,974,60,50,32,0.033,24,0,0.6973,0.3696,0.1333,0.2826,0.1071,0.1333,0.6731,0.1758,0.0932,0.1028,0.4464,0.5333,481,0,extracted,0.2963,0.0,0.2222,0.1548,0.0479,0.0952
7,42,10,974,60,50,32,0.033,24,0,0.6973,0.3696,0.1333,0.2826,0.1071,0.1333,0.6731,0.1758,0.0932,0.1028,0.4464,0.5333,481,0,extracted,0.2963,0.0,0.2222,0.1548,0.0479,0.0952
7,42,11,974,60,50,32,0.033,24,0,0.6973,0.3696,0.1333,0.2826,0.1071,0.1333,0.6731,0.1758,0.0932,0.1028,0.4464,0.5333,481,0,extracted,0.2963,0.0,0.2222,0.1548,0.0479,0.0952
7,42,12,974,60,50,32,0.033,24,0,0.6973,0.3696,0.1333,0.2826,0.1071,0.1333,0.6731,0.1758,0.0932,0.1028,0.4464,0.5333,481,0,extracted,0.2963,0.0,0.2222,0.1548,0.0479,0.0952
7,42,13,974,60,50,32,0.033,24,0,0.6973,0.3696,0.1333,0.2826,0.1071,0.1333,0.6731,0.1758,0.0932,0.1028,0.4464,0.5333,481,0,extracted,0.2963,0.0,0.2222,0.1548,0.0479,0.0952
7,42,14,974,60,75,41,0.042,36,0,0.7199,0.3762,0.1616,0.2178,0.1429,0.2667,0.6731,0.1758,0.0932,0.1028,0.4464,0.5333,481,0,extracted,0.3448,0.0357,0.1724,0.1548,0.0479,0.0952
7,42,15,974,60,75,41,0.042,36,0,0.7199,0.3762,0.1616,0.2178,0.1429,0.2667,0.6731,0.1758,0.0932,0.1028,0.4464,0.5333,481,0,extracted,0.3448,0.0357,0.1724,0.1548,0.0479,0.0952
7,42,16,974,60,75,41,0.042,36,0,0.7199,0.3762,0.1616,0.2178,0.1429,0.2667,0.6731,0.1758,0.0932,0.1028,0.4464,0.5333,481,0,extracted,0.3448,0.0357,0.1724,0.1548,0.0479,0.0952
7,42,17,974,60,75,41,0.042,36,0,0.7199,0.3762,0.1616,0.2178,0.1429,0.2667,0.6731,0.1758,0.0932,0.1028,0.4464,0.5333,481,0,extracted,0.3448,0.0357,0.1724,0.1548,0.0479,0.0952
7,42,18,974,60,75,41,0.042,36,0,0.7199,0.3762,0.1616,0.2178,0.1429,0.2667,0.6731,0.1758,0.0932,0.1028,0.4464,0.5333,481,0,extracted,0.3448,0.0357,0.1724,0.1548,0.0479,0.0952
7,42,19,974,60,131,76,0.078,62,0,0.678,0.155,0.0787,0.1395,0.0893,0.1333,0.6731,0.1758,0.0932,0.1028,0.4464,0.5333,481,0,extracted,0.1481,0.0385,0.1481,0.1548,0.0479,0.0952
7,42,20,974,60,131,76,0.078,62,0,0.678,0.155,0.0787,0.1395,0.0893,0.1333,0.6731,0.1758,0.0932,0.1028,0.4464,0.5333,481,0,extracted,0.1481,0.0385,0.1481,0.1548,0.0479,0.0952
7,42,21,974,60,131,76,0.078,62,0,0.678,0.155,0.0787,0.1395,0.0893,0.1333,0.6731,0.1758,0.0932,0.1028,0.4464,0.5333,481,0,extracted,0.1481,0.0385,0.1481,0.1548,0.0479,0.0952
7,42,22,974,60,131,76,0.078,62,0,0.678,0.155,0.0787,0.1395,0.0893,0.1333,0.6731,0.1758,0.0932,0.1028,0.4464,0.5333,481,0,extracted,0.1481,0.0385,0.1481,0.1548,0.0479,0.0952
7,42,23,974,60,131,76,0.078,62,0,0.678,0.155,0.0787,0.1395,0.0893,0.1333,0.6731,0.1758,0.0932,0.1028,0.4464,0.5333,481,0,extracted,0.1481,0.0385,0.1481,0.1548,0.0479,0.0952
7,42,24,974,60,173,96,0.099,84,0,0.7152,0.3046,0.1342,0.2119,0.1786,0.2667,0.6731,0.1758,0.0932,0.1028,0.4464,0.5333,481,0,extracted,0.3014,0.0282,0.1918,0.1548,0.0479,0.0952
7,42,25,974,60,173,96,0.099,84,0,0.7152,0.3046,0.1342,0.2119,0.1786,0.2667,0.6731,0.1758,0.0932,0.1028,0.4464,0.5333,481,0,extracted,0.3014,0.0282,0.1918,0.1548,0.0479,0.0952
7,42,26,974,60,173,96,0.099,84,0,0.7152,0.3046,0.1342,0.2119,0.1786,0.2667,0.6731,0.1758,0.0932,0.1028,0.4464,0.5333,481,0,extracted,0.3014,0.0282,0.1918,0.1548,0.0479,0.0952
7,42,27,974,60,173,96,0.099,84,0,0.7152,0.3046,0.1342,0.2119,0.1786,0.2667,0.6731,0.1758,0.0932,0.1028,0.4464,0.5333,481,0,extracted,0.3014,0.0282,0.1918,0.1548,0.0479,0.0952
7,42,28,974,60,173,96,0.099,84,0,0.7152,0.3046,0.1342,0.2119,0.1786,0.2667,0.6731,0.1758,0.0932,0.1028,0.4464,0.5333,481,0,extracted,0.3014,0.0282,0.1918,0.1548,0.0479,0.0952
7,42,29,974,60,207,94,0.097,102,0,0.6884,0.2685,0.0952,0.2013,0.125,0.2,0.6731,0.1758,0.0932,0.1028,0.4464,0.5333,481,0,extracted,0.3056,0.0,0.2222,0.1548,0.0479,0.0952
7,42,30,974,60,207,94,0.097,102,0,0.6884,0.2685,0.0952,0.2013,0.125,0.2,0.6731,0.1758,0.0932,0.1028,0.4464,0.5333,481,0,extracted,0.3056,0.0,0.2222,0.1548,0.0479,0.0952
7,42,31,974,60,207,94,0.097,102,0,0.6884,0.2685,0.0952,0.2013,0.125,0.2,0.6731,0.1758,0.0932,0.1028,0.4464,0.5333,481,0,extracted,0.3056,0.0,0.2222,0.1548,0.0479,0.0952
7,42,32,974,60,207,94,0.097,102,0,0.6884,0.2685,0.0952,0.2013,0.125,0.2,0.6731,0.1758,0.0932,0.1028,0.4464,0.5333,481,0,extracted,0.3056,0.0,0.2222,0.1548,0.0479,0.0952
7,42,33,974,60,207,94,0.097,102,0,0.6884,0.2685,0.0952,0.2013,0.125,0.2,0.6731,0.1758,0.0932,0.1028,0.4464,0.5333,481,0,extracted,0.3056,0.0,0.2222,0.1548,0.0479,0.0952
7,42,34,974,60,207,94,0.097,102,0,0.6884,0.2685,0.0952,0.2013,0.125,0.2,0.6731,0.1758,0.0932,0.1028,0.4464,0.5333,481,0,extracted,0.3056,0.0,0.2222,0.1548,0.0479,0.0952
7,42,35,974,60,241,148,0.152,115,0,0.6952,0.2956,0.1095,0.1379,0.1607,0.3333,0.6731,0.1758,0.0932,0.1028,0.4464,0.5333,481,0,extracted,0.2804,0.019,0.1495,0.1548,0.0479,0.0952
7,42,36,974,60,241,148,0.152,115,0,0.6952,0.2956,0.1095,0.1379,0.1607,0.3333,0.6731,0.1758,0.0932,0.1028,0.4464,0.5333,481,0,extracted,0.2804,0.019,0.1495,0.1548,0.0479,0.0952
7,42,37,974,60,241,148,0.152,115,0,0.6952,0.2956,0.1095,0.1379,0.1607,0.3333,0.6731,0.1758,0.0932,0.1028,0.4464,0.5333,481,0,extracted,0.2804,0.019,0.1495,0.1548,0.0479,0.0952
7,42,38,974,60,241,148,0.152,115,0,0.6952,0.2956,0.1095,0.1379,0.1607,0.3333,0.6731,0.1758,0.0932,0.1028,0.4464,0.5333,481,0,extracted,0.2804,0.019,0.1495,0.1548,0.0479,0.0952
7,42,39,974,60,241,148,0.152,115,0,0.6952,0.2956,0.1095,0.1379,0.1607,0.3333,0.6731,0.1758,0.0932,0.1028,0.4464,0.5333,481,0,extracted,0.2804,0.019,0.1495,0.1548,0.0479,0.0952
7,42,40,974,60,272,172,0.177,129,0,0.6942,0.2222,0.0538,0.1422,0.1071,0.2667,0.6731,0.1758,0.0932,0.1028,0.4464,0.5333,481,0,extracted,0.2301,0.0,0.1416,0.1548,0.0479,0.0952
7,42,41,974,60,272,172,0.177,129,0,0.6942,0.2222,0.0538,0.1422,0.1071,0.2667,0.6731,0.1758,0.0932,0.1028,0.4464,0.5333,481,0,extracted,0.2301,0.0,0.1416,0.1548,0.0479,0.0952
7,42,42,974,60,272,172,0.177,129,0,0.6942,0.2222,0.0538,0.1422,0.1071,0.2667,0.6731,0.1758,0.0932,0.1028,0.4464,0.5333,481,0,extracted,0.2301,0.0,0.1416,0.1548,0.0479,0.0952
7,42,43,974,60,272,172,0.177,129,0,0.6942,0.2222,0.0538,0.1422,0.1071,0.2667,0.6731,0.1758,0.0932,0.1028,0.4464,0.5333,481,0,extracted,0.2301,0.0,0.1416,0.1548,0.0479,0.0952
7,42,44,974,60,272,172,0.177,129,0,0.6942,0.2222,0.0538,0.1422,0.1071,0.2667,0.6731,0.1758,0.0932,0.1028,0.4464,0.5333,481,0,extracted,0.2301,0.0,0.1416,0.1548,0.0479,0.0952
7,42,45,974,60,315,183,0.188,150,0,0.6907,0.2373,0.0855,0.1441,0.1786,0.4,0.6731,0.1758,0.0932,0.1028,0.4464,0.5333,481,0,extracted,0.2645,0.0336,0.1653,0.1548,0.0479,0.0952
7,42,46,974,60,315,183,0.188,150,0,0.6907,0.2373,0.0855,0.1441,0.1786,0.4,0.6731,0.1758,0.0932,0.1028,0.4464,0.5333,481,0,extracted,0.2645,0.0336,0.1653,0.1548,0.0479,0.0952
7,42,47,974,60,315,183,0.188,150,0,0.6907,0.2373,0.0855,0.1441,0.1786,0.4,0.6731,0.1758,0.0932,0.1028,0.4464,0.5333,481,0,extracted,0.2645,0.0336,0.1653,0.1548,0.0479,0.0952
7,42,48,974,60,315,183,0.188,150,0,0.6907,0.2373,0.0855,0.1441,0.1786,0.4,0.6731,0.1758,0.0932,0.1028,0.4464,0.5333,481,0,extracted,0.2645,0.0336,0.1653,0.1548,0.0479,0.0952
7,42,49,974,60,315,183,0.188,150,0,0.6907,0.2373,0.0855,0.1441,0.1786,0.4,0.6731,0.1758,0.0932,0.1028,0.4464,0.5333,481,0,extracted,0.2645,0.0336,0.1653,0.1548,0.0479,0.0952
7,42,50,974,60,365,211,0.217,171,0,0.6664,0.2435,0.052,0.155,0.125,0.3333,0.6731,0.1758,0.0932,0.1028,0.4464,0.5333,481,0,extracted,0.2209,0.0,0.1628,0.1548,0.0479,0.0952
7,42,51,974,60,365,211,0.217,171,0,0.6664,0.2435,0.052,0.155,0.125,0.3333,0.6731,0.1758,0.0932,0.1028,0.4464,0.5333,481,0,extracted,0.2209,0.0,0.1628,0.1548,0.0479,0.0952
7,42,52,974,60,365,211,0.217,171,0,0.6664,0.2435,0.052,0.155,0.125,0.3333,0.6731,0.1758,0.0932,0.1028,0.4464,0.5333,481,0,extracted,0.2209,0.0,0.1628,0.1548,0.0479,0.0952
7,42,53,974,60,365,211,0.217,171,0,0.6664,0.2435,0.052,0.155,0.125,0.3333,0.6731,0.1758,0.0932,0.1028,0.4464,0.5333,481,0,extracted,0.2209,0.0,0.1628,0.1548,0.0479,0.0952
7,42,54,974,60,365,211,0.217,171,0,0.6664,0.2435,0.052,0.155,0.125,0.3333,0.6731,0.1758,0.0932,0.1028,0.4464,0.5333,481,0,extracted,0.2209,0.0,0.1628,0.1548,0.0479,0.0952
7,42,55,974,60,365,211,0.217,171,0,0.6664,0.2435,0.052,0.155,0.125,0.3333,0.6731,0.1758,0.0932,0.1028,0.4464,0.5333,481,0,extracted,0.2209,0.0,0.1628,0.1548,0.0479,0.0952
7,42,56,974,60,411,242,0.248,194,0,0.6846,0.2441,0.0546,0.1356,0.1071,0.2,0.6731,0.1758,0.0932,0.1028,0.4464,0.5333,481,0,extracted,0.2222,0.0125,0.1605,0.1548,0.0479,0.0952
7,42,57,974,60,411,242,0.248,194,0,0.6846,0.2441,0.0546,0.1356,0.1071,0.2,0.6731,0.1758,0.0932,0.1028,0.4464,0.5333,481,0,extracted,0.2222,0.0125,0.1605,0.1548,0.0479,0.0952
7,42,58,974,60,411,242,0.248,194,0,0.6846,0.2441,0.0546,0.1356,0.1071,0.2,0.6731,0.1758,0.0932,0.1028,0.4464,0.5333,481,0,extracted,0.2222,0.0125,0.1605,0.1548,0.0479,0.0952
7,42,59,974,60,411,242,0.248,194,0,0.6846,0.2441,0.0546,0.1356,0.1071,0.2,0.6731,0.1758,0.0932,0.1028,0.4464,0.5333,481,0,extracted,0.2222,0.0125,0.1605,0.1548,0.0479,0.0952
7,42,60,974,60,411,242,0.248,194,0,0.6846,0.2441,0.0546,0.1356,0.1071,0.2,0.6731,0.1758,0.0932,0.1028,0.4464,0.5333,481,0,extracted,0.2222,0.0125,0.1605,0.1548,0.0479,0.0952
7,42,61,974,60,470,280,0.287,222,0,0.7028,0.2583,0.0967,0.1502,0.2857,0.4,0.6731,0.1758,0.0932,0.1028,0.4464,0.5333,481,0,extracted,0.2346,0.0339,0.1564,0.1548,0.0479,0.0952
7,42,62,974,60,470,280,0.287,222,0,0.7028,0.2583,0.0967,0.1502,0.2857,0.4,0.6731,0.1758,0.0932,0.1028,0.4464,0.5333,481,0,extracted,0.2346,0.0339,0.1564,0.1548,0.0479,0.0952
7,42,63,974,60,470,280,0.287,222,0,0.7028,0.2583,0.0967,0.1502,0.2857,0.4,0.6731,0.1758,0.0932,0.1028,0.4464,0.5333,481,0,extracted,0.2346,0.0339,0.1564,0.1548,0.0479,0.0952
7,42,64,974,60,470,280,0.287,222,0,0.7028,0.2583,0.0967,0.1502,0.2857,0.4,0.6731,0.1758,0.0932,0.1028,0.4464,0.5333,481,0,extracted,0.2346,0.0339,0.1564,0.1548,0.0479,0.0952
7,42,65,974,60,470,280,0.287,222,0,0.7028,0.2583,0.0967,0.1502,0.2857,0.4,0.6731,0.1758,0.0932,0.1028,0.4464,0.5333,481,0,extracted,0.2346,0.0339,0.1564,0.1548,0.0479,0.0952
7,42,66,974,60,535,321,0.33,253,0,0.6922,0.2406,0.0968,0.1497,0.2857,0.4,0.6731,0.1758,0.0932,0.1028,0.4464,0.5333,481,0,extracted,0.2019,0.0388,0.1442,0.1548,0.0479,0.0952
7,42,67,974,60,535,321,0.33,253,0,0.6922,0.2406,0.0968,0.1497,0.2857,0.4,0.6731,0.1758,0.0932,0.1028,0.4464,0.5333,481,0,extracted,0.2019,0.0388,0.1442,0.1548,0.0479,0.0952
7,42,68,974,60,535,321,0.33,253,0,0.6922,0.2406,0.0968,0.1497,0.2857,0.4,0.6731,0.1758,0.0932,0.1028,0.4464,0.5333,481,0,extracted,0.2019,0.0388,0.1442,0.1548,0.0479,0.0952
7,42,69,974,60,535,321,0.33,253,0,0.6922,0.2406,0.0968,0.1497,0.2857,0.4,0.6731,0.1758,0.0932,0.1028,0.4464,0.5333,481,0,extracted,0.2019,0.0388,0.1442,0.1548,0.0479,0.0952
7,42,70,974,60,535,321,0.33,253,0,0.6922,0.2406,0.0968,0.1497,0.2857,0.4,0.6731,0.1758,0.0932,0.1028,0.4464,0.5333,481,0,extracted,0.2019,0.0388,0.1442,0.1548,0.0479,0.0952
7,42,71,974,60,535,321,0.33,253,0,0.6922,0.2406,0.0968,0.1497,0.2857,0.4,0.6731,0.1758,0.0932,0.1028,0.4464,0.5333,481,0,extracted,0.2019,0.0388,0.1442,0.1548,0.0479,0.0952
7,42,72,974,60,585,347,0.356,281,0,0.6989,0.2356,0.1108,0.1504,0.3571,0.4667,0.6731,0.1758,0.0932,0.1028,0.4464,0.5333,481,0,extracted,0.1982,0.0636,0.1441,0.1548,0.0479,0.0952
7,42,73,974,60,585,347,0.356,281,0,0.6989,0.2356,0.1108,0.1504,0.3571,0.4667,0.6731,0.1758,0.0932,0.1028,0.4464,0.5333,481,0,extracted,0.1982,0.0636,0.1441,0.1548,0.0479,0.0952
7,42,74,974,60,585,347,0.356,281,0,0.6989,0.2356,0.1108,0.1504,0.3571,0.4667,0.6731,0.1758,0.0932,0.1028,0.4464,0.5333,481,0,extracted,0.1982,0.0636,0.1441,0.1548,0.0479,0.0952
7,42,75,974,60,585,347,0.356,281,0,0.6989,0.2356,0.1108,0.1504,0.3571,0.4667,0.6731,0.1758,0.0932,0.1028,0.4464,0.5333,481,0,extracted,0.1982,0.0636,0.1441,0.1548,0.0479,0.0952
7,42,76,974,60,585,347,0.356,281,0,0.6989,0.2356,0.1108,0.1504,0.3571,0.4667,0.6731,0.1758,0.0932,0.1028,0.4464,0.5333,481,0,extracted,0.1982,0.0636,0.1441,0.1548,0.0479,0.0952
7,42,77,974,60,648,385,0.395,310,0,0.692,0.2067,0.0903,0.1303,0.3214,0.4,0.6731,0.1758,0.0932,0.1028,0.4464,0.5333,481,0,extracted,0.1583,0.0362,0.1079,0.1548,0.0479,0.0952
7,42,78,974,60,648,385,0.395,310,0,0.692,0.2067,0.0903,0.1303,0.3214,0.4,0.6731,0.1758,0.0932,0.1028,0.4464,0.5333,481,0,extracted,0.1583,0.0362,0.1079,0.1548,0.0479,0.0952
7,42,79,974,60,648,385,0.395,310,0,0.692,0.2067,0.0903,0.1303,0.3214,0.4,0.6731,0.1758,0.0932,0.1028,0.4464,0.5333,481,0,extracted,0.1583,0.0362,0.1079,0.1548,0.0479,0.0952
7,42,80,974,60,648,385,0.395,310,0,0.692,0.2067,0.0903,0.1303,0.3214,0.4,0.6731,0.1758,0.0932,0.1028,0.4464,0.5333,481,0,extracted,0.1583,0.0362,0.1079,0.1548,0.0479,0.0952
7,42,81,974,60,648,385,0.395,310,0,0.692,0.2067,0.0903,0.1303,0.3214,0.4,0.6731,0.1758,0.0932,0.1028,0.4464,0.5333,481,0,extracted,0.1583,0.0362,0.1079,0.1548,0.0479,0.0952
7,42,82,974,60,731,437,0.449,350,0,0.6923,0.1935,0.0891,0.1129,0.3571,0.4667,0.6731,0.1758,0.0932,0.1028,0.4464,0.5333,481,0,extracted,0.1554,0.0272,0.1081,0.1548,0.0479,0.0952
7,42,83,974,60,731,437,0.449,350,0,0.6923,0.1935,0.0891,0.1129,0.3571,0.4667,0.6731,0.1758,0.0932,0.1028,0.4464,0.5333,481,0,extracted,0.1554,0.0272,0.1081,0.1548,0.0479,0.0952
7,42,84,974,60,731,437,0.449,350,0,0.6923,0.1935,0.0891,0.1129,0.3571,0.4667,0.6731,0.1758,0.0932,0.1028,0.4464,0.5333,481,0,extracted,0.1554,0.0272,0.1081,0.1548,0.0479,0.0952
7,42,85,974,60,731,437,0.449,350,0,0.6923,0.1935,0.0891,0.1129,0.3571,0.4667,0.6731,0.1758,0.0932,0.1028,0.4464,0.5333,481,0,extracted,0.1554,0.0272,0.1081,0.1548,0.0479,0.0952
7,42,86,974,60,731,437,0.449,350,0,0.6923,0.1935,0.0891,0.1129,0.3571,0.4667,0.6731,0.1758,0.0932,0.1028,0.4464,0.5333,481,0,extracted,0.1554,0.0272,0.1081,0.1548,0.0479,0.0952
7,42,87,974,60,779,452,0.464,373,0,0.7007,0.202,0.1193,0.1188,0.4821,0.6,0.6731,0.1758,0.0932,0.1028,0.4464,0.5333,481,0,extracted,0.1884,0.0657,0.1159,0.1548,0.0479,0.0952
7,42,88,974,60,779,452,0.464,373,0,0.7007,0.202,0.1193,0.1188,0.4821,0.6,0.6731,0.1758,0.0932,0.1028,0.4464,0.5333,481,0,extracted,0.1884,0.0657,0.1159,0.1548,0.0479,0.0952
7,42,89,974,60,779,452,0.464,373,0,0.7007,0.202,0.1193,0.1188,0.4821,0.6,0.6731,0.1758,0.0932,0.1028,0.4464,0.5333,481,0,extracted,0.1884,0.0657,0.1159,0.1548,0.0479,0.0952
7,42,90,974,60,779,452,0.464,373,0,0.7007,0.202,0.1193,0.1188,0.4821,0.6,0.6731,0.1758,0.0932,0.1028,0.4464,0.5333,481,0,extracted,0.1884,0.0657,0.1159,0.1548,0.0479,0.0952
7,42,91,974,60,779,452,0.464,373,0,0.7007,0.202,0.1193,0.1188,0.4821,0.6,0.6731,0.1758,0.0932,0.1028,0.4464,0.5333,481,0,extracted,0.1884,0.0657,0.1159,0.1548,0.0479,0.0952
7,42,92,974,60,779,452,0.464,373,0,0.7007,0.202,0.1193,0.1188,0.4821,0.6,0.6731,0.1758,0.0932,0.1028,0.4464,0.5333,481,0,extracted,0.1884,0.0657,0.1159,0.1548,0.0479,0.0952
7,42,93,974,60,854,506,0.52,412,0,0.6829,0.1871,0.0866,0.1079,0.3929,0.4667,0.6731,0.1758,0.0932,0.1028,0.4464,0.5333,481,0,extracted,0.1558,0.0392,0.1169,0.1548,0.0479,0.0952
7,42,94,974,60,854,506,0.52,412,0,0.6829,0.1871,0.0866,0.1079,0.3929,0.4667,0.6731,0.1758,0.0932,0.1028,0.4464,0.5333,481,0,extracted,0.1558,0.0392,0.1169,0.1548,0.0479,0.0952
7,42,95,974,60,854,506,0.52,412,0,0.6829,0.1871,0.0866,0.1079,0.3929,0.4667,0.6731,0.1758,0.0932,0.1028,0.4464,0.5333,481,0,extracted,0.1558,0.0392,0.1169,0.1548,0.0479,0.0952
7,42,96,974,60,854,506,0.52,412,0,0.6829,0.1871,0.0866,0.1079,0.3929,0.4667,0.6731,0.1758,0.0932,0.1028,0.4464,0.5333,481,0,extracted,0.1558,0.0392,0.1169,0.1548,0.0479,0.0952
7,42,97,974,60,854,506,0.52,412,0,0.6829,0.1871,0.0866,0.1079,0.3929,0.4667,0.6731,0.1758,0.0932,0.1028,0.4464,0.5333,481,0,extracted,0.1558,0.0392,0.1169,0.1548,0.0479,0.0952
7,42,98,974,60,961,537,0.551,469,0,0.684,0.1806,0.0923,0.1158,0.4286,0.5333,0.6731,0.1758,0.0932,0.1028,0.4464,0.5333,481,0,extracted,0.1571,0.0486,0.1088,0.1548,0.0479,0.0952
7,42,99,974,60,961,537,0.551,469,0,0.684,0.1806,0.0923,0.1158,0.4286,0.5333,0.6731,0.1758,0.0932,0.1028,0.4464,0.5333,481,0,extracted,0.1571,0.0486,0.1088,0.1548,0.0479,0.0952
7,42,100,974,60,961,537,0.551,469,0,0.684,0.1806,0.0923,0.1158,0.4286,0.5333,0.6731,0.1758,0.0932,0.1028,0.4464,0.5333,481,0,extracted,0.1571,0.0486,0.1088,0.1548,0.0479,0.0952
8,42,1,1094,113,20,20,0.018,13,0,0.6322,0.1955,0.0305,0.1053,0.02,0.0571,0.6555,0.255,0.1264,0.1175,0.39,0.4857,512,1,extracted,0.2045,0.0233,0.1364,0.2023,0.0739,0.1149
8,42,2,1094,113,20,20,0.018,13,0,0.6322,0.1955,0.0305,0.1053,0.02,0.0571,0.6555,0.255,0.1264,0.1175,0.39,0.4857,512,1,extracted,0.2045,0.0233,0.1364,0.2023,0.0739,0.1149
8,42,3,1094,113,20,20,0.018,13,0,0.6322,0.1955,0.0305,0.1053,0.02,0.0571,0.6555,0.255,0.1264,0.1175,0.39,0.4857,512,1,extracted,0.2045,0.0233,0.1364,0.2023,0.0739,0.1149
8,42,4,1094,113,20,20,0.018,13,0,0.6322,0.1955,0.0305,0.1053,0.02,0.0571,0.6555,0.255,0.1264,0.1175,0.39,0.4857,512,1,extracted,0.2045,0.0233,0.1364,0.2023,0.0739,0.1149
8,42,5,1094,113,20,20,0.018,13,0,0.6322,0.1955,0.0305,0.1053,0.02,0.0571,0.6555,0.255,0.1264,0.1175,0.39,0.4857,512,1,extracted,0.2045,0.0233,0.1364,0.2023,0.0739,0.1149
8,42,6,1094,113,20,20,0.018,13,0,0.6322,0.1955,0.0305,0.1053,0.02,0.0571,0.6555,0.255,0.1264,0.1175,0.39,0.4857,512,1,extracted,0.2045,0.0233,0.1364,0.2023,0.0739,0.1149
8,42,7,1094,113,40,36,0.033,24,0,0.639,0.2282,0.0272,0.1074,0.02,0.0571,0.6555,0.255,0.1264,0.1175,0.39,0.4857,512,1,extracted,0.24,0.0204,0.14,0.2023,0.0739,0.1149
8,42,8,1094,113,40,36,0.033,24,0,0.639,0.2282,0.0272,0.1074,0.02,0.0571,0.6555,0.255,0.1264,0.1175,0.39,0.4857,512,1,extracted,0.24,0.0204,0.14,0.2023,0.0739,0.1149
8,42,9,1094,113,40,36,0.033,24,0,0.639,0.2282,0.0272,0.1074,0.02,0.0571,0.6555,0.255,0.1264,0.1175,0.39,0.4857,512,1,extracted,0.24,0.0204,0.14,0.2023,0.0739,0.1149
8,42,10,1094,113,40,36,0.033,24,0,0.639,0.2282,0.0272,0.1074,0.02,0.0571,0.6555,0.255,0.1264,0.1175,0.39,0.4857,512,1,extracted,0.24,0.0204,0.14,0.2023,0.0739,0.1149
8,42,11,1094,113,58,35,0.032,37,0,0.6324,0.1892,0.0548,0.1081,0.04,0.0286,0.6555,0.255,0.1264,0.1175,0.39,0.4857,512,1,extracted,0.1684,0.0215,0.1053,0.2023,0.0739,0.1149
8,42,12,1094,113,58,35,0.032,37,0,0.6324,0.1892,0.0548,0.1081,0.04,0.0286,0.6555,0.255,0.1264,0.1175,0.39,0.4857,512,1,extracted,0.1684,0.0215,0.1053,0.2023,0.0739,0.1149
8,42,13,1094,113,58,35,0.032,37,0,0.6324,0.1892,0.0548,0.1081,0.04,0.0286,0.6555,0.255,0.1264,0.1175,0.39,0.4857,512,1,extracted,0.1684,0.0215,0.1053,0.2023,0.0739,0.1149
8,42,14,1094,113,58,35,0.032,37,0,0.6324,0.1892,0.0548,0.1081,0.04,0.0286,0.6555,0.255,0.1264,0.1175,0.39,0.4857,512,1,extracted,0.1684,0.0215,0.1053,0.2023,0.0739,0.1149
8,42,15,1094,113,58,35,0.032,37,0,0.6324,0.1892,0.0548,0.1081,0.04,0.0286,0.6555,0.255,0.1264,0.1175,0.39,0.4857,512,1,extracted,0.1684,0.0215,0.1053,0.2023,0.0739,0.1149
8,42,16,1094,113,78,47,0.043,48,0,0.6375,0.275,0.038,0.125,0.03,0.0571,0.6555,0.255,0.1264,0.1175,0.39,0.4857,512,1,extracted,0.2593,0.0189,0.1667,0.2023,0.0739,0.1149
8,42,17,1094,113,78,47,0.043,48,0,0.6375,0.275,0.038,0.125,0.03,0.0571,0.6555,0.255,0.1264,0.1175,0.39,0.4857,512,1,extracted,0.2593,0.0189,0.1667,0.2023,0.0739,0.1149
8,42,18,1094,113,78,47,0.043,48,0,0.6375,0.275,0.038,0.125,0.03,0.0571,0.6555,0.255,0.1264,0.1175,0.39,0.4857,512,1,extracted,0.2593,0.0189,0.1667,0.2023,0.0739,0.1149
8,42,19,1094,113,78,47,0.043,48,0,0.6375,0.275,0.038,0.125,0.03,0.0571,0.6555,0.255,0.1264,0.1175,0.39,0.4857,512,1,extracted,0.2593,0.0189,0.1667,0.2023,0.0739,0.1149
8,42,20,1094,113,104,63,0.058,62,0,0.6399,0.3068,0.0345,0.1477,0.03,0.0571,0.6555,0.255,0.1264,0.1175,0.39,0.4857,512,1,extracted,0.322,0.0172,0.2034,0.2023,0.0739,0.1149
8,42,21,1094,113,104,63,0.058,62,0,0.6399,0.3068,0.0345,0.1477,0.03,0.0571,0.6555,0.255,0.1264,0.1175,0.39,0.4857,512,1,extracted,0.322,0.0172,0.2034,0.2023,0.0739,0.1149
8,42,22,1094,113,104,63,0.058,62,0,0.6399,0.3068,0.0345,0.1477,0.03,0.0571,0.6555,0.255,0.1264,0.1175,0.39,0.4857,512,1,extracted,0.322,0.0172,0.2034,0.2023,0.0739,0.1149
8,42,23,1094,113,104,63,0.058,62,0,0.6399,0.3068,0.0345,0.1477,0.03,0.0571,0.6555,0.255,0.1264,0.1175,0.39,0.4857,512,1,extracted,0.322,0.0172,0.2034,0.2023,0.0739,0.1149
8,42,24,1094,113,134,65,0.059,76,0,0.6698,0.3034,0.1136,0.191,0.07,0.0857,0.6555,0.255,0.1264,0.1175,0.39,0.4857,512,1,extracted,0.2586,0.0526,0.1552,0.2023,0.0739,0.1149
8,42,25,1094,113,134,65,0.059,76,0,0.6698,0.3034,0.1136,0.191,0.07,0.0857,0.6555,0.255,0.1264,0.1175,0.39,0.4857,512,1,extracted,0.2586,0.0526,0.1552,0.2023,0.0739,0.1149
8,42,26,1094,113,134,65,0.059,76,0,0.6698,0.3034,0.1136,0.191,0.07,0.0857,0.6555,0.255,0.1264,0.1175,0.39,0.4857,512,1,extracted,0.2586,0.0526,0.1552,0.2023,0.0739,0.1149
8,42,27,1094,113,134,65,0.059,76,0,0.6698,0.3034,0.1136,0.191,0.07,0.0857,0.6555,0.255,0.1264,0.1175,0.39,0.4857,512,1,extracted,0.2586,0.0526,0.1552,0.2023,0.0739,0.1149
8,42,28,1094,113,134,65,0.059,76,0,0.6698,0.3034,0.1136,0.191,0.07,0.0857,0.6555,0.255,0.1264,0.1175,0.39,0.4857,512,1,extracted,0.2586,0.0526,0.1552,0.2023,0.0739,0.1149
8,42,29,1094,113,178,108,0.099,101,0,0.6479,0.4615,0.1461,0.2081,0.13,0.1714,0.6555,0.255,0.1264,0.1175,0.39,0.4857,512,1,extracted,0.3688,0.0719,0.2128,0.2023,0.0739,0.1149
8,42,30,1094,113,178,108,0.099,101,0,0.6479,0.4615,0.1461,0.2081,0.13,0.1714,0.6555,0.255,0.1264,0.1175,0.39,0.4857,512,1,extracted,0.3688,0.0719,0.2128,0.2023,0.0739,0.1149
8,42,31,1094,113,178,108,0.099,101,0,0.6479,0.4615,0.1461,0.2081,0.13,0.1714,0.6555,0.255,0.1264,0.1175,0.39,0.4857,512,1,extracted,0.3688,0.0719,0.2128,0.2023,0.0739,0.1149
8,42,32,1094,113,178,108,0.099,101,0,0.6479,0.4615,0.1461,0.2081,0.13,0.1714,0.6555,0.255,0.1264,0.1175,0.39,0.4857,512,1,extracted,0.3688,0.0719,0.2128,0.2023,0.0739,0.1149
8,42,33,1094,113,209,126,0.115,115,0,0.6431,0.4519,0.1181,0.1925,0.12,0.1429,0.6555,0.255,0.1264,0.1175,0.39,0.4857,512,1,extracted,0.3791,0.0662,0.1961,0.2023,0.0739,0.1149
8,42,34,1094,113,209,126,0.115,115,0,0.6431,0.4519,0.1181,0.1925,0.12,0.1429,0.6555,0.255,0.1264,0.1175,0.39,0.4857,512,1,extracted,0.3791,0.0662,0.1961,0.2023,0.0739,0.1149
8,42,35,1094,113,209,126,0.115,115,0,0.6431,0.4519,0.1181,0.1925,0.12,0.1429,0.6555,0.255,0.1264,0.1175,0.39,0.4857,512,1,extracted,0.3791,0.0662,0.1961,0.2023,0.0739,0.1149
8,42,36,1094,113,209,126,0.115,115,0,0.6431,0.4519,0.1181,0.1925,0.12,0.1429,0.6555,0.255,0.1264,0.1175,0.39,0.4857,512,1,extracted,0.3791,0.0662,0.1961,0.2023,0.0739,0.1149
8,42,37,1094,113,242,148,0.135,129,0,0.6567,0.4444,0.1622,0.2146,0.16,0.2286,0.6555,0.255,0.1264,0.1175,0.39,0.4857,512,1,extracted,0.369,0.0843,0.1905,0.2023,0.0739,0.1149
8,42,38,1094,113,242,148,0.135,129,0,0.6567,0.4444,0.1622,0.2146,0.16,0.2286,0.6555,0.255,0.1264,0.1175,0.39,0.4857,512,1,extracted,0.369,0.0843,0.1905,0.2023,0.0739,0.1149
8,42,39,1094,113,242,148,0.135,129,0,0.6567,0.4444,0.1622,0.2146,0.16,0.2286,0.6555,0.255,0.1264,0.1175,0.39,0.4857,512,1,extracted,0.369,0.0843,0.1905,0.2023,0.0739,0.1149
8,42,40,1094,113,242,148,0.135,129,0,0.6567,0.4444,0.1622,0.2146,0.16,0.2286,0.6555,0.255,0.1264,0.1175,0.39,0.4857,512,1,extracted,0.369,0.0843,0.1905,0.2023,0.0739,0.1149
8,42,41,1094,113,242,148,0.135,129,0,0.6567,0.4444,0.1622,0.2146,0.16,0.2286,0.6555,0.255,0.1264,0.1175,0.39,0.4857,512,1,extracted,0.369,0.0843,0.1905,0.2023,0.0739,0.1149
8,42,42,1094,113,284,180,0.165,147,0,0.6679,0.411,0.2,0.1849,0.25,0.2571,0.6555,0.255,0.1264,0.1175,0.39,0.4857,512,1,extracted,0.3743,0.1405,0.2032,0.2023,0.0739,0.1149
8,42,43,1094,113,284,180,0.165,147,0,0.6679,0.411,0.2,0.1849,0.25,0.2571,0.6555,0.255,0.1264,0.1175,0.39,0.4857,512,1,extracted,0.3743,0.1405,0.2032,0.2023,0.0739,0.1149
8,42,44,1094,113,284,180,0.165,147,0,0.6679,0.411,0.2,0.1849,0.25,0.2571,0.6555,0.255,0.1264,0.1175,0.39,0.4857,512,1,extracted,0.3743,0.1405,0.2032,0.2023,0.0739,0.1149
8,42,45,1094,113,284,180,0.165,147,0,0.6679,0.411,0.2,0.1849,0.25,0.2571,0.6555,0.255,0.1264,0.1175,0.39,0.4857,512,1,extracted,0.3743,0.1405,0.2032,0.2023,0.0739,0.1149
8,42,46,1094,113,324,203,0.186,169,0,0.6618,0.3873,0.1789,0.1778,0.24,0.2286,0.6555,0.255,0.1264,0.1175,0.39,0.4857,512,1,extracted,0.3518,0.132,0.201,0.2023,0.0739,0.1149
8,42,47,1094,113,324,203,0.186,169,0,0.6618,0.3873,0.1789,0.1778,0.24,0.2286,0.6555,0.255,0.1264,0.1175,0.39,0.4857,512,1,extracted,0.3518,0.132,0.201,0.2023,0.0739,0.1149
8,42,48,1094,113,324,203,0.186,169,0,0.6618,0.3873,0.1789,0.1778,0.24,0.2286,0.6555,0.255,0.1264,0.1175,0.39,0.4857,512,1,extracted,0.3518,0.132,0.201,0.2023,0.0739,0.1149
8,42,49,1094,113,324,203,0.186,169,0,0.6618,0.3873,0.1789,0.1778,0.24,0.2286,0.6555,0.255,0.1264,0.1175,0.39,0.4857,512,1,extracted,0.3518,0.132,0.201,0.2023,0.0739,0.1149
8,42,50,1094,113,388,231,0.211,199,0,0.6629,0.362,0.1731,0.1424,0.25,0.2857,0.6555,0.255,0.1264,0.1175,0.39,0.4857,512,1,extracted,0.3814,0.1354,0.1753,0.2023,0.0739,0.1149
8,42,51,1094,113,388,231,0.211,199,0,0.6629,0.362,0.1731,0.1424,0.25,0.2857,0.6555,0.255,0.1264,0.1175,0.39,0.4857,512,1,extracted,0.3814,0.1354,0.1753,0.2023,0.0739,0.1149
8,42,52,1094,113,388,231,0.211,199,0,0.6629,0.362,0.1731,0.1424,0.25,0.2857,0.6555,0.255,0.1264,0.1175,0.39,0.4857,512,1,extracted,0.3814,0.1354,0.1753,0.2023,0.0739,0.1149
8,42,53,1094,113,388,231,0.211,199,0,0.6629,0.362,0.1731,0.1424,0.25,0.2857,0.6555,0.255,0.1264,0.1175,0.39,0.4857,512,1,extracted,0.3814,0.1354,0.1753,0.2023,0.0739,0.1149
8,42,54,1094,113,388,231,0.211,199,0,0.6629,0.362,0.1731,0.1424,0.25,0.2857,0.6555,0.255,0.1264,0.1175,0.39,0.4857,512,1,extracted,0.3814,0.1354,0.1753,0.2023,0.0739,0.1149
8,42,55,1094,113,430,252,0.23,220,0,0.6614,0.3626,0.1713,0.1538,0.27,0.2857,0.6555,0.255,0.1264,0.1175,0.39,0.4857,512,1,extracted,0.3274,0.1161,0.1681,0.2023,0.0739,0.1149
8,42,56,1094,113,430,252,0.23,220,0,0.6614,0.3626,0.1713,0.1538,0.27,0.2857,0.6555,0.255,0.1264,0.1175,0.39,0.4857,512,1,extracted,0.3274,0.1161,0.1681,0.2023,0.0739,0.1149
8,42,57,1094,113,430,252,0.23,220,0,0.6614,0.3626,0.1713,0.1538,0.27,0.2857,0.6555,0.255,0.1264,0.1175,0.39,0.4857,512,1,extracted,0.3274,0.1161,0.1681,0.2023,0.0739,0.1149
8,42,58,1094,113,430,252,0.23,220,0,0.6614,0.3626,0.1713,0.1538,0.27,0.2857,0.6555,0.255,0.1264,0.1175,0.39,0.4857,512,1,extracted,0.3274,0.1161,0.1681,0.2023,0.0739,0.1149
8,42,59,1094,113,487,302,0.276,254,0,0.6576,0.321,0.1538,0.1531,0.26,0.2571,0.6555,0.255,0.1264,0.1175,0.39,0.4857,512,1,extracted,0.3117,0.1223,0.1818,0.2023,0.0739,0.1149
8,42,60,1094,113,487,302,0.276,254,0,0.6576,0.321,0.1538,0.1531,0.26,0.2571,0.6555,0.255,0.1264,0.1175,0.39,0.4857,512,1,extracted,0.3117,0.1223,0.1818,0.2023,0.0739,0.1149
8,42,61,1094,113,487,302,0.276,254,0,0.6576,0.321,0.1538,0.1531,0.26,0.2571,0.6555,0.255,0.1264,0.1175,0.39,0.4857,512,1,extracted,0.3117,0.1223,0.1818,0.2023,0.0739,0.1149
8,42,62,1094,113,487,302,0.276,254,0,0.6576,0.321,0.1538,0.1531,0.26,0.2571,0.6555,0.255,0.1264,0.1175,0.39,0.4857,512,1,extracted,0.3117,0.1223,0.1818,0.2023,0.0739,0.1149
8,42,63,1094,113,487,302,0.276,254,0,0.6576,0.321,0.1538,0.1531,0.26,0.2571,0.6555,0.255,0.1264,0.1175,0.39,0.4857,512,1,extracted,0.3117,0.1223,0.1818,0.2023,0.0739,0.1149
8,42,64,1094,113,541,338,0.309,283,0,0.6897,0.3583,0.1913,0.1723,0.36,0.4571,0.6555,0.255,0.1264,0.1175,0.39,0.4857,512,1,extracted,0.3475,0.1479,0.1853,0.2023,0.0739,0.1149
8,42,65,1094,113,541,338,0.309,283,0,0.6897,0.3583,0.1913,0.1723,0.36,0.4571,0.6555,0.255,0.1264,0.1175,0.39,0.4857,512,1,extracted,0.3475,0.1479,0.1853,0.2023,0.0739,0.1149
8,42,66,1094,113,541,338,0.309,283,0,0.6897,0.3583,0.1913,0.1723,0.36,0.4571,0.6555,0.255,0.1264,0.1175,0.39,0.4857,512,1,extracted,0.3475,0.1479,0.1853,0.2023,0.0739,0.1149
8,42,67,1094,113,541,338,0.309,283,0,0.6897,0.3583,0.1913,0.1723,0.36,0.4571,0.6555,0.255,0.1264,0.1175,0.39,0.4857,512,1,extracted,0.3475,0.1479,0.1853,0.2023,0.0739,0.1149
8,42,68,1094,113,589,341,0.312,306,0,0.6481,0.3524,0.1504,0.1586,0.31,0.3143,0.6555,0.255,0.1264,0.1175,0.39,0.4857,512,1,extracted,0.2846,0.0981,0.1873,0.2023,0.0739,0.1149
8,42,69,1094,113,589,341,0.312,306,0,0.6481,0.3524,0.1504,0.1586,0.31,0.3143,0.6555,0.255,0.1264,0.1175,0.39,0.4857,512,1,extracted,0.2846,0.0981,0.1873,0.2023,0.0739,0.1149
8,42,70,1094,113,589,341,0.312,306,0,0.6481,0.3524,0.1504,0.1586,0.31,0.3143,0.6555,0.255,0.1264,0.1175,0.39,0.4857,512,1,extracted,0.2846,0.0981,0.1873,0.2023,0.0739,0.1149
8,42,71,1094,113,589,341,0.312,306,0,0.6481,0.3524,0.1504,0.1586,0.31,0.3143,0.6555,0.255,0.1264,0.1175,0.39,0.4857,512,1,extracted,0.2846,0.0981,0.1873,0.2023,0.0739,0.1149
8,42,72,1094,113,630,383,0.35,333,0,0.6741,0.3434,0.1744,0.1737,0.37,0.4571,0.6555,0.255,0.1264,0.1175,0.39,0.4857,512,1,extracted,0.297,0.1262,0.1848,0.2023,0.0739,0.1149
8,42,73,1094,113,630,383,0.35,333,0,0.6741,0.3434,0.1744,0.1737,0.37,0.4571,0.6555,0.255,0.1264,0.1175,0.39,0.4857,512,1,extracted,0.297,0.1262,0.1848,0.2023,0.0739,0.1149
8,42,74,1094,113,630,383,0.35,333,0,0.6741,0.3434,0.1744,0.1737,0.37,0.4571,0.6555,0.255,0.1264,0.1175,0.39,0.4857,512,1,extracted,0.297,0.1262,0.1848,0.2023,0.0739,0.1149
8,42,75,1094,113,630,383,0.35,333,0,0.6741,0.3434,0.1744,0.1737,0.37,0.4571,0.6555,0.255,0.1264,0.1175,0.39,0.4857,512,1,extracted,0.297,0.1262,0.1848,0.2023,0.0739,0.1149
8,42,76,1094,113,630,383,0.35,333,0,0.6741,0.3434,0.1744,0.1737,0.37,0.4571,0.6555,0.255,0.1264,0.1175,0.39,0.4857,512,1,extracted,0.297,0.1262,0.1848,0.2023,0.0739,0.1149
8,42,77,1094,113,708,418,0.382,373,0,0.6807,0.3257,0.1808,0.1571,0.41,0.4857,0.6555,0.255,0.1264,0.1175,0.39,0.4857,512,1,extracted,0.3151,0.131,0.1918,0.2023,0.0739,0.1149
8,42,78,1094,113,708,418,0.382,373,0,0.6807,0.3257,0.1808,0.1571,0.41,0.4857,0.6555,0.255,0.1264,0.1175,0.39,0.4857,512,1,extracted,0.3151,0.131,0.1918,0.2023,0.0739,0.1149
8,42,79,1094,113,708,418,0.382,373,0,0.6807,0.3257,0.1808,0.1571,0.41,0.4857,0.6555,0.255,0.1264,0.1175,0.39,0.4857,512,1,extracted,0.3151,0.131,0.1918,0.2023,0.0739,0.1149
8,42,80,1094,113,708,418,0.382,373,0,0.6807,0.3257,0.1808,0.1571,0.41,0.4857,0.6555,0.255,0.1264,0.1175,0.39,0.4857,512,1,extracted,0.3151,0.131,0.1918,0.2023,0.0739,0.1149
8,42,81,1094,113,760,468,0.428,396,0,0.6693,0.3012,0.1722,0.1261,0.43,0.5143,0.6555,0.255,0.1264,0.1175,0.39,0.4857,512,1,extracted,0.2773,0.1128,0.1416,0.2023,0.0739,0.1149
8,42,82,1094,113,760,468,0.428,396,0,0.6693,0.3012,0.1722,0.1261,0.43,0.5143,0.6555,0.255,0.1264,0.1175,0.39,0.4857,512,1,extracted,0.2773,0.1128,0.1416,0.2023,0.0739,0.1149
8,42,83,1094,113,760,468,0.428,396,0,0.6693,0.3012,0.1722,0.1261,0.43,0.5143,0.6555,0.255,0.1264,0.1175,0.39,0.4857,512,1,extracted,0.2773,0.1128,0.1416,0.2023,0.0739,0.1149
8,42,84,1094,113,760,468,0.428,396,0,0.6693,0.3012,0.1722,0.1261,0.43,0.5143,0.6555,0.255,0.1264,0.1175,0.39,0.4857,512,1,extracted,0.2773,0.1128,0.1416,0.2023,0.0739,0.1149
8,42,85,1094,113,829,504,0.461,430,0,0.6713,0.2819,0.1431,0.1459,0.39,0.5143,0.6555,0.255,0.1264,0.1175,0.39,0.4857,512,1,extracted,0.248,0.1008,0.153,0.2023,0.0739,0.1149
8,42,86,1094,113,829,504,0.461,430,0,0.6713,0.2819,0.1431,0.1459,0.39,0.5143,0.6555,0.255,0.1264,0.1175,0.39,0.4857,512,1,extracted,0.248,0.1008,0.153,0.2023,0.0739,0.1149
8,42,87,1094,113,829,504,0.461,430,0,0.6713,0.2819,0.1431,0.1459,0.39,0.5143,0.6555,0.255,0.1264,0.1175,0.39,0.4857,512,1,extracted,0.248,0.1008,0.153,0.2023,0.0739,0.1149
8,42,88,1094,113,829,504,0.461,430,0,0.6713,0.2819,0.1431,0.1459,0.39,0.5143,0.6555,0.255,0.1264,0.1175,0.39,0.4857,512,1,extracted,0.248,0.1008,0.153,0.2023,0.0739,0.1149
8,42,89,1094,113,829,504,0.461,430,0,0.6713,0.2819,0.1431,0.1459,0.39,0.5143,0.6555,0.255,0.1264,0.1175,0.39,0.4857,512,1,extracted,0.248,0.1008,0.153,0.2023,0.0739,0.1149
8,42,90,1094,113,897,541,0.495,462,0,0.6584,0.2765,0.1418,0.1229,0.41,0.5143,0.6555,0.255,0.1264,0.1175,0.39,0.4857,512,1,extracted,0.2321,0.0744,0.1284,0.2023,0.0739,0.1149
8,42,91,1094,113,897,541,0.495,462,0,0.6584,0.2765,0.1418,0.1229,0.41,0.5143,0.6555,0.255,0.1264,0.1175,0.39,0.4857,512,1,extracted,0.2321,0.0744,0.1284,0.2023,0.0739,0.1149
8,42,92,1094,113,897,541,0.495,462,0,0.6584,0.2765,0.1418,0.1229,0.41,0.5143,0.6555,0.255,0.1264,0.1175,0.39,0.4857,512,1,extracted,0.2321,0.0744,0.1284,0.2023,0.0739,0.1149
8,42,93,1094,113,897,541,0.495,462,0,0.6584,0.2765,0.1418,0.1229,0.41,0.5143,0.6555,0.255,0.1264,0.1175,0.39,0.4857,512,1,extracted,0.2321,0.0744,0.1284,0.2023,0.0739,0.1149
8,42,94,1094,113,983,567,0.518,505,0,0.6402,0.2348,0.0656,0.1129,0.17,0.3714,0.6555,0.255,0.1264,0.1175,0.39,0.4857,512,1,extracted,0.2205,0.0633,0.1312,0.2023,0.0739,0.1149
8,42,95,1094,113,983,567,0.518,505,0,0.6402,0.2348,0.0656,0.1129,0.17,0.3714,0.6555,0.255,0.1264,0.1175,0.39,0.4857,512,1,extracted,0.2205,0.0633,0.1312,0.2023,0.0739,0.1149
8,42,96,1094,113,983,567,0.518,505,0,0.6402,0.2348,0.0656,0.1129,0.17,0.3714,0.6555,0.255,0.1264,0.1175,0.39,0.4857,512,1,extracted,0.2205,0.0633,0.1312,0.2023,0.0739,0.1149
8,42,97,1094,113,983,567,0.518,505,0,0.6402,0.2348,0.0656,0.1129,0.17,0.3714,0.6555,0.255,0.1264,0.1175,0.39,0.4857,512,1,extracted,0.2205,0.0633,0.1312,0.2023,0.0739,0.1149
8,42,98,1094,113,1082,564,0.516,512,1,0.6535,0.2519,0.1189,0.1304,0.35,0.4857,0.6555,0.255,0.1264,0.1175,0.39,0.4857,512,1,extracted,0.217,0.0758,0.1179,0.2023,0.0739,0.1149
8,42,99,1094,113,1082,564,0.516,512,1,0.6535,0.2519,0.1189,0.1304,0.35,0.4857,0.6555,0.255,0.1264,0.1175,0.39,0.4857,512,1,extracted,0.217,0.0758,0.1179,0.2023,0.0739,0.1149
8,42,100,1094,113,1082,564,0.516,512,1,0.6535,0.2519,0.1189,0.1304,0.35,0.4857,0.6555,0.255,0.1264,0.1175,0.39,0.4857,512,1,extracted,0.217,0.0758,0.1179,0.2023,0.0739,0.1149
9,42,1,1073,74,16,16,0.015,13,0,0.6577,0.0444,0.0,0.0444,0.0,0.0,0.6247,0.1657,0.0496,0.0814,0.2143,0.4545,512,1,extracted,0.069,0.0,0.069,0.1258,0.0316,0.0854
9,42,2,1073,74,16,16,0.015,13,0,0.6577,0.0444,0.0,0.0444,0.0,0.0,0.6247,0.1657,0.0496,0.0814,0.2143,0.4545,512,1,extracted,0.069,0.0,0.069,0.1258,0.0316,0.0854
9,42,3,1073,74,16,16,0.015,13,0,0.6577,0.0444,0.0,0.0444,0.0,0.0,0.6247,0.1657,0.0496,0.0814,0.2143,0.4545,512,1,extracted,0.069,0.0,0.069,0.1258,0.0316,0.0854
9,42,4,1073,74,16,16,0.015,13,0,0.6577,0.0444,0.0,0.0444,0.0,0.0,0.6247,0.1657,0.0496,0.0814,0.2143,0.4545,512,1,extracted,0.069,0.0,0.069,0.1258,0.0316,0.0854
9,42,5,1073,74,16,16,0.015,13,0,0.6577,0.0444,0.0,0.0444,0.0,0.0,0.6247,0.1657,0.0496,0.0814,0.2143,0.4545,512,1,extracted,0.069,0.0,0.069,0.1258,0.0316,0.0854
9,42,6,1073,74,16,16,0.015,13,0,0.6577,0.0444,0.0,0.0444,0.0,0.0,0.6247,0.1657,0.0496,0.0814,0.2143,0.4545,512,1,extracted,0.069,0.0,0.069,0.1258,0.0316,0.0854
9,42,7,1073,74,16,16,0.015,13,0,0.6577,0.0444,0.0,0.0444,0.0,0.0,0.6247,0.1657,0.0496,0.0814,0.2143,0.4545,512,1,extracted,0.069,0.0,0.069,0.1258,0.0316,0.0854
9,42,8,1073,74,33,32,0.03,22,0,0.6501,0.1887,0.0192,0.1132,0.0143,0.0,0.6247,0.1657,0.0496,0.0814,0.2143,0.4545,512,1,extracted,0.1739,0.0,0.1159,0.1258,0.0316,0.0854
9,42,9,1073,74,33,32,0.03,22,0,0.6501,0.1887,0.0192,0.1132,0.0143,0.0,0.6247,0.1657,0.0496,0.0814,0.2143,0.4545,512,1,extracted,0.1739,0.0,0.1159,0.1258,0.0316,0.0854
9,42,10,1073,74,33,32,0.03,22,0,0.6501,0.1887,0.0192,0.1132,0.0143,0.0,0.6247,0.1657,0.0496,0.0814,0.2143,0.4545,512,1,extracted,0.1739,0.0,0.1159,0.1258,0.0316,0.0854
9,42,11,1073,74,33,32,0.03,22,0,0.6501,0.1887,0.0192,0.1132,0.0143,0.0,0.6247,0.1657,0.0496,0.0814,0.2143,0.4545,512,1,extracted,0.1739,0.0,0.1159,0.1258,0.0316,0.0854
9,42,12,1073,74,54,36,0.034,31,0,0.657,0.1273,0.0,0.0727,0.0,0.0,0.6247,0.1657,0.0496,0.0814,0.2143,0.4545,512,1,extracted,0.0896,0.0,0.0896,0.1258,0.0316,0.0854
9,42,13,1073,74,54,36,0.034,31,0,0.657,0.1273,0.0,0.0727,0.0,0.0,0.6247,0.1657,0.0496,0.0814,0.2143,0.4545,512,1,extracted,0.0896,0.0,0.0896,0.1258,0.0316,0.0854
9,42,14,1073,74,54,36,0.034,31,0,0.657,0.1273,0.0,0.0727,0.0,0.0,0.6247,0.1657,0.0496,0.0814,0.2143,0.4545,512,1,extracted,0.0896,0.0,0.0896,0.1258,0.0316,0.0854
9,42,15,1073,74,54,36,0.034,31,0,0.657,0.1273,0.0,0.0727,0.0,0.0,0.6247,0.1657,0.0496,0.0814,0.2143,0.4545,512,1,extracted,0.0896,0.0,0.0896,0.1258,0.0316,0.0854
9,42,16,1073,74,54,36,0.034,31,0,0.657,0.1273,0.0,0.0727,0.0,0.0,0.6247,0.1657,0.0496,0.0814,0.2143,0.4545,512,1,extracted,0.0896,0.0,0.0896,0.1258,0.0316,0.0854
9,42,17,1073,74,83,49,0.046,43,0,0.6556,0.1463,0.0331,0.0813,0.0286,0.0455,0.6247,0.1657,0.0496,0.0814,0.2143,0.4545,512,1,extracted,0.1316,0.0541,0.1053,0.1258,0.0316,0.0854
9,42,18,1073,74,83,49,0.046,43,0,0.6556,0.1463,0.0331,0.0813,0.0286,0.0455,0.6247,0.1657,0.0496,0.0814,0.2143,0.4545,512,1,extracted,0.1316,0.0541,0.1053,0.1258,0.0316,0.0854
9,42,19,1073,74,83,49,0.046,43,0,0.6556,0.1463,0.0331,0.0813,0.0286,0.0455,0.6247,0.1657,0.0496,0.0814,0.2143,0.4545,512,1,extracted,0.1316,0.0541,0.1053,0.1258,0.0316,0.0854
9,42,20,1073,74,83,49,0.046,43,0,0.6556,0.1463,0.0331,0.0813,0.0286,0.0455,0.6247,0.1657,0.0496,0.0814,0.2143,0.4545,512,1,extracted,0.1316,0.0541,0.1053,0.1258,0.0316,0.0854
9,42,21,1073,74,83,49,0.046,43,0,0.6556,0.1463,0.0331,0.0813,0.0286,0.0455,0.6247,0.1657,0.0496,0.0814,0.2143,0.4545,512,1,extracted,0.1316,0.0541,0.1053,0.1258,0.0316,0.0854
9,42,22,1073,74,111,70,0.065,58,0,0.6595,0.2083,0.0282,0.125,0.0286,0.0455,0.6247,0.1657,0.0496,0.0814,0.2143,0.4545,512,1,extracted,0.1395,0.0476,0.1395,0.1258,0.0316,0.0854
9,42,23,1073,74,111,70,0.065,58,0,0.6595,0.2083,0.0282,0.125,0.0286,0.0455,0.6247,0.1657,0.0496,0.0814,0.2143,0.4545,512,1,extracted,0.1395,0.0476,0.1395,0.1258,0.0316,0.0854
9,42,24,1073,74,111,70,0.065,58,0,0.6595,0.2083,0.0282,0.125,0.0286,0.0455,0.6247,0.1657,0.0496,0.0814,0.2143,0.4545,512,1,extracted,0.1395,0.0476,0.1395,0.1258,0.0316,0.0854
9,42,25,1073,74,111,70,0.065,58,0,0.6595,0.2083,0.0282,0.125,0.0286,0.0455,0.6247,0.1657,0.0496,0.0814,0.2143,0.4545,512,1,extracted,0.1395,0.0476,0.1395,0.1258,0.0316,0.0854
9,42,26,1073,74,111,70,0.065,58,0,0.6595,0.2083,0.0282,0.125,0.0286,0.0455,0.6247,0.1657,0.0496,0.0814,0.2143,0.4545,512,1,extracted,0.1395,0.0476,0.1395,0.1258,0.0316,0.0854
9,42,27,1073,74,145,88,0.082,71,0,0.6588,0.2963,0.0375,0.1358,0.0429,0.0455,0.6247,0.1657,0.0496,0.0814,0.2143,0.4545,512,1,extracted,0.22,0.0408,0.16,0.1258,0.0316,0.0854
9,42,28,1073,74,145,88,0.082,71,0,0.6588,0.2963,0.0375,0.1358,0.0429,0.0455,0.6247,0.1657,0.0496,0.0814,0.2143,0.4545,512,1,extracted,0.22,0.0408,0.16,0.1258,0.0316,0.0854
9,42,29,1073,74,145,88,0.082,71,0,0.6588,0.2963,0.0375,0.1358,0.0429,0.0455,0.6247,0.1657,0.0496,0.0814,0.2143,0.4545,512,1,extracted,0.22,0.0408,0.16,0.1258,0.0316,0.0854
9,42,30,1073,74,145,88,0.082,71,0,0.6588,0.2963,0.0375,0.1358,0.0429,0.0455,0.6247,0.1657,0.0496,0.0814,0.2143,0.4545,512,1,extracted,0.22,0.0408,0.16,0.1258,0.0316,0.0854
9,42,31,1073,74,183,113,0.105,90,0,0.6483,0.2888,0.0541,0.1497,0.0571,0.0455,0.6247,0.1657,0.0496,0.0814,0.2143,0.4545,512,1,extracted,0.2342,0.0734,0.1802,0.1258,0.0316,0.0854
9,42,32,1073,74,183,113,0.105,90,0,0.6483,0.2888,0.0541,0.1497,0.0571,0.0455,0.6247,0.1657,0.0496,0.0814,0.2143,0.4545,512,1,extracted,0.2342,0.0734,0.1802,0.1258,0.0316,0.0854
9,42,33,1073,74,183,113,0.105,90,0,0.6483,0.2888,0.0541,0.1497,0.0571,0.0455,0.6247,0.1657,0.0496,0.0814,0.2143,0.4545,512,1,extracted,0.2342,0.0734,0.1802,0.1258,0.0316,0.0854
9,42,34,1073,74,183,113,0.105,90,0,0.6483,0.2888,0.0541,0.1497,0.0571,0.0455,0.6247,0.1657,0.0496,0.0814,0.2143,0.4545,512,1,extracted,0.2342,0.0734,0.1802,0.1258,0.0316,0.0854
9,42,35,1073,74,183,113,0.105,90,0,0.6483,0.2888,0.0541,0.1497,0.0571,0.0455,0.6247,0.1657,0.0496,0.0814,0.2143,0.4545,512,1,extracted,0.2342,0.0734,0.1802,0.1258,0.0316,0.0854
9,42,36,1073,74,215,136,0.127,106,0,0.6938,0.3524,0.1635,0.2571,0.2143,0.2727,0.6247,0.1657,0.0496,0.0814,0.2143,0.4545,512,1,extracted,0.3077,0.1562,0.2462,0.1258,0.0316,0.0854
9,42,37,1073,74,215,136,0.127,106,0,0.6938,0.3524,0.1635,0.2571,0.2143,0.2727,0.6247,0.1657,0.0496,0.0814,0.2143,0.4545,512,1,extracted,0.3077,0.1562,0.2462,0.1258,0.0316,0.0854
9,42,38,1073,74,215,136,0.127,106,0,0.6938,0.3524,0.1635,0.2571,0.2143,0.2727,0.6247,0.1657,0.0496,0.0814,0.2143,0.4545,512,1,extracted,0.3077,0.1562,0.2462,0.1258,0.0316,0.0854
9,42,39,1073,74,215,136,0.127,106,0,0.6938,0.3524,0.1635,0.2571,0.2143,0.2727,0.6247,0.1657,0.0496,0.0814,0.2143,0.4545,512,1,extracted,0.3077,0.1562,0.2462,0.1258,0.0316,0.0854
9,42,40,1073,74,215,136,0.127,106,0,0.6938,0.3524,0.1635,0.2571,0.2143,0.2727,0.6247,0.1657,0.0496,0.0814,0.2143,0.4545,512,1,extracted,0.3077,0.1562,0.2462,0.1258,0.0316,0.0854
9,42,41,1073,74,241,150,0.14,122,0,0.6928,0.3661,0.1532,0.2143,0.2143,0.2727,0.6247,0.1657,0.0496,0.0814,0.2143,0.4545,512,1,extracted,0.3358,0.1481,0.1898,0.1258,0.0316,0.0854
9,42,42,1073,74,241,150,0.14,122,0,0.6928,0.3661,0.1532,0.2143,0.2143,0.2727,0.6247,0.1657,0.0496,0.0814,0.2143,0.4545,512,1,extracted,0.3358,0.1481,0.1898,0.1258,0.0316,0.0854
9,42,43,1073,74,241,150,0.14,122,0,0.6928,0.3661,0.1532,0.2143,0.2143,0.2727,0.6247,0.1657,0.0496,0.0814,0.2143,0.4545,512,1,extracted,0.3358,0.1481,0.1898,0.1258,0.0316,0.0854
9,42,44,1073,74,241,150,0.14,122,0,0.6928,0.3661,0.1532,0.2143,0.2143,0.2727,0.6247,0.1657,0.0496,0.0814,0.2143,0.4545,512,1,extracted,0.3358,0.1481,0.1898,0.1258,0.0316,0.0854
9,42,45,1073,74,241,150,0.14,122,0,0.6928,0.3661,0.1532,0.2143,0.2143,0.2727,0.6247,0.1657,0.0496,0.0814,0.2143,0.4545,512,1,extracted,0.3358,0.1481,0.1898,0.1258,0.0316,0.0854
9,42,46,1073,74,278,175,0.163,138,0,0.6852,0.3454,0.1377,0.2329,0.2143,0.2727,0.6247,0.1657,0.0496,0.0814,0.2143,0.4545,512,1,extracted,0.2987,0.1316,0.2208,0.1258,0.0316,0.0854
9,42,47,1073,74,278,175,0.163,138,0,0.6852,0.3454,0.1377,0.2329,0.2143,0.2727,0.6247,0.1657,0.0496,0.0814,0.2143,0.4545,512,1,extracted,0.2987,0.1316,0.2208,0.1258,0.0316,0.0854
9,42,48,1073,74,278,175,0.163,138,0,0.6852,0.3454,0.1377,0.2329,0.2143,0.2727,0.6247,0.1657,0.0496,0.0814,0.2143,0.4545,512,1,extracted,0.2987,0.1316,0.2208,0.1258,0.0316,0.0854
9,42,49,1073,74,278,175,0.163,138,0,0.6852,0.3454,0.1377,0.2329,0.2143,0.2727,0.6247,0.1657,0.0496,0.0814,0.2143,0.4545,512,1,extracted,0.2987,0.1316,0.2208,0.1258,0.0316,0.0854
9,42,50,1073,74,278,175,0.163,138,0,0.6852,0.3454,0.1377,0.2329,0.2143,0.2727,0.6247,0.1657,0.0496,0.0814,0.2143,0.4545,512,1,extracted,0.2987,0.1316,0.2208,0.1258,0.0316,0.0854
9,42,51,1073,74,343,220,0.205,170,0,0.6632,0.3028,0.1064,0.169,0.1857,0.2273,0.6247,0.1657,0.0496,0.0814,0.2143,0.4545,512,1,extracted,0.2838,0.1096,0.1892,0.1258,0.0316,0.0854
9,42,52,1073,74,343,220,0.205,170,0,0.6632,0.3028,0.1064,0.169,0.1857,0.2273,0.6247,0.1657,0.0496,0.0814,0.2143,0.4545,512,1,extracted,0.2838,0.1096,0.1892,0.1258,0.0316,0.0854
9,42,53,1073,74,343,220,0.205,170,0,0.6632,0.3028,0.1064,0.169,0.1857,0.2273,0.6247,0.1657,0.0496,0.0814,0.2143,0.4545,512,1,extracted,0.2838,0.1096,0.1892,0.1258,0.0316,0.0854
9,42,54,1073,74,343,220,0.205,170,0,0.6632,0.3028,0.1064,0.169,0.1857,0.2273,0.6247,0.1657,0.0496,0.0814,0.2143,0.4545,512,1,extracted,0.2838,0.1096,0.1892,0.1258,0.0316,0.0854
9,42,55,1073,74,398,240,0.224,199,0,0.6766,0.3224,0.1258,0.1842,0.2429,0.3636,0.6247,0.1657,0.0496,0.0814,0.2143,0.4545,512,1,extracted,0.3133,0.122,0.1928,0.1258,0.0316,0.0854
9,42,56,1073,74,398,240,0.224,199,0,0.6766,0.3224,0.1258,0.1842,0.2429,0.3636,0.6247,0.1657,0.0496,0.0814,0.2143,0.4545,512,1,extracted,0.3133,0.122,0.1928,0.1258,0.0316,0.0854
9,42,57,1073,74,398,240,0.224,199,0,0.6766,0.3224,0.1258,0.1842,0.2429,0.3636,0.6247,0.1657,0.0496,0.0814,0.2143,0.4545,512,1,extracted,0.3133,0.122,0.1928,0.1258,0.0316,0.0854
9,42,58,1073,74,398,240,0.224,199,0,0.6766,0.3224,0.1258,0.1842,0.2429,0.3636,0.6247,0.1657,0.0496,0.0814,0.2143,0.4545,512,1,extracted,0.3133,0.122,0.1928,0.1258,0.0316,0.0854
9,42,59,1073,74,398,240,0.224,199,0,0.6766,0.3224,0.1258,0.1842,0.2429,0.3636,0.6247,0.1657,0.0496,0.0814,0.2143,0.4545,512,1,extracted,0.3133,0.122,0.1928,0.1258,0.0316,0.0854
9,42,60,1073,74,446,279,0.26,223,0,0.657,0.2741,0.1232,0.1633,0.2857,0.3636,0.6247,0.1657,0.0496,0.0814,0.2143,0.4545,512,1,extracted,0.2421,0.0851,0.1684,0.1258,0.0316,0.0854
9,42,61,1073,74,446,279,0.26,223,0,0.657,0.2741,0.1232,0.1633,0.2857,0.3636,0.6247,0.1657,0.0496,0.0814,0.2143,0.4545,512,1,extracted,0.2421,0.0851,0.1684,0.1258,0.0316,0.0854
9,42,62,1073,74,446,279,0.26,223,0,0.657,0.2741,0.1232,0.1633,0.2857,0.3636,0.6247,0.1657,0.0496,0.0814,0.2143,0.4545,512,1,extracted,0.2421,0.0851,0.1684,0.1258,0.0316,0.0854
9,42,63,1073,74,446,279,0.26,223,0,0.657,0.2741,0.1232,0.1633,0.2857,0.3636,0.6247,0.1657,0.0496,0.0814,0.2143,0.4545,512,1,extracted,0.2421,0.0851,0.1684,0.1258,0.0316,0.0854
9,42,64,1073,74,446,279,0.26,223,0,0.657,0.2741,0.1232,0.1633,0.2857,0.3636,0.6247,0.1657,0.0496,0.0814,0.2143,0.4545,512,1,extracted,0.2421,0.0851,0.1684,0.1258,0.0316,0.0854
9,42,65,1073,74,500,303,0.282,251,0,0.6469,0.2616,0.1096,0.1744,0.2714,0.3182,0.6247,0.1657,0.0496,0.0814,0.2143,0.4545,512,1,extracted,0.2277,0.08,0.1782,0.1258,0.0316,0.0854
9,42,66,1073,74,500,303,0.282,251,0,0.6469,0.2616,0.1096,0.1744,0.2714,0.3182,0.6247,0.1657,0.0496,0.0814,0.2143,0.4545,512,1,extracted,0.2277,0.08,0.1782,0.1258,0.0316,0.0854
9,42,67,1073,74,500,303,0.282,251,0,0.6469,0.2616,0.1096,0.1744,0.2714,0.3182,0.6247,0.1657,0.0496,0.0814,0.2143,0.4545,512,1,extracted,0.2277,0.08,0.1782,0.1258,0.0316,0.0854
9,42,68,1073,74,500,303,0.282,251,0,0.6469,0.2616,0.1096,0.1744,0.2714,0.3182,0.6247,0.1657,0.0496,0.0814,0.2143,0.4545,512,1,extracted,0.2277,0.08,0.1782,0.1258,0.0316,0.0854
9,42,69,1073,74,500,303,0.282,251,0,0.6469,0.2616,0.1096,0.1744,0.2714,0.3182,0.6247,0.1657,0.0496,0.0814,0.2143,0.4545,512,1,extracted,0.2277,0.08,0.1782,0.1258,0.0316,0.0854
9,42,70,1073,74,606,348,0.324,297,0,0.6542,0.2481,0.1197,0.1141,0.3286,0.4545,0.6247,0.1657,0.0496,0.0814,0.2143,0.4545,512,1,extracted,0.25,0.0971,0.1442,0.1258,0.0316,0.0854
9,42,71,1073,74,606,348,0.324,297,0,0.6542,0.2481,0.1197,0.1141,0.3286,0.4545,0.6247,0.1657,0.0496,0.0814,0.2143,0.4545,512,1,extracted,0.25,0.0971,0.1442,0.1258,0.0316,0.0854
9,42,72,1073,74,606,348,0.324,297,0,0.6542,0.2481,0.1197,0.1141,0.3286,0.4545,0.6247,0.1657,0.0496,0.0814,0.2143,0.4545,512,1,extracted,0.25,0.0971,0.1442,0.1258,0.0316,0.0854
9,42,73,1073,74,606,348,0.324,297,0,0.6542,0.2481,0.1197,0.1141,0.3286,0.4545,0.6247,0.1657,0.0496,0.0814,0.2143,0.4545,512,1,extracted,0.25,0.0971,0.1442,0.1258,0.0316,0.0854
9,42,74,1073,74,660,402,0.375,320,0,0.6683,0.2581,0.121,0.1204,0.3857,0.5455,0.6247,0.1657,0.0496,0.0814,0.2143,0.4545,512,1,extracted,0.2222,0.0849,0.1303,0.1258,0.0316,0.0854
9,42,75,1073,74,660,402,0.375,320,0,0.6683,0.2581,0.121,0.1204,0.3857,0.5455,0.6247,0.1657,0.0496,0.0814,0.2143,0.4545,512,1,extracted,0.2222,0.0849,0.1303,0.1258,0.0316,0.0854
9,42,76,1073,74,660,402,0.375,320,0,0.6683,0.2581,0.121,0.1204,0.3857,0.5455,0.6247,0.1657,0.0496,0.0814,0.2143,0.4545,512,1,extracted,0.2222,0.0849,0.1303,0.1258,0.0316,0.0854
9,42,77,1073,74,660,402,0.375,320,0,0.6683,0.2581,0.121,0.1204,0.3857,0.5455,0.6247,0.1657,0.0496,0.0814,0.2143,0.4545,512,1,extracted,0.2222,0.0849,0.1303,0.1258,0.0316,0.0854
9,42,78,1073,74,660,402,0.375,320,0,0.6683,0.2581,0.121,0.1204,0.3857,0.5455,0.6247,0.1657,0.0496,0.0814,0.2143,0.4545,512,1,extracted,0.2222,0.0849,0.1303,0.1258,0.0316,0.0854
9,42,79,1073,74,724,426,0.397,348,0,0.6593,0.2387,0.1033,0.1317,0.3429,0.5455,0.6247,0.1657,0.0496,0.0814,0.2143,0.4545,512,1,extracted,0.1951,0.0702,0.1324,0.1258,0.0316,0.0854
9,42,80,1073,74,724,426,0.397,348,0,0.6593,0.2387,0.1033,0.1317,0.3429,0.5455,0.6247,0.1657,0.0496,0.0814,0.2143,0.4545,512,1,extracted,0.1951,0.0702,0.1324,0.1258,0.0316,0.0854
9,42,81,1073,74,724,426,0.397,348,0,0.6593,0.2387,0.1033,0.1317,0.3429,0.5455,0.6247,0.1657,0.0496,0.0814,0.2143,0.4545,512,1,extracted,0.1951,0.0702,0.1324,0.1258,0.0316,0.0854
9,42,82,1073,74,724,426,0.397,348,0,0.6593,0.2387,0.1033,0.1317,0.3429,0.5455,0.6247,0.1657,0.0496,0.0814,0.2143,0.4545,512,1,extracted,0.1951,0.0702,0.1324,0.1258,0.0316,0.0854
9,42,83,1073,74,724,426,0.397,348,0,0.6593,0.2387,0.1033,0.1317,0.3429,0.5455,0.6247,0.1657,0.0496,0.0814,0.2143,0.4545,512,1,extracted,0.1951,0.0702,0.1324,0.1258,0.0316,0.0854
9,42,84,1073,74,787,475,0.443,371,0,0.6562,0.2111,0.1004,0.1556,0.3571,0.5455,0.6247,0.1657,0.0496,0.0814,0.2143,0.4545,512,1,extracted,0.1893,0.0698,0.1325,0.1258,0.0316,0.0854
9,42,85,1073,74,787,475,0.443,371,0,0.6562,0.2111,0.1004,0.1556,0.3571,0.5455,0.6247,0.1657,0.0496,0.0814,0.2143,0.4545,512,1,extracted,0.1893,0.0698,0.1325,0.1258,0.0316,0.0854
9,42,86,1073,74,787,475,0.443,371,0,0.6562,0.2111,0.1004,0.1556,0.3571,0.5455,0.6247,0.1657,0.0496,0.0814,0.2143,0.4545,512,1,extracted,0.1893,0.0698,0.1325,0.1258,0.0316,0.0854
9,42,87,1073,74,787,475,0.443,371,0,0.6562,0.2111,0.1004,0.1556,0.3571,0.5455,0.6247,0.1657,0.0496,0.0814,0.2143,0.4545,512,1,extracted,0.1893,0.0698,0.1325,0.1258,0.0316,0.0854
9,42,88,1073,74,787,475,0.443,371,0,0.6562,0.2111,0.1004,0.1556,0.3571,0.5455,0.6247,0.1657,0.0496,0.0814,0.2143,0.4545,512,1,extracted,0.1893,0.0698,0.1325,0.1258,0.0316,0.0854
9,42,89,1073,74,839,516,0.481,400,0,0.6596,0.2176,0.1213,0.1174,0.4714,0.6364,0.6247,0.1657,0.0496,0.0814,0.2143,0.4545,512,1,extracted,0.1866,0.0762,0.1108,0.1258,0.0316,0.0854
9,42,90,1073,74,839,516,0.481,400,0,0.6596,0.2176,0.1213,0.1174,0.4714,0.6364,0.6247,0.1657,0.0496,0.0814,0.2143,0.4545,512,1,extracted,0.1866,0.0762,0.1108,0.1258,0.0316,0.0854
9,42,91,1073,74,839,516,0.481,400,0,0.6596,0.2176,0.1213,0.1174,0.4714,0.6364,0.6247,0.1657,0.0496,0.0814,0.2143,0.4545,512,1,extracted,0.1866,0.0762,0.1108,0.1258,0.0316,0.0854
9,42,92,1073,74,839,516,0.481,400,0,0.6596,0.2176,0.1213,0.1174,0.4714,0.6364,0.6247,0.1657,0.0496,0.0814,0.2143,0.4545,512,1,extracted,0.1866,0.0762,0.1108,0.1258,0.0316,0.0854
9,42,93,1073,74,937,583,0.543,452,0,0.6706,0.205,0.1215,0.1056,0.5286,0.6818,0.6247,0.1657,0.0496,0.0814,0.2143,0.4545,512,1,extracted,0.17,0.0905,0.105,0.1258,0.0316,0.0854
9,42,94,1073,74,937,583,0.543,452,0,0.6706,0.205,0.1215,0.1056,0.5286,0.6818,0.6247,0.1657,0.0496,0.0814,0.2143,0.4545,512,1,extracted,0.17,0.0905,0.105,0.1258,0.0316,0.0854
9,42,95,1073,74,937,583,0.543,452,0,0.6706,0.205,0.1215,0.1056,0.5286,0.6818,0.6247,0.1657,0.0496,0.0814,0.2143,0.4545,512,1,extracted,0.17,0.0905,0.105,0.1258,0.0316,0.0854
9,42,96,1073,74,937,583,0.543,452,0,0.6706,0.205,0.1215,0.1056,0.5286,0.6818,0.6247,0.1657,0.0496,0.0814,0.2143,0.4545,512,1,extracted,0.17,0.0905,0.105,0.1258,0.0316,0.0854
9,42,97,1073,74,937,583,0.543,452,0,0.6706,0.205,0.1215,0.1056,0.5286,0.6818,0.6247,0.1657,0.0496,0.0814,0.2143,0.4545,512,1,extracted,0.17,0.0905,0.105,0.1258,0.0316,0.0854
9,42,98,1073,74,1059,620,0.578,512,0,0.6554,0.2009,0.0993,0.1223,0.4571,0.6818,0.6247,0.1657,0.0496,0.0814,0.2143,0.4545,512,1,extracted,0.175,0.0704,0.12,0.1258,0.0316,0.0854
9,42,99,1073,74,1059,620,0.578,512,0,0.6554,0.2009,0.0993,0.1223,0.4571,0.6818,0.6247,0.1657,0.0496,0.0814,0.2143,0.4545,512,1,extracted,0.175,0.0704,0.12,0.1258,0.0316,0.0854
9,42,100,1073,74,1059,620,0.578,512,0,0.6554,0.2009,0.0993,0.1223,0.4571,0.6818,0.6247,0.1657,0.0496,0.0814,0.2143,0.4545,512,1,extracted,0.175,0.0704,0.12,0.1258,0.0316,0.0854
10,42,1,939,150,31,31,0.033,14,0,0.6129,0.1326,0.0,0.0884,0.0,0.0,0.6698,0.307,0.1525,0.1492,0.35,0.4103,429,0,extracted,0.1154,0.0,0.0962,0.2591,0.0729,0.1347
10,42,2,939,150,31,31,0.033,14,0,0.6129,0.1326,0.0,0.0884,0.0,0.0,0.6698,0.307,0.1525,0.1492,0.35,0.4103,429,0,extracted,0.1154,0.0,0.0962,0.2591,0.0729,0.1347
10,42,3,939,150,31,31,0.033,14,0,0.6129,0.1326,0.0,0.0884,0.0,0.0,0.6698,0.307,0.1525,0.1492,0.35,0.4103,429,0,extracted,0.1154,0.0,0.0962,0.2591,0.0729,0.1347
10,42,4,939,150,31,31,0.033,14,0,0.6129,0.1326,0.0,0.0884,0.0,0.0,0.6698,0.307,0.1525,0.1492,0.35,0.4103,429,0,extracted,0.1154,0.0,0.0962,0.2591,0.0729,0.1347
10,42,5,939,150,31,31,0.033,14,0,0.6129,0.1326,0.0,0.0884,0.0,0.0,0.6698,0.307,0.1525,0.1492,0.35,0.4103,429,0,extracted,0.1154,0.0,0.0962,0.2591,0.0729,0.1347
10,42,6,939,150,31,31,0.033,14,0,0.6129,0.1326,0.0,0.0884,0.0,0.0,0.6698,0.307,0.1525,0.1492,0.35,0.4103,429,0,extracted,0.1154,0.0,0.0962,0.2591,0.0729,0.1347
10,42,7,939,150,31,31,0.033,14,0,0.6129,0.1326,0.0,0.0884,0.0,0.0,0.6698,0.307,0.1525,0.1492,0.35,0.4103,429,0,extracted,0.1154,0.0,0.0962,0.2591,0.0729,0.1347
10,42,8,939,150,31,31,0.033,14,0,0.6129,0.1326,0.0,0.0884,0.0,0.0,0.6698,0.307,0.1525,0.1492,0.35,0.4103,429,0,extracted,0.1154,0.0,0.0962,0.2591,0.0729,0.1347
10,42,9,939,150,31,31,0.033,14,0,0.6129,0.1326,0.0,0.0884,0.0,0.0,0.6698,0.307,0.1525,0.1492,0.35,0.4103,429,0,extracted,0.1154,0.0,0.0962,0.2591,0.0729,0.1347
10,42,10,939,150,69,52,0.055,29,0,0.6246,0.2277,0.03,0.1386,0.03,0.0513,0.6698,0.307,0.1525,0.1492,0.35,0.4103,429,0,extracted,0.188,0.0174,0.1368,0.2591,0.0729,0.1347
10,42,11,939,150,69,52,0.055,29,0,0.6246,0.2277,0.03,0.1386,0.03,0.0513,0.6698,0.307,0.1525,0.1492,0.35,0.4103,429,0,extracted,0.188,0.0174,0.1368,0.2591,0.0729,0.1347
10,42,12,939,150,69,52,0.055,29,0,0.6246,0.2277,0.03,0.1386,0.03,0.0513,0.6698,0.307,0.1525,0.1492,0.35,0.4103,429,0,extracted,0.188,0.0174,0.1368,0.2591,0.0729,0.1347
10,42,13,939,150,69,52,0.055,29,0,0.6246,0.2277,0.03,0.1386,0.03,0.0513,0.6698,0.307,0.1525,0.1492,0.35,0.4103,429,0,extracted,0.188,0.0174,0.1368,0.2591,0.0729,0.1347
10,42,14,939,150,69,52,0.055,29,0,0.6246,0.2277,0.03,0.1386,0.03,0.0513,0.6698,0.307,0.1525,0.1492,0.35,0.4103,429,0,extracted,0.188,0.0174,0.1368,0.2591,0.0729,0.1347
10,42,15,939,150,69,52,0.055,29,0,0.6246,0.2277,0.03,0.1386,0.03,0.0513,0.6698,0.307,0.1525,0.1492,0.35,0.4103,429,0,extracted,0.188,0.0174,0.1368,0.2591,0.0729,0.1347
10,42,16,939,150,69,52,0.055,29,0,0.6246,0.2277,0.03,0.1386,0.03,0.0513,0.6698,0.307,0.1525,0.1492,0.35,0.4103,429,0,extracted,0.188,0.0174,0.1368,0.2591,0.0729,0.1347
10,42,17,939,150,101,63,0.067,40,0,0.6386,0.3005,0.0948,0.1972,0.08,0.1026,0.6698,0.307,0.1525,0.1492,0.35,0.4103,429,0,extracted,0.2764,0.0661,0.1951,0.2591,0.0729,0.1347
10,42,18,939,150,101,63,0.067,40,0,0.6386,0.3005,0.0948,0.1972,0.08,0.1026,0.6698,0.307,0.1525,0.1492,0.35,0.4103,429,0,extracted,0.2764,0.0661,0.1951,0.2591,0.0729,0.1347
10,42,19,939,150,101,63,0.067,40,0,0.6386,0.3005,0.0948,0.1972,0.08,0.1026,0.6698,0.307,0.1525,0.1492,0.35,0.4103,429,0,extracted,0.2764,0.0661,0.1951,0.2591,0.0729,0.1347
10,42,20,939,150,101,63,0.067,40,0,0.6386,0.3005,0.0948,0.1972,0.08,0.1026,0.6698,0.307,0.1525,0.1492,0.35,0.4103,429,0,extracted,0.2764,0.0661,0.1951,0.2591,0.0729,0.1347
10,42,21,939,150,101,63,0.067,40,0,0.6386,0.3005,0.0948,0.1972,0.08,0.1026,0.6698,0.307,0.1525,0.1492,0.35,0.4103,429,0,extracted,0.2764,0.0661,0.1951,0.2591,0.0729,0.1347
10,42,22,939,150,101,63,0.067,40,0,0.6386,0.3005,0.0948,0.1972,0.08,0.1026,0.6698,0.307,0.1525,0.1492,0.35,0.4103,429,0,extracted,0.2764,0.0661,0.1951,0.2591,0.0729,0.1347
10,42,23,939,150,101,63,0.067,40,0,0.6386,0.3005,0.0948,0.1972,0.08,0.1026,0.6698,0.307,0.1525,0.1492,0.35,0.4103,429,0,extracted,0.2764,0.0661,0.1951,0.2591,0.0729,0.1347
10,42,24,939,150,138,82,0.087,59,0,0.6711,0.4138,0.1913,0.2414,0.16,0.1538,0.6698,0.307,0.1525,0.1492,0.35,0.4103,429,0,extracted,0.3609,0.0916,0.2256,0.2591,0.0729,0.1347
10,42,25,939,150,138,82,0.087,59,0,0.6711,0.4138,0.1913,0.2414,0.16,0.1538,0.6698,0.307,0.1525,0.1492,0.35,0.4103,429,0,extracted,0.3609,0.0916,0.2256,0.2591,0.0729,0.1347
10,42,26,939,150,138,82,0.087,59,0,0.6711,0.4138,0.1913,0.2414,0.16,0.1538,0.6698,0.307,0.1525,0.1492,0.35,0.4103,429,0,extracted,0.3609,0.0916,0.2256,0.2591,0.0729,0.1347
10,42,27,939,150,138,82,0.087,59,0,0.6711,0.4138,0.1913,0.2414,0.16,0.1538,0.6698,0.307,0.1525,0.1492,0.35,0.4103,429,0,extracted,0.3609,0.0916,0.2256,0.2591,0.0729,0.1347
10,42,28,939,150,138,82,0.087,59,0,0.6711,0.4138,0.1913,0.2414,0.16,0.1538,0.6698,0.307,0.1525,0.1492,0.35,0.4103,429,0,extracted,0.3609,0.0916,0.2256,0.2591,0.0729,0.1347
10,42,29,939,150,138,82,0.087,59,0,0.6711,0.4138,0.1913,0.2414,0.16,0.1538,0.6698,0.307,0.1525,0.1492,0.35,0.4103,429,0,extracted,0.3609,0.0916,0.2256,0.2591,0.0729,0.1347
10,42,30,939,150,138,82,0.087,59,0,0.6711,0.4138,0.1913,0.2414,0.16,0.1538,0.6698,0.307,0.1525,0.1492,0.35,0.4103,429,0,extracted,0.3609,0.0916,0.2256,0.2591,0.0729,0.1347
10,42,31,939,150,207,128,0.136,98,0,0.6741,0.3741,0.1667,0.2158,0.17,0.1538,0.6698,0.307,0.1525,0.1492,0.35,0.4103,429,0,extracted,0.3314,0.0958,0.2485,0.2591,0.0729,0.1347
10,42,32,939,150,207,128,0.136,98,0,0.6741,0.3741,0.1667,0.2158,0.17,0.1538,0.6698,0.307,0.1525,0.1492,0.35,0.4103,429,0,extracted,0.3314,0.0958,0.2485,0.2591,0.0729,0.1347
10,42,33,939,150,207,128,0.136,98,0,0.6741,0.3741,0.1667,0.2158,0.17,0.1538,0.6698,0.307,0.1525,0.1492,0.35,0.4103,429,0,extracted,0.3314,0.0958,0.2485,0.2591,0.0729,0.1347
10,42,34,939,150,207,128,0.136,98,0,0.6741,0.3741,0.1667,0.2158,0.17,0.1538,0.6698,0.307,0.1525,0.1492,0.35,0.4103,429,0,extracted,0.3314,0.0958,0.2485,0.2591,0.0729,0.1347
10,42,35,939,150,207,128,0.136,98,0,0.6741,0.3741,0.1667,0.2158,0.17,0.1538,0.6698,0.307,0.1525,0.1492,0.35,0.4103,429,0,extracted,0.3314,0.0958,0.2485,0.2591,0.0729,0.1347
10,42,36,939,150,207,128,0.136,98,0,0.6741,0.3741,0.1667,0.2158,0.17,0.1538,0.6698,0.307,0.1525,0.1492,0.35,0.4103,429,0,extracted,0.3314,0.0958,0.2485,0.2591,0.0729,0.1347
10,42,37,939,150,253,169,0.18,117,0,0.6876,0.4639,0.2334,0.2257,0.29,0.2821,0.6698,0.307,0.1525,0.1492,0.35,0.4103,429,0,extracted,0.375,0.1158,0.2083,0.2591,0.0729,0.1347
10,42,38,939,150,253,169,0.18,117,0,0.6876,0.4639,0.2334,0.2257,0.29,0.2821,0.6698,0.307,0.1525,0.1492,0.35,0.4103,429,0,extracted,0.375,0.1158,0.2083,0.2591,0.0729,0.1347
10,42,39,939,150,253,169,0.18,117,0,0.6876,0.4639,0.2334,0.2257,0.29,0.2821,0.6698,0.307,0.1525,0.1492,0.35,0.4103,429,0,extracted,0.375,0.1158,0.2083,0.2591,0.0729,0.1347
10,42,40,939,150,253,169,0.18,117,0,0.6876,0.4639,0.2334,0.2257,0.29,0.2821,0.6698,0.307,0.1525,0.1492,0.35,0.4103,429,0,extracted,0.375,0.1158,0.2083,0.2591,0.0729,0.1347
10,42,41,939,150,253,169,0.18,117,0,0.6876,0.4639,0.2334,0.2257,0.29,0.2821,0.6698,0.307,0.1525,0.1492,0.35,0.4103,429,0,extracted,0.375,0.1158,0.2083,0.2591,0.0729,0.1347
10,42,42,939,150,253,169,0.18,117,0,0.6876,0.4639,0.2334,0.2257,0.29,0.2821,0.6698,0.307,0.1525,0.1492,0.35,0.4103,429,0,extracted,0.375,0.1158,0.2083,0.2591,0.0729,0.1347
10,42,43,939,150,253,169,0.18,117,0,0.6876,0.4639,0.2334,0.2257,0.29,0.2821,0.6698,0.307,0.1525,0.1492,0.35,0.4103,429,0,extracted,0.375,0.1158,0.2083,0.2591,0.0729,0.1347
10,42,44,939,150,312,197,0.21,144,0,0.6881,0.4323,0.1913,0.2421,0.26,0.3077,0.6698,0.307,0.1525,0.1492,0.35,0.4103,429,0,extracted,0.3592,0.0686,0.2136,0.2591,0.0729,0.1347
10,42,45,939,150,312,197,0.21,144,0,0.6881,0.4323,0.1913,0.2421,0.26,0.3077,0.6698,0.307,0.1525,0.1492,0.35,0.4103,429,0,extracted,0.3592,0.0686,0.2136,0.2591,0.0729,0.1347
10,42,46,939,150,312,197,0.21,144,0,0.6881,0.4323,0.1913,0.2421,0.26,0.3077,0.6698,0.307,0.1525,0.1492,0.35,0.4103,429,0,extracted,0.3592,0.0686,0.2136,0.2591,0.0729,0.1347
10,42,47,939,150,312,197,0.21,144,0,0.6881,0.4323,0.1913,0.2421,0.26,0.3077,0.6698,0.307,0.1525,0.1492,0.35,0.4103,429,0,extracted,0.3592,0.0686,0.2136,0.2591,0.0729,0.1347
10,42,48,939,150,312,197,0.21,144,0,0.6881,0.4323,0.1913,0.2421,0.26,0.3077,0.6698,0.307,0.1525,0.1492,0.35,0.4103,429,0,extracted,0.3592,0.0686,0.2136,0.2591,0.0729,0.1347
10,42,49,939,150,312,197,0.21,144,0,0.6881,0.4323,0.1913,0.2421,0.26,0.3077,0.6698,0.307,0.1525,0.1492,0.35,0.4103,429,0,extracted,0.3592,0.0686,0.2136,0.2591,0.0729,0.1347
10,42,50,939,150,375,239,0.255,171,0,0.6877,0.4072,0.1865,0.2165,0.25,0.3333,0.6698,0.307,0.1525,0.1492,0.35,0.4103,429,0,extracted,0.3478,0.1053,0.1913,0.2591,0.0729,0.1347
10,42,51,939,150,375,239,0.255,171,0,0.6877,0.4072,0.1865,0.2165,0.25,0.3333,0.6698,0.307,0.1525,0.1492,0.35,0.4103,429,0,extracted,0.3478,0.1053,0.1913,0.2591,0.0729,0.1347
10,42,52,939,150,375,239,0.255,171,0,0.6877,0.4072,0.1865,0.2165,0.25,0.3333,0.6698,0.307,0.1525,0.1492,0.35,0.4103,429,0,extracted,0.3478,0.1053,0.1913,0.2591,0.0729,0.1347
10,42,53,939,150,375,239,0.255,171,0,0.6877,0.4072,0.1865,0.2165,0.25,0.3333,0.6698,0.307,0.1525,0.1492,0.35,0.4103,429,0,extracted,0.3478,0.1053,0.1913,0.2591,0.0729,0.1347
10,42,54,939,150,375,239,0.255,171,0,0.6877,0.4072,0.1865,0.2165,0.25,0.3333,0.6698,0.307,0.1525,0.1492,0.35,0.4103,429,0,extracted,0.3478,0.1053,0.1913,0.2591,0.0729,0.1347
10,42,55,939,150,375,239,0.255,171,0,0.6877,0.4072,0.1865,0.2165,0.25,0.3333,0.6698,0.307,0.1525,0.1492,0.35,0.4103,429,0,extracted,0.3478,0.1053,0.1913,0.2591,0.0729,0.1347
10,42,56,939,150,375,239,0.255,171,0,0.6877,0.4072,0.1865,0.2165,0.25,0.3333,0.6698,0.307,0.1525,0.1492,0.35,0.4103,429,0,extracted,0.3478,0.1053,0.1913,0.2591,0.0729,0.1347
10,42,57,939,150,437,253,0.269,199,0,0.6817,0.4179,0.16,0.209,0.25,0.2308,0.6698,0.307,0.1525,0.1492,0.35,0.4103,429,0,extracted,0.3096,0.0506,0.1841,0.2591,0.0729,0.1347
10,42,58,939,150,437,253,0.269,199,0,0.6817,0.4179,0.16,0.209,0.25,0.2308,0.6698,0.307,0.1525,0.1492,0.35,0.4103,429,0,extracted,0.3096,0.0506,0.1841,0.2591,0.0729,0.1347
10,42,59,939,150,437,253,0.269,199,0,0.6817,0.4179,0.16,0.209,0.25,0.2308,0.6698,0.307,0.1525,0.1492,0.35,0.4103,429,0,extracted,0.3096,0.0506,0.1841,0.2591,0.0729,0.1347
10,42,60,939,150,437,253,0.269,199,0,0.6817,0.4179,0.16,0.209,0.25,0.2308,0.6698,0.307,0.1525,0.1492,0.35,0.4103,429,0,extracted,0.3096,0.0506,0.1841,0.2591,0.0729,0.1347
10,42,61,939,150,437,253,0.269,199,0,0.6817,0.4179,0.16,0.209,0.25,0.2308,0.6698,0.307,0.1525,0.1492,0.35,0.4103,429,0,extracted,0.3096,0.0506,0.1841,0.2591,0.0729,0.1347
10,42,62,939,150,437,253,0.269,199,0,0.6817,0.4179,0.16,0.209,0.25,0.2308,0.6698,0.307,0.1525,0.1492,0.35,0.4103,429,0,extracted,0.3096,0.0506,0.1841,0.2591,0.0729,0.1347
10,42,63,939,150,437,253,0.269,199,0,0.6817,0.4179,0.16,0.209,0.25,0.2308,0.6698,0.307,0.1525,0.1492,0.35,0.4103,429,0,extracted,0.3096,0.0506,0.1841,0.2591,0.0729,0.1347
10,42,64,939,150,494,289,0.308,220,0,0.6923,0.4338,0.1927,0.2009,0.3,0.3077,0.6698,0.307,0.1525,0.1492,0.35,0.4103,429,0,extracted,0.3608,0.0711,0.1961,0.2591,0.0729,0.1347
10,42,65,939,150,494,289,0.308,220,0,0.6923,0.4338,0.1927,0.2009,0.3,0.3077,0.6698,0.307,0.1525,0.1492,0.35,0.4103,429,0,extracted,0.3608,0.0711,0.1961,0.2591,0.0729,0.1347
10,42,66,939,150,494,289,0.308,220,0,0.6923,0.4338,0.1927,0.2009,0.3,0.3077,0.6698,0.307,0.1525,0.1492,0.35,0.4103,429,0,extracted,0.3608,0.0711,0.1961,0.2591,0.0729,0.1347
10,42,67,939,150,494,289,0.308,220,0,0.6923,0.4338,0.1927,0.2009,0.3,0.3077,0.6698,0.307,0.1525,0.1492,0.35,0.4103,429,0,extracted,0.3608,0.0711,0.1961,0.2591,0.0729,0.1347
10,42,68,939,150,494,289,0.308,220,0,0.6923,0.4338,0.1927,0.2009,0.3,0.3077,0.6698,0.307,0.1525,0.1492,0.35,0.4103,429,0,extracted,0.3608,0.0711,0.1961,0.2591,0.0729,0.1347
10,42,69,939,150,494,289,0.308,220,0,0.6923,0.4338,0.1927,0.2009,0.3,0.3077,0.6698,0.307,0.1525,0.1492,0.35,0.4103,429,0,extracted,0.3608,0.0711,0.1961,0.2591,0.0729,0.1347
10,42,70,939,150,494,289,0.308,220,0,0.6923,0.4338,0.1927,0.2009,0.3,0.3077,0.6698,0.307,0.1525,0.1492,0.35,0.4103,429,0,extracted,0.3608,0.0711,0.1961,0.2591,0.0729,0.1347
10,42,71,939,150,562,343,0.365,250,0,0.6849,0.3862,0.1673,0.1992,0.29,0.3077,0.6698,0.307,0.1525,0.1492,0.35,0.4103,429,0,extracted,0.3162,0.0692,0.1856,0.2591,0.0729,0.1347
10,42,72,939,150,562,343,0.365,250,0,0.6849,0.3862,0.1673,0.1992,0.29,0.3077,0.6698,0.307,0.1525,0.1492,0.35,0.4103,429,0,extracted,0.3162,0.0692,0.1856,0.2591,0.0729,0.1347
10,42,73,939,150,562,343,0.365,250,0,0.6849,0.3862,0.1673,0.1992,0.29,0.3077,0.6698,0.307,0.1525,0.1492,0.35,0.4103,429,0,extracted,0.3162,0.0692,0.1856,0.2591,0.0729,0.1347
10,42,74,939,150,562,343,0.365,250,0,0.6849,0.3862,0.1673,0.1992,0.29,0.3077,0.6698,0.307,0.1525,0.1492,0.35,0.4103,429,0,extracted,0.3162,0.0692,0.1856,0.2591,0.0729,0.1347
10,42,75,939,150,562,343,0.365,250,0,0.6849,0.3862,0.1673,0.1992,0.29,0.3077,0.6698,0.307,0.1525,0.1492,0.35,0.4103,429,0,extracted,0.3162,0.0692,0.1856,0.2591,0.0729,0.1347
10,42,76,939,150,562,343,0.365,250,0,0.6849,0.3862,0.1673,0.1992,0.29,0.3077,0.6698,0.307,0.1525,0.1492,0.35,0.4103,429,0,extracted,0.3162,0.0692,0.1856,0.2591,0.0729,0.1347
10,42,77,939,150,686,417,0.444,301,0,0.6858,0.3672,0.161,0.1889,0.33,0.3077,0.6698,0.307,0.1525,0.1492,0.35,0.4103,429,0,extracted,0.2805,0.0736,0.189,0.2591,0.0729,0.1347
10,42,78,939,150,686,417,0.444,301,0,0.6858,0.3672,0.161,0.1889,0.33,0.3077,0.6698,0.307,0.1525,0.1492,0.35,0.4103,429,0,extracted,0.2805,0.0736,0.189,0.2591,0.0729,0.1347
10,42,79,939,150,686,417,0.444,301,0,0.6858,0.3672,0.161,0.1889,0.33,0.3077,0.6698,0.307,0.1525,0.1492,0.35,0.4103,429,0,extracted,0.2805,0.0736,0.189,0.2591,0.0729,0.1347
10,42,80,939,150,686,417,0.444,301,0,0.6858,0.3672,0.161,0.1889,0.33,0.3077,0.6698,0.307,0.1525,0.1492,0.35,0.4103,429,0,extracted,0.2805,0.0736,0.189,0.2591,0.0729,0.1347
10,42,81,939,150,686,417,0.444,301,0,0.6858,0.3672,0.161,0.1889,0.33,0.3077,0.6698,0.307,0.1525,0.1492,0.35,0.4103,429,0,extracted,0.2805,0.0736,0.189,0.2591,0.0729,0.1347
10,42,82,939,150,686,417,0.444,301,0,0.6858,0.3672,0.161,0.1889,0.33,0.3077,0.6698,0.307,0.1525,0.1492,0.35,0.4103,429,0,extracted,0.2805,0.0736,0.189,0.2591,0.0729,0.1347
10,42,83,939,150,686,417,0.444,301,0,0.6858,0.3672,0.161,0.1889,0.33,0.3077,0.6698,0.307,0.1525,0.1492,0.35,0.4103,429,0,extracted,0.2805,0.0736,0.189,0.2591,0.0729,0.1347
10,42,84,939,150,768,468,0.498,341,0,0.6749,0.3454,0.1617,0.1776,0.38,0.4103,0.6698,0.307,0.1525,0.1492,0.35,0.4103,429,0,extracted,0.2841,0.0971,0.1705,0.2591,0.0729,0.1347
10,42,85,939,150,768,468,0.498,341,0,0.6749,0.3454,0.1617,0.1776,0.38,0.4103,0.6698,0.307,0.1525,0.1492,0.35,0.4103,429,0,extracted,0.2841,0.0971,0.1705,0.2591,0.0729,0.1347
10,42,86,939,150,768,468,0.498,341,0,0.6749,0.3454,0.1617,0.1776,0.38,0.4103,0.6698,0.307,0.1525,0.1492,0.35,0.4103,429,0,extracted,0.2841,0.0971,0.1705,0.2591,0.0729,0.1347
10,42,87,939,150,768,468,0.498,341,0,0.6749,0.3454,0.1617,0.1776,0.38,0.4103,0.6698,0.307,0.1525,0.1492,0.35,0.4103,429,0,extracted,0.2841,0.0971,0.1705,0.2591,0.0729,0.1347
10,42,88,939,150,768,468,0.498,341,0,0.6749,0.3454,0.1617,0.1776,0.38,0.4103,0.6698,0.307,0.1525,0.1492,0.35,0.4103,429,0,extracted,0.2841,0.0971,0.1705,0.2591,0.0729,0.1347
10,42,89,939,150,768,468,0.498,341,0,0.6749,0.3454,0.1617,0.1776,0.38,0.4103,0.6698,0.307,0.1525,0.1492,0.35,0.4103,429,0,extracted,0.2841,0.0971,0.1705,0.2591,0.0729,0.1347
10,42,90,939,150,852,517,0.551,383,0,0.6791,0.3429,0.1735,0.17,0.4,0.4359,0.6698,0.307,0.1525,0.1492,0.35,0.4103,429,0,extracted,0.2622,0.093,0.1594,0.2591,0.0729,0.1347
10,42,91,939,150,852,517,0.551,383,0,0.6791,0.3429,0.1735,0.17,0.4,0.4359,0.6698,0.307,0.1525,0.1492,0.35,0.4103,429,0,extracted,0.2622,0.093,0.1594,0.2591,0.0729,0.1347
10,42,92,939,150,852,517,0.551,383,0,0.6791,0.3429,0.1735,0.17,0.4,0.4359,0.6698,0.307,0.1525,0.1492,0.35,0.4103,429,0,extracted,0.2622,0.093,0.1594,0.2591,0.0729,0.1347
10,42,93,939,150,852,517,0.551,383,0,0.6791,0.3429,0.1735,0.17,0.4,0.4359,0.6698,0.307,0.1525,0.1492,0.35,0.4103,429,0,extracted,0.2622,0.093,0.1594,0.2591,0.0729,0.1347
10,42,94,939,150,852,517,0.551,383,0,0.6791,0.3429,0.1735,0.17,0.4,0.4359,0.6698,0.307,0.1525,0.1492,0.35,0.4103,429,0,extracted,0.2622,0.093,0.1594,0.2591,0.0729,0.1347
10,42,95,939,150,852,517,0.551,383,0,0.6791,0.3429,0.1735,0.17,0.4,0.4359,0.6698,0.307,0.1525,0.1492,0.35,0.4103,429,0,extracted,0.2622,0.093,0.1594,0.2591,0.0729,0.1347
10,42,96,939,150,852,517,0.551,383,0,0.6791,0.3429,0.1735,0.17,0.4,0.4359,0.6698,0.307,0.1525,0.1492,0.35,0.4103,429,0,extracted,0.2622,0.093,0.1594,0.2591,0.0729,0.1347
10,42,97,939,150,927,566,0.603,418,0,0.6882,0.3338,0.1759,0.181,0.42,0.4615,0.6698,0.307,0.1525,0.1492,0.35,0.4103,429,0,extracted,0.2654,0.0889,0.1572,0.2591,0.0729,0.1347
10,42,98,939,150,927,566,0.603,418,0,0.6882,0.3338,0.1759,0.181,0.42,0.4615,0.6698,0.307,0.1525,0.1492,0.35,0.4103,429,0,extracted,0.2654,0.0889,0.1572,0.2591,0.0729,0.1347
10,42,99,939,150,927,566,0.603,418,0,0.6882,0.3338,0.1759,0.181,0.42,0.4615,0.6698,0.307,0.1525,0.1492,0.35,0.4103,429,0,extracted,0.2654,0.0889,0.1572,0.2591,0.0729,0.1347
10,42,100,939,150,927,566,0.603,418,0,0.6882,0.3338,0.1759,0.181,0.42,0.4615,0.6698,0.307,0.1525,0.1492,0.35,0.4103,429,0,extracted,0.2654,0.0889,0.1572,0.2591,0.0729,0.1347
11,42,1,785,68,26,26,0.033,12,0,0.6975,0.2766,0.0652,0.2128,0.0462,0.08,0.6814,0.2146,0.1154,0.1034,0.4462,0.64,380,0,extracted,0.2258,0.0,0.1613,0.2329,0.1034,0.1164
11,42,2,785,68,26,26,0.033,12,0,0.6975,0.2766,0.0652,0.2128,0.0462,0.08,0.6814,0.2146,0.1154,0.1034,0.4462,0.64,380,0,extracted,0.2258,0.0,0.1613,0.2329,0.1034,0.1164
11,42,3,785,68,26,26,0.033,12,0,0.6975,0.2766,0.0652,0.2128,0.0462,0.08,0.6814,0.2146,0.1154,0.1034,0.4462,0.64,380,0,extracted,0.2258,0.0,0.1613,0.2329,0.1034,0.1164
11,42,4,785,68,26,26,0.033,12,0,0.6975,0.2766,0.0652,0.2128,0.0462,0.08,0.6814,0.2146,0.1154,0.1034,0.4462,0.64,380,0,extracted,0.2258,0.0,0.1613,0.2329,0.1034,0.1164
11,42,5,785,68,26,26,0.033,12,0,0.6975,0.2766,0.0652,0.2128,0.0462,0.08,0.6814,0.2146,0.1154,0.1034,0.4462,0.64,380,0,extracted,0.2258,0.0,0.1613,0.2329,0.1034,0.1164
11,42,6,785,68,26,26,0.033,12,0,0.6975,0.2766,0.0652,0.2128,0.0462,0.08,0.6814,0.2146,0.1154,0.1034,0.4462,0.64,380,0,extracted,0.2258,0.0,0.1613,0.2329,0.1034,0.1164
11,42,7,785,68,26,26,0.033,12,0,0.6975,0.2766,0.0652,0.2128,0.0462,0.08,0.6814,0.2146,0.1154,0.1034,0.4462,0.64,380,0,extracted,0.2258,0.0,0.1613,0.2329,0.1034,0.1164
11,42,8,785,68,26,26,0.033,12,0,0.6975,0.2766,0.0652,0.2128,0.0462,0.08,0.6814,0.2146,0.1154,0.1034,0.4462,0.64,380,0,extracted,0.2258,0.0,0.1613,0.2329,0.1034,0.1164
11,42,9,785,68,26,26,0.033,12,0,0.6975,0.2766,0.0652,0.2128,0.0462,0.08,0.6814,0.2146,0.1154,0.1034,0.4462,0.64,380,0,extracted,0.2258,0.0,0.1613,0.2329,0.1034,0.1164
11,42,10,785,68,56,49,0.062,24,0,0.6853,0.3248,0.0522,0.1709,0.0462,0.08,0.6814,0.2146,0.1154,0.1034,0.4462,0.64,380,0,extracted,0.2597,0.0,0.1299,0.2329,0.1034,0.1164
11,42,11,785,68,56,49,0.062,24,0,0.6853,0.3248,0.0522,0.1709,0.0462,0.08,0.6814,0.2146,0.1154,0.1034,0.4462,0.64,380,0,extracted,0.2597,0.0,0.1299,0.2329,0.1034,0.1164
11,42,12,785,68,56,49,0.062,24,0,0.6853,0.3248,0.0522,0.1709,0.0462,0.08,0.6814,0.2146,0.1154,0.1034,0.4462,0.64,380,0,extracted,0.2597,0.0,0.1299,0.2329,0.1034,0.1164
11,42,13,785,68,56,49,0.062,24,0,0.6853,0.3248,0.0522,0.1709,0.0462,0.08,0.6814,0.2146,0.1154,0.1034,0.4462,0.64,380,0,extracted,0.2597,0.0,0.1299,0.2329,0.1034,0.1164
11,42,14,785,68,56,49,0.062,24,0,0.6853,0.3248,0.0522,0.1709,0.0462,0.08,0.6814,0.2146,0.1154,0.1034,0.4462,0.64,380,0,extracted,0.2597,0.0,0.1299,0.2329,0.1034,0.1164
11,42,15,785,68,56,49,0.062,24,0,0.6853,0.3248,0.0522,0.1709,0.0462,0.08,0.6814,0.2146,0.1154,0.1034,0.4462,0.64,380,0,extracted,0.2597,0.0,0.1299,0.2329,0.1034,0.1164
11,42,16,785,68,98,57,0.073,42,0,0.7264,0.336,0.1138,0.24,0.1077,0.08,0.6814,0.2146,0.1154,0.1034,0.4462,0.64,380,0,extracted,0.2963,0.0506,0.2469,0.2329,0.1034,0.1164
11,42,17,785,68,98,57,0.073,42,0,0.7264,0.336,0.1138,0.24,0.1077,0.08,0.6814,0.2146,0.1154,0.1034,0.4462,0.64,380,0,extracted,0.2963,0.0506,0.2469,0.2329,0.1034,0.1164
11,42,18,785,68,98,57,0.073,42,0,0.7264,0.336,0.1138,0.24,0.1077,0.08,0.6814,0.2146,0.1154,0.1034,0.4462,0.64,380,0,extracted,0.2963,0.0506,0.2469,0.2329,0.1034,0.1164
11,42,19,785,68,98,57,0.073,42,0,0.7264,0.336,0.1138,0.24,0.1077,0.08,0.6814,0.2146,0.1154,0.1034,0.4462,0.64,380,0,extracted,0.2963,0.0506,0.2469,0.2329,0.1034,0.1164
11,42,20,785,68,98,57,0.073,42,0,0.7264,0.336,0.1138,0.24,0.1077,0.08,0.6814,0.2146,0.1154,0.1034,0.4462,0.64,380,0,extracted,0.2963,0.0506,0.2469,0.2329,0.1034,0.1164
11,42,21,785,68,98,57,0.073,42,0,0.7264,0.336,0.1138,0.24,0.1077,0.08,0.6814,0.2146,0.1154,0.1034,0.4462,0.64,380,0,extracted,0.2963,0.0506,0.2469,0.2329,0.1034,0.1164
11,42,22,785,68,159,85,0.108,73,0,0.7398,0.4605,0.2,0.1711,0.2308,0.4,0.6814,0.2146,0.1154,0.1034,0.4462,0.64,380,0,extracted,0.44,0.1224,0.18,0.2329,0.1034,0.1164
11,42,23,785,68,159,85,0.108,73,0,0.7398,0.4605,0.2,0.1711,0.2308,0.4,0.6814,0.2146,0.1154,0.1034,0.4462,0.64,380,0,extracted,0.44,0.1224,0.18,0.2329,0.1034,0.1164
11,42,24,785,68,159,85,0.108,73,0,0.7398,0.4605,0.2,0.1711,0.2308,0.4,0.6814,0.2146,0.1154,0.1034,0.4462,0.64,380,0,extracted,0.44,0.1224,0.18,0.2329,0.1034,0.1164
11,42,25,785,68,159,85,0.108,73,0,0.7398,0.4605,0.2,0.1711,0.2308,0.4,0.6814,0.2146,0.1154,0.1034,0.4462,0.64,380,0,extracted,0.44,0.1224,0.18,0.2329,0.1034,0.1164
11,42,26,785,68,159,85,0.108,73,0,0.7398,0.4605,0.2,0.1711,0.2308,0.4,0.6814,0.2146,0.1154,0.1034,0.4462,0.64,380,0,extracted,0.44,0.1224,0.18,0.2329,0.1034,0.1164
11,42,27,785,68,159,85,0.108,73,0,0.7398,0.4605,0.2,0.1711,0.2308,0.4,0.6814,0.2146,0.1154,0.1034,0.4462,0.64,380,0,extracted,0.44,0.1224,0.18,0.2329,0.1034,0.1164
11,42,28,785,68,159,85,0.108,73,0,0.7398,0.4605,0.2,0.1711,0.2308,0.4,0.6814,0.2146,0.1154,0.1034,0.4462,0.64,380,0,extracted,0.44,0.1224,0.18,0.2329,0.1034,0.1164
11,42,29,785,68,206,125,0.159,97,0,0.7332,0.4167,0.1789,0.2292,0.2615,0.44,0.6814,0.2146,0.1154,0.1034,0.4462,0.64,380,0,extracted,0.432,0.1301,0.256,0.2329,0.1034,0.1164
11,42,30,785,68,206,125,0.159,97,0,0.7332,0.4167,0.1789,0.2292,0.2615,0.44,0.6814,0.2146,0.1154,0.1034,0.4462,0.64,380,0,extracted,0.432,0.1301,0.256,0.2329,0.1034,0.1164
11,42,31,785,68,206,125,0.159,97,0,0.7332,0.4167,0.1789,0.2292,0.2615,0.44,0.6814,0.2146,0.1154,0.1034,0.4462,0.64,380,0,extracted,0.432,0.1301,0.256,0.2329,0.1034,0.1164
11,42,32,785,68,206,125,0.159,97,0,0.7332,0.4167,0.1789,0.2292,0.2615,0.44,0.6814,0.2146,0.1154,0.1034,0.4462,0.64,380,0,extracted,0.432,0.1301,0.256,0.2329,0.1034,0.1164
11,42,33,785,68,206,125,0.159,97,0,0.7332,0.4167,0.1789,0.2292,0.2615,0.44,0.6814,0.2146,0.1154,0.1034,0.4462,0.64,380,0,extracted,0.432,0.1301,0.256,0.2329,0.1034,0.1164
11,42,34,785,68,206,125,0.159,97,0,0.7332,0.4167,0.1789,0.2292,0.2615,0.44,0.6814,0.2146,0.1154,0.1034,0.4462,0.64,380,0,extracted,0.432,0.1301,0.256,0.2329,0.1034,0.1164
11,42,35,785,68,235,142,0.181,109,0,0.7351,0.3923,0.1739,0.2297,0.2769,0.44,0.6814,0.2146,0.1154,0.1034,0.4462,0.64,380,0,extracted,0.4179,0.1364,0.2537,0.2329,0.1034,0.1164
11,42,36,785,68,235,142,0.181,109,0,0.7351,0.3923,0.1739,0.2297,0.2769,0.44,0.6814,0.2146,0.1154,0.1034,0.4462,0.64,380,0,extracted,0.4179,0.1364,0.2537,0.2329,0.1034,0.1164
11,42,37,785,68,235,142,0.181,109,0,0.7351,0.3923,0.1739,0.2297,0.2769,0.44,0.6814,0.2146,0.1154,0.1034,0.4462,0.64,380,0,extracted,0.4179,0.1364,0.2537,0.2329,0.1034,0.1164
11,42,38,785,68,235,142,0.181,109,0,0.7351,0.3923,0.1739,0.2297,0.2769,0.44,0.6814,0.2146,0.1154,0.1034,0.4462,0.64,380,0,extracted,0.4179,0.1364,0.2537,0.2329,0.1034,0.1164
11,42,39,785,68,235,142,0.181,109,0,0.7351,0.3923,0.1739,0.2297,0.2769,0.44,0.6814,0.2146,0.1154,0.1034,0.4462,0.64,380,0,extracted,0.4179,0.1364,0.2537,0.2329,0.1034,0.1164
11,42,40,785,68,235,142,0.181,109,0,0.7351,0.3923,0.1739,0.2297,0.2769,0.44,0.6814,0.2146,0.1154,0.1034,0.4462,0.64,380,0,extracted,0.4179,0.1364,0.2537,0.2329,0.1034,0.1164
11,42,41,785,68,278,164,0.209,131,0,0.7312,0.381,0.1747,0.1818,0.3077,0.48,0.6814,0.2146,0.1154,0.1034,0.4462,0.64,380,0,extracted,0.3841,0.1342,0.1987,0.2329,0.1034,0.1164
11,42,42,785,68,278,164,0.209,131,0,0.7312,0.381,0.1747,0.1818,0.3077,0.48,0.6814,0.2146,0.1154,0.1034,0.4462,0.64,380,0,extracted,0.3841,0.1342,0.1987,0.2329,0.1034,0.1164
11,42,43,785,68,278,164,0.209,131,0,0.7312,0.381,0.1747,0.1818,0.3077,0.48,0.6814,0.2146,0.1154,0.1034,0.4462,0.64,380,0,extracted,0.3841,0.1342,0.1987,0.2329,0.1034,0.1164
11,42,44,785,68,278,164,0.209,131,0,0.7312,0.381,0.1747,0.1818,0.3077,0.48,0.6814,0.2146,0.1154,0.1034,0.4462,0.64,380,0,extracted,0.3841,0.1342,0.1987,0.2329,0.1034,0.1164
11,42,45,785,68,278,164,0.209,131,0,0.7312,0.381,0.1747,0.1818,0.3077,0.48,0.6814,0.2146,0.1154,0.1034,0.4462,0.64,380,0,extracted,0.3841,0.1342,0.1987,0.2329,0.1034,0.1164
11,42,46,785,68,278,164,0.209,131,0,0.7312,0.381,0.1747,0.1818,0.3077,0.48,0.6814,0.2146,0.1154,0.1034,0.4462,0.64,380,0,extracted,0.3841,0.1342,0.1987,0.2329,0.1034,0.1164
11,42,47,785,68,344,205,0.261,164,0,0.7334,0.375,0.2,0.2132,0.4,0.56,0.6814,0.2146,0.1154,0.1034,0.4462,0.64,380,0,extracted,0.3636,0.1494,0.2045,0.2329,0.1034,0.1164
11,42,48,785,68,344,205,0.261,164,0,0.7334,0.375,0.2,0.2132,0.4,0.56,0.6814,0.2146,0.1154,0.1034,0.4462,0.64,380,0,extracted,0.3636,0.1494,0.2045,0.2329,0.1034,0.1164
11,42,49,785,68,344,205,0.261,164,0,0.7334,0.375,0.2,0.2132,0.4,0.56,0.6814,0.2146,0.1154,0.1034,0.4462,0.64,380,0,extracted,0.3636,0.1494,0.2045,0.2329,0.1034,0.1164
11,42,50,785,68,344,205,0.261,164,0,0.7334,0.375,0.2,0.2132,0.4,0.56,0.6814,0.2146,0.1154,0.1034,0.4462,0.64,380,0,extracted,0.3636,0.1494,0.2045,0.2329,0.1034,0.1164
11,42,51,785,68,344,205,0.261,164,0,0.7334,0.375,0.2,0.2132,0.4,0.56,0.6814,0.2146,0.1154,0.1034,0.4462,0.64,380,0,extracted,0.3636,0.1494,0.2045,0.2329,0.1034,0.1164
11,42,52,785,68,344,205,0.261,164,0,0.7334,0.375,0.2,0.2132,0.4,0.56,0.6814,0.2146,0.1154,0.1034,0.4462,0.64,380,0,extracted,0.3636,0.1494,0.2045,0.2329,0.1034,0.1164
11,42,53,785,68,344,205,0.261,164,0,0.7334,0.375,0.2,0.2132,0.4,0.56,0.6814,0.2146,0.1154,0.1034,0.4462,0.64,380,0,extracted,0.3636,0.1494,0.2045,0.2329,0.1034,0.1164
11,42,54,785,68,400,238,0.303,192,0,0.7513,0.3672,0.198,0.2033,0.4615,0.64,0.6814,0.2146,0.1154,0.1034,0.4462,0.64,380,0,extracted,0.3618,0.1523,0.2211,0.2329,0.1034,0.1164
11,42,55,785,68,400,238,0.303,192,0,0.7513,0.3672,0.198,0.2033,0.4615,0.64,0.6814,0.2146,0.1154,0.1034,0.4462,0.64,380,0,extracted,0.3618,0.1523,0.2211,0.2329,0.1034,0.1164
11,42,56,785,68,400,238,0.303,192,0,0.7513,0.3672,0.198,0.2033,0.4615,0.64,0.6814,0.2146,0.1154,0.1034,0.4462,0.64,380,0,extracted,0.3618,0.1523,0.2211,0.2329,0.1034,0.1164
11,42,57,785,68,400,238,0.303,192,0,0.7513,0.3672,0.198,0.2033,0.4615,0.64,0.6814,0.2146,0.1154,0.1034,0.4462,0.64,380,0,extracted,0.3618,0.1523,0.2211,0.2329,0.1034,0.1164
11,42,58,785,68,400,238,0.303,192,0,0.7513,0.3672,0.198,0.2033,0.4615,0.64,0.6814,0.2146,0.1154,0.1034,0.4462,0.64,380,0,extracted,0.3618,0.1523,0.2211,0.2329,0.1034,0.1164
11,42,59,785,68,400,238,0.303,192,0,0.7513,0.3672,0.198,0.2033,0.4615,0.64,0.6814,0.2146,0.1154,0.1034,0.4462,0.64,380,0,extracted,0.3618,0.1523,0.2211,0.2329,0.1034,0.1164
11,42,60,785,68,447,268,0.341,216,0,0.7243,0.3164,0.1742,0.191,0.4462,0.56,0.6814,0.2146,0.1154,0.1034,0.4462,0.64,380,0,extracted,0.3163,0.1315,0.186,0.2329,0.1034,0.1164
11,42,61,785,68,447,268,0.341,216,0,0.7243,0.3164,0.1742,0.191,0.4462,0.56,0.6814,0.2146,0.1154,0.1034,0.4462,0.64,380,0,extracted,0.3163,0.1315,0.186,0.2329,0.1034,0.1164
11,42,62,785,68,447,268,0.341,216,0,0.7243,0.3164,0.1742,0.191,0.4462,0.56,0.6814,0.2146,0.1154,0.1034,0.4462,0.64,380,0,extracted,0.3163,0.1315,0.186,0.2329,0.1034,0.1164
11,42,63,785,68,447,268,0.341,216,0,0.7243,0.3164,0.1742,0.191,0.4462,0.56,0.6814,0.2146,0.1154,0.1034,0.4462,0.64,380,0,extracted,0.3163,0.1315,0.186,0.2329,0.1034,0.1164
11,42,64,785,68,447,268,0.341,216,0,0.7243,0.3164,0.1742,0.191,0.4462,0.56,0.6814,0.2146,0.1154,0.1034,0.4462,0.64,380,0,extracted,0.3163,0.1315,0.186,0.2329,0.1034,0.1164
11,42,65,785,68,447,268,0.341,216,0,0.7243,0.3164,0.1742,0.191,0.4462,0.56,0.6814,0.2146,0.1154,0.1034,0.4462,0.64,380,0,extracted,0.3163,0.1315,0.186,0.2329,0.1034,0.1164
11,42,66,785,68,497,289,0.368,241,0,0.7216,0.3146,0.1751,0.1573,0.4769,0.64,0.6814,0.2146,0.1154,0.1034,0.4462,0.64,380,0,extracted,0.3186,0.1429,0.177,0.2329,0.1034,0.1164
11,42,67,785,68,497,289,0.368,241,0,0.7216,0.3146,0.1751,0.1573,0.4769,0.64,0.6814,0.2146,0.1154,0.1034,0.4462,0.64,380,0,extracted,0.3186,0.1429,0.177,0.2329,0.1034,0.1164
11,42,68,785,68,497,289,0.368,241,0,0.7216,0.3146,0.1751,0.1573,0.4769,0.64,0.6814,0.2146,0.1154,0.1034,0.4462,0.64,380,0,extracted,0.3186,0.1429,0.177,0.2329,0.1034,0.1164
11,42,69,785,68,497,289,0.368,241,0,0.7216,0.3146,0.1751,0.1573,0.4769,0.64,0.6814,0.2146,0.1154,0.1034,0.4462,0.64,380,0,extracted,0.3186,0.1429,0.177,0.2329,0.1034,0.1164
11,42,70,785,68,497,289,0.368,241,0,0.7216,0.3146,0.1751,0.1573,0.4769,0.64,0.6814,0.2146,0.1154,0.1034,0.4462,0.64,380,0,extracted,0.3186,0.1429,0.177,0.2329,0.1034,0.1164
11,42,71,785,68,497,289,0.368,241,0,0.7216,0.3146,0.1751,0.1573,0.4769,0.64,0.6814,0.2146,0.1154,0.1034,0.4462,0.64,380,0,extracted,0.3186,0.1429,0.177,0.2329,0.1034,0.1164
11,42,72,785,68,558,325,0.414,271,0,0.7276,0.2952,0.1841,0.1781,0.5385,0.64,0.6814,0.2146,0.1154,0.1034,0.4462,0.64,380,0,extracted,0.2823,0.1382,0.1694,0.2329,0.1034,0.1164
11,42,73,785,68,558,325,0.414,271,0,0.7276,0.2952,0.1841,0.1781,0.5385,0.64,0.6814,0.2146,0.1154,0.1034,0.4462,0.64,380,0,extracted,0.2823,0.1382,0.1694,0.2329,0.1034,0.1164
11,42,74,785,68,558,325,0.414,271,0,0.7276,0.2952,0.1841,0.1781,0.5385,0.64,0.6814,0.2146,0.1154,0.1034,0.4462,0.64,380,0,extracted,0.2823,0.1382,0.1694,0.2329,0.1034,0.1164
11,42,75,785,68,558,325,0.414,271,0,0.7276,0.2952,0.1841,0.1781,0.5385,0.64,0.6814,0.2146,0.1154,0.1034,0.4462,0.64,380,0,extracted,0.2823,0.1382,0.1694,0.2329,0.1034,0.1164
11,42,76,785,68,558,325,0.414,271,0,0.7276,0.2952,0.1841,0.1781,0.5385,0.64,0.6814,0.2146,0.1154,0.1034,0.4462,0.64,380,0,extracted,0.2823,0.1382,0.1694,0.2329,0.1034,0.1164
11,42,77,785,68,558,325,0.414,271,0,0.7276,0.2952,0.1841,0.1781,0.5385,0.64,0.6814,0.2146,0.1154,0.1034,0.4462,0.64,380,0,extracted,0.2823,0.1382,0.1694,0.2329,0.1034,0.1164
11,42,78,785,68,558,325,0.414,271,0,0.7276,0.2952,0.1841,0.1781,0.5385,0.64,0.6814,0.2146,0.1154,0.1034,0.4462,0.64,380,0,extracted,0.2823,0.1382,0.1694,0.2329,0.1034,0.1164
11,42,79,785,68,612,356,0.454,291,0,0.7242,0.2736,0.1659,0.1698,0.5231,0.64,0.6814,0.2146,0.1154,0.1034,0.4462,0.64,380,0,extracted,0.2612,0.1203,0.1642,0.2329,0.1034,0.1164
11,42,80,785,68,612,356,0.454,291,0,0.7242,0.2736,0.1659,0.1698,0.5231,0.64,0.6814,0.2146,0.1154,0.1034,0.4462,0.64,380,0,extracted,0.2612,0.1203,0.1642,0.2329,0.1034,0.1164
11,42,81,785,68,612,356,0.454,291,0,0.7242,0.2736,0.1659,0.1698,0.5231,0.64,0.6814,0.2146,0.1154,0.1034,0.4462,0.64,380,0,extracted,0.2612,0.1203,0.1642,0.2329,0.1034,0.1164
11,42,82,785,68,612,356,0.454,291,0,0.7242,0.2736,0.1659,0.1698,0.5231,0.64,0.6814,0.2146,0.1154,0.1034,0.4462,0.64,380,0,extracted,0.2612,0.1203,0.1642,0.2329,0.1034,0.1164
11,42,83,785,68,612,356,0.454,291,0,0.7242,0.2736,0.1659,0.1698,0.5231,0.64,0.6814,0.2146,0.1154,0.1034,0.4462,0.64,380,0,extracted,0.2612,0.1203,0.1642,0.2329,0.1034,0.1164
11,42,84,785,68,612,356,0.454,291,0,0.7242,0.2736,0.1659,0.1698,0.5231,0.64,0.6814,0.2146,0.1154,0.1034,0.4462,0.64,380,0,extracted,0.2612,0.1203,0.1642,0.2329,0.1034,0.1164
11,42,85,785,68,671,408,0.52,325,0,0.6998,0.2237,0.1123,0.129,0.3846,0.52,0.6814,0.2146,0.1154,0.1034,0.4462,0.64,380,0,extracted,0.223,0.0772,0.1394,0.2329,0.1034,0.1164
11,42,86,785,68,671,408,0.52,325,0,0.6998,0.2237,0.1123,0.129,0.3846,0.52,0.6814,0.2146,0.1154,0.1034,0.4462,0.64,380,0,extracted,0.223,0.0772,0.1394,0.2329,0.1034,0.1164
11,42,87,785,68,671,408,0.52,325,0,0.6998,0.2237,0.1123,0.129,0.3846,0.52,0.6814,0.2146,0.1154,0.1034,0.4462,0.64,380,0,extracted,0.223,0.0772,0.1394,0.2329,0.1034,0.1164
11,42,88,785,68,671,408,0.52,325,0,0.6998,0.2237,0.1123,0.129,0.3846,0.52,0.6814,0.2146,0.1154,0.1034,0.4462,0.64,380,0,extracted,0.223,0.0772,0.1394,0.2329,0.1034,0.1164
11,42,89,785,68,671,408,0.52,325,0,0.6998,0.2237,0.1123,0.129,0.3846,0.52,0.6814,0.2146,0.1154,0.1034,0.4462,0.64,380,0,extracted,0.223,0.0772,0.1394,0.2329,0.1034,0.1164
11,42,90,785,68,671,408,0.52,325,0,0.6998,0.2237,0.1123,0.129,0.3846,0.52,0.6814,0.2146,0.1154,0.1034,0.4462,0.64,380,0,extracted,0.223,0.0772,0.1394,0.2329,0.1034,0.1164
11,42,91,785,68,735,436,0.555,358,0,0.7149,0.224,0.135,0.1344,0.4923,0.64,0.6814,0.2146,0.1154,0.1034,0.4462,0.64,380,0,extracted,0.2305,0.1024,0.1492,0.2329,0.1034,0.1164
11,42,92,785,68,735,436,0.555,358,0,0.7149,0.224,0.135,0.1344,0.4923,0.64,0.6814,0.2146,0.1154,0.1034,0.4462,0.64,380,0,extracted,0.2305,0.1024,0.1492,0.2329,0.1034,0.1164
11,42,93,785,68,735,436,0.555,358,0,0.7149,0.224,0.135,0.1344,0.4923,0.64,0.6814,0.2146,0.1154,0.1034,0.4462,0.64,380,0,extracted,0.2305,0.1024,0.1492,0.2329,0.1034,0.1164
11,42,94,785,68,735,436,0.555,358,0,0.7149,0.224,0.135,0.1344,0.4923,0.64,0.6814,0.2146,0.1154,0.1034,0.4462,0.64,380,0,extracted,0.2305,0.1024,0.1492,0.2329,0.1034,0.1164
11,42,95,785,68,735,436,0.555,358,0,0.7149,0.224,0.135,0.1344,0.4923,0.64,0.6814,0.2146,0.1154,0.1034,0.4462,0.64,380,0,extracted,0.2305,0.1024,0.1492,0.2329,0.1034,0.1164
11,42,96,785,68,735,436,0.555,358,0,0.7149,0.224,0.135,0.1344,0.4923,0.64,0.6814,0.2146,0.1154,0.1034,0.4462,0.64,380,0,extracted,0.2305,0.1024,0.1492,0.2329,0.1034,0.1164
11,42,97,785,68,776,468,0.596,374,0,0.6942,0.215,0.131,0.1152,0.5077,0.64,0.6814,0.2146,0.1154,0.1034,0.4462,0.64,380,0,extracted,0.2303,0.1258,0.1184,0.2329,0.1034,0.1164
11,42,98,785,68,776,468,0.596,374,0,0.6942,0.215,0.131,0.1152,0.5077,0.64,0.6814,0.2146,0.1154,0.1034,0.4462,0.64,380,0,extracted,0.2303,0.1258,0.1184,0.2329,0.1034,0.1164
11,42,99,785,68,776,468,0.596,374,0,0.6942,0.215,0.131,0.1152,0.5077,0.64,0.6814,0.2146,0.1154,0.1034,0.4462,0.64,380,0,extracted,0.2303,0.1258,0.1184,0.2329,0.1034,0.1164
11,42,100,785,68,776,468,0.596,374,0,0.6942,0.215,0.131,0.1152,0.5077,0.64,0.6814,0.2146,0.1154,0.1034,0.4462,0.64,380,0,extracted,0.2303,0.1258,0.1184,0.2329,0.1034,0.1164
12,42,1,802,95,14,16,0.02,10,0,0.5888,0.0901,0.0183,0.0721,0.0109,0.0,0.64,0.2403,0.1028,0.1307,0.3043,0.3929,404,0,extracted,0.0317,0.0,0.0317,0.1941,0.071,0.1235
12,42,2,802,95,14,16,0.02,10,0,0.5888,0.0901,0.0183,0.0721,0.0109,0.0,0.64,0.2403,0.1028,0.1307,0.3043,0.3929,404,0,extracted,0.0317,0.0,0.0317,0.1941,0.071,0.1235
12,42,3,802,95,14,16,0.02,10,0,0.5888,0.0901,0.0183,0.0721,0.0109,0.0,0.64,0.2403,0.1028,0.1307,0.3043,0.3929,404,0,extracted,0.0317,0.0,0.0317,0.1941,0.071,0.1235
12,42,4,802,95,14,16,0.02,10,0,0.5888,0.0901,0.0183,0.0721,0.0109,0.0,0.64,0.2403,0.1028,0.1307,0.3043,0.3929,404,0,extracted,0.0317,0.0,0.0317,0.1941,0.071,0.1235
12,42,5,802,95,14,16,0.02,10,0,0.5888,0.0901,0.0183,0.0721,0.0109,0.0,0.64,0.2403,0.1028,0.1307,0.3043,0.3929,404,0,extracted,0.0317,0.0,0.0317,0.1941,0.071,0.1235
12,42,6,802,95,14,16,0.02,10,0,0.5888,0.0901,0.0183,0.0721,0.0109,0.0,0.64,0.2403,0.1028,0.1307,0.3043,0.3929,404,0,extracted,0.0317,0.0,0.0317,0.1941,0.071,0.1235
12,42,7,802,95,14,16,0.02,10,0,0.5888,0.0901,0.0183,0.0721,0.0109,0.0,0.64,0.2403,0.1028,0.1307,0.3043,0.3929,404,0,extracted,0.0317,0.0,0.0317,0.1941,0.071,0.1235
12,42,8,802,95,14,16,0.02,10,0,0.5888,0.0901,0.0183,0.0721,0.0109,0.0,0.64,0.2403,0.1028,0.1307,0.3043,0.3929,404,0,extracted,0.0317,0.0,0.0317,0.1941,0.071,0.1235
12,42,9,802,95,14,16,0.02,10,0,0.5888,0.0901,0.0183,0.0721,0.0109,0.0,0.64,0.2403,0.1028,0.1307,0.3043,0.3929,404,0,extracted,0.0317,0.0,0.0317,0.1941,0.071,0.1235
12,42,10,802,95,37,37,0.046,20,0,0.6297,0.2576,0.1077,0.197,0.0761,0.0714,0.64,0.2403,0.1028,0.1307,0.3043,0.3929,404,0,extracted,0.1892,0.0833,0.1622,0.1941,0.071,0.1235
12,42,11,802,95,37,37,0.046,20,0,0.6297,0.2576,0.1077,0.197,0.0761,0.0714,0.64,0.2403,0.1028,0.1307,0.3043,0.3929,404,0,extracted,0.1892,0.0833,0.1622,0.1941,0.071,0.1235
12,42,12,802,95,37,37,0.046,20,0,0.6297,0.2576,0.1077,0.197,0.0761,0.0714,0.64,0.2403,0.1028,0.1307,0.3043,0.3929,404,0,extracted,0.1892,0.0833,0.1622,0.1941,0.071,0.1235
12,42,13,802,95,37,37,0.046,20,0,0.6297,0.2576,0.1077,0.197,0.0761,0.0714,0.64,0.2403,0.1028,0.1307,0.3043,0.3929,404,0,extracted,0.1892,0.0833,0.1622,0.1941,0.071,0.1235
12,42,14,802,95,37,37,0.046,20,0,0.6297,0.2576,0.1077,0.197,0.0761,0.0714,0.64,0.2403,0.1028,0.1307,0.3043,0.3929,404,0,extracted,0.1892,0.0833,0.1622,0.1941,0.071,0.1235
12,42,15,802,95,37,37,0.046,20,0,0.6297,0.2576,0.1077,0.197,0.0761,0.0714,0.64,0.2403,0.1028,0.1307,0.3043,0.3929,404,0,extracted,0.1892,0.0833,0.1622,0.1941,0.071,0.1235
12,42,16,802,95,37,37,0.046,20,0,0.6297,0.2576,0.1077,0.197,0.0761,0.0714,0.64,0.2403,0.1028,0.1307,0.3043,0.3929,404,0,extracted,0.1892,0.0833,0.1622,0.1941,0.071,0.1235
12,42,17,802,95,72,40,0.05,38,0,0.6447,0.237,0.1353,0.1333,0.0978,0.1071,0.64,0.2403,0.1028,0.1307,0.3043,0.3929,404,0,extracted,0.2963,0.1266,0.1975,0.1941,0.071,0.1235
12,42,18,802,95,72,40,0.05,38,0,0.6447,0.237,0.1353,0.1333,0.0978,0.1071,0.64,0.2403,0.1028,0.1307,0.3043,0.3929,404,0,extracted,0.2963,0.1266,0.1975,0.1941,0.071,0.1235
12,42,19,802,95,72,40,0.05,38,0,0.6447,0.237,0.1353,0.1333,0.0978,0.1071,0.64,0.2403,0.1028,0.1307,0.3043,0.3929,404,0,extracted,0.2963,0.1266,0.1975,0.1941,0.071,0.1235
12,42,20,802,95,72,40,0.05,38,0,0.6447,0.237,0.1353,0.1333,0.0978,0.1071,0.64,0.2403,0.1028,0.1307,0.3043,0.3929,404,0,extracted,0.2963,0.1266,0.1975,0.1941,0.071,0.1235
12,42,21,802,95,72,40,0.05,38,0,0.6447,0.237,0.1353,0.1333,0.0978,0.1071,0.64,0.2403,0.1028,0.1307,0.3043,0.3929,404,0,extracted,0.2963,0.1266,0.1975,0.1941,0.071,0.1235
12,42,22,802,95,72,40,0.05,38,0,0.6447,0.237,0.1353,0.1333,0.0978,0.1071,0.64,0.2403,0.1028,0.1307,0.3043,0.3929,404,0,extracted,0.2963,0.1266,0.1975,0.1941,0.071,0.1235
12,42,23,802,95,72,40,0.05,38,0,0.6447,0.237,0.1353,0.1333,0.0978,0.1071,0.64,0.2403,0.1028,0.1307,0.3043,0.3929,404,0,extracted,0.2963,0.1266,0.1975,0.1941,0.071,0.1235
12,42,24,802,95,113,68,0.085,60,0,0.6466,0.2454,0.0745,0.1104,0.0652,0.0714,0.64,0.2403,0.1028,0.1307,0.3043,0.3929,404,0,extracted,0.268,0.0842,0.1649,0.1941,0.071,0.1235
12,42,25,802,95,113,68,0.085,60,0,0.6466,0.2454,0.0745,0.1104,0.0652,0.0714,0.64,0.2403,0.1028,0.1307,0.3043,0.3929,404,0,extracted,0.268,0.0842,0.1649,0.1941,0.071,0.1235
12,42,26,802,95,113,68,0.085,60,0,0.6466,0.2454,0.0745,0.1104,0.0652,0.0714,0.64,0.2403,0.1028,0.1307,0.3043,0.3929,404,0,extracted,0.268,0.0842,0.1649,0.1941,0.071,0.1235
12,42,27,802,95,113,68,0.085,60,0,0.6466,0.2454,0.0745,0.1104,0.0652,0.0714,0.64,0.2403,0.1028,0.1307,0.3043,0.3929,404,0,extracted,0.268,0.0842,0.1649,0.1941,0.071,0.1235
12,42,28,802,95,113,68,0.085,60,0,0.6466,0.2454,0.0745,0.1104,0.0652,0.0714,0.64,0.2403,0.1028,0.1307,0.3043,0.3929,404,0,extracted,0.268,0.0842,0.1649,0.1941,0.071,0.1235
12,42,29,802,95,113,68,0.085,60,0,0.6466,0.2454,0.0745,0.1104,0.0652,0.0714,0.64,0.2403,0.1028,0.1307,0.3043,0.3929,404,0,extracted,0.268,0.0842,0.1649,0.1941,0.071,0.1235
12,42,30,802,95,113,68,0.085,60,0,0.6466,0.2454,0.0745,0.1104,0.0652,0.0714,0.64,0.2403,0.1028,0.1307,0.3043,0.3929,404,0,extracted,0.268,0.0842,0.1649,0.1941,0.071,0.1235
12,42,31,802,95,180,107,0.133,98,0,0.69,0.4158,0.15,0.198,0.163,0.2143,0.64,0.2403,0.1028,0.1307,0.3043,0.3929,404,0,extracted,0.3509,0.125,0.2456,0.1941,0.071,0.1235
12,42,32,802,95,180,107,0.133,98,0,0.69,0.4158,0.15,0.198,0.163,0.2143,0.64,0.2403,0.1028,0.1307,0.3043,0.3929,404,0,extracted,0.3509,0.125,0.2456,0.1941,0.071,0.1235
12,42,33,802,95,180,107,0.133,98,0,0.69,0.4158,0.15,0.198,0.163,0.2143,0.64,0.2403,0.1028,0.1307,0.3043,0.3929,404,0,extracted,0.3509,0.125,0.2456,0.1941,0.071,0.1235
12,42,34,802,95,180,107,0.133,98,0,0.69,0.4158,0.15,0.198,0.163,0.2143,0.64,0.2403,0.1028,0.1307,0.3043,0.3929,404,0,extracted,0.3509,0.125,0.2456,0.1941,0.071,0.1235
12,42,35,802,95,180,107,0.133,98,0,0.69,0.4158,0.15,0.198,0.163,0.2143,0.64,0.2403,0.1028,0.1307,0.3043,0.3929,404,0,extracted,0.3509,0.125,0.2456,0.1941,0.071,0.1235
12,42,36,802,95,180,107,0.133,98,0,0.69,0.4158,0.15,0.198,0.163,0.2143,0.64,0.2403,0.1028,0.1307,0.3043,0.3929,404,0,extracted,0.3509,0.125,0.2456,0.1941,0.071,0.1235
12,42,37,802,95,211,129,0.161,114,0,0.671,0.4375,0.1622,0.1607,0.1848,0.2857,0.64,0.2403,0.1028,0.1307,0.3043,0.3929,404,0,extracted,0.3939,0.1385,0.197,0.1941,0.071,0.1235
12,42,38,802,95,211,129,0.161,114,0,0.671,0.4375,0.1622,0.1607,0.1848,0.2857,0.64,0.2403,0.1028,0.1307,0.3043,0.3929,404,0,extracted,0.3939,0.1385,0.197,0.1941,0.071,0.1235
12,42,39,802,95,211,129,0.161,114,0,0.671,0.4375,0.1622,0.1607,0.1848,0.2857,0.64,0.2403,0.1028,0.1307,0.3043,0.3929,404,0,extracted,0.3939,0.1385,0.197,0.1941,0.071,0.1235
12,42,40,802,95,211,129,0.161,114,0,0.671,0.4375,0.1622,0.1607,0.1848,0.2857,0.64,0.2403,0.1028,0.1307,0.3043,0.3929,404,0,extracted,0.3939,0.1385,0.197,0.1941,0.071,0.1235
12,42,41,802,95,211,129,0.161,114,0,0.671,0.4375,0.1622,0.1607,0.1848,0.2857,0.64,0.2403,0.1028,0.1307,0.3043,0.3929,404,0,extracted,0.3939,0.1385,0.197,0.1941,0.071,0.1235
12,42,42,802,95,211,129,0.161,114,0,0.671,0.4375,0.1622,0.1607,0.1848,0.2857,0.64,0.2403,0.1028,0.1307,0.3043,0.3929,404,0,extracted,0.3939,0.1385,0.197,0.1941,0.071,0.1235
12,42,43,802,95,211,129,0.161,114,0,0.671,0.4375,0.1622,0.1607,0.1848,0.2857,0.64,0.2403,0.1028,0.1307,0.3043,0.3929,404,0,extracted,0.3939,0.1385,0.197,0.1941,0.071,0.1235
12,42,44,802,95,259,162,0.202,136,0,0.676,0.3969,0.2118,0.179,0.2826,0.3571,0.64,0.2403,0.1028,0.1307,0.3043,0.3929,404,0,extracted,0.3671,0.1282,0.2025,0.1941,0.071,0.1235
12,42,45,802,95,259,162,0.202,136,0,0.676,0.3969,0.2118,0.179,0.2826,0.3571,0.64,0.2403,0.1028,0.1307,0.3043,0.3929,404,0,extracted,0.3671,0.1282,0.2025,0.1941,0.071,0.1235
12,42,46,802,95,259,162,0.202,136,0,0.676,0.3969,0.2118,0.179,0.2826,0.3571,0.64,0.2403,0.1028,0.1307,0.3043,0.3929,404,0,extracted,0.3671,0.1282,0.2025,0.1941,0.071,0.1235
12,42,47,802,95,259,162,0.202,136,0,0.676,0.3969,0.2118,0.179,0.2826,0.3571,0.64,0.2403,0.1028,0.1307,0.3043,0.3929,404,0,extracted,0.3671,0.1282,0.2025,0.1941,0.071,0.1235
12,42,48,802,95,259,162,0.202,136,0,0.676,0.3969,0.2118,0.179,0.2826,0.3571,0.64,0.2403,0.1028,0.1307,0.3043,0.3929,404,0,extracted,0.3671,0.1282,0.2025,0.1941,0.071,0.1235
12,42,49,802,95,259,162,0.202,136,0,0.676,0.3969,0.2118,0.179,0.2826,0.3571,0.64,0.2403,0.1028,0.1307,0.3043,0.3929,404,0,extracted,0.3671,0.1282,0.2025,0.1941,0.071,0.1235
12,42,50,802,95,310,189,0.236,158,0,0.6632,0.3803,0.1489,0.1479,0.2174,0.3214,0.64,0.2403,0.1028,0.1307,0.3043,0.3929,404,0,extracted,0.339,0.1143,0.1921,0.1941,0.071,0.1235
12,42,51,802,95,310,189,0.236,158,0,0.6632,0.3803,0.1489,0.1479,0.2174,0.3214,0.64,0.2403,0.1028,0.1307,0.3043,0.3929,404,0,extracted,0.339,0.1143,0.1921,0.1941,0.071,0.1235
12,42,52,802,95,310,189,0.236,158,0,0.6632,0.3803,0.1489,0.1479,0.2174,0.3214,0.64,0.2403,0.1028,0.1307,0.3043,0.3929,404,0,extracted,0.339,0.1143,0.1921,0.1941,0.071,0.1235
12,42,53,802,95,310,189,0.236,158,0,0.6632,0.3803,0.1489,0.1479,0.2174,0.3214,0.64,0.2403,0.1028,0.1307,0.3043,0.3929,404,0,extracted,0.339,0.1143,0.1921,0.1941,0.071,0.1235
12,42,54,802,95,310,189,0.236,158,0,0.6632,0.3803,0.1489,0.1479,0.2174,0.3214,0.64,0.2403,0.1028,0.1307,0.3043,0.3929,404,0,extracted,0.339,0.1143,0.1921,0.1941,0.071,0.1235
12,42,55,802,95,310,189,0.236,158,0,0.6632,0.3803,0.1489,0.1479,0.2174,0.3214,0.64,0.2403,0.1028,0.1307,0.3043,0.3929,404,0,extracted,0.339,0.1143,0.1921,0.1941,0.071,0.1235
12,42,56,802,95,310,189,0.236,158,0,0.6632,0.3803,0.1489,0.1479,0.2174,0.3214,0.64,0.2403,0.1028,0.1307,0.3043,0.3929,404,0,extracted,0.339,0.1143,0.1921,0.1941,0.071,0.1235
12,42,57,802,95,395,230,0.287,198,0,0.6747,0.358,0.118,0.142,0.1957,0.25,0.64,0.2403,0.1028,0.1307,0.3043,0.3929,404,0,extracted,0.2814,0.1015,0.1608,0.1941,0.071,0.1235
12,42,58,802,95,395,230,0.287,198,0,0.6747,0.358,0.118,0.142,0.1957,0.25,0.64,0.2403,0.1028,0.1307,0.3043,0.3929,404,0,extracted,0.2814,0.1015,0.1608,0.1941,0.071,0.1235
12,42,59,802,95,395,230,0.287,198,0,0.6747,0.358,0.118,0.142,0.1957,0.25,0.64,0.2403,0.1028,0.1307,0.3043,0.3929,404,0,extracted,0.2814,0.1015,0.1608,0.1941,0.071,0.1235
12,42,60,802,95,395,230,0.287,198,0,0.6747,0.358,0.118,0.142,0.1957,0.25,0.64,0.2403,0.1028,0.1307,0.3043,0.3929,404,0,extracted,0.2814,0.1015,0.1608,0.1941,0.071,0.1235
12,42,61,802,95,395,230,0.287,198,0,0.6747,0.358,0.118,0.142,0.1957,0.25,0.64,0.2403,0.1028,0.1307,0.3043,0.3929,404,0,extracted,0.2814,0.1015,0.1608,0.1941,0.071,0.1235
12,42,62,802,95,395,230,0.287,198,0,0.6747,0.358,0.118,0.142,0.1957,0.25,0.64,0.2403,0.1028,0.1307,0.3043,0.3929,404,0,extracted,0.2814,0.1015,0.1608,0.1941,0.071,0.1235
12,42,63,802,95,395,230,0.287,198,0,0.6747,0.358,0.118,0.142,0.1957,0.25,0.64,0.2403,0.1028,0.1307,0.3043,0.3929,404,0,extracted,0.2814,0.1015,0.1608,0.1941,0.071,0.1235
12,42,64,802,95,481,290,0.362,239,0,0.6814,0.3864,0.21,0.2141,0.413,0.5,0.64,0.2403,0.1028,0.1307,0.3043,0.3929,404,0,extracted,0.3203,0.1135,0.1732,0.1941,0.071,0.1235
12,42,65,802,95,481,290,0.362,239,0,0.6814,0.3864,0.21,0.2141,0.413,0.5,0.64,0.2403,0.1028,0.1307,0.3043,0.3929,404,0,extracted,0.3203,0.1135,0.1732,0.1941,0.071,0.1235
12,42,66,802,95,481,290,0.362,239,0,0.6814,0.3864,0.21,0.2141,0.413,0.5,0.64,0.2403,0.1028,0.1307,0.3043,0.3929,404,0,extracted,0.3203,0.1135,0.1732,0.1941,0.071,0.1235
12,42,67,802,95,481,290,0.362,239,0,0.6814,0.3864,0.21,0.2141,0.413,0.5,0.64,0.2403,0.1028,0.1307,0.3043,0.3929,404,0,extracted,0.3203,0.1135,0.1732,0.1941,0.071,0.1235
12,42,68,802,95,481,290,0.362,239,0,0.6814,0.3864,0.21,0.2141,0.413,0.5,0.64,0.2403,0.1028,0.1307,0.3043,0.3929,404,0,extracted,0.3203,0.1135,0.1732,0.1941,0.071,0.1235
12,42,69,802,95,481,290,0.362,239,0,0.6814,0.3864,0.21,0.2141,0.413,0.5,0.64,0.2403,0.1028,0.1307,0.3043,0.3929,404,0,extracted,0.3203,0.1135,0.1732,0.1941,0.071,0.1235
12,42,70,802,95,481,290,0.362,239,0,0.6814,0.3864,0.21,0.2141,0.413,0.5,0.64,0.2403,0.1028,0.1307,0.3043,0.3929,404,0,extracted,0.3203,0.1135,0.1732,0.1941,0.071,0.1235
12,42,71,802,95,546,335,0.418,270,0,0.6588,0.3178,0.169,0.1262,0.3804,0.4643,0.64,0.2403,0.1028,0.1307,0.3043,0.3929,404,0,extracted,0.2556,0.0985,0.1429,0.1941,0.071,0.1235
12,42,72,802,95,546,335,0.418,270,0,0.6588,0.3178,0.169,0.1262,0.3804,0.4643,0.64,0.2403,0.1028,0.1307,0.3043,0.3929,404,0,extracted,0.2556,0.0985,0.1429,0.1941,0.071,0.1235
12,42,73,802,95,546,335,0.418,270,0,0.6588,0.3178,0.169,0.1262,0.3804,0.4643,0.64,0.2403,0.1028,0.1307,0.3043,0.3929,404,0,extracted,0.2556,0.0985,0.1429,0.1941,0.071,0.1235
12,42,74,802,95,546,335,0.418,270,0,0.6588,0.3178,0.169,0.1262,0.3804,0.4643,0.64,0.2403,0.1028,0.1307,0.3043,0.3929,404,0,extracted,0.2556,0.0985,0.1429,0.1941,0.071,0.1235
12,42,75,802,95,546,335,0.418,270,0,0.6588,0.3178,0.169,0.1262,0.3804,0.4643,0.64,0.2403,0.1028,0.1307,0.3043,0.3929,404,0,extracted,0.2556,0.0985,0.1429,0.1941,0.071,0.1235
12,42,76,802,95,546,335,0.418,270,0,0.6588,0.3178,0.169,0.1262,0.3804,0.4643,0.64,0.2403,0.1028,0.1307,0.3043,0.3929,404,0,extracted,0.2556,0.0985,0.1429,0.1941,0.071,0.1235
12,42,77,802,95,582,360,0.449,293,0,0.6711,0.3091,0.1508,0.1369,0.3478,0.4643,0.64,0.2403,0.1028,0.1307,0.3043,0.3929,404,0,extracted,0.2527,0.0945,0.1588,0.1941,0.071,0.1235
12,42,78,802,95,582,360,0.449,293,0,0.6711,0.3091,0.1508,0.1369,0.3478,0.4643,0.64,0.2403,0.1028,0.1307,0.3043,0.3929,404,0,extracted,0.2527,0.0945,0.1588,0.1941,0.071,0.1235
12,42,79,802,95,582,360,0.449,293,0,0.6711,0.3091,0.1508,0.1369,0.3478,0.4643,0.64,0.2403,0.1028,0.1307,0.3043,0.3929,404,0,extracted,0.2527,0.0945,0.1588,0.1941,0.071,0.1235
12,42,80,802,95,582,360,0.449,293,0,0.6711,0.3091,0.1508,0.1369,0.3478,0.4643,0.64,0.2403,0.1028,0.1307,0.3043,0.3929,404,0,extracted,0.2527,0.0945,0.1588,0.1941,0.071,0.1235
12,42,81,802,95,582,360,0.449,293,0,0.6711,0.3091,0.1508,0.1369,0.3478,0.4643,0.64,0.2403,0.1028,0.1307,0.3043,0.3929,404,0,extracted,0.2527,0.0945,0.1588,0.1941,0.071,0.1235
12,42,82,802,95,582,360,0.449,293,0,0.6711,0.3091,0.1508,0.1369,0.3478,0.4643,0.64,0.2403,0.1028,0.1307,0.3043,0.3929,404,0,extracted,0.2527,0.0945,0.1588,0.1941,0.071,0.1235
12,42,83,802,95,582,360,0.449,293,0,0.6711,0.3091,0.1508,0.1369,0.3478,0.4643,0.64,0.2403,0.1028,0.1307,0.3043,0.3929,404,0,extracted,0.2527,0.0945,0.1588,0.1941,0.071,0.1235
12,42,84,802,95,640,383,0.478,325,0,0.6657,0.3158,0.1607,0.1558,0.3913,0.5,0.64,0.2403,0.1028,0.1307,0.3043,0.3929,404,0,extracted,0.2555,0.0882,0.1606,0.1941,0.071,0.1235
12,42,85,802,95,640,383,0.478,325,0,0.6657,0.3158,0.1607,0.1558,0.3913,0.5,0.64,0.2403,0.1028,0.1307,0.3043,0.3929,404,0,extracted,0.2555,0.0882,0.1606,0.1941,0.071,0.1235
12,42,86,802,95,640,383,0.478,325,0,0.6657,0.3158,0.1607,0.1558,0.3913,0.5,0.64,0.2403,0.1028,0.1307,0.3043,0.3929,404,0,extracted,0.2555,0.0882,0.1606,0.1941,0.071,0.1235
12,42,87,802,95,640,383,0.478,325,0,0.6657,0.3158,0.1607,0.1558,0.3913,0.5,0.64,0.2403,0.1028,0.1307,0.3043,0.3929,404,0,extracted,0.2555,0.0882,0.1606,0.1941,0.071,0.1235
12,42,88,802,95,640,383,0.478,325,0,0.6657,0.3158,0.1607,0.1558,0.3913,0.5,0.64,0.2403,0.1028,0.1307,0.3043,0.3929,404,0,extracted,0.2555,0.0882,0.1606,0.1941,0.071,0.1235
12,42,89,802,95,640,383,0.478,325,0,0.6657,0.3158,0.1607,0.1558,0.3913,0.5,0.64,0.2403,0.1028,0.1307,0.3043,0.3929,404,0,extracted,0.2555,0.0882,0.1606,0.1941,0.071,0.1235
12,42,90,802,95,716,421,0.525,358,0,0.6589,0.2806,0.1489,0.1443,0.3804,0.5,0.64,0.2403,0.1028,0.1307,0.3043,0.3929,404,0,extracted,0.2671,0.0873,0.1516,0.1941,0.071,0.1235
12,42,91,802,95,716,421,0.525,358,0,0.6589,0.2806,0.1489,0.1443,0.3804,0.5,0.64,0.2403,0.1028,0.1307,0.3043,0.3929,404,0,extracted,0.2671,0.0873,0.1516,0.1941,0.071,0.1235
12,42,92,802,95,716,421,0.525,358,0,0.6589,0.2806,0.1489,0.1443,0.3804,0.5,0.64,0.2403,0.1028,0.1307,0.3043,0.3929,404,0,extracted,0.2671,0.0873,0.1516,0.1941,0.071,0.1235
12,42,93,802,95,716,421,0.525,358,0,0.6589,0.2806,0.1489,0.1443,0.3804,0.5,0.64,0.2403,0.1028,0.1307,0.3043,0.3929,404,0,extracted,0.2671,0.0873,0.1516,0.1941,0.071,0.1235
12,42,94,802,95,716,421,0.525,358,0,0.6589,0.2806,0.1489,0.1443,0.3804,0.5,0.64,0.2403,0.1028,0.1307,0.3043,0.3929,404,0,extracted,0.2671,0.0873,0.1516,0.1941,0.071,0.1235
12,42,95,802,95,716,421,0.525,358,0,0.6589,0.2806,0.1489,0.1443,0.3804,0.5,0.64,0.2403,0.1028,0.1307,0.3043,0.3929,404,0,extracted,0.2671,0.0873,0.1516,0.1941,0.071,0.1235
12,42,96,802,95,716,421,0.525,358,0,0.6589,0.2806,0.1489,0.1443,0.3804,0.5,0.64,0.2403,0.1028,0.1307,0.3043,0.3929,404,0,extracted,0.2671,0.0873,0.1516,0.1941,0.071,0.1235
12,42,97,802,95,794,493,0.615,397,0,0.6451,0.2568,0.1203,0.1336,0.3587,0.5,0.64,0.2403,0.1028,0.1307,0.3043,0.3929,404,0,extracted,0.2027,0.0716,0.137,0.1941,0.071,0.1235
12,42,98,802,95,794,493,0.615,397,0,0.6451,0.2568,0.1203,0.1336,0.3587,0.5,0.64,0.2403,0.1028,0.1307,0.3043,0.3929,404,0,extracted,0.2027,0.0716,0.137,0.1941,0.071,0.1235
12,42,99,802,95,794,493,0.615,397,0,0.6451,0.2568,0.1203,0.1336,0.3587,0.5,0.64,0.2403,0.1028,0.1307,0.3043,0.3929,404,0,extracted,0.2027,0.0716,0.137,0.1941,0.071,0.1235
12,42,100,802,95,794,493,0.615,397,0,0.6451,0.2568,0.1203,0.1336,0.3587,0.5,0.64,0.2403,0.1028,0.1307,0.3043,0.3929,404,0,extracted,0.2027,0.0716,0.137,0.1941,0.071,0.1235
13,42,1,1069,162,18,21,0.02,11,0,0.6072,0.0884,0.0,0.0773,0.0,0.0,0.7439,0.344,0.2433,0.176,0.53,0.6053,464,0,extracted,0.0877,0.0,0.0877,0.3744,0.2,0.2038
13,42,2,1069,162,18,21,0.02,11,0,0.6072,0.0884,0.0,0.0773,0.0,0.0,0.7439,0.344,0.2433,0.176,0.53,0.6053,464,0,extracted,0.0877,0.0,0.0877,0.3744,0.2,0.2038
13,42,3,1069,162,18,21,0.02,11,0,0.6072,0.0884,0.0,0.0773,0.0,0.0,0.7439,0.344,0.2433,0.176,0.53,0.6053,464,0,extracted,0.0877,0.0,0.0877,0.3744,0.2,0.2038
13,42,4,1069,162,18,21,0.02,11,0,0.6072,0.0884,0.0,0.0773,0.0,0.0,0.7439,0.344,0.2433,0.176,0.53,0.6053,464,0,extracted,0.0877,0.0,0.0877,0.3744,0.2,0.2038
13,42,5,1069,162,18,21,0.02,11,0,0.6072,0.0884,0.0,0.0773,0.0,0.0,0.7439,0.344,0.2433,0.176,0.53,0.6053,464,0,extracted,0.0877,0.0,0.0877,0.3744,0.2,0.2038
13,42,6,1069,162,18,21,0.02,11,0,0.6072,0.0884,0.0,0.0773,0.0,0.0,0.7439,0.344,0.2433,0.176,0.53,0.6053,464,0,extracted,0.0877,0.0,0.0877,0.3744,0.2,0.2038
13,42,7,1069,162,18,21,0.02,11,0,0.6072,0.0884,0.0,0.0773,0.0,0.0,0.7439,0.344,0.2433,0.176,0.53,0.6053,464,0,extracted,0.0877,0.0,0.0877,0.3744,0.2,0.2038
13,42,8,1069,162,18,21,0.02,11,0,0.6072,0.0884,0.0,0.0773,0.0,0.0,0.7439,0.344,0.2433,0.176,0.53,0.6053,464,0,extracted,0.0877,0.0,0.0877,0.3744,0.2,0.2038
13,42,9,1069,162,18,21,0.02,11,0,0.6072,0.0884,0.0,0.0773,0.0,0.0,0.7439,0.344,0.2433,0.176,0.53,0.6053,464,0,extracted,0.0877,0.0,0.0877,0.3744,0.2,0.2038
13,42,10,1069,162,43,43,0.04,19,0,0.639,0.2266,0.0498,0.1576,0.04,0.0263,0.7439,0.344,0.2433,0.176,0.53,0.6053,464,0,extracted,0.2205,0.016,0.1575,0.3744,0.2,0.2038
13,42,11,1069,162,43,43,0.04,19,0,0.639,0.2266,0.0498,0.1576,0.04,0.0263,0.7439,0.344,0.2433,0.176,0.53,0.6053,464,0,extracted,0.2205,0.016,0.1575,0.3744,0.2,0.2038
13,42,12,1069,162,43,43,0.04,19,0,0.639,0.2266,0.0498,0.1576,0.04,0.0263,0.7439,0.344,0.2433,0.176,0.53,0.6053,464,0,extracted,0.2205,0.016,0.1575,0.3744,0.2,0.2038
13,42,13,1069,162,43,43,0.04,19,0,0.639,0.2266,0.0498,0.1576,0.04,0.0263,0.7439,0.344,0.2433,0.176,0.53,0.6053,464,0,extracted,0.2205,0.016,0.1575,0.3744,0.2,0.2038
13,42,14,1069,162,43,43,0.04,19,0,0.639,0.2266,0.0498,0.1576,0.04,0.0263,0.7439,0.344,0.2433,0.176,0.53,0.6053,464,0,extracted,0.2205,0.016,0.1575,0.3744,0.2,0.2038
13,42,15,1069,162,43,43,0.04,19,0,0.639,0.2266,0.0498,0.1576,0.04,0.0263,0.7439,0.344,0.2433,0.176,0.53,0.6053,464,0,extracted,0.2205,0.016,0.1575,0.3744,0.2,0.2038
13,42,16,1069,162,43,43,0.04,19,0,0.639,0.2266,0.0498,0.1576,0.04,0.0263,0.7439,0.344,0.2433,0.176,0.53,0.6053,464,0,extracted,0.2205,0.016,0.1575,0.3744,0.2,0.2038
13,42,17,1069,162,91,47,0.044,41,0,0.6241,0.1836,0.039,0.1063,0.03,0.1053,0.7439,0.344,0.2433,0.176,0.53,0.6053,464,0,extracted,0.1985,0.031,0.1069,0.3744,0.2,0.2038
13,42,18,1069,162,91,47,0.044,41,0,0.6241,0.1836,0.039,0.1063,0.03,0.1053,0.7439,0.344,0.2433,0.176,0.53,0.6053,464,0,extracted,0.1985,0.031,0.1069,0.3744,0.2,0.2038
13,42,19,1069,162,91,47,0.044,41,0,0.6241,0.1836,0.039,0.1063,0.03,0.1053,0.7439,0.344,0.2433,0.176,0.53,0.6053,464,0,extracted,0.1985,0.031,0.1069,0.3744,0.2,0.2038
13,42,20,1069,162,91,47,0.044,41,0,0.6241,0.1836,0.039,0.1063,0.03,0.1053,0.7439,0.344,0.2433,0.176,0.53,0.6053,464,0,extracted,0.1985,0.031,0.1069,0.3744,0.2,0.2038
13,42,21,1069,162,91,47,0.044,41,0,0.6241,0.1836,0.039,0.1063,0.03,0.1053,0.7439,0.344,0.2433,0.176,0.53,0.6053,464,0,extracted,0.1985,0.031,0.1069,0.3744,0.2,0.2038
13,42,22,1069,162,91,47,0.044,41,0,0.6241,0.1836,0.039,0.1063,0.03,0.1053,0.7439,0.344,0.2433,0.176,0.53,0.6053,464,0,extracted,0.1985,0.031,0.1069,0.3744,0.2,0.2038
13,42,23,1069,162,91,47,0.044,41,0,0.6241,0.1836,0.039,0.1063,0.03,0.1053,0.7439,0.344,0.2433,0.176,0.53,0.6053,464,0,extracted,0.1985,0.031,0.1069,0.3744,0.2,0.2038
13,42,24,1069,162,125,68,0.064,56,0,0.6567,0.2281,0.0354,0.1404,0.03,0.1053,0.7439,0.344,0.2433,0.176,0.53,0.6053,464,0,extracted,0.2429,0.029,0.1429,0.3744,0.2,0.2038
13,42,25,1069,162,125,68,0.064,56,0,0.6567,0.2281,0.0354,0.1404,0.03,0.1053,0.7439,0.344,0.2433,0.176,0.53,0.6053,464,0,extracted,0.2429,0.029,0.1429,0.3744,0.2,0.2038
13,42,26,1069,162,125,68,0.064,56,0,0.6567,0.2281,0.0354,0.1404,0.03,0.1053,0.7439,0.344,0.2433,0.176,0.53,0.6053,464,0,extracted,0.2429,0.029,0.1429,0.3744,0.2,0.2038
13,42,27,1069,162,125,68,0.064,56,0,0.6567,0.2281,0.0354,0.1404,0.03,0.1053,0.7439,0.344,0.2433,0.176,0.53,0.6053,464,0,extracted,0.2429,0.029,0.1429,0.3744,0.2,0.2038
13,42,28,1069,162,125,68,0.064,56,0,0.6567,0.2281,0.0354,0.1404,0.03,0.1053,0.7439,0.344,0.2433,0.176,0.53,0.6053,464,0,extracted,0.2429,0.029,0.1429,0.3744,0.2,0.2038
13,42,29,1069,162,125,68,0.064,56,0,0.6567,0.2281,0.0354,0.1404,0.03,0.1053,0.7439,0.344,0.2433,0.176,0.53,0.6053,464,0,extracted,0.2429,0.029,0.1429,0.3744,0.2,0.2038
13,42,30,1069,162,125,68,0.064,56,0,0.6567,0.2281,0.0354,0.1404,0.03,0.1053,0.7439,0.344,0.2433,0.176,0.53,0.6053,464,0,extracted,0.2429,0.029,0.1429,0.3744,0.2,0.2038
13,42,31,1069,162,188,120,0.112,85,0,0.6745,0.4071,0.1223,0.2143,0.11,0.2105,0.7439,0.344,0.2433,0.176,0.53,0.6053,464,0,extracted,0.4046,0.0819,0.2428,0.3744,0.2,0.2038
13,42,32,1069,162,188,120,0.112,85,0,0.6745,0.4071,0.1223,0.2143,0.11,0.2105,0.7439,0.344,0.2433,0.176,0.53,0.6053,464,0,extracted,0.4046,0.0819,0.2428,0.3744,0.2,0.2038
13,42,33,1069,162,188,120,0.112,85,0,0.6745,0.4071,0.1223,0.2143,0.11,0.2105,0.7439,0.344,0.2433,0.176,0.53,0.6053,464,0,extracted,0.4046,0.0819,0.2428,0.3744,0.2,0.2038
13,42,34,1069,162,188,120,0.112,85,0,0.6745,0.4071,0.1223,0.2143,0.11,0.2105,0.7439,0.344,0.2433,0.176,0.53,0.6053,464,0,extracted,0.4046,0.0819,0.2428,0.3744,0.2,0.2038
13,42,35,1069,162,188,120,0.112,85,0,0.6745,0.4071,0.1223,0.2143,0.11,0.2105,0.7439,0.344,0.2433,0.176,0.53,0.6053,464,0,extracted,0.4046,0.0819,0.2428,0.3744,0.2,0.2038
13,42,36,1069,162,188,120,0.112,85,0,0.6745,0.4071,0.1223,0.2143,0.11,0.2105,0.7439,0.344,0.2433,0.176,0.53,0.6053,464,0,extracted,0.4046,0.0819,0.2428,0.3744,0.2,0.2038
13,42,37,1069,162,254,151,0.141,116,0,0.6867,0.4221,0.1895,0.1948,0.22,0.2105,0.7439,0.344,0.2433,0.176,0.53,0.6053,464,0,extracted,0.4134,0.1469,0.2123,0.3744,0.2,0.2038
13,42,38,1069,162,254,151,0.141,116,0,0.6867,0.4221,0.1895,0.1948,0.22,0.2105,0.7439,0.344,0.2433,0.176,0.53,0.6053,464,0,extracted,0.4134,0.1469,0.2123,0.3744,0.2,0.2038
13,42,39,1069,162,254,151,0.141,116,0,0.6867,0.4221,0.1895,0.1948,0.22,0.2105,0.7439,0.344,0.2433,0.176,0.53,0.6053,464,0,extracted,0.4134,0.1469,0.2123,0.3744,0.2,0.2038
13,42,40,1069,162,254,151,0.141,116,0,0.6867,0.4221,0.1895,0.1948,0.22,0.2105,0.7439,0.344,0.2433,0.176,0.53,0.6053,464,0,extracted,0.4134,0.1469,0.2123,0.3744,0.2,0.2038
13,42,41,1069,162,254,151,0.141,116,0,0.6867,0.4221,0.1895,0.1948,0.22,0.2105,0.7439,0.344,0.2433,0.176,0.53,0.6053,464,0,extracted,0.4134,0.1469,0.2123,0.3744,0.2,0.2038
13,42,42,1069,162,254,151,0.141,116,0,0.6867,0.4221,0.1895,0.1948,0.22,0.2105,0.7439,0.344,0.2433,0.176,0.53,0.6053,464,0,extracted,0.4134,0.1469,0.2123,0.3744,0.2,0.2038
13,42,43,1069,162,254,151,0.141,116,0,0.6867,0.4221,0.1895,0.1948,0.22,0.2105,0.7439,0.344,0.2433,0.176,0.53,0.6053,464,0,extracted,0.4134,0.1469,0.2123,0.3744,0.2,0.2038
13,42,44,1069,162,287,181,0.169,128,0,0.6845,0.4192,0.2169,0.2096,0.29,0.2368,0.7439,0.344,0.2433,0.176,0.53,0.6053,464,0,extracted,0.3911,0.1582,0.2011,0.3744,0.2,0.2038
13,42,45,1069,162,287,181,0.169,128,0,0.6845,0.4192,0.2169,0.2096,0.29,0.2368,0.7439,0.344,0.2433,0.176,0.53,0.6053,464,0,extracted,0.3911,0.1582,0.2011,0.3744,0.2,0.2038
13,42,46,1069,162,287,181,0.169,128,0,0.6845,0.4192,0.2169,0.2096,0.29,0.2368,0.7439,0.344,0.2433,0.176,0.53,0.6053,464,0,extracted,0.3911,0.1582,0.2011,0.3744,0.2,0.2038
13,42,47,1069,162,287,181,0.169,128,0,0.6845,0.4192,0.2169,0.2096,0.29,0.2368,0.7439,0.344,0.2433,0.176,0.53,0.6053,464,0,extracted,0.3911,0.1582,0.2011,0.3744,0.2,0.2038
13,42,48,1069,162,287,181,0.169,128,0,0.6845,0.4192,0.2169,0.2096,0.29,0.2368,0.7439,0.344,0.2433,0.176,0.53,0.6053,464,0,extracted,0.3911,0.1582,0.2011,0.3744,0.2,0.2038
13,42,49,1069,162,287,181,0.169,128,0,0.6845,0.4192,0.2169,0.2096,0.29,0.2368,0.7439,0.344,0.2433,0.176,0.53,0.6053,464,0,extracted,0.3911,0.1582,0.2011,0.3744,0.2,0.2038
13,42,50,1069,162,354,209,0.196,163,0,0.674,0.467,0.2376,0.1813,0.3,0.2632,0.7439,0.344,0.2433,0.176,0.53,0.6053,464,0,extracted,0.4059,0.17,0.1881,0.3744,0.2,0.2038
13,42,51,1069,162,354,209,0.196,163,0,0.674,0.467,0.2376,0.1813,0.3,0.2632,0.7439,0.344,0.2433,0.176,0.53,0.6053,464,0,extracted,0.4059,0.17,0.1881,0.3744,0.2,0.2038
13,42,52,1069,162,354,209,0.196,163,0,0.674,0.467,0.2376,0.1813,0.3,0.2632,0.7439,0.344,0.2433,0.176,0.53,0.6053,464,0,extracted,0.4059,0.17,0.1881,0.3744,0.2,0.2038
13,42,53,1069,162,354,209,0.196,163,0,0.674,0.467,0.2376,0.1813,0.3,0.2632,0.7439,0.344,0.2433,0.176,0.53,0.6053,464,0,extracted,0.4059,0.17,0.1881,0.3744,0.2,0.2038
13,42,54,1069,162,354,209,0.196,163,0,0.674,0.467,0.2376,0.1813,0.3,0.2632,0.7439,0.344,0.2433,0.176,0.53,0.6053,464,0,extracted,0.4059,0.17,0.1881,0.3744,0.2,0.2038
13,42,55,1069,162,354,209,0.196,163,0,0.674,0.467,0.2376,0.1813,0.3,0.2632,0.7439,0.344,0.2433,0.176,0.53,0.6053,464,0,extracted,0.4059,0.17,0.1881,0.3744,0.2,0.2038
13,42,56,1069,162,354,209,0.196,163,0,0.674,0.467,0.2376,0.1813,0.3,0.2632,0.7439,0.344,0.2433,0.176,0.53,0.6053,464,0,extracted,0.4059,0.17,0.1881,0.3744,0.2,0.2038
13,42,57,1069,162,411,257,0.24,187,0,0.6767,0.4892,0.2361,0.2398,0.32,0.3158,0.7439,0.344,0.2433,0.176,0.53,0.6053,464,0,extracted,0.4418,0.17,0.2169,0.3744,0.2,0.2038
13,42,58,1069,162,411,257,0.24,187,0,0.6767,0.4892,0.2361,0.2398,0.32,0.3158,0.7439,0.344,0.2433,0.176,0.53,0.6053,464,0,extracted,0.4418,0.17,0.2169,0.3744,0.2,0.2038
13,42,59,1069,162,411,257,0.24,187,0,0.6767,0.4892,0.2361,0.2398,0.32,0.3158,0.7439,0.344,0.2433,0.176,0.53,0.6053,464,0,extracted,0.4418,0.17,0.2169,0.3744,0.2,0.2038
13,42,60,1069,162,411,257,0.24,187,0,0.6767,0.4892,0.2361,0.2398,0.32,0.3158,0.7439,0.344,0.2433,0.176,0.53,0.6053,464,0,extracted,0.4418,0.17,0.2169,0.3744,0.2,0.2038
13,42,61,1069,162,411,257,0.24,187,0,0.6767,0.4892,0.2361,0.2398,0.32,0.3158,0.7439,0.344,0.2433,0.176,0.53,0.6053,464,0,extracted,0.4418,0.17,0.2169,0.3744,0.2,0.2038
13,42,62,1069,162,411,257,0.24,187,0,0.6767,0.4892,0.2361,0.2398,0.32,0.3158,0.7439,0.344,0.2433,0.176,0.53,0.6053,464,0,extracted,0.4418,0.17,0.2169,0.3744,0.2,0.2038
13,42,63,1069,162,411,257,0.24,187,0,0.6767,0.4892,0.2361,0.2398,0.32,0.3158,0.7439,0.344,0.2433,0.176,0.53,0.6053,464,0,extracted,0.4418,0.17,0.2169,0.3744,0.2,0.2038
13,42,64,1069,162,551,320,0.299,248,0,0.6827,0.4635,0.2558,0.2088,0.43,0.4474,0.7439,0.344,0.2433,0.176,0.53,0.6053,464,0,extracted,0.4218,0.1538,0.1891,0.3744,0.2,0.2038
13,42,65,1069,162,551,320,0.299,248,0,0.6827,0.4635,0.2558,0.2088,0.43,0.4474,0.7439,0.344,0.2433,0.176,0.53,0.6053,464,0,extracted,0.4218,0.1538,0.1891,0.3744,0.2,0.2038
13,42,66,1069,162,551,320,0.299,248,0,0.6827,0.4635,0.2558,0.2088,0.43,0.4474,0.7439,0.344,0.2433,0.176,0.53,0.6053,464,0,extracted,0.4218,0.1538,0.1891,0.3744,0.2,0.2038
13,42,67,1069,162,551,320,0.299,248,0,0.6827,0.4635,0.2558,0.2088,0.43,0.4474,0.7439,0.344,0.2433,0.176,0.53,0.6053,464,0,extracted,0.4218,0.1538,0.1891,0.3744,0.2,0.2038
13,42,68,1069,162,551,320,0.299,248,0,0.6827,0.4635,0.2558,0.2088,0.43,0.4474,0.7439,0.344,0.2433,0.176,0.53,0.6053,464,0,extracted,0.4218,0.1538,0.1891,0.3744,0.2,0.2038
13,42,69,1069,162,551,320,0.299,248,0,0.6827,0.4635,0.2558,0.2088,0.43,0.4474,0.7439,0.344,0.2433,0.176,0.53,0.6053,464,0,extracted,0.4218,0.1538,0.1891,0.3744,0.2,0.2038
13,42,70,1069,162,551,320,0.299,248,0,0.6827,0.4635,0.2558,0.2088,0.43,0.4474,0.7439,0.344,0.2433,0.176,0.53,0.6053,464,0,extracted,0.4218,0.1538,0.1891,0.3744,0.2,0.2038
13,42,71,1069,162,634,380,0.355,287,0,0.6799,0.4267,0.1825,0.1929,0.37,0.4474,0.7439,0.344,0.2433,0.176,0.53,0.6053,464,0,extracted,0.3797,0.1146,0.1962,0.3744,0.2,0.2038
13,42,72,1069,162,634,380,0.355,287,0,0.6799,0.4267,0.1825,0.1929,0.37,0.4474,0.7439,0.344,0.2433,0.176,0.53,0.6053,464,0,extracted,0.3797,0.1146,0.1962,0.3744,0.2,0.2038
13,42,73,1069,162,634,380,0.355,287,0,0.6799,0.4267,0.1825,0.1929,0.37,0.4474,0.7439,0.344,0.2433,0.176,0.53,0.6053,464,0,extracted,0.3797,0.1146,0.1962,0.3744,0.2,0.2038
13,42,74,1069,162,634,380,0.355,287,0,0.6799,0.4267,0.1825,0.1929,0.37,0.4474,0.7439,0.344,0.2433,0.176,0.53,0.6053,464,0,extracted,0.3797,0.1146,0.1962,0.3744,0.2,0.2038
13,42,75,1069,162,634,380,0.355,287,0,0.6799,0.4267,0.1825,0.1929,0.37,0.4474,0.7439,0.344,0.2433,0.176,0.53,0.6053,464,0,extracted,0.3797,0.1146,0.1962,0.3744,0.2,0.2038
13,42,76,1069,162,634,380,0.355,287,0,0.6799,0.4267,0.1825,0.1929,0.37,0.4474,0.7439,0.344,0.2433,0.176,0.53,0.6053,464,0,extracted,0.3797,0.1146,0.1962,0.3744,0.2,0.2038
13,42,77,1069,162,700,415,0.388,310,0,0.6681,0.3972,0.2308,0.1882,0.42,0.4737,0.7439,0.344,0.2433,0.176,0.53,0.6053,464,0,extracted,0.3855,0.1576,0.1867,0.3744,0.2,0.2038
13,42,78,1069,162,700,415,0.388,310,0,0.6681,0.3972,0.2308,0.1882,0.42,0.4737,0.7439,0.344,0.2433,0.176,0.53,0.6053,464,0,extracted,0.3855,0.1576,0.1867,0.3744,0.2,0.2038
13,42,79,1069,162,700,415,0.388,310,0,0.6681,0.3972,0.2308,0.1882,0.42,0.4737,0.7439,0.344,0.2433,0.176,0.53,0.6053,464,0,extracted,0.3855,0.1576,0.1867,0.3744,0.2,0.2038
13,42,80,1069,162,700,415,0.388,310,0,0.6681,0.3972,0.2308,0.1882,0.42,0.4737,0.7439,0.344,0.2433,0.176,0.53,0.6053,464,0,extracted,0.3855,0.1576,0.1867,0.3744,0.2,0.2038
13,42,81,1069,162,700,415,0.388,310,0,0.6681,0.3972,0.2308,0.1882,0.42,0.4737,0.7439,0.344,0.2433,0.176,0.53,0.6053,464,0,extracted,0.3855,0.1576,0.1867,0.3744,0.2,0.2038
13,42,82,1069,162,700,415,0.388,310,0,0.6681,0.3972,0.2308,0.1882,0.42,0.4737,0.7439,0.344,0.2433,0.176,0.53,0.6053,464,0,extracted,0.3855,0.1576,0.1867,0.3744,0.2,0.2038
13,42,83,1069,162,700,415,0.388,310,0,0.6681,0.3972,0.2308,0.1882,0.42,0.4737,0.7439,0.344,0.2433,0.176,0.53,0.6053,464,0,extracted,0.3855,0.1576,0.1867,0.3744,0.2,0.2038
13,42,84,1069,162,784,478,0.447,345,0,0.6695,0.3688,0.1914,0.1717,0.4,0.4211,0.7439,0.344,0.2433,0.176,0.53,0.6053,464,0,extracted,0.3616,0.125,0.1864,0.3744,0.2,0.2038
13,42,85,1069,162,784,478,0.447,345,0,0.6695,0.3688,0.1914,0.1717,0.4,0.4211,0.7439,0.344,0.2433,0.176,0.53,0.6053,464,0,extracted,0.3616,0.125,0.1864,0.3744,0.2,0.2038
13,42,86,1069,162,784,478,0.447,345,0,0.6695,0.3688,0.1914,0.1717,0.4,0.4211,0.7439,0.344,0.2433,0.176,0.53,0.6053,464,0,extracted,0.3616,0.125,0.1864,0.3744,0.2,0.2038
13,42,87,1069,162,784,478,0.447,345,0,0.6695,0.3688,0.1914,0.1717,0.4,0.4211,0.7439,0.344,0.2433,0.176,0.53,0.6053,464,0,extracted,0.3616,0.125,0.1864,0.3744,0.2,0.2038
13,42,88,1069,162,784,478,0.447,345,0,0.6695,0.3688,0.1914,0.1717,0.4,0.4211,0.7439,0.344,0.2433,0.176,0.53,0.6053,464,0,extracted,0.3616,0.125,0.1864,0.3744,0.2,0.2038
13,42,89,1069,162,784,478,0.447,345,0,0.6695,0.3688,0.1914,0.1717,0.4,0.4211,0.7439,0.344,0.2433,0.176,0.53,0.6053,464,0,extracted,0.3616,0.125,0.1864,0.3744,0.2,0.2038
13,42,90,1069,162,876,540,0.505,381,0,0.6776,0.3568,0.202,0.1842,0.43,0.4737,0.7439,0.344,0.2433,0.176,0.53,0.6053,464,0,extracted,0.3483,0.13,0.194,0.3744,0.2,0.2038
13,42,91,1069,162,876,540,0.505,381,0,0.6776,0.3568,0.202,0.1842,0.43,0.4737,0.7439,0.344,0.2433,0.176,0.53,0.6053,464,0,extracted,0.3483,0.13,0.194,0.3744,0.2,0.2038
13,42,92,1069,162,876,540,0.505,381,0,0.6776,0.3568,0.202,0.1842,0.43,0.4737,0.7439,0.344,0.2433,0.176,0.53,0.6053,464,0,extracted,0.3483,0.13,0.194,0.3744,0.2,0.2038
13,42,93,1069,162,876,540,0.505,381,0,0.6776,0.3568,0.202,0.1842,0.43,0.4737,0.7439,0.344,0.2433,0.176,0.53,0.6053,464,0,extracted,0.3483,0.13,0.194,0.3744,0.2,0.2038
13,42,94,1069,162,876,540,0.505,381,0,0.6776,0.3568,0.202,0.1842,0.43,0.4737,0.7439,0.344,0.2433,0.176,0.53,0.6053,464,0,extracted,0.3483,0.13,0.194,0.3744,0.2,0.2038
13,42,95,1069,162,876,540,0.505,381,0,0.6776,0.3568,0.202,0.1842,0.43,0.4737,0.7439,0.344,0.2433,0.176,0.53,0.6053,464,0,extracted,0.3483,0.13,0.194,0.3744,0.2,0.2038
13,42,96,1069,162,876,540,0.505,381,0,0.6776,0.3568,0.202,0.1842,0.43,0.4737,0.7439,0.344,0.2433,0.176,0.53,0.6053,464,0,extracted,0.3483,0.13,0.194,0.3744,0.2,0.2038
13,42,97,1069,162,1060,588,0.55,457,0,0.7389,0.3432,0.2043,0.1769,0.49,0.5,0.7439,0.344,0.2433,0.176,0.53,0.6053,464,0,extracted,0.3419,0.1553,0.1874,0.3744,0.2,0.2038
13,42,98,1069,162,1060,588,0.55,457,0,0.7389,0.3432,0.2043,0.1769,0.49,0.5,0.7439,0.344,0.2433,0.176,0.53,0.6053,464,0,extracted,0.3419,0.1553,0.1874,0.3744,0.2,0.2038
13,42,99,1069,162,1060,588,0.55,457,0,0.7389,0.3432,0.2043,0.1769,0.49,0.5,0.7439,0.344,0.2433,0.176,0.53,0.6053,464,0,extracted,0.3419,0.1553,0.1874,0.3744,0.2,0.2038
13,42,100,1069,162,1060,588,0.55,457,0,0.7389,0.3432,0.2043,0.1769,0.49,0.5,0.7439,0.344,0.2433,0.176,0.53,0.6053,464,0,extracted,0.3419,0.1553,0.1874,0.3744,0.2,0.2038
14,42,1,802,61,17,29,0.036,7,0,0.65,0.1111,0.0227,0.0889,0.0169,0.0,0.6488,0.1881,0.1079,0.1075,0.4576,0.5882,349,0,extracted,0.1887,0.0392,0.1509,0.1558,0.0654,0.0974
14,42,2,802,61,17,29,0.036,7,0,0.65,0.1111,0.0227,0.0889,0.0169,0.0,0.6488,0.1881,0.1079,0.1075,0.4576,0.5882,349,0,extracted,0.1887,0.0392,0.1509,0.1558,0.0654,0.0974
14,42,3,802,61,17,29,0.036,7,0,0.65,0.1111,0.0227,0.0889,0.0169,0.0,0.6488,0.1881,0.1079,0.1075,0.4576,0.5882,349,0,extracted,0.1887,0.0392,0.1509,0.1558,0.0654,0.0974
14,42,4,802,61,17,29,0.036,7,0,0.65,0.1111,0.0227,0.0889,0.0169,0.0,0.6488,0.1881,0.1079,0.1075,0.4576,0.5882,349,0,extracted,0.1887,0.0392,0.1509,0.1558,0.0654,0.0974
14,42,5,802,61,17,29,0.036,7,0,0.65,0.1111,0.0227,0.0889,0.0169,0.0,0.6488,0.1881,0.1079,0.1075,0.4576,0.5882,349,0,extracted,0.1887,0.0392,0.1509,0.1558,0.0654,0.0974
14,42,6,802,61,17,29,0.036,7,0,0.65,0.1111,0.0227,0.0889,0.0169,0.0,0.6488,0.1881,0.1079,0.1075,0.4576,0.5882,349,0,extracted,0.1887,0.0392,0.1509,0.1558,0.0654,0.0974
14,42,7,802,61,17,29,0.036,7,0,0.65,0.1111,0.0227,0.0889,0.0169,0.0,0.6488,0.1881,0.1079,0.1075,0.4576,0.5882,349,0,extracted,0.1887,0.0392,0.1509,0.1558,0.0654,0.0974
14,42,8,802,61,17,29,0.036,7,0,0.65,0.1111,0.0227,0.0889,0.0169,0.0,0.6488,0.1881,0.1079,0.1075,0.4576,0.5882,349,0,extracted,0.1887,0.0392,0.1509,0.1558,0.0654,0.0974
14,42,9,802,61,17,29,0.036,7,0,0.65,0.1111,0.0227,0.0889,0.0169,0.0,0.6488,0.1881,0.1079,0.1075,0.4576,0.5882,349,0,extracted,0.1887,0.0392,0.1509,0.1558,0.0654,0.0974
14,42,10,802,61,36,36,0.045,16,0,0.638,0.1443,0.0211,0.1237,0.0169,0.0588,0.6488,0.1881,0.1079,0.1075,0.4576,0.5882,349,0,extracted,0.2105,0.0364,0.1754,0.1558,0.0654,0.0974
14,42,11,802,61,36,36,0.045,16,0,0.638,0.1443,0.0211,0.1237,0.0169,0.0588,0.6488,0.1881,0.1079,0.1075,0.4576,0.5882,349,0,extracted,0.2105,0.0364,0.1754,0.1558,0.0654,0.0974
14,42,12,802,61,36,36,0.045,16,0,0.638,0.1443,0.0211,0.1237,0.0169,0.0588,0.6488,0.1881,0.1079,0.1075,0.4576,0.5882,349,0,extracted,0.2105,0.0364,0.1754,0.1558,0.0654,0.0974
14,42,13,802,61,36,36,0.045,16,0,0.638,0.1443,0.0211,0.1237,0.0169,0.0588,0.6488,0.1881,0.1079,0.1075,0.4576,0.5882,349,0,extracted,0.2105,0.0364,0.1754,0.1558,0.0654,0.0974
14,42,14,802,61,36,36,0.045,16,0,0.638,0.1443,0.0211,0.1237,0.0169,0.0588,0.6488,0.1881,0.1079,0.1075,0.4576,0.5882,349,0,extracted,0.2105,0.0364,0.1754,0.1558,0.0654,0.0974
14,42,15,802,61,36,36,0.045,16,0,0.638,0.1443,0.0211,0.1237,0.0169,0.0588,0.6488,0.1881,0.1079,0.1075,0.4576,0.5882,349,0,extracted,0.2105,0.0364,0.1754,0.1558,0.0654,0.0974
14,42,16,802,61,36,36,0.045,16,0,0.638,0.1443,0.0211,0.1237,0.0169,0.0588,0.6488,0.1881,0.1079,0.1075,0.4576,0.5882,349,0,extracted,0.2105,0.0364,0.1754,0.1558,0.0654,0.0974
14,42,17,802,61,64,42,0.052,28,0,0.6179,0.1553,0.0198,0.0971,0.0169,0.0588,0.6488,0.1881,0.1079,0.1075,0.4576,0.5882,349,0,extracted,0.2258,0.0333,0.129,0.1558,0.0654,0.0974
14,42,18,802,61,64,42,0.052,28,0,0.6179,0.1553,0.0198,0.0971,0.0169,0.0588,0.6488,0.1881,0.1079,0.1075,0.4576,0.5882,349,0,extracted,0.2258,0.0333,0.129,0.1558,0.0654,0.0974
14,42,19,802,61,64,42,0.052,28,0,0.6179,0.1553,0.0198,0.0971,0.0169,0.0588,0.6488,0.1881,0.1079,0.1075,0.4576,0.5882,349,0,extracted,0.2258,0.0333,0.129,0.1558,0.0654,0.0974
14,42,20,802,61,64,42,0.052,28,0,0.6179,0.1553,0.0198,0.0971,0.0169,0.0588,0.6488,0.1881,0.1079,0.1075,0.4576,0.5882,349,0,extracted,0.2258,0.0333,0.129,0.1558,0.0654,0.0974
14,42,21,802,61,64,42,0.052,28,0,0.6179,0.1553,0.0198,0.0971,0.0169,0.0588,0.6488,0.1881,0.1079,0.1075,0.4576,0.5882,349,0,extracted,0.2258,0.0333,0.129,0.1558,0.0654,0.0974
14,42,22,802,61,64,42,0.052,28,0,0.6179,0.1553,0.0198,0.0971,0.0169,0.0588,0.6488,0.1881,0.1079,0.1075,0.4576,0.5882,349,0,extracted,0.2258,0.0333,0.129,0.1558,0.0654,0.0974
14,42,23,802,61,64,42,0.052,28,0,0.6179,0.1553,0.0198,0.0971,0.0169,0.0588,0.6488,0.1881,0.1079,0.1075,0.4576,0.5882,349,0,extracted,0.2258,0.0333,0.129,0.1558,0.0654,0.0974
14,42,24,802,61,100,64,0.08,46,0,0.6438,0.24,0.065,0.128,0.0678,0.0588,0.6488,0.1881,0.1079,0.1075,0.4576,0.5882,349,0,extracted,0.2667,0.0548,0.1333,0.1558,0.0654,0.0974
14,42,25,802,61,100,64,0.08,46,0,0.6438,0.24,0.065,0.128,0.0678,0.0588,0.6488,0.1881,0.1079,0.1075,0.4576,0.5882,349,0,extracted,0.2667,0.0548,0.1333,0.1558,0.0654,0.0974
14,42,26,802,61,100,64,0.08,46,0,0.6438,0.24,0.065,0.128,0.0678,0.0588,0.6488,0.1881,0.1079,0.1075,0.4576,0.5882,349,0,extracted,0.2667,0.0548,0.1333,0.1558,0.0654,0.0974
14,42,27,802,61,100,64,0.08,46,0,0.6438,0.24,0.065,0.128,0.0678,0.0588,0.6488,0.1881,0.1079,0.1075,0.4576,0.5882,349,0,extracted,0.2667,0.0548,0.1333,0.1558,0.0654,0.0974
14,42,28,802,61,100,64,0.08,46,0,0.6438,0.24,0.065,0.128,0.0678,0.0588,0.6488,0.1881,0.1079,0.1075,0.4576,0.5882,349,0,extracted,0.2667,0.0548,0.1333,0.1558,0.0654,0.0974
14,42,29,802,61,100,64,0.08,46,0,0.6438,0.24,0.065,0.128,0.0678,0.0588,0.6488,0.1881,0.1079,0.1075,0.4576,0.5882,349,0,extracted,0.2667,0.0548,0.1333,0.1558,0.0654,0.0974
14,42,30,802,61,100,64,0.08,46,0,0.6438,0.24,0.065,0.128,0.0678,0.0588,0.6488,0.1881,0.1079,0.1075,0.4576,0.5882,349,0,extracted,0.2667,0.0548,0.1333,0.1558,0.0654,0.0974
14,42,31,802,61,147,99,0.123,62,0,0.6512,0.2875,0.1139,0.2,0.1525,0.1176,0.6488,0.1881,0.1079,0.1075,0.4576,0.5882,349,0,extracted,0.2553,0.0652,0.1915,0.1558,0.0654,0.0974
14,42,32,802,61,147,99,0.123,62,0,0.6512,0.2875,0.1139,0.2,0.1525,0.1176,0.6488,0.1881,0.1079,0.1075,0.4576,0.5882,349,0,extracted,0.2553,0.0652,0.1915,0.1558,0.0654,0.0974
14,42,33,802,61,147,99,0.123,62,0,0.6512,0.2875,0.1139,0.2,0.1525,0.1176,0.6488,0.1881,0.1079,0.1075,0.4576,0.5882,349,0,extracted,0.2553,0.0652,0.1915,0.1558,0.0654,0.0974
14,42,34,802,61,147,99,0.123,62,0,0.6512,0.2875,0.1139,0.2,0.1525,0.1176,0.6488,0.1881,0.1079,0.1075,0.4576,0.5882,349,0,extracted,0.2553,0.0652,0.1915,0.1558,0.0654,0.0974
14,42,35,802,61,147,99,0.123,62,0,0.6512,0.2875,0.1139,0.2,0.1525,0.1176,0.6488,0.1881,0.1079,0.1075,0.4576,0.5882,349,0,extracted,0.2553,0.0652,0.1915,0.1558,0.0654,0.0974
14,42,36,802,61,147,99,0.123,62,0,0.6512,0.2875,0.1139,0.2,0.1525,0.1176,0.6488,0.1881,0.1079,0.1075,0.4576,0.5882,349,0,extracted,0.2553,0.0652,0.1915,0.1558,0.0654,0.0974
14,42,37,802,61,187,108,0.135,76,0,0.6886,0.426,0.2036,0.2012,0.2881,0.2941,0.6488,0.1881,0.1079,0.1075,0.4576,0.5882,349,0,extracted,0.3564,0.1212,0.2376,0.1558,0.0654,0.0974
14,42,38,802,61,187,108,0.135,76,0,0.6886,0.426,0.2036,0.2012,0.2881,0.2941,0.6488,0.1881,0.1079,0.1075,0.4576,0.5882,349,0,extracted,0.3564,0.1212,0.2376,0.1558,0.0654,0.0974
14,42,39,802,61,187,108,0.135,76,0,0.6886,0.426,0.2036,0.2012,0.2881,0.2941,0.6488,0.1881,0.1079,0.1075,0.4576,0.5882,349,0,extracted,0.3564,0.1212,0.2376,0.1558,0.0654,0.0974
14,42,40,802,61,187,108,0.135,76,0,0.6886,0.426,0.2036,0.2012,0.2881,0.2941,0.6488,0.1881,0.1079,0.1075,0.4576,0.5882,349,0,extracted,0.3564,0.1212,0.2376,0.1558,0.0654,0.0974
14,42,41,802,61,187,108,0.135,76,0,0.6886,0.426,0.2036,0.2012,0.2881,0.2941,0.6488,0.1881,0.1079,0.1075,0.4576,0.5882,349,0,extracted,0.3564,0.1212,0.2376,0.1558,0.0654,0.0974
14,42,42,802,61,187,108,0.135,76,0,0.6886,0.426,0.2036,0.2012,0.2881,0.2941,0.6488,0.1881,0.1079,0.1075,0.4576,0.5882,349,0,extracted,0.3564,0.1212,0.2376,0.1558,0.0654,0.0974
14,42,43,802,61,187,108,0.135,76,0,0.6886,0.426,0.2036,0.2012,0.2881,0.2941,0.6488,0.1881,0.1079,0.1075,0.4576,0.5882,349,0,extracted,0.3564,0.1212,0.2376,0.1558,0.0654,0.0974
14,42,44,802,61,227,137,0.171,91,0,0.6196,0.1919,0.0204,0.101,0.0339,0.1176,0.6488,0.1881,0.1079,0.1075,0.4576,0.5882,349,0,extracted,0.25,0.0169,0.1667,0.1558,0.0654,0.0974
14,42,45,802,61,227,137,0.171,91,0,0.6196,0.1919,0.0204,0.101,0.0339,0.1176,0.6488,0.1881,0.1079,0.1075,0.4576,0.5882,349,0,extracted,0.25,0.0169,0.1667,0.1558,0.0654,0.0974
14,42,46,802,61,227,137,0.171,91,0,0.6196,0.1919,0.0204,0.101,0.0339,0.1176,0.6488,0.1881,0.1079,0.1075,0.4576,0.5882,349,0,extracted,0.25,0.0169,0.1667,0.1558,0.0654,0.0974
14,42,47,802,61,227,137,0.171,91,0,0.6196,0.1919,0.0204,0.101,0.0339,0.1176,0.6488,0.1881,0.1079,0.1075,0.4576,0.5882,349,0,extracted,0.25,0.0169,0.1667,0.1558,0.0654,0.0974
14,42,48,802,61,227,137,0.171,91,0,0.6196,0.1919,0.0204,0.101,0.0339,0.1176,0.6488,0.1881,0.1079,0.1075,0.4576,0.5882,349,0,extracted,0.25,0.0169,0.1667,0.1558,0.0654,0.0974
14,42,49,802,61,227,137,0.171,91,0,0.6196,0.1919,0.0204,0.101,0.0339,0.1176,0.6488,0.1881,0.1079,0.1075,0.4576,0.5882,349,0,extracted,0.25,0.0169,0.1667,0.1558,0.0654,0.0974
14,42,50,802,61,267,178,0.222,111,0,0.6463,0.2343,0.0759,0.1172,0.1525,0.1765,0.6488,0.1881,0.1079,0.1075,0.4576,0.5882,349,0,extracted,0.2238,0.0284,0.1259,0.1558,0.0654,0.0974
14,42,51,802,61,267,178,0.222,111,0,0.6463,0.2343,0.0759,0.1172,0.1525,0.1765,0.6488,0.1881,0.1079,0.1075,0.4576,0.5882,349,0,extracted,0.2238,0.0284,0.1259,0.1558,0.0654,0.0974
14,42,52,802,61,267,178,0.222,111,0,0.6463,0.2343,0.0759,0.1172,0.1525,0.1765,0.6488,0.1881,0.1079,0.1075,0.4576,0.5882,349,0,extracted,0.2238,0.0284,0.1259,0.1558,0.0654,0.0974
14,42,53,802,61,267,178,0.222,111,0,0.6463,0.2343,0.0759,0.1172,0.1525,0.1765,0.6488,0.1881,0.1079,0.1075,0.4576,0.5882,349,0,extracted,0.2238,0.0284,0.1259,0.1558,0.0654,0.0974
14,42,54,802,61,267,178,0.222,111,0,0.6463,0.2343,0.0759,0.1172,0.1525,0.1765,0.6488,0.1881,0.1079,0.1075,0.4576,0.5882,349,0,extracted,0.2238,0.0284,0.1259,0.1558,0.0654,0.0974
14,42,55,802,61,267,178,0.222,111,0,0.6463,0.2343,0.0759,0.1172,0.1525,0.1765,0.6488,0.1881,0.1079,0.1075,0.4576,0.5882,349,0,extracted,0.2238,0.0284,0.1259,0.1558,0.0654,0.0974
14,42,56,802,61,267,178,0.222,111,0,0.6463,0.2343,0.0759,0.1172,0.1525,0.1765,0.6488,0.1881,0.1079,0.1075,0.4576,0.5882,349,0,extracted,0.2238,0.0284,0.1259,0.1558,0.0654,0.0974
14,42,57,802,61,343,209,0.261,143,0,0.6525,0.2667,0.1119,0.1556,0.2542,0.2941,0.6488,0.1881,0.1079,0.1075,0.4576,0.5882,349,0,extracted,0.2581,0.0654,0.1677,0.1558,0.0654,0.0974
14,42,58,802,61,343,209,0.261,143,0,0.6525,0.2667,0.1119,0.1556,0.2542,0.2941,0.6488,0.1881,0.1079,0.1075,0.4576,0.5882,349,0,extracted,0.2581,0.0654,0.1677,0.1558,0.0654,0.0974
14,42,59,802,61,343,209,0.261,143,0,0.6525,0.2667,0.1119,0.1556,0.2542,0.2941,0.6488,0.1881,0.1079,0.1075,0.4576,0.5882,349,0,extracted,0.2581,0.0654,0.1677,0.1558,0.0654,0.0974
14,42,60,802,61,343,209,0.261,143,0,0.6525,0.2667,0.1119,0.1556,0.2542,0.2941,0.6488,0.1881,0.1079,0.1075,0.4576,0.5882,349,0,extracted,0.2581,0.0654,0.1677,0.1558,0.0654,0.0974
14,42,61,802,61,343,209,0.261,143,0,0.6525,0.2667,0.1119,0.1556,0.2542,0.2941,0.6488,0.1881,0.1079,0.1075,0.4576,0.5882,349,0,extracted,0.2581,0.0654,0.1677,0.1558,0.0654,0.0974
14,42,62,802,61,343,209,0.261,143,0,0.6525,0.2667,0.1119,0.1556,0.2542,0.2941,0.6488,0.1881,0.1079,0.1075,0.4576,0.5882,349,0,extracted,0.2581,0.0654,0.1677,0.1558,0.0654,0.0974
14,42,63,802,61,343,209,0.261,143,0,0.6525,0.2667,0.1119,0.1556,0.2542,0.2941,0.6488,0.1881,0.1079,0.1075,0.4576,0.5882,349,0,extracted,0.2581,0.0654,0.1677,0.1558,0.0654,0.0974
14,42,64,802,61,397,251,0.313,167,0,0.6541,0.2839,0.1364,0.1806,0.339,0.5294,0.6488,0.1881,0.1079,0.1075,0.4576,0.5882,349,0,extracted,0.2527,0.0667,0.1429,0.1558,0.0654,0.0974
14,42,65,802,61,397,251,0.313,167,0,0.6541,0.2839,0.1364,0.1806,0.339,0.5294,0.6488,0.1881,0.1079,0.1075,0.4576,0.5882,349,0,extracted,0.2527,0.0667,0.1429,0.1558,0.0654,0.0974
14,42,66,802,61,397,251,0.313,167,0,0.6541,0.2839,0.1364,0.1806,0.339,0.5294,0.6488,0.1881,0.1079,0.1075,0.4576,0.5882,349,0,extracted,0.2527,0.0667,0.1429,0.1558,0.0654,0.0974
14,42,67,802,61,397,251,0.313,167,0,0.6541,0.2839,0.1364,0.1806,0.339,0.5294,0.6488,0.1881,0.1079,0.1075,0.4576,0.5882,349,0,extracted,0.2527,0.0667,0.1429,0.1558,0.0654,0.0974
14,42,68,802,61,397,251,0.313,167,0,0.6541,0.2839,0.1364,0.1806,0.339,0.5294,0.6488,0.1881,0.1079,0.1075,0.4576,0.5882,349,0,extracted,0.2527,0.0667,0.1429,0.1558,0.0654,0.0974
14,42,69,802,61,397,251,0.313,167,0,0.6541,0.2839,0.1364,0.1806,0.339,0.5294,0.6488,0.1881,0.1079,0.1075,0.4576,0.5882,349,0,extracted,0.2527,0.0667,0.1429,0.1558,0.0654,0.0974
14,42,70,802,61,397,251,0.313,167,0,0.6541,0.2839,0.1364,0.1806,0.339,0.5294,0.6488,0.1881,0.1079,0.1075,0.4576,0.5882,349,0,extracted,0.2527,0.0667,0.1429,0.1558,0.0654,0.0974
14,42,71,802,61,434,261,0.325,182,0,0.6489,0.2687,0.1258,0.1875,0.322,0.5294,0.6488,0.1881,0.1079,0.1075,0.4576,0.5882,349,0,extracted,0.2396,0.0526,0.1562,0.1558,0.0654,0.0974
14,42,72,802,61,434,261,0.325,182,0,0.6489,0.2687,0.1258,0.1875,0.322,0.5294,0.6488,0.1881,0.1079,0.1075,0.4576,0.5882,349,0,extracted,0.2396,0.0526,0.1562,0.1558,0.0654,0.0974
14,42,73,802,61,434,261,0.325,182,0,0.6489,0.2687,0.1258,0.1875,0.322,0.5294,0.6488,0.1881,0.1079,0.1075,0.4576,0.5882,349,0,extracted,0.2396,0.0526,0.1562,0.1558,0.0654,0.0974
14,42,74,802,61,434,261,0.325,182,0,0.6489,0.2687,0.1258,0.1875,0.322,0.5294,0.6488,0.1881,0.1079,0.1075,0.4576,0.5882,349,0,extracted,0.2396,0.0526,0.1562,0.1558,0.0654,0.0974
14,42,75,802,61,434,261,0.325,182,0,0.6489,0.2687,0.1258,0.1875,0.322,0.5294,0.6488,0.1881,0.1079,0.1075,0.4576,0.5882,349,0,extracted,0.2396,0.0526,0.1562,0.1558,0.0654,0.0974
14,42,76,802,61,434,261,0.325,182,0,0.6489,0.2687,0.1258,0.1875,0.322,0.5294,0.6488,0.1881,0.1079,0.1075,0.4576,0.5882,349,0,extracted,0.2396,0.0526,0.1562,0.1558,0.0654,0.0974
14,42,77,802,61,491,301,0.375,204,0,0.6511,0.1989,0.0889,0.1271,0.2542,0.2353,0.6488,0.1881,0.1079,0.1075,0.4576,0.5882,349,0,extracted,0.1827,0.0583,0.1442,0.1558,0.0654,0.0974
14,42,78,802,61,491,301,0.375,204,0,0.6511,0.1989,0.0889,0.1271,0.2542,0.2353,0.6488,0.1881,0.1079,0.1075,0.4576,0.5882,349,0,extracted,0.1827,0.0583,0.1442,0.1558,0.0654,0.0974
14,42,79,802,61,491,301,0.375,204,0,0.6511,0.1989,0.0889,0.1271,0.2542,0.2353,0.6488,0.1881,0.1079,0.1075,0.4576,0.5882,349,0,extracted,0.1827,0.0583,0.1442,0.1558,0.0654,0.0974
14,42,80,802,61,491,301,0.375,204,0,0.6511,0.1989,0.0889,0.1271,0.2542,0.2353,0.6488,0.1881,0.1079,0.1075,0.4576,0.5882,349,0,extracted,0.1827,0.0583,0.1442,0.1558,0.0654,0.0974
14,42,81,802,61,491,301,0.375,204,0,0.6511,0.1989,0.0889,0.1271,0.2542,0.2353,0.6488,0.1881,0.1079,0.1075,0.4576,0.5882,349,0,extracted,0.1827,0.0583,0.1442,0.1558,0.0654,0.0974
14,42,82,802,61,491,301,0.375,204,0,0.6511,0.1989,0.0889,0.1271,0.2542,0.2353,0.6488,0.1881,0.1079,0.1075,0.4576,0.5882,349,0,extracted,0.1827,0.0583,0.1442,0.1558,0.0654,0.0974
14,42,83,802,61,491,301,0.375,204,0,0.6511,0.1989,0.0889,0.1271,0.2542,0.2353,0.6488,0.1881,0.1079,0.1075,0.4576,0.5882,349,0,extracted,0.1827,0.0583,0.1442,0.1558,0.0654,0.0974
14,42,84,802,61,553,340,0.424,234,0,0.6675,0.2356,0.131,0.1303,0.4237,0.5882,0.6488,0.1881,0.1079,0.1075,0.4576,0.5882,349,0,extracted,0.2025,0.0681,0.1266,0.1558,0.0654,0.0974
14,42,85,802,61,553,340,0.424,234,0,0.6675,0.2356,0.131,0.1303,0.4237,0.5882,0.6488,0.1881,0.1079,0.1075,0.4576,0.5882,349,0,extracted,0.2025,0.0681,0.1266,0.1558,0.0654,0.0974
14,42,86,802,61,553,340,0.424,234,0,0.6675,0.2356,0.131,0.1303,0.4237,0.5882,0.6488,0.1881,0.1079,0.1075,0.4576,0.5882,349,0,extracted,0.2025,0.0681,0.1266,0.1558,0.0654,0.0974
14,42,87,802,61,553,340,0.424,234,0,0.6675,0.2356,0.131,0.1303,0.4237,0.5882,0.6488,0.1881,0.1079,0.1075,0.4576,0.5882,349,0,extracted,0.2025,0.0681,0.1266,0.1558,0.0654,0.0974
14,42,88,802,61,553,340,0.424,234,0,0.6675,0.2356,0.131,0.1303,0.4237,0.5882,0.6488,0.1881,0.1079,0.1075,0.4576,0.5882,349,0,extracted,0.2025,0.0681,0.1266,0.1558,0.0654,0.0974
14,42,89,802,61,553,340,0.424,234,0,0.6675,0.2356,0.131,0.1303,0.4237,0.5882,0.6488,0.1881,0.1079,0.1075,0.4576,0.5882,349,0,extracted,0.2025,0.0681,0.1266,0.1558,0.0654,0.0974
14,42,90,802,61,638,373,0.465,272,0,0.6822,0.2171,0.1346,0.1386,0.4746,0.5294,0.6488,0.1881,0.1079,0.1075,0.4576,0.5882,349,0,extracted,0.1811,0.0952,0.1496,0.1558,0.0654,0.0974
14,42,91,802,61,638,373,0.465,272,0,0.6822,0.2171,0.1346,0.1386,0.4746,0.5294,0.6488,0.1881,0.1079,0.1075,0.4576,0.5882,349,0,extracted,0.1811,0.0952,0.1496,0.1558,0.0654,0.0974
14,42,92,802,61,638,373,0.465,272,0,0.6822,0.2171,0.1346,0.1386,0.4746,0.5294,0.6488,0.1881,0.1079,0.1075,0.4576,0.5882,349,0,extracted,0.1811,0.0952,0.1496,0.1558,0.0654,0.0974
14,42,93,802,61,638,373,0.465,272,0,0.6822,0.2171,0.1346,0.1386,0.4746,0.5294,0.6488,0.1881,0.1079,0.1075,0.4576,0.5882,349,0,extracted,0.1811,0.0952,0.1496,0.1558,0.0654,0.0974
14,42,94,802,61,638,373,0.465,272,0,0.6822,0.2171,0.1346,0.1386,0.4746,0.5294,0.6488,0.1881,0.1079,0.1075,0.4576,0.5882,349,0,extracted,0.1811,0.0952,0.1496,0.1558,0.0654,0.0974
14,42,95,802,61,638,373,0.465,272,0,0.6822,0.2171,0.1346,0.1386,0.4746,0.5294,0.6488,0.1881,0.1079,0.1075,0.4576,0.5882,349,0,extracted,0.1811,0.0952,0.1496,0.1558,0.0654,0.0974
14,42,96,802,61,638,373,0.465,272,0,0.6822,0.2171,0.1346,0.1386,0.4746,0.5294,0.6488,0.1881,0.1079,0.1075,0.4576,0.5882,349,0,extracted,0.1811,0.0952,0.1496,0.1558,0.0654,0.0974
14,42,97,802,61,793,494,0.616,340,0,0.6542,0.1697,0.1051,0.1083,0.4746,0.5294,0.6488,0.1881,0.1079,0.1075,0.4576,0.5882,349,0,extracted,0.1424,0.0748,0.1115,0.1558,0.0654,0.0974
14,42,98,802,61,793,494,0.616,340,0,0.6542,0.1697,0.1051,0.1083,0.4746,0.5294,0.6488,0.1881,0.1079,0.1075,0.4576,0.5882,349,0,extracted,0.1424,0.0748,0.1115,0.1558,0.0654,0.0974
14,42,99,802,61,793,494,0.616,340,0,0.6542,0.1697,0.1051,0.1083,0.4746,0.5294,0.6488,0.1881,0.1079,0.1075,0.4576,0.5882,349,0,extracted,0.1424,0.0748,0.1115,0.1558,0.0654,0.0974
14,42,100,802,61,793,494,0.616,340,0,0.6542,0.1697,0.1051,0.1083,0.4746,0.5294,0.6488,0.1881,0.1079,0.1075,0.4576,0.5882,349,0,extracted,0.1424,0.0748,0.1115,0.1558,0.0654,0.0974
15,42,1,722,88,18,29,0.04,7,0,0.5775,0.0855,0.0,0.0513,0.0,0.0,0.6896,0.2891,0.1869,0.1624,0.5412,0.7419,330,0,extracted,0.0857,0.0,0.0571,0.2787,0.1404,0.1463
15,42,2,722,88,18,29,0.04,7,0,0.5775,0.0855,0.0,0.0513,0.0,0.0,0.6896,0.2891,0.1869,0.1624,0.5412,0.7419,330,0,extracted,0.0857,0.0,0.0571,0.2787,0.1404,0.1463
15,42,3,722,88,18,29,0.04,7,0,0.5775,0.0855,0.0,0.0513,0.0,0.0,0.6896,0.2891,0.1869,0.1624,0.5412,0.7419,330,0,extracted,0.0857,0.0,0.0571,0.2787,0.1404,0.1463
15,42,4,722,88,18,29,0.04,7,0,0.5775,0.0855,0.0,0.0513,0.0,0.0,0.6896,0.2891,0.1869,0.1624,0.5412,0.7419,330,0,extracted,0.0857,0.0,0.0571,0.2787,0.1404,0.1463
15,42,5,722,88,18,29,0.04,7,0,0.5775,0.0855,0.0,0.0513,0.0,0.0,0.6896,0.2891,0.1869,0.1624,0.5412,0.7419,330,0,extracted,0.0857,0.0,0.0571,0.2787,0.1404,0.1463
15,42,6,722,88,18,29,0.04,7,0,0.5775,0.0855,0.0,0.0513,0.0,0.0,0.6896,0.2891,0.1869,0.1624,0.5412,0.7419,330,0,extracted,0.0857,0.0,0.0571,0.2787,0.1404,0.1463
15,42,7,722,88,18,29,0.04,7,0,0.5775,0.0855,0.0,0.0513,0.0,0.0,0.6896,0.2891,0.1869,0.1624,0.5412,0.7419,330,0,extracted,0.0857,0.0,0.0571,0.2787,0.1404,0.1463
15,42,8,722,88,18,29,0.04,7,0,0.5775,0.0855,0.0,0.0513,0.0,0.0,0.6896,0.2891,0.1869,0.1624,0.5412,0.7419,330,0,extracted,0.0857,0.0,0.0571,0.2787,0.1404,0.1463
15,42,9,722,88,18,29,0.04,7,0,0.5775,0.0855,0.0,0.0513,0.0,0.0,0.6896,0.2891,0.1869,0.1624,0.5412,0.7419,330,0,extracted,0.0857,0.0,0.0571,0.2787,0.1404,0.1463
15,42,10,722,88,40,40,0.055,15,0,0.6433,0.2188,0.0952,0.1406,0.0706,0.0645,0.6896,0.2891,0.1869,0.1624,0.5412,0.7419,330,0,extracted,0.2051,0.0526,0.1538,0.2787,0.1404,0.1463
15,42,11,722,88,40,40,0.055,15,0,0.6433,0.2188,0.0952,0.1406,0.0706,0.0645,0.6896,0.2891,0.1869,0.1624,0.5412,0.7419,330,0,extracted,0.2051,0.0526,0.1538,0.2787,0.1404,0.1463
15,42,12,722,88,40,40,0.055,15,0,0.6433,0.2188,0.0952,0.1406,0.0706,0.0645,0.6896,0.2891,0.1869,0.1624,0.5412,0.7419,330,0,extracted,0.2051,0.0526,0.1538,0.2787,0.1404,0.1463
15,42,13,722,88,40,40,0.055,15,0,0.6433,0.2188,0.0952,0.1406,0.0706,0.0645,0.6896,0.2891,0.1869,0.1624,0.5412,0.7419,330,0,extracted,0.2051,0.0526,0.1538,0.2787,0.1404,0.1463
15,42,14,722,88,40,40,0.055,15,0,0.6433,0.2188,0.0952,0.1406,0.0706,0.0645,0.6896,0.2891,0.1869,0.1624,0.5412,0.7419,330,0,extracted,0.2051,0.0526,0.1538,0.2787,0.1404,0.1463
15,42,15,722,88,40,40,0.055,15,0,0.6433,0.2188,0.0952,0.1406,0.0706,0.0645,0.6896,0.2891,0.1869,0.1624,0.5412,0.7419,330,0,extracted,0.2051,0.0526,0.1538,0.2787,0.1404,0.1463
15,42,16,722,88,40,40,0.055,15,0,0.6433,0.2188,0.0952,0.1406,0.0706,0.0645,0.6896,0.2891,0.1869,0.1624,0.5412,0.7419,330,0,extracted,0.2051,0.0526,0.1538,0.2787,0.1404,0.1463
15,42,17,722,88,78,46,0.064,30,0,0.6461,0.3731,0.1667,0.2239,0.1294,0.1613,0.6896,0.2891,0.1869,0.1624,0.5412,0.7419,330,0,extracted,0.2927,0.05,0.1707,0.2787,0.1404,0.1463
15,42,18,722,88,78,46,0.064,30,0,0.6461,0.3731,0.1667,0.2239,0.1294,0.1613,0.6896,0.2891,0.1869,0.1624,0.5412,0.7419,330,0,extracted,0.2927,0.05,0.1707,0.2787,0.1404,0.1463
15,42,19,722,88,78,46,0.064,30,0,0.6461,0.3731,0.1667,0.2239,0.1294,0.1613,0.6896,0.2891,0.1869,0.1624,0.5412,0.7419,330,0,extracted,0.2927,0.05,0.1707,0.2787,0.1404,0.1463
15,42,20,722,88,78,46,0.064,30,0,0.6461,0.3731,0.1667,0.2239,0.1294,0.1613,0.6896,0.2891,0.1869,0.1624,0.5412,0.7419,330,0,extracted,0.2927,0.05,0.1707,0.2787,0.1404,0.1463
15,42,21,722,88,78,46,0.064,30,0,0.6461,0.3731,0.1667,0.2239,0.1294,0.1613,0.6896,0.2891,0.1869,0.1624,0.5412,0.7419,330,0,extracted,0.2927,0.05,0.1707,0.2787,0.1404,0.1463
15,42,22,722,88,78,46,0.064,30,0,0.6461,0.3731,0.1667,0.2239,0.1294,0.1613,0.6896,0.2891,0.1869,0.1624,0.5412,0.7419,330,0,extracted,0.2927,0.05,0.1707,0.2787,0.1404,0.1463
15,42,23,722,88,78,46,0.064,30,0,0.6461,0.3731,0.1667,0.2239,0.1294,0.1613,0.6896,0.2891,0.1869,0.1624,0.5412,0.7419,330,0,extracted,0.2927,0.05,0.1707,0.2787,0.1404,0.1463
15,42,24,722,88,101,52,0.072,38,0,0.654,0.3857,0.2174,0.2429,0.1765,0.1935,0.6896,0.2891,0.1869,0.1624,0.5412,0.7419,330,0,extracted,0.3294,0.0964,0.1882,0.2787,0.1404,0.1463
15,42,25,722,88,101,52,0.072,38,0,0.654,0.3857,0.2174,0.2429,0.1765,0.1935,0.6896,0.2891,0.1869,0.1624,0.5412,0.7419,330,0,extracted,0.3294,0.0964,0.1882,0.2787,0.1404,0.1463
15,42,26,722,88,101,52,0.072,38,0,0.654,0.3857,0.2174,0.2429,0.1765,0.1935,0.6896,0.2891,0.1869,0.1624,0.5412,0.7419,330,0,extracted,0.3294,0.0964,0.1882,0.2787,0.1404,0.1463
15,42,27,722,88,101,52,0.072,38,0,0.654,0.3857,0.2174,0.2429,0.1765,0.1935,0.6896,0.2891,0.1869,0.1624,0.5412,0.7419,330,0,extracted,0.3294,0.0964,0.1882,0.2787,0.1404,0.1463
15,42,28,722,88,101,52,0.072,38,0,0.654,0.3857,0.2174,0.2429,0.1765,0.1935,0.6896,0.2891,0.1869,0.1624,0.5412,0.7419,330,0,extracted,0.3294,0.0964,0.1882,0.2787,0.1404,0.1463
15,42,29,722,88,101,52,0.072,38,0,0.654,0.3857,0.2174,0.2429,0.1765,0.1935,0.6896,0.2891,0.1869,0.1624,0.5412,0.7419,330,0,extracted,0.3294,0.0964,0.1882,0.2787,0.1404,0.1463
15,42,30,722,88,101,52,0.072,38,0,0.654,0.3857,0.2174,0.2429,0.1765,0.1935,0.6896,0.2891,0.1869,0.1624,0.5412,0.7419,330,0,extracted,0.3294,0.0964,0.1882,0.2787,0.1404,0.1463
15,42,31,722,88,125,68,0.094,48,0,0.6496,0.3846,0.2078,0.2436,0.1882,0.1935,0.6896,0.2891,0.1869,0.1624,0.5412,0.7419,330,0,extracted,0.3368,0.086,0.2105,0.2787,0.1404,0.1463
15,42,32,722,88,125,68,0.094,48,0,0.6496,0.3846,0.2078,0.2436,0.1882,0.1935,0.6896,0.2891,0.1869,0.1624,0.5412,0.7419,330,0,extracted,0.3368,0.086,0.2105,0.2787,0.1404,0.1463
15,42,33,722,88,125,68,0.094,48,0,0.6496,0.3846,0.2078,0.2436,0.1882,0.1935,0.6896,0.2891,0.1869,0.1624,0.5412,0.7419,330,0,extracted,0.3368,0.086,0.2105,0.2787,0.1404,0.1463
15,42,34,722,88,125,68,0.094,48,0,0.6496,0.3846,0.2078,0.2436,0.1882,0.1935,0.6896,0.2891,0.1869,0.1624,0.5412,0.7419,330,0,extracted,0.3368,0.086,0.2105,0.2787,0.1404,0.1463
15,42,35,722,88,125,68,0.094,48,0,0.6496,0.3846,0.2078,0.2436,0.1882,0.1935,0.6896,0.2891,0.1869,0.1624,0.5412,0.7419,330,0,extracted,0.3368,0.086,0.2105,0.2787,0.1404,0.1463
15,42,36,722,88,125,68,0.094,48,0,0.6496,0.3846,0.2078,0.2436,0.1882,0.1935,0.6896,0.2891,0.1869,0.1624,0.5412,0.7419,330,0,extracted,0.3368,0.086,0.2105,0.2787,0.1404,0.1463
15,42,37,722,88,155,94,0.13,62,0,0.6508,0.3956,0.2111,0.2418,0.2118,0.2258,0.6896,0.2891,0.1869,0.1624,0.5412,0.7419,330,0,extracted,0.3571,0.0909,0.2143,0.2787,0.1404,0.1463
15,42,38,722,88,155,94,0.13,62,0,0.6508,0.3956,0.2111,0.2418,0.2118,0.2258,0.6896,0.2891,0.1869,0.1624,0.5412,0.7419,330,0,extracted,0.3571,0.0909,0.2143,0.2787,0.1404,0.1463
15,42,39,722,88,155,94,0.13,62,0,0.6508,0.3956,0.2111,0.2418,0.2118,0.2258,0.6896,0.2891,0.1869,0.1624,0.5412,0.7419,330,0,extracted,0.3571,0.0909,0.2143,0.2787,0.1404,0.1463
15,42,40,722,88,155,94,0.13,62,0,0.6508,0.3956,0.2111,0.2418,0.2118,0.2258,0.6896,0.2891,0.1869,0.1624,0.5412,0.7419,330,0,extracted,0.3571,0.0909,0.2143,0.2787,0.1404,0.1463
15,42,41,722,88,155,94,0.13,62,0,0.6508,0.3956,0.2111,0.2418,0.2118,0.2258,0.6896,0.2891,0.1869,0.1624,0.5412,0.7419,330,0,extracted,0.3571,0.0909,0.2143,0.2787,0.1404,0.1463
15,42,42,722,88,155,94,0.13,62,0,0.6508,0.3956,0.2111,0.2418,0.2118,0.2258,0.6896,0.2891,0.1869,0.1624,0.5412,0.7419,330,0,extracted,0.3571,0.0909,0.2143,0.2787,0.1404,0.1463
15,42,43,722,88,155,94,0.13,62,0,0.6508,0.3956,0.2111,0.2418,0.2118,0.2258,0.6896,0.2891,0.1869,0.1624,0.5412,0.7419,330,0,extracted,0.3571,0.0909,0.2143,0.2787,0.1404,0.1463
15,42,44,722,88,205,121,0.168,89,0,0.6634,0.3707,0.2266,0.2634,0.2706,0.2903,0.6896,0.2891,0.1869,0.1624,0.5412,0.7419,330,0,extracted,0.3761,0.1565,0.2735,0.2787,0.1404,0.1463
15,42,45,722,88,205,121,0.168,89,0,0.6634,0.3707,0.2266,0.2634,0.2706,0.2903,0.6896,0.2891,0.1869,0.1624,0.5412,0.7419,330,0,extracted,0.3761,0.1565,0.2735,0.2787,0.1404,0.1463
15,42,46,722,88,205,121,0.168,89,0,0.6634,0.3707,0.2266,0.2634,0.2706,0.2903,0.6896,0.2891,0.1869,0.1624,0.5412,0.7419,330,0,extracted,0.3761,0.1565,0.2735,0.2787,0.1404,0.1463
15,42,47,722,88,205,121,0.168,89,0,0.6634,0.3707,0.2266,0.2634,0.2706,0.2903,0.6896,0.2891,0.1869,0.1624,0.5412,0.7419,330,0,extracted,0.3761,0.1565,0.2735,0.2787,0.1404,0.1463
15,42,48,722,88,205,121,0.168,89,0,0.6634,0.3707,0.2266,0.2634,0.2706,0.2903,0.6896,0.2891,0.1869,0.1624,0.5412,0.7419,330,0,extracted,0.3761,0.1565,0.2735,0.2787,0.1404,0.1463
15,42,49,722,88,205,121,0.168,89,0,0.6634,0.3707,0.2266,0.2634,0.2706,0.2903,0.6896,0.2891,0.1869,0.1624,0.5412,0.7419,330,0,extracted,0.3761,0.1565,0.2735,0.2787,0.1404,0.1463
15,42,50,722,88,239,148,0.205,102,0,0.6494,0.3675,0.2155,0.2308,0.2824,0.3226,0.6896,0.2891,0.1869,0.1624,0.5412,0.7419,330,0,extracted,0.3571,0.1304,0.2286,0.2787,0.1404,0.1463
15,42,51,722,88,239,148,0.205,102,0,0.6494,0.3675,0.2155,0.2308,0.2824,0.3226,0.6896,0.2891,0.1869,0.1624,0.5412,0.7419,330,0,extracted,0.3571,0.1304,0.2286,0.2787,0.1404,0.1463
15,42,52,722,88,239,148,0.205,102,0,0.6494,0.3675,0.2155,0.2308,0.2824,0.3226,0.6896,0.2891,0.1869,0.1624,0.5412,0.7419,330,0,extracted,0.3571,0.1304,0.2286,0.2787,0.1404,0.1463
15,42,53,722,88,239,148,0.205,102,0,0.6494,0.3675,0.2155,0.2308,0.2824,0.3226,0.6896,0.2891,0.1869,0.1624,0.5412,0.7419,330,0,extracted,0.3571,0.1304,0.2286,0.2787,0.1404,0.1463
15,42,54,722,88,239,148,0.205,102,0,0.6494,0.3675,0.2155,0.2308,0.2824,0.3226,0.6896,0.2891,0.1869,0.1624,0.5412,0.7419,330,0,extracted,0.3571,0.1304,0.2286,0.2787,0.1404,0.1463
15,42,55,722,88,239,148,0.205,102,0,0.6494,0.3675,0.2155,0.2308,0.2824,0.3226,0.6896,0.2891,0.1869,0.1624,0.5412,0.7419,330,0,extracted,0.3571,0.1304,0.2286,0.2787,0.1404,0.1463
15,42,56,722,88,239,148,0.205,102,0,0.6494,0.3675,0.2155,0.2308,0.2824,0.3226,0.6896,0.2891,0.1869,0.1624,0.5412,0.7419,330,0,extracted,0.3571,0.1304,0.2286,0.2787,0.1404,0.1463
15,42,57,722,88,301,172,0.238,127,0,0.6753,0.3241,0.1594,0.1897,0.2353,0.3226,0.6896,0.2891,0.1869,0.1624,0.5412,0.7419,330,0,extracted,0.3088,0.0896,0.1765,0.2787,0.1404,0.1463
15,42,58,722,88,301,172,0.238,127,0,0.6753,0.3241,0.1594,0.1897,0.2353,0.3226,0.6896,0.2891,0.1869,0.1624,0.5412,0.7419,330,0,extracted,0.3088,0.0896,0.1765,0.2787,0.1404,0.1463
15,42,59,722,88,301,172,0.238,127,0,0.6753,0.3241,0.1594,0.1897,0.2353,0.3226,0.6896,0.2891,0.1869,0.1624,0.5412,0.7419,330,0,extracted,0.3088,0.0896,0.1765,0.2787,0.1404,0.1463
15,42,60,722,88,301,172,0.238,127,0,0.6753,0.3241,0.1594,0.1897,0.2353,0.3226,0.6896,0.2891,0.1869,0.1624,0.5412,0.7419,330,0,extracted,0.3088,0.0896,0.1765,0.2787,0.1404,0.1463
15,42,61,722,88,301,172,0.238,127,0,0.6753,0.3241,0.1594,0.1897,0.2353,0.3226,0.6896,0.2891,0.1869,0.1624,0.5412,0.7419,330,0,extracted,0.3088,0.0896,0.1765,0.2787,0.1404,0.1463
15,42,62,722,88,301,172,0.238,127,0,0.6753,0.3241,0.1594,0.1897,0.2353,0.3226,0.6896,0.2891,0.1869,0.1624,0.5412,0.7419,330,0,extracted,0.3088,0.0896,0.1765,0.2787,0.1404,0.1463
15,42,63,722,88,301,172,0.238,127,0,0.6753,0.3241,0.1594,0.1897,0.2353,0.3226,0.6896,0.2891,0.1869,0.1624,0.5412,0.7419,330,0,extracted,0.3088,0.0896,0.1765,0.2787,0.1404,0.1463
15,42,64,722,88,366,232,0.321,156,0,0.7068,0.3975,0.254,0.3028,0.4706,0.6129,0.6896,0.2891,0.1869,0.1624,0.5412,0.7419,330,0,extracted,0.3636,0.173,0.2781,0.2787,0.1404,0.1463
15,42,65,722,88,366,232,0.321,156,0,0.7068,0.3975,0.254,0.3028,0.4706,0.6129,0.6896,0.2891,0.1869,0.1624,0.5412,0.7419,330,0,extracted,0.3636,0.173,0.2781,0.2787,0.1404,0.1463
15,42,66,722,88,366,232,0.321,156,0,0.7068,0.3975,0.254,0.3028,0.4706,0.6129,0.6896,0.2891,0.1869,0.1624,0.5412,0.7419,330,0,extracted,0.3636,0.173,0.2781,0.2787,0.1404,0.1463
15,42,67,722,88,366,232,0.321,156,0,0.7068,0.3975,0.254,0.3028,0.4706,0.6129,0.6896,0.2891,0.1869,0.1624,0.5412,0.7419,330,0,extracted,0.3636,0.173,0.2781,0.2787,0.1404,0.1463
15,42,68,722,88,366,232,0.321,156,0,0.7068,0.3975,0.254,0.3028,0.4706,0.6129,0.6896,0.2891,0.1869,0.1624,0.5412,0.7419,330,0,extracted,0.3636,0.173,0.2781,0.2787,0.1404,0.1463
15,42,69,722,88,366,232,0.321,156,0,0.7068,0.3975,0.254,0.3028,0.4706,0.6129,0.6896,0.2891,0.1869,0.1624,0.5412,0.7419,330,0,extracted,0.3636,0.173,0.2781,0.2787,0.1404,0.1463
15,42,70,722,88,366,232,0.321,156,0,0.7068,0.3975,0.254,0.3028,0.4706,0.6129,0.6896,0.2891,0.1869,0.1624,0.5412,0.7419,330,0,extracted,0.3636,0.173,0.2781,0.2787,0.1404,0.1463
15,42,71,722,88,399,233,0.323,173,0,0.6849,0.3567,0.1859,0.172,0.3412,0.4839,0.6896,0.2891,0.1869,0.1624,0.5412,0.7419,330,0,extracted,0.3164,0.08,0.1582,0.2787,0.1404,0.1463
15,42,72,722,88,399,233,0.323,173,0,0.6849,0.3567,0.1859,0.172,0.3412,0.4839,0.6896,0.2891,0.1869,0.1624,0.5412,0.7419,330,0,extracted,0.3164,0.08,0.1582,0.2787,0.1404,0.1463
15,42,73,722,88,399,233,0.323,173,0,0.6849,0.3567,0.1859,0.172,0.3412,0.4839,0.6896,0.2891,0.1869,0.1624,0.5412,0.7419,330,0,extracted,0.3164,0.08,0.1582,0.2787,0.1404,0.1463
15,42,74,722,88,399,233,0.323,173,0,0.6849,0.3567,0.1859,0.172,0.3412,0.4839,0.6896,0.2891,0.1869,0.1624,0.5412,0.7419,330,0,extracted,0.3164,0.08,0.1582,0.2787,0.1404,0.1463
15,42,75,722,88,399,233,0.323,173,0,0.6849,0.3567,0.1859,0.172,0.3412,0.4839,0.6896,0.2891,0.1869,0.1624,0.5412,0.7419,330,0,extracted,0.3164,0.08,0.1582,0.2787,0.1404,0.1463
15,42,76,722,88,399,233,0.323,173,0,0.6849,0.3567,0.1859,0.172,0.3412,0.4839,0.6896,0.2891,0.1869,0.1624,0.5412,0.7419,330,0,extracted,0.3164,0.08,0.1582,0.2787,0.1404,0.1463
15,42,77,722,88,496,296,0.41,222,0,0.69,0.3386,0.2021,0.2222,0.4471,0.5484,0.6896,0.2891,0.1869,0.1624,0.5412,0.7419,330,0,extracted,0.2871,0.0966,0.201,0.2787,0.1404,0.1463
15,42,78,722,88,496,296,0.41,222,0,0.69,0.3386,0.2021,0.2222,0.4471,0.5484,0.6896,0.2891,0.1869,0.1624,0.5412,0.7419,330,0,extracted,0.2871,0.0966,0.201,0.2787,0.1404,0.1463
15,42,79,722,88,496,296,0.41,222,0,0.69,0.3386,0.2021,0.2222,0.4471,0.5484,0.6896,0.2891,0.1869,0.1624,0.5412,0.7419,330,0,extracted,0.2871,0.0966,0.201,0.2787,0.1404,0.1463
15,42,80,722,88,496,296,0.41,222,0,0.69,0.3386,0.2021,0.2222,0.4471,0.5484,0.6896,0.2891,0.1869,0.1624,0.5412,0.7419,330,0,extracted,0.2871,0.0966,0.201,0.2787,0.1404,0.1463
15,42,81,722,88,496,296,0.41,222,0,0.69,0.3386,0.2021,0.2222,0.4471,0.5484,0.6896,0.2891,0.1869,0.1624,0.5412,0.7419,330,0,extracted,0.2871,0.0966,0.201,0.2787,0.1404,0.1463
15,42,82,722,88,496,296,0.41,222,0,0.69,0.3386,0.2021,0.2222,0.4471,0.5484,0.6896,0.2891,0.1869,0.1624,0.5412,0.7419,330,0,extracted,0.2871,0.0966,0.201,0.2787,0.1404,0.1463
15,42,83,722,88,496,296,0.41,222,0,0.69,0.3386,0.2021,0.2222,0.4471,0.5484,0.6896,0.2891,0.1869,0.1624,0.5412,0.7419,330,0,extracted,0.2871,0.0966,0.201,0.2787,0.1404,0.1463
15,42,84,722,88,554,333,0.461,254,0,0.6902,0.3373,0.1937,0.212,0.4706,0.6452,0.6896,0.2891,0.1869,0.1624,0.5412,0.7419,330,0,extracted,0.2869,0.0766,0.1772,0.2787,0.1404,0.1463
15,42,85,722,88,554,333,0.461,254,0,0.6902,0.3373,0.1937,0.212,0.4706,0.6452,0.6896,0.2891,0.1869,0.1624,0.5412,0.7419,330,0,extracted,0.2869,0.0766,0.1772,0.2787,0.1404,0.1463
15,42,86,722,88,554,333,0.461,254,0,0.6902,0.3373,0.1937,0.212,0.4706,0.6452,0.6896,0.2891,0.1869,0.1624,0.5412,0.7419,330,0,extracted,0.2869,0.0766,0.1772,0.2787,0.1404,0.1463
15,42,87,722,88,554,333,0.461,254,0,0.6902,0.3373,0.1937,0.212,0.4706,0.6452,0.6896,0.2891,0.1869,0.1624,0.5412,0.7419,330,0,extracted,0.2869,0.0766,0.1772,0.2787,0.1404,0.1463
15,42,88,722,88,554,333,0.461,254,0,0.6902,0.3373,0.1937,0.212,0.4706,0.6452,0.6896,0.2891,0.1869,0.1624,0.5412,0.7419,330,0,extracted,0.2869,0.0766,0.1772,0.2787,0.1404,0.1463
15,42,89,722,88,554,333,0.461,254,0,0.6902,0.3373,0.1937,0.212,0.4706,0.6452,0.6896,0.2891,0.1869,0.1624,0.5412,0.7419,330,0,extracted,0.2869,0.0766,0.1772,0.2787,0.1404,0.1463
15,42,90,722,88,639,362,0.501,290,0,0.7019,0.3251,0.2132,0.1896,0.5412,0.7419,0.6896,0.2891,0.1869,0.1624,0.5412,0.7419,330,0,extracted,0.3166,0.1323,0.1853,0.2787,0.1404,0.1463
15,42,91,722,88,639,362,0.501,290,0,0.7019,0.3251,0.2132,0.1896,0.5412,0.7419,0.6896,0.2891,0.1869,0.1624,0.5412,0.7419,330,0,extracted,0.3166,0.1323,0.1853,0.2787,0.1404,0.1463
15,42,92,722,88,639,362,0.501,290,0,0.7019,0.3251,0.2132,0.1896,0.5412,0.7419,0.6896,0.2891,0.1869,0.1624,0.5412,0.7419,330,0,extracted,0.3166,0.1323,0.1853,0.2787,0.1404,0.1463
15,42,93,722,88,639,362,0.501,290,0,0.7019,0.3251,0.2132,0.1896,0.5412,0.7419,0.6896,0.2891,0.1869,0.1624,0.5412,0.7419,330,0,extracted,0.3166,0.1323,0.1853,0.2787,0.1404,0.1463
15,42,94,722,88,639,362,0.501,290,0,0.7019,0.3251,0.2132,0.1896,0.5412,0.7419,0.6896,0.2891,0.1869,0.1624,0.5412,0.7419,330,0,extracted,0.3166,0.1323,0.1853,0.2787,0.1404,0.1463
15,42,95,722,88,639,362,0.501,290,0,0.7019,0.3251,0.2132,0.1896,0.5412,0.7419,0.6896,0.2891,0.1869,0.1624,0.5412,0.7419,330,0,extracted,0.3166,0.1323,0.1853,0.2787,0.1404,0.1463
15,42,96,722,88,639,362,0.501,290,0,0.7019,0.3251,0.2132,0.1896,0.5412,0.7419,0.6896,0.2891,0.1869,0.1624,0.5412,0.7419,330,0,extracted,0.3166,0.1323,0.1853,0.2787,0.1404,0.1463
15,42,97,722,88,713,370,0.512,322,0,0.6824,0.3118,0.1969,0.1826,0.5176,0.6774,0.6896,0.2891,0.1869,0.1624,0.5412,0.7419,330,0,extracted,0.289,0.1379,0.1597,0.2787,0.1404,0.1463
15,42,98,722,88,713,370,0.512,322,0,0.6824,0.3118,0.1969,0.1826,0.5176,0.6774,0.6896,0.2891,0.1869,0.1624,0.5412,0.7419,330,0,extracted,0.289,0.1379,0.1597,0.2787,0.1404,0.1463
15,42,99,722,88,713,370,0.512,322,0,0.6824,0.3118,0.1969,0.1826,0.5176,0.6774,0.6896,0.2891,0.1869,0.1624,0.5412,0.7419,330,0,extracted,0.289,0.1379,0.1597,0.2787,0.1404,0.1463
15,42,100,722,88,713,370,0.512,322,0,0.6824,0.3118,0.1969,0.1826,0.5176,0.6774,0.6896,0.2891,0.1869,0.1624,0.5412,0.7419,330,0,extracted,0.289,0.1379,0.1597,0.2787,0.1404,0.1463
16,42,1,808,122,18,23,0.028,10,0,0.6193,0.1379,0.028,0.1103,0.02,0.0312,0.6906,0.3047,0.1793,0.1331,0.46,0.5312,404,0,extracted,0.1395,0.0238,0.1163,0.3155,0.1377,0.1548
16,42,2,808,122,18,23,0.028,10,0,0.6193,0.1379,0.028,0.1103,0.02,0.0312,0.6906,0.3047,0.1793,0.1331,0.46,0.5312,404,0,extracted,0.1395,0.0238,0.1163,0.3155,0.1377,0.1548
16,42,3,808,122,18,23,0.028,10,0,0.6193,0.1379,0.028,0.1103,0.02,0.0312,0.6906,0.3047,0.1793,0.1331,0.46,0.5312,404,0,extracted,0.1395,0.0238,0.1163,0.3155,0.1377,0.1548
16,42,4,808,122,18,23,0.028,10,0,0.6193,0.1379,0.028,0.1103,0.02,0.0312,0.6906,0.3047,0.1793,0.1331,0.46,0.5312,404,0,extracted,0.1395,0.0238,0.1163,0.3155,0.1377,0.1548
16,42,5,808,122,18,23,0.028,10,0,0.6193,0.1379,0.028,0.1103,0.02,0.0312,0.6906,0.3047,0.1793,0.1331,0.46,0.5312,404,0,extracted,0.1395,0.0238,0.1163,0.3155,0.1377,0.1548
16,42,6,808,122,18,23,0.028,10,0,0.6193,0.1379,0.028,0.1103,0.02,0.0312,0.6906,0.3047,0.1793,0.1331,0.46,0.5312,404,0,extracted,0.1395,0.0238,0.1163,0.3155,0.1377,0.1548
16,42,7,808,122,18,23,0.028,10,0,0.6193,0.1379,0.028,0.1103,0.02,0.0312,0.6906,0.3047,0.1793,0.1331,0.46,0.5312,404,0,extracted,0.1395,0.0238,0.1163,0.3155,0.1377,0.1548
16,42,8,808,122,18,23,0.028,10,0,0.6193,0.1379,0.028,0.1103,0.02,0.0312,0.6906,0.3047,0.1793,0.1331,0.46,0.5312,404,0,extracted,0.1395,0.0238,0.1163,0.3155,0.1377,0.1548
16,42,9,808,122,18,23,0.028,10,0,0.6193,0.1379,0.028,0.1103,0.02,0.0312,0.6906,0.3047,0.1793,0.1331,0.46,0.5312,404,0,extracted,0.1395,0.0238,0.1163,0.3155,0.1377,0.1548
16,42,10,808,122,18,23,0.028,10,0,0.6193,0.1379,0.028,0.1103,0.02,0.0312,0.6906,0.3047,0.1793,0.1331,0.46,0.5312,404,0,extracted,0.1395,0.0238,0.1163,0.3155,0.1377,0.1548
16,42,11,808,122,18,23,0.028,10,0,0.6193,0.1379,0.028,0.1103,0.02,0.0312,0.6906,0.3047,0.1793,0.1331,0.46,0.5312,404,0,extracted,0.1395,0.0238,0.1163,0.3155,0.1377,0.1548
16,42,12,808,122,18,23,0.028,10,0,0.6193,0.1379,0.028,0.1103,0.02,0.0312,0.6906,0.3047,0.1793,0.1331,0.46,0.5312,404,0,extracted,0.1395,0.0238,0.1163,0.3155,0.1377,0.1548
16,42,13,808,122,70,40,0.05,34,0,0.6879,0.3086,0.1125,0.1481,0.07,0.1562,0.6906,0.3047,0.1793,0.1331,0.46,0.5312,404,0,extracted,0.3158,0.0645,0.1263,0.3155,0.1377,0.1548
16,42,14,808,122,70,40,0.05,34,0,0.6879,0.3086,0.1125,0.1481,0.07,0.1562,0.6906,0.3047,0.1793,0.1331,0.46,0.5312,404,0,extracted,0.3158,0.0645,0.1263,0.3155,0.1377,0.1548
16,42,15,808,122,70,40,0.05,34,0,0.6879,0.3086,0.1125,0.1481,0.07,0.1562,0.6906,0.3047,0.1793,0.1331,0.46,0.5312,404,0,extracted,0.3158,0.0645,0.1263,0.3155,0.1377,0.1548
16,42,16,808,122,70,40,0.05,34,0,0.6879,0.3086,0.1125,0.1481,0.07,0.1562,0.6906,0.3047,0.1793,0.1331,0.46,0.5312,404,0,extracted,0.3158,0.0645,0.1263,0.3155,0.1377,0.1548
16,42,17,808,122,70,40,0.05,34,0,0.6879,0.3086,0.1125,0.1481,0.07,0.1562,0.6906,0.3047,0.1793,0.1331,0.46,0.5312,404,0,extracted,0.3158,0.0645,0.1263,0.3155,0.1377,0.1548
16,42,18,808,122,70,40,0.05,34,0,0.6879,0.3086,0.1125,0.1481,0.07,0.1562,0.6906,0.3047,0.1793,0.1331,0.46,0.5312,404,0,extracted,0.3158,0.0645,0.1263,0.3155,0.1377,0.1548
16,42,19,808,122,70,40,0.05,34,0,0.6879,0.3086,0.1125,0.1481,0.07,0.1562,0.6906,0.3047,0.1793,0.1331,0.46,0.5312,404,0,extracted,0.3158,0.0645,0.1263,0.3155,0.1377,0.1548
16,42,20,808,122,70,40,0.05,34,0,0.6879,0.3086,0.1125,0.1481,0.07,0.1562,0.6906,0.3047,0.1793,0.1331,0.46,0.5312,404,0,extracted,0.3158,0.0645,0.1263,0.3155,0.1377,0.1548
16,42,21,808,122,142,80,0.099,65,0,0.6921,0.4059,0.17,0.1584,0.13,0.25,0.6906,0.3047,0.1793,0.1331,0.46,0.5312,404,0,extracted,0.3967,0.084,0.1488,0.3155,0.1377,0.1548
16,42,22,808,122,142,80,0.099,65,0,0.6921,0.4059,0.17,0.1584,0.13,0.25,0.6906,0.3047,0.1793,0.1331,0.46,0.5312,404,0,extracted,0.3967,0.084,0.1488,0.3155,0.1377,0.1548
16,42,23,808,122,142,80,0.099,65,0,0.6921,0.4059,0.17,0.1584,0.13,0.25,0.6906,0.3047,0.1793,0.1331,0.46,0.5312,404,0,extracted,0.3967,0.084,0.1488,0.3155,0.1377,0.1548
16,42,24,808,122,142,80,0.099,65,0,0.6921,0.4059,0.17,0.1584,0.13,0.25,0.6906,0.3047,0.1793,0.1331,0.46,0.5312,404,0,extracted,0.3967,0.084,0.1488,0.3155,0.1377,0.1548
16,42,25,808,122,142,80,0.099,65,0,0.6921,0.4059,0.17,0.1584,0.13,0.25,0.6906,0.3047,0.1793,0.1331,0.46,0.5312,404,0,extracted,0.3967,0.084,0.1488,0.3155,0.1377,0.1548
16,42,26,808,122,142,80,0.099,65,0,0.6921,0.4059,0.17,0.1584,0.13,0.25,0.6906,0.3047,0.1793,0.1331,0.46,0.5312,404,0,extracted,0.3967,0.084,0.1488,0.3155,0.1377,0.1548
16,42,27,808,122,142,80,0.099,65,0,0.6921,0.4059,0.17,0.1584,0.13,0.25,0.6906,0.3047,0.1793,0.1331,0.46,0.5312,404,0,extracted,0.3967,0.084,0.1488,0.3155,0.1377,0.1548
16,42,28,808,122,142,80,0.099,65,0,0.6921,0.4059,0.17,0.1584,0.13,0.25,0.6906,0.3047,0.1793,0.1331,0.46,0.5312,404,0,extracted,0.3967,0.084,0.1488,0.3155,0.1377,0.1548
16,42,29,808,122,142,80,0.099,65,0,0.6921,0.4059,0.17,0.1584,0.13,0.25,0.6906,0.3047,0.1793,0.1331,0.46,0.5312,404,0,extracted,0.3967,0.084,0.1488,0.3155,0.1377,0.1548
16,42,30,808,122,207,117,0.145,96,0,0.6747,0.2696,0.0877,0.113,0.08,0.1562,0.6906,0.3047,0.1793,0.1331,0.46,0.5312,404,0,extracted,0.3167,0.0678,0.15,0.3155,0.1377,0.1548
16,42,31,808,122,207,117,0.145,96,0,0.6747,0.2696,0.0877,0.113,0.08,0.1562,0.6906,0.3047,0.1793,0.1331,0.46,0.5312,404,0,extracted,0.3167,0.0678,0.15,0.3155,0.1377,0.1548
16,42,32,808,122,207,117,0.145,96,0,0.6747,0.2696,0.0877,0.113,0.08,0.1562,0.6906,0.3047,0.1793,0.1331,0.46,0.5312,404,0,extracted,0.3167,0.0678,0.15,0.3155,0.1377,0.1548
16,42,33,808,122,207,117,0.145,96,0,0.6747,0.2696,0.0877,0.113,0.08,0.1562,0.6906,0.3047,0.1793,0.1331,0.46,0.5312,404,0,extracted,0.3167,0.0678,0.15,0.3155,0.1377,0.1548
16,42,34,808,122,207,117,0.145,96,0,0.6747,0.2696,0.0877,0.113,0.08,0.1562,0.6906,0.3047,0.1793,0.1331,0.46,0.5312,404,0,extracted,0.3167,0.0678,0.15,0.3155,0.1377,0.1548
16,42,35,808,122,207,117,0.145,96,0,0.6747,0.2696,0.0877,0.113,0.08,0.1562,0.6906,0.3047,0.1793,0.1331,0.46,0.5312,404,0,extracted,0.3167,0.0678,0.15,0.3155,0.1377,0.1548
16,42,36,808,122,207,117,0.145,96,0,0.6747,0.2696,0.0877,0.113,0.08,0.1562,0.6906,0.3047,0.1793,0.1331,0.46,0.5312,404,0,extracted,0.3167,0.0678,0.15,0.3155,0.1377,0.1548
16,42,37,808,122,207,117,0.145,96,0,0.6747,0.2696,0.0877,0.113,0.08,0.1562,0.6906,0.3047,0.1793,0.1331,0.46,0.5312,404,0,extracted,0.3167,0.0678,0.15,0.3155,0.1377,0.1548
16,42,38,808,122,263,143,0.177,128,0,0.6971,0.4368,0.2085,0.1992,0.25,0.3125,0.6906,0.3047,0.1793,0.1331,0.46,0.5312,404,0,extracted,0.4698,0.1633,0.2282,0.3155,0.1377,0.1548
16,42,39,808,122,263,143,0.177,128,0,0.6971,0.4368,0.2085,0.1992,0.25,0.3125,0.6906,0.3047,0.1793,0.1331,0.46,0.5312,404,0,extracted,0.4698,0.1633,0.2282,0.3155,0.1377,0.1548
16,42,40,808,122,263,143,0.177,128,0,0.6971,0.4368,0.2085,0.1992,0.25,0.3125,0.6906,0.3047,0.1793,0.1331,0.46,0.5312,404,0,extracted,0.4698,0.1633,0.2282,0.3155,0.1377,0.1548
16,42,41,808,122,263,143,0.177,128,0,0.6971,0.4368,0.2085,0.1992,0.25,0.3125,0.6906,0.3047,0.1793,0.1331,0.46,0.5312,404,0,extracted,0.4698,0.1633,0.2282,0.3155,0.1377,0.1548
16,42,42,808,122,263,143,0.177,128,0,0.6971,0.4368,0.2085,0.1992,0.25,0.3125,0.6906,0.3047,0.1793,0.1331,0.46,0.5312,404,0,extracted,0.4698,0.1633,0.2282,0.3155,0.1377,0.1548
16,42,43,808,122,263,143,0.177,128,0,0.6971,0.4368,0.2085,0.1992,0.25,0.3125,0.6906,0.3047,0.1793,0.1331,0.46,0.5312,404,0,extracted,0.4698,0.1633,0.2282,0.3155,0.1377,0.1548
16,42,44,808,122,263,143,0.177,128,0,0.6971,0.4368,0.2085,0.1992,0.25,0.3125,0.6906,0.3047,0.1793,0.1331,0.46,0.5312,404,0,extracted,0.4698,0.1633,0.2282,0.3155,0.1377,0.1548
16,42,45,808,122,263,143,0.177,128,0,0.6971,0.4368,0.2085,0.1992,0.25,0.3125,0.6906,0.3047,0.1793,0.1331,0.46,0.5312,404,0,extracted,0.4698,0.1633,0.2282,0.3155,0.1377,0.1548
16,42,46,808,122,320,183,0.226,152,0,0.6806,0.3716,0.1633,0.1757,0.22,0.2812,0.6906,0.3047,0.1793,0.1331,0.46,0.5312,404,0,extracted,0.4337,0.122,0.2048,0.3155,0.1377,0.1548
16,42,47,808,122,320,183,0.226,152,0,0.6806,0.3716,0.1633,0.1757,0.22,0.2812,0.6906,0.3047,0.1793,0.1331,0.46,0.5312,404,0,extracted,0.4337,0.122,0.2048,0.3155,0.1377,0.1548
16,42,48,808,122,320,183,0.226,152,0,0.6806,0.3716,0.1633,0.1757,0.22,0.2812,0.6906,0.3047,0.1793,0.1331,0.46,0.5312,404,0,extracted,0.4337,0.122,0.2048,0.3155,0.1377,0.1548
16,42,49,808,122,320,183,0.226,152,0,0.6806,0.3716,0.1633,0.1757,0.22,0.2812,0.6906,0.3047,0.1793,0.1331,0.46,0.5312,404,0,extracted,0.4337,0.122,0.2048,0.3155,0.1377,0.1548
16,42,50,808,122,320,183,0.226,152,0,0.6806,0.3716,0.1633,0.1757,0.22,0.2812,0.6906,0.3047,0.1793,0.1331,0.46,0.5312,404,0,extracted,0.4337,0.122,0.2048,0.3155,0.1377,0.1548
16,42,51,808,122,320,183,0.226,152,0,0.6806,0.3716,0.1633,0.1757,0.22,0.2812,0.6906,0.3047,0.1793,0.1331,0.46,0.5312,404,0,extracted,0.4337,0.122,0.2048,0.3155,0.1377,0.1548
16,42,52,808,122,320,183,0.226,152,0,0.6806,0.3716,0.1633,0.1757,0.22,0.2812,0.6906,0.3047,0.1793,0.1331,0.46,0.5312,404,0,extracted,0.4337,0.122,0.2048,0.3155,0.1377,0.1548
16,42,53,808,122,320,183,0.226,152,0,0.6806,0.3716,0.1633,0.1757,0.22,0.2812,0.6906,0.3047,0.1793,0.1331,0.46,0.5312,404,0,extracted,0.4337,0.122,0.2048,0.3155,0.1377,0.1548
16,42,54,808,122,320,183,0.226,152,0,0.6806,0.3716,0.1633,0.1757,0.22,0.2812,0.6906,0.3047,0.1793,0.1331,0.46,0.5312,404,0,extracted,0.4337,0.122,0.2048,0.3155,0.1377,0.1548
16,42,55,808,122,407,227,0.281,198,0,0.7069,0.4059,0.1893,0.1941,0.28,0.375,0.6906,0.3047,0.1793,0.1331,0.46,0.5312,404,0,extracted,0.4188,0.1376,0.2094,0.3155,0.1377,0.1548
16,42,56,808,122,407,227,0.281,198,0,0.7069,0.4059,0.1893,0.1941,0.28,0.375,0.6906,0.3047,0.1793,0.1331,0.46,0.5312,404,0,extracted,0.4188,0.1376,0.2094,0.3155,0.1377,0.1548
16,42,57,808,122,407,227,0.281,198,0,0.7069,0.4059,0.1893,0.1941,0.28,0.375,0.6906,0.3047,0.1793,0.1331,0.46,0.5312,404,0,extracted,0.4188,0.1376,0.2094,0.3155,0.1377,0.1548
16,42,58,808,122,407,227,0.281,198,0,0.7069,0.4059,0.1893,0.1941,0.28,0.375,0.6906,0.3047,0.1793,0.1331,0.46,0.5312,404,0,extracted,0.4188,0.1376,0.2094,0.3155,0.1377,0.1548
16,42,59,808,122,407,227,0.281,198,0,0.7069,0.4059,0.1893,0.1941,0.28,0.375,0.6906,0.3047,0.1793,0.1331,0.46,0.5312,404,0,extracted,0.4188,0.1376,0.2094,0.3155,0.1377,0.1548
16,42,60,808,122,407,227,0.281,198,0,0.7069,0.4059,0.1893,0.1941,0.28,0.375,0.6906,0.3047,0.1793,0.1331,0.46,0.5312,404,0,extracted,0.4188,0.1376,0.2094,0.3155,0.1377,0.1548
16,42,61,808,122,407,227,0.281,198,0,0.7069,0.4059,0.1893,0.1941,0.28,0.375,0.6906,0.3047,0.1793,0.1331,0.46,0.5312,404,0,extracted,0.4188,0.1376,0.2094,0.3155,0.1377,0.1548
16,42,62,808,122,407,227,0.281,198,0,0.7069,0.4059,0.1893,0.1941,0.28,0.375,0.6906,0.3047,0.1793,0.1331,0.46,0.5312,404,0,extracted,0.4188,0.1376,0.2094,0.3155,0.1377,0.1548
16,42,63,808,122,468,292,0.361,232,0,0.7149,0.4089,0.2228,0.202,0.4,0.5,0.6906,0.3047,0.1793,0.1331,0.46,0.5312,404,0,extracted,0.4274,0.1379,0.1966,0.3155,0.1377,0.1548
16,42,64,808,122,468,292,0.361,232,0,0.7149,0.4089,0.2228,0.202,0.4,0.5,0.6906,0.3047,0.1793,0.1331,0.46,0.5312,404,0,extracted,0.4274,0.1379,0.1966,0.3155,0.1377,0.1548
16,42,65,808,122,468,292,0.361,232,0,0.7149,0.4089,0.2228,0.202,0.4,0.5,0.6906,0.3047,0.1793,0.1331,0.46,0.5312,404,0,extracted,0.4274,0.1379,0.1966,0.3155,0.1377,0.1548
16,42,66,808,122,468,292,0.361,232,0,0.7149,0.4089,0.2228,0.202,0.4,0.5,0.6906,0.3047,0.1793,0.1331,0.46,0.5312,404,0,extracted,0.4274,0.1379,0.1966,0.3155,0.1377,0.1548
16,42,67,808,122,468,292,0.361,232,0,0.7149,0.4089,0.2228,0.202,0.4,0.5,0.6906,0.3047,0.1793,0.1331,0.46,0.5312,404,0,extracted,0.4274,0.1379,0.1966,0.3155,0.1377,0.1548
16,42,68,808,122,468,292,0.361,232,0,0.7149,0.4089,0.2228,0.202,0.4,0.5,0.6906,0.3047,0.1793,0.1331,0.46,0.5312,404,0,extracted,0.4274,0.1379,0.1966,0.3155,0.1377,0.1548
16,42,69,808,122,468,292,0.361,232,0,0.7149,0.4089,0.2228,0.202,0.4,0.5,0.6906,0.3047,0.1793,0.1331,0.46,0.5312,404,0,extracted,0.4274,0.1379,0.1966,0.3155,0.1377,0.1548
16,42,70,808,122,468,292,0.361,232,0,0.7149,0.4089,0.2228,0.202,0.4,0.5,0.6906,0.3047,0.1793,0.1331,0.46,0.5312,404,0,extracted,0.4274,0.1379,0.1966,0.3155,0.1377,0.1548
16,42,71,808,122,564,341,0.422,277,0,0.6731,0.3422,0.1562,0.1378,0.3,0.4062,0.6906,0.3047,0.1793,0.1331,0.46,0.5312,404,0,extracted,0.3745,0.1205,0.1594,0.3155,0.1377,0.1548
16,42,72,808,122,564,341,0.422,277,0,0.6731,0.3422,0.1562,0.1378,0.3,0.4062,0.6906,0.3047,0.1793,0.1331,0.46,0.5312,404,0,extracted,0.3745,0.1205,0.1594,0.3155,0.1377,0.1548
16,42,73,808,122,564,341,0.422,277,0,0.6731,0.3422,0.1562,0.1378,0.3,0.4062,0.6906,0.3047,0.1793,0.1331,0.46,0.5312,404,0,extracted,0.3745,0.1205,0.1594,0.3155,0.1377,0.1548
16,42,74,808,122,564,341,0.422,277,0,0.6731,0.3422,0.1562,0.1378,0.3,0.4062,0.6906,0.3047,0.1793,0.1331,0.46,0.5312,404,0,extracted,0.3745,0.1205,0.1594,0.3155,0.1377,0.1548
16,42,75,808,122,564,341,0.422,277,0,0.6731,0.3422,0.1562,0.1378,0.3,0.4062,0.6906,0.3047,0.1793,0.1331,0.46,0.5312,404,0,extracted,0.3745,0.1205,0.1594,0.3155,0.1377,0.1548
16,42,76,808,122,564,341,0.422,277,0,0.6731,0.3422,0.1562,0.1378,0.3,0.4062,0.6906,0.3047,0.1793,0.1331,0.46,0.5312,404,0,extracted,0.3745,0.1205,0.1594,0.3155,0.1377,0.1548
16,42,77,808,122,564,341,0.422,277,0,0.6731,0.3422,0.1562,0.1378,0.3,0.4062,0.6906,0.3047,0.1793,0.1331,0.46,0.5312,404,0,extracted,0.3745,0.1205,0.1594,0.3155,0.1377,0.1548
16,42,78,808,122,564,341,0.422,277,0,0.6731,0.3422,0.1562,0.1378,0.3,0.4062,0.6906,0.3047,0.1793,0.1331,0.46,0.5312,404,0,extracted,0.3745,0.1205,0.1594,0.3155,0.1377,0.1548
16,42,79,808,122,564,341,0.422,277,0,0.6731,0.3422,0.1562,0.1378,0.3,0.4062,0.6906,0.3047,0.1793,0.1331,0.46,0.5312,404,0,extracted,0.3745,0.1205,0.1594,0.3155,0.1377,0.1548
16,42,80,808,122,648,389,0.481,323,0,0.6905,0.3553,0.2044,0.1756,0.45,0.5625,0.6906,0.3047,0.1793,0.1331,0.46,0.5312,404,0,extracted,0.3699,0.1448,0.1781,0.3155,0.1377,0.1548
16,42,81,808,122,648,389,0.481,323,0,0.6905,0.3553,0.2044,0.1756,0.45,0.5625,0.6906,0.3047,0.1793,0.1331,0.46,0.5312,404,0,extracted,0.3699,0.1448,0.1781,0.3155,0.1377,0.1548
16,42,82,808,122,648,389,0.481,323,0,0.6905,0.3553,0.2044,0.1756,0.45,0.5625,0.6906,0.3047,0.1793,0.1331,0.46,0.5312,404,0,extracted,0.3699,0.1448,0.1781,0.3155,0.1377,0.1548
16,42,83,808,122,648,389,0.481,323,0,0.6905,0.3553,0.2044,0.1756,0.45,0.5625,0.6906,0.3047,0.1793,0.1331,0.46,0.5312,404,0,extracted,0.3699,0.1448,0.1781,0.3155,0.1377,0.1548
16,42,84,808,122,648,389,0.481,323,0,0.6905,0.3553,0.2044,0.1756,0.45,0.5625,0.6906,0.3047,0.1793,0.1331,0.46,0.5312,404,0,extracted,0.3699,0.1448,0.1781,0.3155,0.1377,0.1548
16,42,85,808,122,648,389,0.481,323,0,0.6905,0.3553,0.2044,0.1756,0.45,0.5625,0.6906,0.3047,0.1793,0.1331,0.46,0.5312,404,0,extracted,0.3699,0.1448,0.1781,0.3155,0.1377,0.1548
16,42,86,808,122,648,389,0.481,323,0,0.6905,0.3553,0.2044,0.1756,0.45,0.5625,0.6906,0.3047,0.1793,0.1331,0.46,0.5312,404,0,extracted,0.3699,0.1448,0.1781,0.3155,0.1377,0.1548
16,42,87,808,122,648,389,0.481,323,0,0.6905,0.3553,0.2044,0.1756,0.45,0.5625,0.6906,0.3047,0.1793,0.1331,0.46,0.5312,404,0,extracted,0.3699,0.1448,0.1781,0.3155,0.1377,0.1548
16,42,88,808,122,690,407,0.504,340,0,0.6913,0.3197,0.18,0.1676,0.4,0.5,0.6906,0.3047,0.1793,0.1331,0.46,0.5312,404,0,extracted,0.3579,0.1484,0.1895,0.3155,0.1377,0.1548
16,42,89,808,122,690,407,0.504,340,0,0.6913,0.3197,0.18,0.1676,0.4,0.5,0.6906,0.3047,0.1793,0.1331,0.46,0.5312,404,0,extracted,0.3579,0.1484,0.1895,0.3155,0.1377,0.1548
16,42,90,808,122,690,407,0.504,340,0,0.6913,0.3197,0.18,0.1676,0.4,0.5,0.6906,0.3047,0.1793,0.1331,0.46,0.5312,404,0,extracted,0.3579,0.1484,0.1895,0.3155,0.1377,0.1548
16,42,91,808,122,690,407,0.504,340,0,0.6913,0.3197,0.18,0.1676,0.4,0.5,0.6906,0.3047,0.1793,0.1331,0.46,0.5312,404,0,extracted,0.3579,0.1484,0.1895,0.3155,0.1377,0.1548
16,42,92,808,122,690,407,0.504,340,0,0.6913,0.3197,0.18,0.1676,0.4,0.5,0.6906,0.3047,0.1793,0.1331,0.46,0.5312,404,0,extracted,0.3579,0.1484,0.1895,0.3155,0.1377,0.1548
16,42,93,808,122,690,407,0.504,340,0,0.6913,0.3197,0.18,0.1676,0.4,0.5,0.6906,0.3047,0.1793,0.1331,0.46,0.5312,404,0,extracted,0.3579,0.1484,0.1895,0.3155,0.1377,0.1548
16,42,94,808,122,690,407,0.504,340,0,0.6913,0.3197,0.18,0.1676,0.4,0.5,0.6906,0.3047,0.1793,0.1331,0.46,0.5312,404,0,extracted,0.3579,0.1484,0.1895,0.3155,0.1377,0.1548
16,42,95,808,122,690,407,0.504,340,0,0.6913,0.3197,0.18,0.1676,0.4,0.5,0.6906,0.3047,0.1793,0.1331,0.46,0.5312,404,0,extracted,0.3579,0.1484,0.1895,0.3155,0.1377,0.1548
16,42,96,808,122,799,462,0.572,396,0,0.6827,0.3368,0.1897,0.1512,0.48,0.5938,0.6906,0.3047,0.1793,0.1331,0.46,0.5312,404,0,extracted,0.3116,0.1254,0.1643,0.3155,0.1377,0.1548
16,42,97,808,122,799,462,0.572,396,0,0.6827,0.3368,0.1897,0.1512,0.48,0.5938,0.6906,0.3047,0.1793,0.1331,0.46,0.5312,404,0,extracted,0.3116,0.1254,0.1643,0.3155,0.1377,0.1548
16,42,98,808,122,799,462,0.572,396,0,0.6827,0.3368,0.1897,0.1512,0.48,0.5938,0.6906,0.3047,0.1793,0.1331,0.46,0.5312,404,0,extracted,0.3116,0.1254,0.1643,0.3155,0.1377,0.1548
16,42,99,808,122,799,462,0.572,396,0,0.6827,0.3368,0.1897,0.1512,0.48,0.5938,0.6906,0.3047,0.1793,0.1331,0.46,0.5312,404,0,extracted,0.3116,0.1254,0.1643,0.3155,0.1377,0.1548
16,42,100,808,122,799,462,0.572,396,0,0.6827,0.3368,0.1897,0.1512,0.48,0.5938,0.6906,0.3047,0.1793,0.1331,0.46,0.5312,404,0,extracted,0.3116,0.1254,0.1643,0.3155,0.1377,0.1548
17,42,1,1020,131,7,17,0.017,6,0,0.5727,0.1081,0.0,0.0811,0.0,0.0,0.6833,0.2724,0.1205,0.1575,0.33,0.5556,509,0,extracted,0.086,0.0,0.086,0.2463,0.0713,0.1503
17,42,2,1020,131,7,17,0.017,6,0,0.5727,0.1081,0.0,0.0811,0.0,0.0,0.6833,0.2724,0.1205,0.1575,0.33,0.5556,509,0,extracted,0.086,0.0,0.086,0.2463,0.0713,0.1503
17,42,3,1020,131,7,17,0.017,6,0,0.5727,0.1081,0.0,0.0811,0.0,0.0,0.6833,0.2724,0.1205,0.1575,0.33,0.5556,509,0,extracted,0.086,0.0,0.086,0.2463,0.0713,0.1503
17,42,4,1020,131,7,17,0.017,6,0,0.5727,0.1081,0.0,0.0811,0.0,0.0,0.6833,0.2724,0.1205,0.1575,0.33,0.5556,509,0,extracted,0.086,0.0,0.086,0.2463,0.0713,0.1503
17,42,5,1020,131,7,17,0.017,6,0,0.5727,0.1081,0.0,0.0811,0.0,0.0,0.6833,0.2724,0.1205,0.1575,0.33,0.5556,509,0,extracted,0.086,0.0,0.086,0.2463,0.0713,0.1503
17,42,6,1020,131,7,17,0.017,6,0,0.5727,0.1081,0.0,0.0811,0.0,0.0,0.6833,0.2724,0.1205,0.1575,0.33,0.5556,509,0,extracted,0.086,0.0,0.086,0.2463,0.0713,0.1503
17,42,7,1020,131,24,24,0.024,14,0,0.6099,0.1419,0.0,0.1032,0.0,0.0,0.6833,0.2724,0.1205,0.1575,0.33,0.5556,509,0,extracted,0.1053,0.0,0.0842,0.2463,0.0713,0.1503
17,42,8,1020,131,24,24,0.024,14,0,0.6099,0.1419,0.0,0.1032,0.0,0.0,0.6833,0.2724,0.1205,0.1575,0.33,0.5556,509,0,extracted,0.1053,0.0,0.0842,0.2463,0.0713,0.1503
17,42,9,1020,131,24,24,0.024,14,0,0.6099,0.1419,0.0,0.1032,0.0,0.0,0.6833,0.2724,0.1205,0.1575,0.33,0.5556,509,0,extracted,0.1053,0.0,0.0842,0.2463,0.0713,0.1503
17,42,10,1020,131,24,24,0.024,14,0,0.6099,0.1419,0.0,0.1032,0.0,0.0,0.6833,0.2724,0.1205,0.1575,0.33,0.5556,509,0,extracted,0.1053,0.0,0.0842,0.2463,0.0713,0.1503
17,42,11,1020,131,24,24,0.024,14,0,0.6099,0.1419,0.0,0.1032,0.0,0.0,0.6833,0.2724,0.1205,0.1575,0.33,0.5556,509,0,extracted,0.1053,0.0,0.0842,0.2463,0.0713,0.1503
17,42,12,1020,131,43,41,0.04,23,0,0.642,0.2209,0.0118,0.093,0.01,0.0278,0.6833,0.2724,0.1205,0.1575,0.33,0.5556,509,0,extracted,0.1869,0.0,0.1308,0.2463,0.0713,0.1503
17,42,13,1020,131,43,41,0.04,23,0,0.642,0.2209,0.0118,0.093,0.01,0.0278,0.6833,0.2724,0.1205,0.1575,0.33,0.5556,509,0,extracted,0.1869,0.0,0.1308,0.2463,0.0713,0.1503
17,42,14,1020,131,43,41,0.04,23,0,0.642,0.2209,0.0118,0.093,0.01,0.0278,0.6833,0.2724,0.1205,0.1575,0.33,0.5556,509,0,extracted,0.1869,0.0,0.1308,0.2463,0.0713,0.1503
17,42,15,1020,131,43,41,0.04,23,0,0.642,0.2209,0.0118,0.093,0.01,0.0278,0.6833,0.2724,0.1205,0.1575,0.33,0.5556,509,0,extracted,0.1869,0.0,0.1308,0.2463,0.0713,0.1503
17,42,16,1020,131,63,41,0.04,34,0,0.642,0.2209,0.0118,0.093,0.01,0.0278,0.6833,0.2724,0.1205,0.1575,0.33,0.5556,509,0,extracted,0.1869,0.0,0.1308,0.2463,0.0713,0.1503
17,42,17,1020,131,63,41,0.04,34,0,0.642,0.2209,0.0118,0.093,0.01,0.0278,0.6833,0.2724,0.1205,0.1575,0.33,0.5556,509,0,extracted,0.1869,0.0,0.1308,0.2463,0.0713,0.1503
17,42,18,1020,131,63,41,0.04,34,0,0.642,0.2209,0.0118,0.093,0.01,0.0278,0.6833,0.2724,0.1205,0.1575,0.33,0.5556,509,0,extracted,0.1869,0.0,0.1308,0.2463,0.0713,0.1503
17,42,19,1020,131,63,41,0.04,34,0,0.642,0.2209,0.0118,0.093,0.01,0.0278,0.6833,0.2724,0.1205,0.1575,0.33,0.5556,509,0,extracted,0.1869,0.0,0.1308,0.2463,0.0713,0.1503
17,42,20,1020,131,63,41,0.04,34,0,0.642,0.2209,0.0118,0.093,0.01,0.0278,0.6833,0.2724,0.1205,0.1575,0.33,0.5556,509,0,extracted,0.1869,0.0,0.1308,0.2463,0.0713,0.1503
17,42,21,1020,131,105,56,0.055,59,0,0.6639,0.2353,0.0432,0.1497,0.04,0.0556,0.6833,0.2724,0.1205,0.1575,0.33,0.5556,509,0,extracted,0.2373,0.0345,0.2034,0.2463,0.0713,0.1503
17,42,22,1020,131,105,56,0.055,59,0,0.6639,0.2353,0.0432,0.1497,0.04,0.0556,0.6833,0.2724,0.1205,0.1575,0.33,0.5556,509,0,extracted,0.2373,0.0345,0.2034,0.2463,0.0713,0.1503
17,42,23,1020,131,105,56,0.055,59,0,0.6639,0.2353,0.0432,0.1497,0.04,0.0556,0.6833,0.2724,0.1205,0.1575,0.33,0.5556,509,0,extracted,0.2373,0.0345,0.2034,0.2463,0.0713,0.1503
17,42,24,1020,131,105,56,0.055,59,0,0.6639,0.2353,0.0432,0.1497,0.04,0.0556,0.6833,0.2724,0.1205,0.1575,0.33,0.5556,509,0,extracted,0.2373,0.0345,0.2034,0.2463,0.0713,0.1503
17,42,25,1020,131,137,71,0.07,73,0,0.6746,0.2772,0.05,0.1683,0.05,0.0833,0.6833,0.2724,0.1205,0.1575,0.33,0.5556,509,0,extracted,0.2835,0.032,0.2047,0.2463,0.0713,0.1503
17,42,26,1020,131,137,71,0.07,73,0,0.6746,0.2772,0.05,0.1683,0.05,0.0833,0.6833,0.2724,0.1205,0.1575,0.33,0.5556,509,0,extracted,0.2835,0.032,0.2047,0.2463,0.0713,0.1503
17,42,27,1020,131,137,71,0.07,73,0,0.6746,0.2772,0.05,0.1683,0.05,0.0833,0.6833,0.2724,0.1205,0.1575,0.33,0.5556,509,0,extracted,0.2835,0.032,0.2047,0.2463,0.0713,0.1503
17,42,28,1020,131,137,71,0.07,73,0,0.6746,0.2772,0.05,0.1683,0.05,0.0833,0.6833,0.2724,0.1205,0.1575,0.33,0.5556,509,0,extracted,0.2835,0.032,0.2047,0.2463,0.0713,0.1503
17,42,29,1020,131,137,71,0.07,73,0,0.6746,0.2772,0.05,0.1683,0.05,0.0833,0.6833,0.2724,0.1205,0.1575,0.33,0.5556,509,0,extracted,0.2835,0.032,0.2047,0.2463,0.0713,0.1503
17,42,30,1020,131,181,110,0.108,90,0,0.7466,0.4564,0.2594,0.332,0.16,0.3333,0.6833,0.2724,0.1205,0.1575,0.33,0.5556,509,0,extracted,0.4211,0.1867,0.3026,0.2463,0.0713,0.1503
17,42,31,1020,131,181,110,0.108,90,0,0.7466,0.4564,0.2594,0.332,0.16,0.3333,0.6833,0.2724,0.1205,0.1575,0.33,0.5556,509,0,extracted,0.4211,0.1867,0.3026,0.2463,0.0713,0.1503
17,42,32,1020,131,181,110,0.108,90,0,0.7466,0.4564,0.2594,0.332,0.16,0.3333,0.6833,0.2724,0.1205,0.1575,0.33,0.5556,509,0,extracted,0.4211,0.1867,0.3026,0.2463,0.0713,0.1503
17,42,33,1020,131,181,110,0.108,90,0,0.7466,0.4564,0.2594,0.332,0.16,0.3333,0.6833,0.2724,0.1205,0.1575,0.33,0.5556,509,0,extracted,0.4211,0.1867,0.3026,0.2463,0.0713,0.1503
17,42,34,1020,131,181,110,0.108,90,0,0.7466,0.4564,0.2594,0.332,0.16,0.3333,0.6833,0.2724,0.1205,0.1575,0.33,0.5556,509,0,extracted,0.4211,0.1867,0.3026,0.2463,0.0713,0.1503
17,42,35,1020,131,223,129,0.126,108,0,0.7041,0.4231,0.1705,0.2615,0.15,0.25,0.6833,0.2724,0.1205,0.1575,0.33,0.5556,509,0,extracted,0.4024,0.1235,0.2561,0.2463,0.0713,0.1503
17,42,36,1020,131,223,129,0.126,108,0,0.7041,0.4231,0.1705,0.2615,0.15,0.25,0.6833,0.2724,0.1205,0.1575,0.33,0.5556,509,0,extracted,0.4024,0.1235,0.2561,0.2463,0.0713,0.1503
17,42,37,1020,131,223,129,0.126,108,0,0.7041,0.4231,0.1705,0.2615,0.15,0.25,0.6833,0.2724,0.1205,0.1575,0.33,0.5556,509,0,extracted,0.4024,0.1235,0.2561,0.2463,0.0713,0.1503
17,42,38,1020,131,223,129,0.126,108,0,0.7041,0.4231,0.1705,0.2615,0.15,0.25,0.6833,0.2724,0.1205,0.1575,0.33,0.5556,509,0,extracted,0.4024,0.1235,0.2561,0.2463,0.0713,0.1503
17,42,39,1020,131,256,155,0.152,120,0,0.6812,0.4406,0.169,0.2448,0.15,0.2778,0.6833,0.2724,0.1205,0.1575,0.33,0.5556,509,0,extracted,0.3956,0.1,0.2418,0.2463,0.0713,0.1503
17,42,40,1020,131,256,155,0.152,120,0,0.6812,0.4406,0.169,0.2448,0.15,0.2778,0.6833,0.2724,0.1205,0.1575,0.33,0.5556,509,0,extracted,0.3956,0.1,0.2418,0.2463,0.0713,0.1503
17,42,41,1020,131,256,155,0.152,120,0,0.6812,0.4406,0.169,0.2448,0.15,0.2778,0.6833,0.2724,0.1205,0.1575,0.33,0.5556,509,0,extracted,0.3956,0.1,0.2418,0.2463,0.0713,0.1503
17,42,42,1020,131,256,155,0.152,120,0,0.6812,0.4406,0.169,0.2448,0.15,0.2778,0.6833,0.2724,0.1205,0.1575,0.33,0.5556,509,0,extracted,0.3956,0.1,0.2418,0.2463,0.0713,0.1503
17,42,43,1020,131,256,155,0.152,120,0,0.6812,0.4406,0.169,0.2448,0.15,0.2778,0.6833,0.2724,0.1205,0.1575,0.33,0.5556,509,0,extracted,0.3956,0.1,0.2418,0.2463,0.0713,0.1503
17,42,44,1020,131,299,173,0.17,142,0,0.6885,0.4211,0.1457,0.2303,0.15,0.25,0.6833,0.2724,0.1205,0.1575,0.33,0.5556,509,0,extracted,0.3915,0.107,0.2222,0.2463,0.0713,0.1503
17,42,45,1020,131,299,173,0.17,142,0,0.6885,0.4211,0.1457,0.2303,0.15,0.25,0.6833,0.2724,0.1205,0.1575,0.33,0.5556,509,0,extracted,0.3915,0.107,0.2222,0.2463,0.0713,0.1503
17,42,46,1020,131,299,173,0.17,142,0,0.6885,0.4211,0.1457,0.2303,0.15,0.25,0.6833,0.2724,0.1205,0.1575,0.33,0.5556,509,0,extracted,0.3915,0.107,0.2222,0.2463,0.0713,0.1503
17,42,47,1020,131,299,173,0.17,142,0,0.6885,0.4211,0.1457,0.2303,0.15,0.25,0.6833,0.2724,0.1205,0.1575,0.33,0.5556,509,0,extracted,0.3915,0.107,0.2222,0.2463,0.0713,0.1503
17,42,48,1020,131,345,207,0.203,163,0,0.7396,0.4556,0.2262,0.2663,0.21,0.3889,0.6833,0.2724,0.1205,0.1575,0.33,0.5556,509,0,extracted,0.4465,0.1784,0.2605,0.2463,0.0713,0.1503
17,42,49,1020,131,345,207,0.203,163,0,0.7396,0.4556,0.2262,0.2663,0.21,0.3889,0.6833,0.2724,0.1205,0.1575,0.33,0.5556,509,0,extracted,0.4465,0.1784,0.2605,0.2463,0.0713,0.1503
17,42,50,1020,131,345,207,0.203,163,0,0.7396,0.4556,0.2262,0.2663,0.21,0.3889,0.6833,0.2724,0.1205,0.1575,0.33,0.5556,509,0,extracted,0.4465,0.1784,0.2605,0.2463,0.0713,0.1503
17,42,51,1020,131,345,207,0.203,163,0,0.7396,0.4556,0.2262,0.2663,0.21,0.3889,0.6833,0.2724,0.1205,0.1575,0.33,0.5556,509,0,extracted,0.4465,0.1784,0.2605,0.2463,0.0713,0.1503
17,42,52,1020,131,345,207,0.203,163,0,0.7396,0.4556,0.2262,0.2663,0.21,0.3889,0.6833,0.2724,0.1205,0.1575,0.33,0.5556,509,0,extracted,0.4465,0.1784,0.2605,0.2463,0.0713,0.1503
17,42,53,1020,131,373,217,0.213,176,0,0.7074,0.4425,0.1965,0.2299,0.17,0.3333,0.6833,0.2724,0.1205,0.1575,0.33,0.5556,509,0,extracted,0.4018,0.1567,0.2192,0.2463,0.0713,0.1503
17,42,54,1020,131,373,217,0.213,176,0,0.7074,0.4425,0.1965,0.2299,0.17,0.3333,0.6833,0.2724,0.1205,0.1575,0.33,0.5556,509,0,extracted,0.4018,0.1567,0.2192,0.2463,0.0713,0.1503
17,42,55,1020,131,373,217,0.213,176,0,0.7074,0.4425,0.1965,0.2299,0.17,0.3333,0.6833,0.2724,0.1205,0.1575,0.33,0.5556,509,0,extracted,0.4018,0.1567,0.2192,0.2463,0.0713,0.1503
17,42,56,1020,131,373,217,0.213,176,0,0.7074,0.4425,0.1965,0.2299,0.17,0.3333,0.6833,0.2724,0.1205,0.1575,0.33,0.5556,509,0,extracted,0.4018,0.1567,0.2192,0.2463,0.0713,0.1503
17,42,57,1020,131,444,275,0.27,217,0,0.7279,0.4346,0.1985,0.2667,0.23,0.4444,0.6833,0.2724,0.1205,0.1575,0.33,0.5556,509,0,extracted,0.4015,0.1323,0.2471,0.2463,0.0713,0.1503
17,42,58,1020,131,444,275,0.27,217,0,0.7279,0.4346,0.1985,0.2667,0.23,0.4444,0.6833,0.2724,0.1205,0.1575,0.33,0.5556,509,0,extracted,0.4015,0.1323,0.2471,0.2463,0.0713,0.1503
17,42,59,1020,131,444,275,0.27,217,0,0.7279,0.4346,0.1985,0.2667,0.23,0.4444,0.6833,0.2724,0.1205,0.1575,0.33,0.5556,509,0,extracted,0.4015,0.1323,0.2471,0.2463,0.0713,0.1503
17,42,60,1020,131,444,275,0.27,217,0,0.7279,0.4346,0.1985,0.2667,0.23,0.4444,0.6833,0.2724,0.1205,0.1575,0.33,0.5556,509,0,extracted,0.4015,0.1323,0.2471,0.2463,0.0713,0.1503
17,42,61,1020,131,444,275,0.27,217,0,0.7279,0.4346,0.1985,0.2667,0.23,0.4444,0.6833,0.2724,0.1205,0.1575,0.33,0.5556,509,0,extracted,0.4015,0.1323,0.2471,0.2463,0.0713,0.1503
17,42,62,1020,131,494,306,0.3,242,0,0.699,0.4128,0.1935,0.2018,0.24,0.5278,0.6833,0.2724,0.1205,0.1575,0.33,0.5556,509,0,extracted,0.3885,0.1304,0.1942,0.2463,0.0713,0.1503
17,42,63,1020,131,494,306,0.3,242,0,0.699,0.4128,0.1935,0.2018,0.24,0.5278,0.6833,0.2724,0.1205,0.1575,0.33,0.5556,509,0,extracted,0.3885,0.1304,0.1942,0.2463,0.0713,0.1503
17,42,64,1020,131,494,306,0.3,242,0,0.699,0.4128,0.1935,0.2018,0.24,0.5278,0.6833,0.2724,0.1205,0.1575,0.33,0.5556,509,0,extracted,0.3885,0.1304,0.1942,0.2463,0.0713,0.1503
17,42,65,1020,131,494,306,0.3,242,0,0.699,0.4128,0.1935,0.2018,0.24,0.5278,0.6833,0.2724,0.1205,0.1575,0.33,0.5556,509,0,extracted,0.3885,0.1304,0.1942,0.2463,0.0713,0.1503
17,42,66,1020,131,542,321,0.315,260,0,0.6963,0.4035,0.1871,0.133,0.24,0.4722,0.6833,0.2724,0.1205,0.1575,0.33,0.5556,509,0,extracted,0.3763,0.1333,0.1672,0.2463,0.0713,0.1503
17,42,67,1020,131,542,321,0.315,260,0,0.6963,0.4035,0.1871,0.133,0.24,0.4722,0.6833,0.2724,0.1205,0.1575,0.33,0.5556,509,0,extracted,0.3763,0.1333,0.1672,0.2463,0.0713,0.1503
17,42,68,1020,131,542,321,0.315,260,0,0.6963,0.4035,0.1871,0.133,0.24,0.4722,0.6833,0.2724,0.1205,0.1575,0.33,0.5556,509,0,extracted,0.3763,0.1333,0.1672,0.2463,0.0713,0.1503
17,42,69,1020,131,542,321,0.315,260,0,0.6963,0.4035,0.1871,0.133,0.24,0.4722,0.6833,0.2724,0.1205,0.1575,0.33,0.5556,509,0,extracted,0.3763,0.1333,0.1672,0.2463,0.0713,0.1503
17,42,70,1020,131,542,321,0.315,260,0,0.6963,0.4035,0.1871,0.133,0.24,0.4722,0.6833,0.2724,0.1205,0.1575,0.33,0.5556,509,0,extracted,0.3763,0.1333,0.1672,0.2463,0.0713,0.1503
17,42,71,1020,131,597,345,0.338,289,0,0.6926,0.4,0.1818,0.1347,0.24,0.5,0.6833,0.2724,0.1205,0.1575,0.33,0.5556,509,0,extracted,0.3684,0.1325,0.1645,0.2463,0.0713,0.1503
17,42,72,1020,131,597,345,0.338,289,0,0.6926,0.4,0.1818,0.1347,0.24,0.5,0.6833,0.2724,0.1205,0.1575,0.33,0.5556,509,0,extracted,0.3684,0.1325,0.1645,0.2463,0.0713,0.1503
17,42,73,1020,131,597,345,0.338,289,0,0.6926,0.4,0.1818,0.1347,0.24,0.5,0.6833,0.2724,0.1205,0.1575,0.33,0.5556,509,0,extracted,0.3684,0.1325,0.1645,0.2463,0.0713,0.1503
17,42,74,1020,131,597,345,0.338,289,0,0.6926,0.4,0.1818,0.1347,0.24,0.5,0.6833,0.2724,0.1205,0.1575,0.33,0.5556,509,0,extracted,0.3684,0.1325,0.1645,0.2463,0.0713,0.1503
17,42,75,1020,131,597,345,0.338,289,0,0.6926,0.4,0.1818,0.1347,0.24,0.5,0.6833,0.2724,0.1205,0.1575,0.33,0.5556,509,0,extracted,0.3684,0.1325,0.1645,0.2463,0.0713,0.1503
17,42,76,1020,131,674,406,0.398,327,0,0.6976,0.3657,0.1835,0.153,0.27,0.5,0.6833,0.2724,0.1205,0.1575,0.33,0.5556,509,0,extracted,0.3442,0.1373,0.1662,0.2463,0.0713,0.1503
17,42,77,1020,131,674,406,0.398,327,0,0.6976,0.3657,0.1835,0.153,0.27,0.5,0.6833,0.2724,0.1205,0.1575,0.33,0.5556,509,0,extracted,0.3442,0.1373,0.1662,0.2463,0.0713,0.1503
17,42,78,1020,131,674,406,0.398,327,0,0.6976,0.3657,0.1835,0.153,0.27,0.5,0.6833,0.2724,0.1205,0.1575,0.33,0.5556,509,0,extracted,0.3442,0.1373,0.1662,0.2463,0.0713,0.1503
17,42,79,1020,131,674,406,0.398,327,0,0.6976,0.3657,0.1835,0.153,0.27,0.5,0.6833,0.2724,0.1205,0.1575,0.33,0.5556,509,0,extracted,0.3442,0.1373,0.1662,0.2463,0.0713,0.1503
17,42,80,1020,131,705,445,0.436,346,0,0.6754,0.3125,0.1498,0.1424,0.21,0.3889,0.6833,0.2724,0.1205,0.1575,0.33,0.5556,509,0,extracted,0.2873,0.1222,0.1547,0.2463,0.0713,0.1503
17,42,81,1020,131,705,445,0.436,346,0,0.6754,0.3125,0.1498,0.1424,0.21,0.3889,0.6833,0.2724,0.1205,0.1575,0.33,0.5556,509,0,extracted,0.2873,0.1222,0.1547,0.2463,0.0713,0.1503
17,42,82,1020,131,705,445,0.436,346,0,0.6754,0.3125,0.1498,0.1424,0.21,0.3889,0.6833,0.2724,0.1205,0.1575,0.33,0.5556,509,0,extracted,0.2873,0.1222,0.1547,0.2463,0.0713,0.1503
17,42,83,1020,131,705,445,0.436,346,0,0.6754,0.3125,0.1498,0.1424,0.21,0.3889,0.6833,0.2724,0.1205,0.1575,0.33,0.5556,509,0,extracted,0.2873,0.1222,0.1547,0.2463,0.0713,0.1503
17,42,84,1020,131,705,445,0.436,346,0,0.6754,0.3125,0.1498,0.1424,0.21,0.3889,0.6833,0.2724,0.1205,0.1575,0.33,0.5556,509,0,extracted,0.2873,0.1222,0.1547,0.2463,0.0713,0.1503
17,42,85,1020,131,754,455,0.446,370,0,0.6954,0.3487,0.1681,0.1436,0.27,0.5833,0.6833,0.2724,0.1205,0.1575,0.33,0.5556,509,0,extracted,0.3141,0.1316,0.1571,0.2463,0.0713,0.1503
17,42,86,1020,131,754,455,0.446,370,0,0.6954,0.3487,0.1681,0.1436,0.27,0.5833,0.6833,0.2724,0.1205,0.1575,0.33,0.5556,509,0,extracted,0.3141,0.1316,0.1571,0.2463,0.0713,0.1503
17,42,87,1020,131,754,455,0.446,370,0,0.6954,0.3487,0.1681,0.1436,0.27,0.5833,0.6833,0.2724,0.1205,0.1575,0.33,0.5556,509,0,extracted,0.3141,0.1316,0.1571,0.2463,0.0713,0.1503
17,42,88,1020,131,754,455,0.446,370,0,0.6954,0.3487,0.1681,0.1436,0.27,0.5833,0.6833,0.2724,0.1205,0.1575,0.33,0.5556,509,0,extracted,0.3141,0.1316,0.1571,0.2463,0.0713,0.1503
17,42,89,1020,131,816,497,0.487,402,0,0.6783,0.3317,0.1472,0.134,0.25,0.5278,0.6833,0.2724,0.1205,0.1575,0.33,0.5556,509,0,extracted,0.2934,0.1032,0.1467,0.2463,0.0713,0.1503
17,42,90,1020,131,816,497,0.487,402,0,0.6783,0.3317,0.1472,0.134,0.25,0.5278,0.6833,0.2724,0.1205,0.1575,0.33,0.5556,509,0,extracted,0.2934,0.1032,0.1467,0.2463,0.0713,0.1503
17,42,91,1020,131,816,497,0.487,402,0,0.6783,0.3317,0.1472,0.134,0.25,0.5278,0.6833,0.2724,0.1205,0.1575,0.33,0.5556,509,0,extracted,0.2934,0.1032,0.1467,0.2463,0.0713,0.1503
17,42,92,1020,131,816,497,0.487,402,0,0.6783,0.3317,0.1472,0.134,0.25,0.5278,0.6833,0.2724,0.1205,0.1575,0.33,0.5556,509,0,extracted,0.2934,0.1032,0.1467,0.2463,0.0713,0.1503
17,42,93,1020,131,816,497,0.487,402,0,0.6783,0.3317,0.1472,0.134,0.25,0.5278,0.6833,0.2724,0.1205,0.1575,0.33,0.5556,509,0,extracted,0.2934,0.1032,0.1467,0.2463,0.0713,0.1503
17,42,94,1020,131,903,564,0.553,444,0,0.6818,0.3001,0.1534,0.1183,0.31,0.5278,0.6833,0.2724,0.1205,0.1575,0.33,0.5556,509,0,extracted,0.2595,0.1213,0.1342,0.2463,0.0713,0.1503
17,42,95,1020,131,903,564,0.553,444,0,0.6818,0.3001,0.1534,0.1183,0.31,0.5278,0.6833,0.2724,0.1205,0.1575,0.33,0.5556,509,0,extracted,0.2595,0.1213,0.1342,0.2463,0.0713,0.1503
17,42,96,1020,131,903,564,0.553,444,0,0.6818,0.3001,0.1534,0.1183,0.31,0.5278,0.6833,0.2724,0.1205,0.1575,0.33,0.5556,509,0,extracted,0.2595,0.1213,0.1342,0.2463,0.0713,0.1503
17,42,97,1020,131,903,564,0.553,444,0,0.6818,0.3001,0.1534,0.1183,0.31,0.5278,0.6833,0.2724,0.1205,0.1575,0.33,0.5556,509,0,extracted,0.2595,0.1213,0.1342,0.2463,0.0713,0.1503
17,42,98,1020,131,1006,600,0.588,497,0,0.6778,0.2959,0.1731,0.1315,0.4,0.6111,0.6833,0.2724,0.1205,0.1575,0.33,0.5556,509,0,extracted,0.2725,0.128,0.1319,0.2463,0.0713,0.1503
17,42,99,1020,131,1006,600,0.588,497,0,0.6778,0.2959,0.1731,0.1315,0.4,0.6111,0.6833,0.2724,0.1205,0.1575,0.33,0.5556,509,0,extracted,0.2725,0.128,0.1319,0.2463,0.0713,0.1503
17,42,100,1020,131,1006,600,0.588,497,0,0.6778,0.2959,0.1731,0.1315,0.4,0.6111,0.6833,0.2724,0.1205,0.1575,0.33,0.5556,509,0,extracted,0.2725,0.128,0.1319,0.2463,0.0713,0.1503
18,42,1,1141,70,13,21,0.018,7,0,0.5893,0.1099,0.0,0.0879,0.0,0.0,0.6329,0.1497,0.0652,0.1017,0.3134,0.5556,512,1,extracted,0.0784,0.0,0.0784,0.1081,0.0317,0.0811
18,42,2,1141,70,13,21,0.018,7,0,0.5893,0.1099,0.0,0.0879,0.0,0.0,0.6329,0.1497,0.0652,0.1017,0.3134,0.5556,512,1,extracted,0.0784,0.0,0.0784,0.1081,0.0317,0.0811
18,42,3,1141,70,13,21,0.018,7,0,0.5893,0.1099,0.0,0.0879,0.0,0.0,0.6329,0.1497,0.0652,0.1017,0.3134,0.5556,512,1,extracted,0.0784,0.0,0.0784,0.1081,0.0317,0.0811
18,42,4,1141,70,13,21,0.018,7,0,0.5893,0.1099,0.0,0.0879,0.0,0.0,0.6329,0.1497,0.0652,0.1017,0.3134,0.5556,512,1,extracted,0.0784,0.0,0.0784,0.1081,0.0317,0.0811
18,42,5,1141,70,13,21,0.018,7,0,0.5893,0.1099,0.0,0.0879,0.0,0.0,0.6329,0.1497,0.0652,0.1017,0.3134,0.5556,512,1,extracted,0.0784,0.0,0.0784,0.1081,0.0317,0.0811
18,42,6,1141,70,31,31,0.027,14,0,0.5878,0.198,0.0202,0.1188,0.0149,0.0556,0.6329,0.1497,0.0652,0.1017,0.3134,0.5556,512,1,extracted,0.1379,0.0,0.1034,0.1081,0.0317,0.0811
18,42,7,1141,70,31,31,0.027,14,0,0.5878,0.198,0.0202,0.1188,0.0149,0.0556,0.6329,0.1497,0.0652,0.1017,0.3134,0.5556,512,1,extracted,0.1379,0.0,0.1034,0.1081,0.0317,0.0811
18,42,8,1141,70,31,31,0.027,14,0,0.5878,0.198,0.0202,0.1188,0.0149,0.0556,0.6329,0.1497,0.0652,0.1017,0.3134,0.5556,512,1,extracted,0.1379,0.0,0.1034,0.1081,0.0317,0.0811
18,42,9,1141,70,31,31,0.027,14,0,0.5878,0.198,0.0202,0.1188,0.0149,0.0556,0.6329,0.1497,0.0652,0.1017,0.3134,0.5556,512,1,extracted,0.1379,0.0,0.1034,0.1081,0.0317,0.0811
18,42,10,1141,70,50,49,0.043,22,0,0.5915,0.2521,0.0171,0.1345,0.0149,0.0556,0.6329,0.1497,0.0652,0.1017,0.3134,0.5556,512,1,extracted,0.1429,0.0,0.0857,0.1081,0.0317,0.0811
18,42,11,1141,70,50,49,0.043,22,0,0.5915,0.2521,0.0171,0.1345,0.0149,0.0556,0.6329,0.1497,0.0652,0.1017,0.3134,0.5556,512,1,extracted,0.1429,0.0,0.0857,0.1081,0.0317,0.0811
18,42,12,1141,70,50,49,0.043,22,0,0.5915,0.2521,0.0171,0.1345,0.0149,0.0556,0.6329,0.1497,0.0652,0.1017,0.3134,0.5556,512,1,extracted,0.1429,0.0,0.0857,0.1081,0.0317,0.0811
18,42,13,1141,70,50,49,0.043,22,0,0.5915,0.2521,0.0171,0.1345,0.0149,0.0556,0.6329,0.1497,0.0652,0.1017,0.3134,0.5556,512,1,extracted,0.1429,0.0,0.0857,0.1081,0.0317,0.0811
18,42,14,1141,70,71,40,0.035,33,0,0.5887,0.1273,0.0,0.0727,0.0,0.0,0.6329,0.1497,0.0652,0.1017,0.3134,0.5556,512,1,extracted,0.1212,0.0,0.1212,0.1081,0.0317,0.0811
18,42,15,1141,70,71,40,0.035,33,0,0.5887,0.1273,0.0,0.0727,0.0,0.0,0.6329,0.1497,0.0652,0.1017,0.3134,0.5556,512,1,extracted,0.1212,0.0,0.1212,0.1081,0.0317,0.0811
18,42,16,1141,70,71,40,0.035,33,0,0.5887,0.1273,0.0,0.0727,0.0,0.0,0.6329,0.1497,0.0652,0.1017,0.3134,0.5556,512,1,extracted,0.1212,0.0,0.1212,0.1081,0.0317,0.0811
18,42,17,1141,70,71,40,0.035,33,0,0.5887,0.1273,0.0,0.0727,0.0,0.0,0.6329,0.1497,0.0652,0.1017,0.3134,0.5556,512,1,extracted,0.1212,0.0,0.1212,0.1081,0.0317,0.0811
18,42,18,1141,70,97,54,0.047,43,0,0.592,0.2097,0.0,0.0968,0.0,0.0,0.6329,0.1497,0.0652,0.1017,0.3134,0.5556,512,1,extracted,0.2162,0.0,0.1081,0.1081,0.0317,0.0811
18,42,19,1141,70,97,54,0.047,43,0,0.592,0.2097,0.0,0.0968,0.0,0.0,0.6329,0.1497,0.0652,0.1017,0.3134,0.5556,512,1,extracted,0.2162,0.0,0.1081,0.1081,0.0317,0.0811
18,42,20,1141,70,97,54,0.047,43,0,0.592,0.2097,0.0,0.0968,0.0,0.0,0.6329,0.1497,0.0652,0.1017,0.3134,0.5556,512,1,extracted,0.2162,0.0,0.1081,0.1081,0.0317,0.0811
18,42,21,1141,70,97,54,0.047,43,0,0.592,0.2097,0.0,0.0968,0.0,0.0,0.6329,0.1497,0.0652,0.1017,0.3134,0.5556,512,1,extracted,0.2162,0.0,0.1081,0.1081,0.0317,0.0811
18,42,22,1141,70,124,78,0.068,57,0,0.5885,0.2838,0.0411,0.1216,0.0448,0.0556,0.6329,0.1497,0.0652,0.1017,0.3134,0.5556,512,1,extracted,0.2444,0.0227,0.1333,0.1081,0.0317,0.0811
18,42,23,1141,70,124,78,0.068,57,0,0.5885,0.2838,0.0411,0.1216,0.0448,0.0556,0.6329,0.1497,0.0652,0.1017,0.3134,0.5556,512,1,extracted,0.2444,0.0227,0.1333,0.1081,0.0317,0.0811
18,42,24,1141,70,124,78,0.068,57,0,0.5885,0.2838,0.0411,0.1216,0.0448,0.0556,0.6329,0.1497,0.0652,0.1017,0.3134,0.5556,512,1,extracted,0.2444,0.0227,0.1333,0.1081,0.0317,0.0811
18,42,25,1141,70,124,78,0.068,57,0,0.5885,0.2838,0.0411,0.1216,0.0448,0.0556,0.6329,0.1497,0.0652,0.1017,0.3134,0.5556,512,1,extracted,0.2444,0.0227,0.1333,0.1081,0.0317,0.0811
18,42,26,1141,70,151,94,0.082,69,0,0.6046,0.2927,0.0494,0.1463,0.0448,0.0,0.6329,0.1497,0.0652,0.1017,0.3134,0.5556,512,1,extracted,0.2128,0.0217,0.1489,0.1081,0.0317,0.0811
18,42,27,1141,70,151,94,0.082,69,0,0.6046,0.2927,0.0494,0.1463,0.0448,0.0,0.6329,0.1497,0.0652,0.1017,0.3134,0.5556,512,1,extracted,0.2128,0.0217,0.1489,0.1081,0.0317,0.0811
18,42,28,1141,70,151,94,0.082,69,0,0.6046,0.2927,0.0494,0.1463,0.0448,0.0,0.6329,0.1497,0.0652,0.1017,0.3134,0.5556,512,1,extracted,0.2128,0.0217,0.1489,0.1081,0.0317,0.0811
18,42,29,1141,70,188,108,0.095,89,0,0.6287,0.3034,0.0455,0.1461,0.0597,0.1111,0.6329,0.1497,0.0652,0.1017,0.3134,0.5556,512,1,extracted,0.2115,0.0196,0.1538,0.1081,0.0317,0.0811
18,42,30,1141,70,188,108,0.095,89,0,0.6287,0.3034,0.0455,0.1461,0.0597,0.1111,0.6329,0.1497,0.0652,0.1017,0.3134,0.5556,512,1,extracted,0.2115,0.0196,0.1538,0.1081,0.0317,0.0811
18,42,31,1141,70,188,108,0.095,89,0,0.6287,0.3034,0.0455,0.1461,0.0597,0.1111,0.6329,0.1497,0.0652,0.1017,0.3134,0.5556,512,1,extracted,0.2115,0.0196,0.1538,0.1081,0.0317,0.0811
18,42,32,1141,70,188,108,0.095,89,0,0.6287,0.3034,0.0455,0.1461,0.0597,0.1111,0.6329,0.1497,0.0652,0.1017,0.3134,0.5556,512,1,extracted,0.2115,0.0196,0.1538,0.1081,0.0317,0.0811
18,42,33,1141,70,221,128,0.112,108,0,0.6167,0.303,0.051,0.1515,0.0746,0.1111,0.6329,0.1497,0.0652,0.1017,0.3134,0.5556,512,1,extracted,0.2051,0.0348,0.1538,0.1081,0.0317,0.0811
18,42,34,1141,70,221,128,0.112,108,0,0.6167,0.303,0.051,0.1515,0.0746,0.1111,0.6329,0.1497,0.0652,0.1017,0.3134,0.5556,512,1,extracted,0.2051,0.0348,0.1538,0.1081,0.0317,0.0811
18,42,35,1141,70,221,128,0.112,108,0,0.6167,0.303,0.051,0.1515,0.0746,0.1111,0.6329,0.1497,0.0652,0.1017,0.3134,0.5556,512,1,extracted,0.2051,0.0348,0.1538,0.1081,0.0317,0.0811
18,42,36,1141,70,221,128,0.112,108,0,0.6167,0.303,0.051,0.1515,0.0746,0.1111,0.6329,0.1497,0.0652,0.1017,0.3134,0.5556,512,1,extracted,0.2051,0.0348,0.1538,0.1081,0.0317,0.0811
18,42,37,1141,70,257,150,0.131,125,0,0.6518,0.3273,0.1009,0.1455,0.1642,0.2778,0.6329,0.1497,0.0652,0.1017,0.3134,0.5556,512,1,extracted,0.2406,0.0458,0.1504,0.1081,0.0317,0.0811
18,42,38,1141,70,257,150,0.131,125,0,0.6518,0.3273,0.1009,0.1455,0.1642,0.2778,0.6329,0.1497,0.0652,0.1017,0.3134,0.5556,512,1,extracted,0.2406,0.0458,0.1504,0.1081,0.0317,0.0811
18,42,39,1141,70,257,150,0.131,125,0,0.6518,0.3273,0.1009,0.1455,0.1642,0.2778,0.6329,0.1497,0.0652,0.1017,0.3134,0.5556,512,1,extracted,0.2406,0.0458,0.1504,0.1081,0.0317,0.0811
18,42,40,1141,70,257,150,0.131,125,0,0.6518,0.3273,0.1009,0.1455,0.1642,0.2778,0.6329,0.1497,0.0652,0.1017,0.3134,0.5556,512,1,extracted,0.2406,0.0458,0.1504,0.1081,0.0317,0.0811
18,42,41,1141,70,292,179,0.157,142,0,0.6321,0.3052,0.1053,0.1526,0.194,0.2778,0.6329,0.1497,0.0652,0.1017,0.3134,0.5556,512,1,extracted,0.2162,0.0411,0.1216,0.1081,0.0317,0.0811
18,42,42,1141,70,292,179,0.157,142,0,0.6321,0.3052,0.1053,0.1526,0.194,0.2778,0.6329,0.1497,0.0652,0.1017,0.3134,0.5556,512,1,extracted,0.2162,0.0411,0.1216,0.1081,0.0317,0.0811
18,42,43,1141,70,292,179,0.157,142,0,0.6321,0.3052,0.1053,0.1526,0.194,0.2778,0.6329,0.1497,0.0652,0.1017,0.3134,0.5556,512,1,extracted,0.2162,0.0411,0.1216,0.1081,0.0317,0.0811
18,42,44,1141,70,292,179,0.157,142,0,0.6321,0.3052,0.1053,0.1526,0.194,0.2778,0.6329,0.1497,0.0652,0.1017,0.3134,0.5556,512,1,extracted,0.2162,0.0411,0.1216,0.1081,0.0317,0.0811
18,42,45,1141,70,336,195,0.171,161,0,0.6312,0.3245,0.1217,0.1358,0.2388,0.3889,0.6329,0.1497,0.0652,0.1017,0.3134,0.5556,512,1,extracted,0.2375,0.0633,0.1125,0.1081,0.0317,0.0811
18,42,46,1141,70,336,195,0.171,161,0,0.6312,0.3245,0.1217,0.1358,0.2388,0.3889,0.6329,0.1497,0.0652,0.1017,0.3134,0.5556,512,1,extracted,0.2375,0.0633,0.1125,0.1081,0.0317,0.0811
18,42,47,1141,70,336,195,0.171,161,0,0.6312,0.3245,0.1217,0.1358,0.2388,0.3889,0.6329,0.1497,0.0652,0.1017,0.3134,0.5556,512,1,extracted,0.2375,0.0633,0.1125,0.1081,0.0317,0.0811
18,42,48,1141,70,336,195,0.171,161,0,0.6312,0.3245,0.1217,0.1358,0.2388,0.3889,0.6329,0.1497,0.0652,0.1017,0.3134,0.5556,512,1,extracted,0.2375,0.0633,0.1125,0.1081,0.0317,0.0811
18,42,49,1141,70,378,233,0.204,185,0,0.6353,0.3102,0.1262,0.132,0.2687,0.3889,0.6329,0.1497,0.0652,0.1017,0.3134,0.5556,512,1,extracted,0.2247,0.0568,0.1124,0.1081,0.0317,0.0811
18,42,50,1141,70,378,233,0.204,185,0,0.6353,0.3102,0.1262,0.132,0.2687,0.3889,0.6329,0.1497,0.0652,0.1017,0.3134,0.5556,512,1,extracted,0.2247,0.0568,0.1124,0.1081,0.0317,0.0811
18,42,51,1141,70,378,233,0.204,185,0,0.6353,0.3102,0.1262,0.132,0.2687,0.3889,0.6329,0.1497,0.0652,0.1017,0.3134,0.5556,512,1,extracted,0.2247,0.0568,0.1124,0.1081,0.0317,0.0811
18,42,52,1141,70,408,247,0.216,198,0,0.6305,0.2965,0.1079,0.1262,0.2388,0.3333,0.6329,0.1497,0.0652,0.1017,0.3134,0.5556,512,1,extracted,0.1935,0.0435,0.1075,0.1081,0.0317,0.0811
18,42,53,1141,70,408,247,0.216,198,0,0.6305,0.2965,0.1079,0.1262,0.2388,0.3333,0.6329,0.1497,0.0652,0.1017,0.3134,0.5556,512,1,extracted,0.1935,0.0435,0.1075,0.1081,0.0317,0.0811
18,42,54,1141,70,408,247,0.216,198,0,0.6305,0.2965,0.1079,0.1262,0.2388,0.3333,0.6329,0.1497,0.0652,0.1017,0.3134,0.5556,512,1,extracted,0.1935,0.0435,0.1075,0.1081,0.0317,0.0811
18,42,55,1141,70,408,247,0.216,198,0,0.6305,0.2965,0.1079,0.1262,0.2388,0.3333,0.6329,0.1497,0.0652,0.1017,0.3134,0.5556,512,1,extracted,0.1935,0.0435,0.1075,0.1081,0.0317,0.0811
18,42,56,1141,70,467,287,0.252,228,0,0.6278,0.2743,0.0977,0.12,0.2388,0.3333,0.6329,0.1497,0.0652,0.1017,0.3134,0.5556,512,1,extracted,0.1905,0.0428,0.1058,0.1081,0.0317,0.0811
18,42,57,1141,70,467,287,0.252,228,0,0.6278,0.2743,0.0977,0.12,0.2388,0.3333,0.6329,0.1497,0.0652,0.1017,0.3134,0.5556,512,1,extracted,0.1905,0.0428,0.1058,0.1081,0.0317,0.0811
18,42,58,1141,70,467,287,0.252,228,0,0.6278,0.2743,0.0977,0.12,0.2388,0.3333,0.6329,0.1497,0.0652,0.1017,0.3134,0.5556,512,1,extracted,0.1905,0.0428,0.1058,0.1081,0.0317,0.0811
18,42,59,1141,70,467,287,0.252,228,0,0.6278,0.2743,0.0977,0.12,0.2388,0.3333,0.6329,0.1497,0.0652,0.1017,0.3134,0.5556,512,1,extracted,0.1905,0.0428,0.1058,0.1081,0.0317,0.0811
18,42,60,1141,70,508,305,0.267,249,0,0.6559,0.2678,0.1264,0.1311,0.3433,0.5,0.6329,0.1497,0.0652,0.1017,0.3134,0.5556,512,1,extracted,0.2132,0.0513,0.1117,0.1081,0.0317,0.0811
18,42,61,1141,70,508,305,0.267,249,0,0.6559,0.2678,0.1264,0.1311,0.3433,0.5,0.6329,0.1497,0.0652,0.1017,0.3134,0.5556,512,1,extracted,0.2132,0.0513,0.1117,0.1081,0.0317,0.0811
18,42,62,1141,70,508,305,0.267,249,0,0.6559,0.2678,0.1264,0.1311,0.3433,0.5,0.6329,0.1497,0.0652,0.1017,0.3134,0.5556,512,1,extracted,0.2132,0.0513,0.1117,0.1081,0.0317,0.0811
18,42,63,1141,70,508,305,0.267,249,0,0.6559,0.2678,0.1264,0.1311,0.3433,0.5,0.6329,0.1497,0.0652,0.1017,0.3134,0.5556,512,1,extracted,0.2132,0.0513,0.1117,0.1081,0.0317,0.0811
18,42,64,1141,70,546,328,0.287,274,0,0.637,0.2211,0.0982,0.1028,0.2687,0.3889,0.6329,0.1497,0.0652,0.1017,0.3134,0.5556,512,1,extracted,0.1651,0.0463,0.1101,0.1081,0.0317,0.0811
18,42,65,1141,70,546,328,0.287,274,0,0.637,0.2211,0.0982,0.1028,0.2687,0.3889,0.6329,0.1497,0.0652,0.1017,0.3134,0.5556,512,1,extracted,0.1651,0.0463,0.1101,0.1081,0.0317,0.0811
18,42,66,1141,70,546,328,0.287,274,0,0.637,0.2211,0.0982,0.1028,0.2687,0.3889,0.6329,0.1497,0.0652,0.1017,0.3134,0.5556,512,1,extracted,0.1651,0.0463,0.1101,0.1081,0.0317,0.0811
18,42,67,1141,70,546,328,0.287,274,0,0.637,0.2211,0.0982,0.1028,0.2687,0.3889,0.6329,0.1497,0.0652,0.1017,0.3134,0.5556,512,1,extracted,0.1651,0.0463,0.1101,0.1081,0.0317,0.0811
18,42,68,1141,70,580,346,0.303,289,0,0.6437,0.2162,0.0938,0.1376,0.2687,0.3889,0.6329,0.1497,0.0652,0.1017,0.3134,0.5556,512,1,extracted,0.1674,0.0533,0.1145,0.1081,0.0317,0.0811
18,42,69,1141,70,580,346,0.303,289,0,0.6437,0.2162,0.0938,0.1376,0.2687,0.3889,0.6329,0.1497,0.0652,0.1017,0.3134,0.5556,512,1,extracted,0.1674,0.0533,0.1145,0.1081,0.0317,0.0811
18,42,70,1141,70,580,346,0.303,289,0,0.6437,0.2162,0.0938,0.1376,0.2687,0.3889,0.6329,0.1497,0.0652,0.1017,0.3134,0.5556,512,1,extracted,0.1674,0.0533,0.1145,0.1081,0.0317,0.0811
18,42,71,1141,70,580,346,0.303,289,0,0.6437,0.2162,0.0938,0.1376,0.2687,0.3889,0.6329,0.1497,0.0652,0.1017,0.3134,0.5556,512,1,extracted,0.1674,0.0533,0.1145,0.1081,0.0317,0.0811
18,42,72,1141,70,617,370,0.324,301,0,0.631,0.2367,0.1119,0.1392,0.3284,0.5,0.6329,0.1497,0.0652,0.1017,0.3134,0.5556,512,1,extracted,0.1857,0.0596,0.1013,0.1081,0.0317,0.0811
18,42,73,1141,70,617,370,0.324,301,0,0.631,0.2367,0.1119,0.1392,0.3284,0.5,0.6329,0.1497,0.0652,0.1017,0.3134,0.5556,512,1,extracted,0.1857,0.0596,0.1013,0.1081,0.0317,0.0811
18,42,74,1141,70,617,370,0.324,301,0,0.631,0.2367,0.1119,0.1392,0.3284,0.5,0.6329,0.1497,0.0652,0.1017,0.3134,0.5556,512,1,extracted,0.1857,0.0596,0.1013,0.1081,0.0317,0.0811
18,42,75,1141,70,706,415,0.364,352,0,0.6597,0.2316,0.1184,0.1263,0.3881,0.5556,0.6329,0.1497,0.0652,0.1017,0.3134,0.5556,512,1,extracted,0.1679,0.0515,0.1168,0.1081,0.0317,0.0811
18,42,76,1141,70,706,415,0.364,352,0,0.6597,0.2316,0.1184,0.1263,0.3881,0.5556,0.6329,0.1497,0.0652,0.1017,0.3134,0.5556,512,1,extracted,0.1679,0.0515,0.1168,0.1081,0.0317,0.0811
18,42,77,1141,70,706,415,0.364,352,0,0.6597,0.2316,0.1184,0.1263,0.3881,0.5556,0.6329,0.1497,0.0652,0.1017,0.3134,0.5556,512,1,extracted,0.1679,0.0515,0.1168,0.1081,0.0317,0.0811
18,42,78,1141,70,706,415,0.364,352,0,0.6597,0.2316,0.1184,0.1263,0.3881,0.5556,0.6329,0.1497,0.0652,0.1017,0.3134,0.5556,512,1,extracted,0.1679,0.0515,0.1168,0.1081,0.0317,0.0811
18,42,79,1141,70,795,458,0.401,389,0,0.645,0.2038,0.1042,0.1115,0.3731,0.5556,0.6329,0.1497,0.0652,0.1017,0.3134,0.5556,512,1,extracted,0.1503,0.0461,0.1111,0.1081,0.0317,0.0811
18,42,80,1141,70,795,458,0.401,389,0,0.645,0.2038,0.1042,0.1115,0.3731,0.5556,0.6329,0.1497,0.0652,0.1017,0.3134,0.5556,512,1,extracted,0.1503,0.0461,0.1111,0.1081,0.0317,0.0811
18,42,81,1141,70,795,458,0.401,389,0,0.645,0.2038,0.1042,0.1115,0.3731,0.5556,0.6329,0.1497,0.0652,0.1017,0.3134,0.5556,512,1,extracted,0.1503,0.0461,0.1111,0.1081,0.0317,0.0811
18,42,82,1141,70,795,458,0.401,389,0,0.645,0.2038,0.1042,0.1115,0.3731,0.5556,0.6329,0.1497,0.0652,0.1017,0.3134,0.5556,512,1,extracted,0.1503,0.0461,0.1111,0.1081,0.0317,0.0811
18,42,83,1141,70,847,470,0.412,408,0,0.6331,0.2075,0.1061,0.117,0.3881,0.5556,0.6329,0.1497,0.0652,0.1017,0.3134,0.5556,512,1,extracted,0.1494,0.0458,0.1169,0.1081,0.0317,0.0811
18,42,84,1141,70,847,470,0.412,408,0,0.6331,0.2075,0.1061,0.117,0.3881,0.5556,0.6329,0.1497,0.0652,0.1017,0.3134,0.5556,512,1,extracted,0.1494,0.0458,0.1169,0.1081,0.0317,0.0811
18,42,85,1141,70,847,470,0.412,408,0,0.6331,0.2075,0.1061,0.117,0.3881,0.5556,0.6329,0.1497,0.0652,0.1017,0.3134,0.5556,512,1,extracted,0.1494,0.0458,0.1169,0.1081,0.0317,0.0811
18,42,86,1141,70,847,470,0.412,408,0,0.6331,0.2075,0.1061,0.117,0.3881,0.5556,0.6329,0.1497,0.0652,0.1017,0.3134,0.5556,512,1,extracted,0.1494,0.0458,0.1169,0.1081,0.0317,0.0811
18,42,87,1141,70,900,537,0.471,425,0,0.6422,0.1917,0.0896,0.1157,0.3731,0.6111,0.6329,0.1497,0.0652,0.1017,0.3134,0.5556,512,1,extracted,0.1301,0.0327,0.0976,0.1081,0.0317,0.0811
18,42,88,1141,70,900,537,0.471,425,0,0.6422,0.1917,0.0896,0.1157,0.3731,0.6111,0.6329,0.1497,0.0652,0.1017,0.3134,0.5556,512,1,extracted,0.1301,0.0327,0.0976,0.1081,0.0317,0.0811
18,42,89,1141,70,900,537,0.471,425,0,0.6422,0.1917,0.0896,0.1157,0.3731,0.6111,0.6329,0.1497,0.0652,0.1017,0.3134,0.5556,512,1,extracted,0.1301,0.0327,0.0976,0.1081,0.0317,0.0811
18,42,90,1141,70,900,537,0.471,425,0,0.6422,0.1917,0.0896,0.1157,0.3731,0.6111,0.6329,0.1497,0.0652,0.1017,0.3134,0.5556,512,1,extracted,0.1301,0.0327,0.0976,0.1081,0.0317,0.0811
18,42,91,1141,70,985,566,0.496,464,0,0.6457,0.1798,0.0823,0.1104,0.3582,0.5556,0.6329,0.1497,0.0652,0.1017,0.3134,0.5556,512,1,extracted,0.1231,0.0309,0.0923,0.1081,0.0317,0.0811
18,42,92,1141,70,985,566,0.496,464,0,0.6457,0.1798,0.0823,0.1104,0.3582,0.5556,0.6329,0.1497,0.0652,0.1017,0.3134,0.5556,512,1,extracted,0.1231,0.0309,0.0923,0.1081,0.0317,0.0811
18,42,93,1141,70,985,566,0.496,464,0,0.6457,0.1798,0.0823,0.1104,0.3582,0.5556,0.6329,0.1497,0.0652,0.1017,0.3134,0.5556,512,1,extracted,0.1231,0.0309,0.0923,0.1081,0.0317,0.0811
18,42,94,1141,70,985,566,0.496,464,0,0.6457,0.1798,0.0823,0.1104,0.3582,0.5556,0.6329,0.1497,0.0652,0.1017,0.3134,0.5556,512,1,extracted,0.1231,0.0309,0.0923,0.1081,0.0317,0.0811
18,42,95,1141,70,1047,587,0.514,495,0,0.6539,0.1616,0.0948,0.1006,0.4328,0.6111,0.6329,0.1497,0.0652,0.1017,0.3134,0.5556,512,1,extracted,0.1202,0.0435,0.0913,0.1081,0.0317,0.0811
18,42,96,1141,70,1047,587,0.514,495,0,0.6539,0.1616,0.0948,0.1006,0.4328,0.6111,0.6329,0.1497,0.0652,0.1017,0.3134,0.5556,512,1,extracted,0.1202,0.0435,0.0913,0.1081,0.0317,0.0811
18,42,97,1141,70,1047,587,0.514,495,0,0.6539,0.1616,0.0948,0.1006,0.4328,0.6111,0.6329,0.1497,0.0652,0.1017,0.3134,0.5556,512,1,extracted,0.1202,0.0435,0.0913,0.1081,0.0317,0.0811
18,42,98,1141,70,1047,587,0.514,495,0,0.6539,0.1616,0.0948,0.1006,0.4328,0.6111,0.6329,0.1497,0.0652,0.1017,0.3134,0.5556,512,1,extracted,0.1202,0.0435,0.0913,0.1081,0.0317,0.0811
18,42,99,1141,70,1130,583,0.511,512,1,0.645,0.1564,0.08,0.1043,0.3582,0.5556,0.6329,0.1497,0.0652,0.1017,0.3134,0.5556,512,1,extracted,0.1154,0.0483,0.0962,0.1081,0.0317,0.0811
18,42,100,1141,70,1130,583,0.511,512,1,0.645,0.1564,0.08,0.1043,0.3582,0.5556,0.6329,0.1497,0.0652,0.1017,0.3134,0.5556,512,1,extracted,0.1154,0.0483,0.0962,0.1081,0.0317,0.0811
19,42,1,1145,104,28,28,0.024,16,0,0.6817,0.2462,0.0938,0.2,0.0659,0.037,0.7414,0.219,0.1423,0.154,0.5714,0.7037,497,0,extracted,0.125,0.0,0.125,0.1995,0.1002,0.1473
19,42,2,1145,104,28,28,0.024,16,0,0.6817,0.2462,0.0938,0.2,0.0659,0.037,0.7414,0.219,0.1423,0.154,0.5714,0.7037,497,0,extracted,0.125,0.0,0.125,0.1995,0.1002,0.1473
19,42,3,1145,104,28,28,0.024,16,0,0.6817,0.2462,0.0938,0.2,0.0659,0.037,0.7414,0.219,0.1423,0.154,0.5714,0.7037,497,0,extracted,0.125,0.0,0.125,0.1995,0.1002,0.1473
19,42,4,1145,104,28,28,0.024,16,0,0.6817,0.2462,0.0938,0.2,0.0659,0.037,0.7414,0.219,0.1423,0.154,0.5714,0.7037,497,0,extracted,0.125,0.0,0.125,0.1995,0.1002,0.1473
19,42,5,1145,104,28,28,0.024,16,0,0.6817,0.2462,0.0938,0.2,0.0659,0.037,0.7414,0.219,0.1423,0.154,0.5714,0.7037,497,0,extracted,0.125,0.0,0.125,0.1995,0.1002,0.1473
19,42,6,1145,104,28,28,0.024,16,0,0.6817,0.2462,0.0938,0.2,0.0659,0.037,0.7414,0.219,0.1423,0.154,0.5714,0.7037,497,0,extracted,0.125,0.0,0.125,0.1995,0.1002,0.1473
19,42,7,1145,104,50,36,0.031,26,0,0.6772,0.2609,0.0882,0.1884,0.0659,0.037,0.7414,0.219,0.1423,0.154,0.5714,0.7037,497,0,extracted,0.1449,0.0,0.1159,0.1995,0.1002,0.1473
19,42,8,1145,104,50,36,0.031,26,0,0.6772,0.2609,0.0882,0.1884,0.0659,0.037,0.7414,0.219,0.1423,0.154,0.5714,0.7037,497,0,extracted,0.1449,0.0,0.1159,0.1995,0.1002,0.1473
19,42,9,1145,104,50,36,0.031,26,0,0.6772,0.2609,0.0882,0.1884,0.0659,0.037,0.7414,0.219,0.1423,0.154,0.5714,0.7037,497,0,extracted,0.1449,0.0,0.1159,0.1995,0.1002,0.1473
19,42,10,1145,104,50,36,0.031,26,0,0.6772,0.2609,0.0882,0.1884,0.0659,0.037,0.7414,0.219,0.1423,0.154,0.5714,0.7037,497,0,extracted,0.1449,0.0,0.1159,0.1995,0.1002,0.1473
19,42,11,1145,104,81,50,0.044,38,0,0.6974,0.4079,0.16,0.1974,0.1319,0.1111,0.7414,0.219,0.1423,0.154,0.5714,0.7037,497,0,extracted,0.2368,0.0,0.1316,0.1995,0.1002,0.1473
19,42,12,1145,104,81,50,0.044,38,0,0.6974,0.4079,0.16,0.1974,0.1319,0.1111,0.7414,0.219,0.1423,0.154,0.5714,0.7037,497,0,extracted,0.2368,0.0,0.1316,0.1995,0.1002,0.1473
19,42,13,1145,104,81,50,0.044,38,0,0.6974,0.4079,0.16,0.1974,0.1319,0.1111,0.7414,0.219,0.1423,0.154,0.5714,0.7037,497,0,extracted,0.2368,0.0,0.1316,0.1995,0.1002,0.1473
19,42,14,1145,104,81,50,0.044,38,0,0.6974,0.4079,0.16,0.1974,0.1319,0.1111,0.7414,0.219,0.1423,0.154,0.5714,0.7037,497,0,extracted,0.2368,0.0,0.1316,0.1995,0.1002,0.1473
19,42,15,1145,104,81,50,0.044,38,0,0.6974,0.4079,0.16,0.1974,0.1319,0.1111,0.7414,0.219,0.1423,0.154,0.5714,0.7037,497,0,extracted,0.2368,0.0,0.1316,0.1995,0.1002,0.1473
19,42,16,1145,104,136,87,0.076,67,0,0.6789,0.3152,0.0989,0.1522,0.0989,0.1111,0.7414,0.219,0.1423,0.154,0.5714,0.7037,497,0,extracted,0.2558,0.0238,0.1395,0.1995,0.1002,0.1473
19,42,17,1145,104,136,87,0.076,67,0,0.6789,0.3152,0.0989,0.1522,0.0989,0.1111,0.7414,0.219,0.1423,0.154,0.5714,0.7037,497,0,extracted,0.2558,0.0238,0.1395,0.1995,0.1002,0.1473
19,42,18,1145,104,136,87,0.076,67,0,0.6789,0.3152,0.0989,0.1522,0.0989,0.1111,0.7414,0.219,0.1423,0.154,0.5714,0.7037,497,0,extracted,0.2558,0.0238,0.1395,0.1995,0.1002,0.1473
19,42,19,1145,104,136,87,0.076,67,0,0.6789,0.3152,0.0989,0.1522,0.0989,0.1111,0.7414,0.219,0.1423,0.154,0.5714,0.7037,497,0,extracted,0.2558,0.0238,0.1395,0.1995,0.1002,0.1473
19,42,20,1145,104,188,117,0.102,92,0,0.7211,0.3925,0.1604,0.2336,0.1868,0.2222,0.7414,0.219,0.1423,0.154,0.5714,0.7037,497,0,extracted,0.4112,0.1143,0.243,0.1995,0.1002,0.1473
19,42,21,1145,104,188,117,0.102,92,0,0.7211,0.3925,0.1604,0.2336,0.1868,0.2222,0.7414,0.219,0.1423,0.154,0.5714,0.7037,497,0,extracted,0.4112,0.1143,0.243,0.1995,0.1002,0.1473
19,42,22,1145,104,188,117,0.102,92,0,0.7211,0.3925,0.1604,0.2336,0.1868,0.2222,0.7414,0.219,0.1423,0.154,0.5714,0.7037,497,0,extracted,0.4112,0.1143,0.243,0.1995,0.1002,0.1473
19,42,23,1145,104,188,117,0.102,92,0,0.7211,0.3925,0.1604,0.2336,0.1868,0.2222,0.7414,0.219,0.1423,0.154,0.5714,0.7037,497,0,extracted,0.4112,0.1143,0.243,0.1995,0.1002,0.1473
19,42,24,1145,104,222,131,0.114,107,0,0.7076,0.37,0.1511,0.2203,0.1868,0.2222,0.7414,0.219,0.1423,0.154,0.5714,0.7037,497,0,extracted,0.3697,0.1026,0.2185,0.1995,0.1002,0.1473
19,42,25,1145,104,222,131,0.114,107,0,0.7076,0.37,0.1511,0.2203,0.1868,0.2222,0.7414,0.219,0.1423,0.154,0.5714,0.7037,497,0,extracted,0.3697,0.1026,0.2185,0.1995,0.1002,0.1473
19,42,26,1145,104,222,131,0.114,107,0,0.7076,0.37,0.1511,0.2203,0.1868,0.2222,0.7414,0.219,0.1423,0.154,0.5714,0.7037,497,0,extracted,0.3697,0.1026,0.2185,0.1995,0.1002,0.1473
19,42,27,1145,104,222,131,0.114,107,0,0.7076,0.37,0.1511,0.2203,0.1868,0.2222,0.7414,0.219,0.1423,0.154,0.5714,0.7037,497,0,extracted,0.3697,0.1026,0.2185,0.1995,0.1002,0.1473
19,42,28,1145,104,222,131,0.114,107,0,0.7076,0.37,0.1511,0.2203,0.1868,0.2222,0.7414,0.219,0.1423,0.154,0.5714,0.7037,497,0,extracted,0.3697,0.1026,0.2185,0.1995,0.1002,0.1473
19,42,29,1145,104,266,161,0.141,127,0,0.7122,0.4047,0.1725,0.2101,0.2418,0.2963,0.7414,0.219,0.1423,0.154,0.5714,0.7037,497,0,extracted,0.4088,0.1037,0.2044,0.1995,0.1002,0.1473
19,42,30,1145,104,266,161,0.141,127,0,0.7122,0.4047,0.1725,0.2101,0.2418,0.2963,0.7414,0.219,0.1423,0.154,0.5714,0.7037,497,0,extracted,0.4088,0.1037,0.2044,0.1995,0.1002,0.1473
19,42,31,1145,104,266,161,0.141,127,0,0.7122,0.4047,0.1725,0.2101,0.2418,0.2963,0.7414,0.219,0.1423,0.154,0.5714,0.7037,497,0,extracted,0.4088,0.1037,0.2044,0.1995,0.1002,0.1473
19,42,32,1145,104,266,161,0.141,127,0,0.7122,0.4047,0.1725,0.2101,0.2418,0.2963,0.7414,0.219,0.1423,0.154,0.5714,0.7037,497,0,extracted,0.4088,0.1037,0.2044,0.1995,0.1002,0.1473
19,42,33,1145,104,290,175,0.153,135,0,0.7305,0.4118,0.1778,0.2059,0.2637,0.3333,0.7414,0.219,0.1423,0.154,0.5714,0.7037,497,0,extracted,0.4167,0.1127,0.2083,0.1995,0.1002,0.1473
19,42,34,1145,104,290,175,0.153,135,0,0.7305,0.4118,0.1778,0.2059,0.2637,0.3333,0.7414,0.219,0.1423,0.154,0.5714,0.7037,497,0,extracted,0.4167,0.1127,0.2083,0.1995,0.1002,0.1473
19,42,35,1145,104,290,175,0.153,135,0,0.7305,0.4118,0.1778,0.2059,0.2637,0.3333,0.7414,0.219,0.1423,0.154,0.5714,0.7037,497,0,extracted,0.4167,0.1127,0.2083,0.1995,0.1002,0.1473
19,42,36,1145,104,290,175,0.153,135,0,0.7305,0.4118,0.1778,0.2059,0.2637,0.3333,0.7414,0.219,0.1423,0.154,0.5714,0.7037,497,0,extracted,0.4167,0.1127,0.2083,0.1995,0.1002,0.1473
19,42,37,1145,104,334,184,0.161,157,0,0.7252,0.4014,0.2022,0.2509,0.2418,0.2963,0.7414,0.219,0.1423,0.154,0.5714,0.7037,497,0,extracted,0.3709,0.1208,0.2119,0.1995,0.1002,0.1473
19,42,38,1145,104,334,184,0.161,157,0,0.7252,0.4014,0.2022,0.2509,0.2418,0.2963,0.7414,0.219,0.1423,0.154,0.5714,0.7037,497,0,extracted,0.3709,0.1208,0.2119,0.1995,0.1002,0.1473
19,42,39,1145,104,334,184,0.161,157,0,0.7252,0.4014,0.2022,0.2509,0.2418,0.2963,0.7414,0.219,0.1423,0.154,0.5714,0.7037,497,0,extracted,0.3709,0.1208,0.2119,0.1995,0.1002,0.1473
19,42,40,1145,104,334,184,0.161,157,0,0.7252,0.4014,0.2022,0.2509,0.2418,0.2963,0.7414,0.219,0.1423,0.154,0.5714,0.7037,497,0,extracted,0.3709,0.1208,0.2119,0.1995,0.1002,0.1473
19,42,41,1145,104,334,184,0.161,157,0,0.7252,0.4014,0.2022,0.2509,0.2418,0.2963,0.7414,0.219,0.1423,0.154,0.5714,0.7037,497,0,extracted,0.3709,0.1208,0.2119,0.1995,0.1002,0.1473
19,42,42,1145,104,371,217,0.19,172,0,0.6984,0.3782,0.1613,0.1795,0.2747,0.4074,0.7414,0.219,0.1423,0.154,0.5714,0.7037,497,0,extracted,0.3636,0.1034,0.1705,0.1995,0.1002,0.1473
19,42,43,1145,104,371,217,0.19,172,0,0.6984,0.3782,0.1613,0.1795,0.2747,0.4074,0.7414,0.219,0.1423,0.154,0.5714,0.7037,497,0,extracted,0.3636,0.1034,0.1705,0.1995,0.1002,0.1473
19,42,44,1145,104,371,217,0.19,172,0,0.6984,0.3782,0.1613,0.1795,0.2747,0.4074,0.7414,0.219,0.1423,0.154,0.5714,0.7037,497,0,extracted,0.3636,0.1034,0.1705,0.1995,0.1002,0.1473
19,42,45,1145,104,371,217,0.19,172,0,0.6984,0.3782,0.1613,0.1795,0.2747,0.4074,0.7414,0.219,0.1423,0.154,0.5714,0.7037,497,0,extracted,0.3636,0.1034,0.1705,0.1995,0.1002,0.1473
19,42,46,1145,104,423,261,0.228,192,0,0.712,0.4132,0.1994,0.1928,0.3297,0.4815,0.7414,0.219,0.1423,0.154,0.5714,0.7037,497,0,extracted,0.3364,0.1226,0.1682,0.1995,0.1002,0.1473
19,42,47,1145,104,423,261,0.228,192,0,0.712,0.4132,0.1994,0.1928,0.3297,0.4815,0.7414,0.219,0.1423,0.154,0.5714,0.7037,497,0,extracted,0.3364,0.1226,0.1682,0.1995,0.1002,0.1473
19,42,48,1145,104,423,261,0.228,192,0,0.712,0.4132,0.1994,0.1928,0.3297,0.4815,0.7414,0.219,0.1423,0.154,0.5714,0.7037,497,0,extracted,0.3364,0.1226,0.1682,0.1995,0.1002,0.1473
19,42,49,1145,104,423,261,0.228,192,0,0.712,0.4132,0.1994,0.1928,0.3297,0.4815,0.7414,0.219,0.1423,0.154,0.5714,0.7037,497,0,extracted,0.3364,0.1226,0.1682,0.1995,0.1002,0.1473
19,42,50,1145,104,450,280,0.245,203,0,0.6964,0.4031,0.2,0.1885,0.3516,0.4444,0.7414,0.219,0.1423,0.154,0.5714,0.7037,497,0,extracted,0.3139,0.1086,0.1704,0.1995,0.1002,0.1473
19,42,51,1145,104,450,280,0.245,203,0,0.6964,0.4031,0.2,0.1885,0.3516,0.4444,0.7414,0.219,0.1423,0.154,0.5714,0.7037,497,0,extracted,0.3139,0.1086,0.1704,0.1995,0.1002,0.1473
19,42,52,1145,104,450,280,0.245,203,0,0.6964,0.4031,0.2,0.1885,0.3516,0.4444,0.7414,0.219,0.1423,0.154,0.5714,0.7037,497,0,extracted,0.3139,0.1086,0.1704,0.1995,0.1002,0.1473
19,42,53,1145,104,450,280,0.245,203,0,0.6964,0.4031,0.2,0.1885,0.3516,0.4444,0.7414,0.219,0.1423,0.154,0.5714,0.7037,497,0,extracted,0.3139,0.1086,0.1704,0.1995,0.1002,0.1473
19,42,54,1145,104,450,280,0.245,203,0,0.6964,0.4031,0.2,0.1885,0.3516,0.4444,0.7414,0.219,0.1423,0.154,0.5714,0.7037,497,0,extracted,0.3139,0.1086,0.1704,0.1995,0.1002,0.1473
19,42,55,1145,104,500,305,0.266,224,0,0.7029,0.3686,0.1827,0.1867,0.3407,0.4815,0.7414,0.219,0.1423,0.154,0.5714,0.7037,497,0,extracted,0.2975,0.1167,0.1901,0.1995,0.1002,0.1473
19,42,56,1145,104,500,305,0.266,224,0,0.7029,0.3686,0.1827,0.1867,0.3407,0.4815,0.7414,0.219,0.1423,0.154,0.5714,0.7037,497,0,extracted,0.2975,0.1167,0.1901,0.1995,0.1002,0.1473
19,42,57,1145,104,500,305,0.266,224,0,0.7029,0.3686,0.1827,0.1867,0.3407,0.4815,0.7414,0.219,0.1423,0.154,0.5714,0.7037,497,0,extracted,0.2975,0.1167,0.1901,0.1995,0.1002,0.1473
19,42,58,1145,104,500,305,0.266,224,0,0.7029,0.3686,0.1827,0.1867,0.3407,0.4815,0.7414,0.219,0.1423,0.154,0.5714,0.7037,497,0,extracted,0.2975,0.1167,0.1901,0.1995,0.1002,0.1473
19,42,59,1145,104,544,331,0.289,242,0,0.7129,0.3704,0.214,0.1991,0.4396,0.5185,0.7414,0.219,0.1423,0.154,0.5714,0.7037,497,0,extracted,0.3058,0.125,0.2149,0.1995,0.1002,0.1473
19,42,60,1145,104,544,331,0.289,242,0,0.7129,0.3704,0.214,0.1991,0.4396,0.5185,0.7414,0.219,0.1423,0.154,0.5714,0.7037,497,0,extracted,0.3058,0.125,0.2149,0.1995,0.1002,0.1473
19,42,61,1145,104,544,331,0.289,242,0,0.7129,0.3704,0.214,0.1991,0.4396,0.5185,0.7414,0.219,0.1423,0.154,0.5714,0.7037,497,0,extracted,0.3058,0.125,0.2149,0.1995,0.1002,0.1473
19,42,62,1145,104,544,331,0.289,242,0,0.7129,0.3704,0.214,0.1991,0.4396,0.5185,0.7414,0.219,0.1423,0.154,0.5714,0.7037,497,0,extracted,0.3058,0.125,0.2149,0.1995,0.1002,0.1473
19,42,63,1145,104,544,331,0.289,242,0,0.7129,0.3704,0.214,0.1991,0.4396,0.5185,0.7414,0.219,0.1423,0.154,0.5714,0.7037,497,0,extracted,0.3058,0.125,0.2149,0.1995,0.1002,0.1473
19,42,64,1145,104,582,348,0.304,257,0,0.7164,0.3653,0.2237,0.2004,0.4835,0.5556,0.7414,0.219,0.1423,0.154,0.5714,0.7037,497,0,extracted,0.3028,0.1446,0.1673,0.1995,0.1002,0.1473
19,42,65,1145,104,582,348,0.304,257,0,0.7164,0.3653,0.2237,0.2004,0.4835,0.5556,0.7414,0.219,0.1423,0.154,0.5714,0.7037,497,0,extracted,0.3028,0.1446,0.1673,0.1995,0.1002,0.1473
19,42,66,1145,104,582,348,0.304,257,0,0.7164,0.3653,0.2237,0.2004,0.4835,0.5556,0.7414,0.219,0.1423,0.154,0.5714,0.7037,497,0,extracted,0.3028,0.1446,0.1673,0.1995,0.1002,0.1473
19,42,67,1145,104,582,348,0.304,257,0,0.7164,0.3653,0.2237,0.2004,0.4835,0.5556,0.7414,0.219,0.1423,0.154,0.5714,0.7037,497,0,extracted,0.3028,0.1446,0.1673,0.1995,0.1002,0.1473
19,42,68,1145,104,640,382,0.334,287,0,0.6998,0.323,0.1913,0.2153,0.4396,0.5185,0.7414,0.219,0.1423,0.154,0.5714,0.7037,497,0,extracted,0.2561,0.1324,0.2145,0.1995,0.1002,0.1473
19,42,69,1145,104,640,382,0.334,287,0,0.6998,0.323,0.1913,0.2153,0.4396,0.5185,0.7414,0.219,0.1423,0.154,0.5714,0.7037,497,0,extracted,0.2561,0.1324,0.2145,0.1995,0.1002,0.1473
19,42,70,1145,104,640,382,0.334,287,0,0.6998,0.323,0.1913,0.2153,0.4396,0.5185,0.7414,0.219,0.1423,0.154,0.5714,0.7037,497,0,extracted,0.2561,0.1324,0.2145,0.1995,0.1002,0.1473
19,42,71,1145,104,640,382,0.334,287,0,0.6998,0.323,0.1913,0.2153,0.4396,0.5185,0.7414,0.219,0.1423,0.154,0.5714,0.7037,497,0,extracted,0.2561,0.1324,0.2145,0.1995,0.1002,0.1473
19,42,72,1145,104,734,436,0.381,320,0,0.7328,0.3114,0.1808,0.1689,0.4615,0.5185,0.7414,0.219,0.1423,0.154,0.5714,0.7037,497,0,extracted,0.25,0.1119,0.1667,0.1995,0.1002,0.1473
19,42,73,1145,104,734,436,0.381,320,0,0.7328,0.3114,0.1808,0.1689,0.4615,0.5185,0.7414,0.219,0.1423,0.154,0.5714,0.7037,497,0,extracted,0.25,0.1119,0.1667,0.1995,0.1002,0.1473
19,42,74,1145,104,734,436,0.381,320,0,0.7328,0.3114,0.1808,0.1689,0.4615,0.5185,0.7414,0.219,0.1423,0.154,0.5714,0.7037,497,0,extracted,0.25,0.1119,0.1667,0.1995,0.1002,0.1473
19,42,75,1145,104,734,436,0.381,320,0,0.7328,0.3114,0.1808,0.1689,0.4615,0.5185,0.7414,0.219,0.1423,0.154,0.5714,0.7037,497,0,extracted,0.25,0.1119,0.1667,0.1995,0.1002,0.1473
19,42,76,1145,104,734,436,0.381,320,0,0.7328,0.3114,0.1808,0.1689,0.4615,0.5185,0.7414,0.219,0.1423,0.154,0.5714,0.7037,497,0,extracted,0.25,0.1119,0.1667,0.1995,0.1002,0.1473
19,42,77,1145,104,796,513,0.448,345,0,0.6895,0.2606,0.1732,0.1726,0.4835,0.4815,0.7414,0.219,0.1423,0.154,0.5714,0.7037,497,0,extracted,0.2342,0.1083,0.1646,0.1995,0.1002,0.1473
19,42,78,1145,104,796,513,0.448,345,0,0.6895,0.2606,0.1732,0.1726,0.4835,0.4815,0.7414,0.219,0.1423,0.154,0.5714,0.7037,497,0,extracted,0.2342,0.1083,0.1646,0.1995,0.1002,0.1473
19,42,79,1145,104,796,513,0.448,345,0,0.6895,0.2606,0.1732,0.1726,0.4835,0.4815,0.7414,0.219,0.1423,0.154,0.5714,0.7037,497,0,extracted,0.2342,0.1083,0.1646,0.1995,0.1002,0.1473
19,42,80,1145,104,796,513,0.448,345,0,0.6895,0.2606,0.1732,0.1726,0.4835,0.4815,0.7414,0.219,0.1423,0.154,0.5714,0.7037,497,0,extracted,0.2342,0.1083,0.1646,0.1995,0.1002,0.1473
19,42,81,1145,104,857,525,0.459,369,0,0.6813,0.2723,0.1626,0.1653,0.4505,0.5185,0.7414,0.219,0.1423,0.154,0.5714,0.7037,497,0,extracted,0.2156,0.0843,0.1497,0.1995,0.1002,0.1473
19,42,82,1145,104,857,525,0.459,369,0,0.6813,0.2723,0.1626,0.1653,0.4505,0.5185,0.7414,0.219,0.1423,0.154,0.5714,0.7037,497,0,extracted,0.2156,0.0843,0.1497,0.1995,0.1002,0.1473
19,42,83,1145,104,857,525,0.459,369,0,0.6813,0.2723,0.1626,0.1653,0.4505,0.5185,0.7414,0.219,0.1423,0.154,0.5714,0.7037,497,0,extracted,0.2156,0.0843,0.1497,0.1995,0.1002,0.1473
19,42,84,1145,104,857,525,0.459,369,0,0.6813,0.2723,0.1626,0.1653,0.4505,0.5185,0.7414,0.219,0.1423,0.154,0.5714,0.7037,497,0,extracted,0.2156,0.0843,0.1497,0.1995,0.1002,0.1473
19,42,85,1145,104,905,534,0.466,387,0,0.7214,0.2512,0.1467,0.1622,0.4396,0.4815,0.7414,0.219,0.1423,0.154,0.5714,0.7037,497,0,extracted,0.23,0.1029,0.1725,0.1995,0.1002,0.1473
19,42,86,1145,104,905,534,0.466,387,0,0.7214,0.2512,0.1467,0.1622,0.4396,0.4815,0.7414,0.219,0.1423,0.154,0.5714,0.7037,497,0,extracted,0.23,0.1029,0.1725,0.1995,0.1002,0.1473
19,42,87,1145,104,905,534,0.466,387,0,0.7214,0.2512,0.1467,0.1622,0.4396,0.4815,0.7414,0.219,0.1423,0.154,0.5714,0.7037,497,0,extracted,0.23,0.1029,0.1725,0.1995,0.1002,0.1473
19,42,88,1145,104,905,534,0.466,387,0,0.7214,0.2512,0.1467,0.1622,0.4396,0.4815,0.7414,0.219,0.1423,0.154,0.5714,0.7037,497,0,extracted,0.23,0.1029,0.1725,0.1995,0.1002,0.1473
19,42,89,1145,104,905,534,0.466,387,0,0.7214,0.2512,0.1467,0.1622,0.4396,0.4815,0.7414,0.219,0.1423,0.154,0.5714,0.7037,497,0,extracted,0.23,0.1029,0.1725,0.1995,0.1002,0.1473
19,42,90,1145,104,958,591,0.516,414,0,0.7399,0.2609,0.186,0.1594,0.6264,0.7407,0.7414,0.219,0.1423,0.154,0.5714,0.7037,497,0,extracted,0.2347,0.1448,0.144,0.1995,0.1002,0.1473
19,42,91,1145,104,958,591,0.516,414,0,0.7399,0.2609,0.186,0.1594,0.6264,0.7407,0.7414,0.219,0.1423,0.154,0.5714,0.7037,497,0,extracted,0.2347,0.1448,0.144,0.1995,0.1002,0.1473
19,42,92,1145,104,958,591,0.516,414,0,0.7399,0.2609,0.186,0.1594,0.6264,0.7407,0.7414,0.219,0.1423,0.154,0.5714,0.7037,497,0,extracted,0.2347,0.1448,0.144,0.1995,0.1002,0.1473
19,42,93,1145,104,958,591,0.516,414,0,0.7399,0.2609,0.186,0.1594,0.6264,0.7407,0.7414,0.219,0.1423,0.154,0.5714,0.7037,497,0,extracted,0.2347,0.1448,0.144,0.1995,0.1002,0.1473
19,42,94,1145,104,1029,662,0.578,447,0,0.7344,0.2123,0.1472,0.1782,0.5165,0.5926,0.7414,0.219,0.1423,0.154,0.5714,0.7037,497,0,extracted,0.2063,0.1064,0.1693,0.1995,0.1002,0.1473
19,42,95,1145,104,1029,662,0.578,447,0,0.7344,0.2123,0.1472,0.1782,0.5165,0.5926,0.7414,0.219,0.1423,0.154,0.5714,0.7037,497,0,extracted,0.2063,0.1064,0.1693,0.1995,0.1002,0.1473
19,42,96,1145,104,1029,662,0.578,447,0,0.7344,0.2123,0.1472,0.1782,0.5165,0.5926,0.7414,0.219,0.1423,0.154,0.5714,0.7037,497,0,extracted,0.2063,0.1064,0.1693,0.1995,0.1002,0.1473
19,42,97,1145,104,1029,662,0.578,447,0,0.7344,0.2123,0.1472,0.1782,0.5165,0.5926,0.7414,0.219,0.1423,0.154,0.5714,0.7037,497,0,extracted,0.2063,0.1064,0.1693,0.1995,0.1002,0.1473
19,42,98,1145,104,1131,706,0.617,487,0,0.7372,0.2261,0.1569,0.1665,0.6264,0.7407,0.7414,0.219,0.1423,0.154,0.5714,0.7037,497,0,extracted,0.2033,0.114,0.1418,0.1995,0.1002,0.1473
19,42,99,1145,104,1131,706,0.617,487,0,0.7372,0.2261,0.1569,0.1665,0.6264,0.7407,0.7414,0.219,0.1423,0.154,0.5714,0.7037,497,0,extracted,0.2033,0.114,0.1418,0.1995,0.1002,0.1473
19,42,100,1145,104,1131,706,0.617,487,0,0.7372,0.2261,0.1569,0.1665,0.6264,0.7407,0.7414,0.219,0.1423,0.154,0.5714,0.7037,497,0,extracted,0.2033,0.114,0.1418,0.1995,0.1002,0.1473
20,42,1,1190,73,16,23,0.019,9,0,0.6655,0.2917,0.1277,0.2292,0.0845,0.1364,0.673,0.1592,0.0784,0.1006,0.3803,0.4091,512,1,extracted,0.2373,0.0,0.1695,0.1438,0.0542,0.1034
20,42,2,1190,73,16,23,0.019,9,0,0.6655,0.2917,0.1277,0.2292,0.0845,0.1364,0.673,0.1592,0.0784,0.1006,0.3803,0.4091,512,1,extracted,0.2373,0.0,0.1695,0.1438,0.0542,0.1034
20,42,3,1190,73,16,23,0.019,9,0,0.6655,0.2917,0.1277,0.2292,0.0845,0.1364,0.673,0.1592,0.0784,0.1006,0.3803,0.4091,512,1,extracted,0.2373,0.0,0.1695,0.1438,0.0542,0.1034
20,42,4,1190,73,16,23,0.019,9,0,0.6655,0.2917,0.1277,0.2292,0.0845,0.1364,0.673,0.1592,0.0784,0.1006,0.3803,0.4091,512,1,extracted,0.2373,0.0,0.1695,0.1438,0.0542,0.1034
20,42,5,1190,73,16,23,0.019,9,0,0.6655,0.2917,0.1277,0.2292,0.0845,0.1364,0.673,0.1592,0.0784,0.1006,0.3803,0.4091,512,1,extracted,0.2373,0.0,0.1695,0.1438,0.0542,0.1034
20,42,6,1190,73,16,23,0.019,9,0,0.6655,0.2917,0.1277,0.2292,0.0845,0.1364,0.673,0.1592,0.0784,0.1006,0.3803,0.4091,512,1,extracted,0.2373,0.0,0.1695,0.1438,0.0542,0.1034
20,42,7,1190,73,16,23,0.019,9,0,0.6655,0.2917,0.1277,0.2292,0.0845,0.1364,0.673,0.1592,0.0784,0.1006,0.3803,0.4091,512,1,extracted,0.2373,0.0,0.1695,0.1438,0.0542,0.1034
20,42,8,1190,73,16,23,0.019,9,0,0.6655,0.2917,0.1277,0.2292,0.0845,0.1364,0.673,0.1592,0.0784,0.1006,0.3803,0.4091,512,1,extracted,0.2373,0.0,0.1695,0.1438,0.0542,0.1034
20,42,9,1190,73,61,40,0.034,30,0,0.6795,0.2655,0.0541,0.177,0.0423,0.0455,0.673,0.1592,0.0784,0.1006,0.3803,0.4091,512,1,extracted,0.2222,0.0286,0.1389,0.1438,0.0542,0.1034
20,42,10,1190,73,61,40,0.034,30,0,0.6795,0.2655,0.0541,0.177,0.0423,0.0455,0.673,0.1592,0.0784,0.1006,0.3803,0.4091,512,1,extracted,0.2222,0.0286,0.1389,0.1438,0.0542,0.1034
20,42,11,1190,73,61,40,0.034,30,0,0.6795,0.2655,0.0541,0.177,0.0423,0.0455,0.673,0.1592,0.0784,0.1006,0.3803,0.4091,512,1,extracted,0.2222,0.0286,0.1389,0.1438,0.0542,0.1034
20,42,12,1190,73,61,40,0.034,30,0,0.6795,0.2655,0.0541,0.177,0.0423,0.0455,0.673,0.1592,0.0784,0.1006,0.3803,0.4091,512,1,extracted,0.2222,0.0286,0.1389,0.1438,0.0542,0.1034
20,42,13,1190,73,61,40,0.034,30,0,0.6795,0.2655,0.0541,0.177,0.0423,0.0455,0.673,0.1592,0.0784,0.1006,0.3803,0.4091,512,1,extracted,0.2222,0.0286,0.1389,0.1438,0.0542,0.1034
20,42,14,1190,73,99,60,0.05,48,0,0.6835,0.3609,0.0916,0.2406,0.0845,0.1364,0.673,0.1592,0.0784,0.1006,0.3803,0.4091,512,1,extracted,0.3171,0.025,0.1951,0.1438,0.0542,0.1034
20,42,15,1190,73,99,60,0.05,48,0,0.6835,0.3609,0.0916,0.2406,0.0845,0.1364,0.673,0.1592,0.0784,0.1006,0.3803,0.4091,512,1,extracted,0.3171,0.025,0.1951,0.1438,0.0542,0.1034
20,42,16,1190,73,99,60,0.05,48,0,0.6835,0.3609,0.0916,0.2406,0.0845,0.1364,0.673,0.1592,0.0784,0.1006,0.3803,0.4091,512,1,extracted,0.3171,0.025,0.1951,0.1438,0.0542,0.1034
20,42,17,1190,73,99,60,0.05,48,0,0.6835,0.3609,0.0916,0.2406,0.0845,0.1364,0.673,0.1592,0.0784,0.1006,0.3803,0.4091,512,1,extracted,0.3171,0.025,0.1951,0.1438,0.0542,0.1034
20,42,18,1190,73,99,60,0.05,48,0,0.6835,0.3609,0.0916,0.2406,0.0845,0.1364,0.673,0.1592,0.0784,0.1006,0.3803,0.4091,512,1,extracted,0.3171,0.025,0.1951,0.1438,0.0542,0.1034
20,42,19,1190,73,99,60,0.05,48,0,0.6835,0.3609,0.0916,0.2406,0.0845,0.1364,0.673,0.1592,0.0784,0.1006,0.3803,0.4091,512,1,extracted,0.3171,0.025,0.1951,0.1438,0.0542,0.1034
20,42,20,1190,73,163,98,0.082,82,0,0.6805,0.2874,0.0727,0.2036,0.0845,0.1364,0.673,0.1592,0.0784,0.1006,0.3803,0.4091,512,1,extracted,0.2921,0.023,0.2022,0.1438,0.0542,0.1034
20,42,21,1190,73,163,98,0.082,82,0,0.6805,0.2874,0.0727,0.2036,0.0845,0.1364,0.673,0.1592,0.0784,0.1006,0.3803,0.4091,512,1,extracted,0.2921,0.023,0.2022,0.1438,0.0542,0.1034
20,42,22,1190,73,163,98,0.082,82,0,0.6805,0.2874,0.0727,0.2036,0.0845,0.1364,0.673,0.1592,0.0784,0.1006,0.3803,0.4091,512,1,extracted,0.2921,0.023,0.2022,0.1438,0.0542,0.1034
20,42,23,1190,73,163,98,0.082,82,0,0.6805,0.2874,0.0727,0.2036,0.0845,0.1364,0.673,0.1592,0.0784,0.1006,0.3803,0.4091,512,1,extracted,0.2921,0.023,0.2022,0.1438,0.0542,0.1034
20,42,24,1190,73,163,98,0.082,82,0,0.6805,0.2874,0.0727,0.2036,0.0845,0.1364,0.673,0.1592,0.0784,0.1006,0.3803,0.4091,512,1,extracted,0.2921,0.023,0.2022,0.1438,0.0542,0.1034
20,42,25,1190,73,163,98,0.082,82,0,0.6805,0.2874,0.0727,0.2036,0.0845,0.1364,0.673,0.1592,0.0784,0.1006,0.3803,0.4091,512,1,extracted,0.2921,0.023,0.2022,0.1438,0.0542,0.1034
20,42,26,1190,73,196,125,0.105,99,0,0.6849,0.3655,0.1231,0.2132,0.1549,0.2727,0.673,0.1592,0.0784,0.1006,0.3803,0.4091,512,1,extracted,0.3667,0.0678,0.1833,0.1438,0.0542,0.1034
20,42,27,1190,73,196,125,0.105,99,0,0.6849,0.3655,0.1231,0.2132,0.1549,0.2727,0.673,0.1592,0.0784,0.1006,0.3803,0.4091,512,1,extracted,0.3667,0.0678,0.1833,0.1438,0.0542,0.1034
20,42,28,1190,73,196,125,0.105,99,0,0.6849,0.3655,0.1231,0.2132,0.1549,0.2727,0.673,0.1592,0.0784,0.1006,0.3803,0.4091,512,1,extracted,0.3667,0.0678,0.1833,0.1438,0.0542,0.1034
20,42,29,1190,73,196,125,0.105,99,0,0.6849,0.3655,0.1231,0.2132,0.1549,0.2727,0.673,0.1592,0.0784,0.1006,0.3803,0.4091,512,1,extracted,0.3667,0.0678,0.1833,0.1438,0.0542,0.1034
20,42,30,1190,73,196,125,0.105,99,0,0.6849,0.3655,0.1231,0.2132,0.1549,0.2727,0.673,0.1592,0.0784,0.1006,0.3803,0.4091,512,1,extracted,0.3667,0.0678,0.1833,0.1438,0.0542,0.1034
20,42,31,1190,73,244,147,0.124,123,0,0.6914,0.3364,0.156,0.2364,0.2254,0.3182,0.673,0.1592,0.0784,0.1006,0.3803,0.4091,512,1,extracted,0.3741,0.1168,0.259,0.1438,0.0542,0.1034
20,42,32,1190,73,244,147,0.124,123,0,0.6914,0.3364,0.156,0.2364,0.2254,0.3182,0.673,0.1592,0.0784,0.1006,0.3803,0.4091,512,1,extracted,0.3741,0.1168,0.259,0.1438,0.0542,0.1034
20,42,33,1190,73,244,147,0.124,123,0,0.6914,0.3364,0.156,0.2364,0.2254,0.3182,0.673,0.1592,0.0784,0.1006,0.3803,0.4091,512,1,extracted,0.3741,0.1168,0.259,0.1438,0.0542,0.1034
20,42,34,1190,73,244,147,0.124,123,0,0.6914,0.3364,0.156,0.2364,0.2254,0.3182,0.673,0.1592,0.0784,0.1006,0.3803,0.4091,512,1,extracted,0.3741,0.1168,0.259,0.1438,0.0542,0.1034
20,42,35,1190,73,244,147,0.124,123,0,0.6914,0.3364,0.156,0.2364,0.2254,0.3182,0.673,0.1592,0.0784,0.1006,0.3803,0.4091,512,1,extracted,0.3741,0.1168,0.259,0.1438,0.0542,0.1034
20,42,36,1190,73,244,147,0.124,123,0,0.6914,0.3364,0.156,0.2364,0.2254,0.3182,0.673,0.1592,0.0784,0.1006,0.3803,0.4091,512,1,extracted,0.3741,0.1168,0.259,0.1438,0.0542,0.1034
20,42,37,1190,73,309,189,0.159,153,0,0.6848,0.3817,0.1769,0.1985,0.3099,0.3636,0.673,0.1592,0.0784,0.1006,0.3803,0.4091,512,1,extracted,0.3875,0.1266,0.2,0.1438,0.0542,0.1034
20,42,38,1190,73,309,189,0.159,153,0,0.6848,0.3817,0.1769,0.1985,0.3099,0.3636,0.673,0.1592,0.0784,0.1006,0.3803,0.4091,512,1,extracted,0.3875,0.1266,0.2,0.1438,0.0542,0.1034
20,42,39,1190,73,309,189,0.159,153,0,0.6848,0.3817,0.1769,0.1985,0.3099,0.3636,0.673,0.1592,0.0784,0.1006,0.3803,0.4091,512,1,extracted,0.3875,0.1266,0.2,0.1438,0.0542,0.1034
20,42,40,1190,73,309,189,0.159,153,0,0.6848,0.3817,0.1769,0.1985,0.3099,0.3636,0.673,0.1592,0.0784,0.1006,0.3803,0.4091,512,1,extracted,0.3875,0.1266,0.2,0.1438,0.0542,0.1034
20,42,41,1190,73,309,189,0.159,153,0,0.6848,0.3817,0.1769,0.1985,0.3099,0.3636,0.673,0.1592,0.0784,0.1006,0.3803,0.4091,512,1,extracted,0.3875,0.1266,0.2,0.1438,0.0542,0.1034
20,42,42,1190,73,338,211,0.177,165,0,0.6996,0.3732,0.1986,0.1831,0.3803,0.4091,0.673,0.1592,0.0784,0.1006,0.3803,0.4091,512,1,extracted,0.3815,0.1637,0.185,0.1438,0.0542,0.1034
20,42,43,1190,73,338,211,0.177,165,0,0.6996,0.3732,0.1986,0.1831,0.3803,0.4091,0.673,0.1592,0.0784,0.1006,0.3803,0.4091,512,1,extracted,0.3815,0.1637,0.185,0.1438,0.0542,0.1034
20,42,44,1190,73,338,211,0.177,165,0,0.6996,0.3732,0.1986,0.1831,0.3803,0.4091,0.673,0.1592,0.0784,0.1006,0.3803,0.4091,512,1,extracted,0.3815,0.1637,0.185,0.1438,0.0542,0.1034
20,42,45,1190,73,338,211,0.177,165,0,0.6996,0.3732,0.1986,0.1831,0.3803,0.4091,0.673,0.1592,0.0784,0.1006,0.3803,0.4091,512,1,extracted,0.3815,0.1637,0.185,0.1438,0.0542,0.1034
20,42,46,1190,73,338,211,0.177,165,0,0.6996,0.3732,0.1986,0.1831,0.3803,0.4091,0.673,0.1592,0.0784,0.1006,0.3803,0.4091,512,1,extracted,0.3815,0.1637,0.185,0.1438,0.0542,0.1034
20,42,47,1190,73,338,211,0.177,165,0,0.6996,0.3732,0.1986,0.1831,0.3803,0.4091,0.673,0.1592,0.0784,0.1006,0.3803,0.4091,512,1,extracted,0.3815,0.1637,0.185,0.1438,0.0542,0.1034
20,42,48,1190,73,448,264,0.222,217,0,0.6957,0.3114,0.1627,0.1737,0.3662,0.4545,0.673,0.1592,0.0784,0.1006,0.3803,0.4091,512,1,extracted,0.3333,0.1122,0.1717,0.1438,0.0542,0.1034
20,42,49,1190,73,448,264,0.222,217,0,0.6957,0.3114,0.1627,0.1737,0.3662,0.4545,0.673,0.1592,0.0784,0.1006,0.3803,0.4091,512,1,extracted,0.3333,0.1122,0.1717,0.1438,0.0542,0.1034
20,42,50,1190,73,448,264,0.222,217,0,0.6957,0.3114,0.1627,0.1737,0.3662,0.4545,0.673,0.1592,0.0784,0.1006,0.3803,0.4091,512,1,extracted,0.3333,0.1122,0.1717,0.1438,0.0542,0.1034
20,42,51,1190,73,448,264,0.222,217,0,0.6957,0.3114,0.1627,0.1737,0.3662,0.4545,0.673,0.1592,0.0784,0.1006,0.3803,0.4091,512,1,extracted,0.3333,0.1122,0.1717,0.1438,0.0542,0.1034
20,42,52,1190,73,448,264,0.222,217,0,0.6957,0.3114,0.1627,0.1737,0.3662,0.4545,0.673,0.1592,0.0784,0.1006,0.3803,0.4091,512,1,extracted,0.3333,0.1122,0.1717,0.1438,0.0542,0.1034
20,42,53,1190,73,513,299,0.251,254,0,0.6788,0.2749,0.1409,0.1402,0.3521,0.4091,0.673,0.1592,0.0784,0.1006,0.3803,0.4091,512,1,extracted,0.2648,0.0922,0.1644,0.1438,0.0542,0.1034
20,42,54,1190,73,513,299,0.251,254,0,0.6788,0.2749,0.1409,0.1402,0.3521,0.4091,0.673,0.1592,0.0784,0.1006,0.3803,0.4091,512,1,extracted,0.2648,0.0922,0.1644,0.1438,0.0542,0.1034
20,42,55,1190,73,513,299,0.251,254,0,0.6788,0.2749,0.1409,0.1402,0.3521,0.4091,0.673,0.1592,0.0784,0.1006,0.3803,0.4091,512,1,extracted,0.2648,0.0922,0.1644,0.1438,0.0542,0.1034
20,42,56,1190,73,513,299,0.251,254,0,0.6788,0.2749,0.1409,0.1402,0.3521,0.4091,0.673,0.1592,0.0784,0.1006,0.3803,0.4091,512,1,extracted,0.2648,0.0922,0.1644,0.1438,0.0542,0.1034
20,42,57,1190,73,513,299,0.251,254,0,0.6788,0.2749,0.1409,0.1402,0.3521,0.4091,0.673,0.1592,0.0784,0.1006,0.3803,0.4091,512,1,extracted,0.2648,0.0922,0.1644,0.1438,0.0542,0.1034
20,42,58,1190,73,513,299,0.251,254,0,0.6788,0.2749,0.1409,0.1402,0.3521,0.4091,0.673,0.1592,0.0784,0.1006,0.3803,0.4091,512,1,extracted,0.2648,0.0922,0.1644,0.1438,0.0542,0.1034
20,42,59,1190,73,554,324,0.272,273,0,0.6885,0.2778,0.1421,0.1566,0.3803,0.4091,0.673,0.1592,0.0784,0.1006,0.3803,0.4091,512,1,extracted,0.251,0.1097,0.1674,0.1438,0.0542,0.1034
20,42,60,1190,73,554,324,0.272,273,0,0.6885,0.2778,0.1421,0.1566,0.3803,0.4091,0.673,0.1592,0.0784,0.1006,0.3803,0.4091,512,1,extracted,0.251,0.1097,0.1674,0.1438,0.0542,0.1034
20,42,61,1190,73,554,324,0.272,273,0,0.6885,0.2778,0.1421,0.1566,0.3803,0.4091,0.673,0.1592,0.0784,0.1006,0.3803,0.4091,512,1,extracted,0.251,0.1097,0.1674,0.1438,0.0542,0.1034
20,42,62,1190,73,554,324,0.272,273,0,0.6885,0.2778,0.1421,0.1566,0.3803,0.4091,0.673,0.1592,0.0784,0.1006,0.3803,0.4091,512,1,extracted,0.251,0.1097,0.1674,0.1438,0.0542,0.1034
20,42,63,1190,73,554,324,0.272,273,0,0.6885,0.2778,0.1421,0.1566,0.3803,0.4091,0.673,0.1592,0.0784,0.1006,0.3803,0.4091,512,1,extracted,0.251,0.1097,0.1674,0.1438,0.0542,0.1034
20,42,64,1190,73,647,382,0.321,314,0,0.6844,0.2505,0.1236,0.1363,0.3803,0.4545,0.673,0.1592,0.0784,0.1006,0.3803,0.4091,512,1,extracted,0.2482,0.0882,0.146,0.1438,0.0542,0.1034
20,42,65,1190,73,647,382,0.321,314,0,0.6844,0.2505,0.1236,0.1363,0.3803,0.4545,0.673,0.1592,0.0784,0.1006,0.3803,0.4091,512,1,extracted,0.2482,0.0882,0.146,0.1438,0.0542,0.1034
20,42,66,1190,73,647,382,0.321,314,0,0.6844,0.2505,0.1236,0.1363,0.3803,0.4545,0.673,0.1592,0.0784,0.1006,0.3803,0.4091,512,1,extracted,0.2482,0.0882,0.146,0.1438,0.0542,0.1034
20,42,67,1190,73,647,382,0.321,314,0,0.6844,0.2505,0.1236,0.1363,0.3803,0.4545,0.673,0.1592,0.0784,0.1006,0.3803,0.4091,512,1,extracted,0.2482,0.0882,0.146,0.1438,0.0542,0.1034
20,42,68,1190,73,647,382,0.321,314,0,0.6844,0.2505,0.1236,0.1363,0.3803,0.4545,0.673,0.1592,0.0784,0.1006,0.3803,0.4091,512,1,extracted,0.2482,0.0882,0.146,0.1438,0.0542,0.1034
20,42,69,1190,73,647,382,0.321,314,0,0.6844,0.2505,0.1236,0.1363,0.3803,0.4545,0.673,0.1592,0.0784,0.1006,0.3803,0.4091,512,1,extracted,0.2482,0.0882,0.146,0.1438,0.0542,0.1034
20,42,70,1190,73,706,426,0.358,343,0,0.684,0.2365,0.1167,0.1563,0.3944,0.5,0.673,0.1592,0.0784,0.1006,0.3803,0.4091,512,1,extracted,0.2303,0.0795,0.1579,0.1438,0.0542,0.1034
20,42,71,1190,73,706,426,0.358,343,0,0.684,0.2365,0.1167,0.1563,0.3944,0.5,0.673,0.1592,0.0784,0.1006,0.3803,0.4091,512,1,extracted,0.2303,0.0795,0.1579,0.1438,0.0542,0.1034
20,42,72,1190,73,706,426,0.358,343,0,0.684,0.2365,0.1167,0.1563,0.3944,0.5,0.673,0.1592,0.0784,0.1006,0.3803,0.4091,512,1,extracted,0.2303,0.0795,0.1579,0.1438,0.0542,0.1034
20,42,73,1190,73,706,426,0.358,343,0,0.684,0.2365,0.1167,0.1563,0.3944,0.5,0.673,0.1592,0.0784,0.1006,0.3803,0.4091,512,1,extracted,0.2303,0.0795,0.1579,0.1438,0.0542,0.1034
20,42,74,1190,73,706,426,0.358,343,0,0.684,0.2365,0.1167,0.1563,0.3944,0.5,0.673,0.1592,0.0784,0.1006,0.3803,0.4091,512,1,extracted,0.2303,0.0795,0.1579,0.1438,0.0542,0.1034
20,42,75,1190,73,759,452,0.38,368,0,0.6688,0.2214,0.1073,0.1221,0.3803,0.4545,0.673,0.1592,0.0784,0.1006,0.3803,0.4091,512,1,extracted,0.205,0.0688,0.118,0.1438,0.0542,0.1034
20,42,76,1190,73,759,452,0.38,368,0,0.6688,0.2214,0.1073,0.1221,0.3803,0.4545,0.673,0.1592,0.0784,0.1006,0.3803,0.4091,512,1,extracted,0.205,0.0688,0.118,0.1438,0.0542,0.1034
20,42,77,1190,73,759,452,0.38,368,0,0.6688,0.2214,0.1073,0.1221,0.3803,0.4545,0.673,0.1592,0.0784,0.1006,0.3803,0.4091,512,1,extracted,0.205,0.0688,0.118,0.1438,0.0542,0.1034
20,42,78,1190,73,759,452,0.38,368,0,0.6688,0.2214,0.1073,0.1221,0.3803,0.4545,0.673,0.1592,0.0784,0.1006,0.3803,0.4091,512,1,extracted,0.205,0.0688,0.118,0.1438,0.0542,0.1034
20,42,79,1190,73,759,452,0.38,368,0,0.6688,0.2214,0.1073,0.1221,0.3803,0.4545,0.673,0.1592,0.0784,0.1006,0.3803,0.4091,512,1,extracted,0.205,0.0688,0.118,0.1438,0.0542,0.1034
20,42,80,1190,73,759,452,0.38,368,0,0.6688,0.2214,0.1073,0.1221,0.3803,0.4545,0.673,0.1592,0.0784,0.1006,0.3803,0.4091,512,1,extracted,0.205,0.0688,0.118,0.1438,0.0542,0.1034
20,42,81,1190,73,827,465,0.391,403,0,0.6914,0.2185,0.121,0.1544,0.4366,0.4545,0.673,0.1592,0.0784,0.1006,0.3803,0.4091,512,1,extracted,0.2258,0.1104,0.1613,0.1438,0.0542,0.1034
20,42,82,1190,73,827,465,0.391,403,0,0.6914,0.2185,0.121,0.1544,0.4366,0.4545,0.673,0.1592,0.0784,0.1006,0.3803,0.4091,512,1,extracted,0.2258,0.1104,0.1613,0.1438,0.0542,0.1034
20,42,83,1190,73,827,465,0.391,403,0,0.6914,0.2185,0.121,0.1544,0.4366,0.4545,0.673,0.1592,0.0784,0.1006,0.3803,0.4091,512,1,extracted,0.2258,0.1104,0.1613,0.1438,0.0542,0.1034
20,42,84,1190,73,827,465,0.391,403,0,0.6914,0.2185,0.121,0.1544,0.4366,0.4545,0.673,0.1592,0.0784,0.1006,0.3803,0.4091,512,1,extracted,0.2258,0.1104,0.1613,0.1438,0.0542,0.1034
20,42,85,1190,73,827,465,0.391,403,0,0.6914,0.2185,0.121,0.1544,0.4366,0.4545,0.673,0.1592,0.0784,0.1006,0.3803,0.4091,512,1,extracted,0.2258,0.1104,0.1613,0.1438,0.0542,0.1034
20,42,86,1190,73,827,465,0.391,403,0,0.6914,0.2185,0.121,0.1544,0.4366,0.4545,0.673,0.1592,0.0784,0.1006,0.3803,0.4091,512,1,extracted,0.2258,0.1104,0.1613,0.1438,0.0542,0.1034
20,42,87,1190,73,965,553,0.465,468,0,0.6697,0.1824,0.098,0.101,0.4085,0.4091,0.673,0.1592,0.0784,0.1006,0.3803,0.4091,512,1,extracted,0.22,0.1007,0.1333,0.1438,0.0542,0.1034
20,42,88,1190,73,965,553,0.465,468,0,0.6697,0.1824,0.098,0.101,0.4085,0.4091,0.673,0.1592,0.0784,0.1006,0.3803,0.4091,512,1,extracted,0.22,0.1007,0.1333,0.1438,0.0542,0.1034
20,42,89,1190,73,965,553,0.465,468,0,0.6697,0.1824,0.098,0.101,0.4085,0.4091,0.673,0.1592,0.0784,0.1006,0.3803,0.4091,512,1,extracted,0.22,0.1007,0.1333,0.1438,0.0542,0.1034
20,42,90,1190,73,965,553,0.465,468,0,0.6697,0.1824,0.098,0.101,0.4085,0.4091,0.673,0.1592,0.0784,0.1006,0.3803,0.4091,512,1,extracted,0.22,0.1007,0.1333,0.1438,0.0542,0.1034
20,42,91,1190,73,965,553,0.465,468,0,0.6697,0.1824,0.098,0.101,0.4085,0.4091,0.673,0.1592,0.0784,0.1006,0.3803,0.4091,512,1,extracted,0.22,0.1007,0.1333,0.1438,0.0542,0.1034
20,42,92,1190,73,1096,652,0.548,512,1,0.6687,0.1683,0.0858,0.0966,0.4225,0.5455,0.673,0.1592,0.0784,0.1006,0.3803,0.4091,512,1,extracted,0.1614,0.0631,0.1031,0.1438,0.0542,0.1034
20,42,93,1190,73,1096,652,0.548,512,1,0.6687,0.1683,0.0858,0.0966,0.4225,0.5455,0.673,0.1592,0.0784,0.1006,0.3803,0.4091,512,1,extracted,0.1614,0.0631,0.1031,0.1438,0.0542,0.1034
20,42,94,1190,73,1096,652,0.548,512,1,0.6687,0.1683,0.0858,0.0966,0.4225,0.5455,0.673,0.1592,0.0784,0.1006,0.3803,0.4091,512,1,extracted,0.1614,0.0631,0.1031,0.1438,0.0542,0.1034
20,42,95,1190,73,1096,652,0.548,512,1,0.6687,0.1683,0.0858,0.0966,0.4225,0.5455,0.673,0.1592,0.0784,0.1006,0.3803,0.4091,512,1,extracted,0.1614,0.0631,0.1031,0.1438,0.0542,0.1034
20,42,96,1190,73,1096,652,0.548,512,1,0.6687,0.1683,0.0858,0.0966,0.4225,0.5455,0.673,0.1592,0.0784,0.1006,0.3803,0.4091,512,1,extracted,0.1614,0.0631,0.1031,0.1438,0.0542,0.1034
20,42,97,1190,73,1096,652,0.548,512,1,0.6687,0.1683,0.0858,0.0966,0.4225,0.5455,0.673,0.1592,0.0784,0.1006,0.3803,0.4091,512,1,extracted,0.1614,0.0631,0.1031,0.1438,0.0542,0.1034
20,42,98,1190,73,1178,634,0.533,512,1,0.661,0.153,0.0568,0.0963,0.2817,0.4545,0.673,0.1592,0.0784,0.1006,0.3803,0.4091,512,1,extracted,0.1542,0.0376,0.1121,0.1438,0.0542,0.1034
20,42,99,1190,73,1178,634,0.533,512,1,0.661,0.153,0.0568,0.0963,0.2817,0.4545,0.673,0.1592,0.0784,0.1006,0.3803,0.4091,512,1,extracted,0.1542,0.0376,0.1121,0.1438,0.0542,0.1034
20,42,100,1190,73,1178,634,0.533,512,1,0.661,0.153,0.0568,0.0963,0.2817,0.4545,0.673,0.1592,0.0784,0.1006,0.3803,0.4091,512,1,extracted,0.1542,0.0376,0.1121,0.1438,0.0542,0.1034
21,42,1,981,47,16,20,0.02,10,0,0.619,0.2388,0.0615,0.1791,0.0476,0.0769,0.6496,0.1246,0.0743,0.1077,0.4762,0.5385,474,0,extracted,0.2,0.0,0.15,0.1,0.0447,0.0944
21,42,2,981,47,16,20,0.02,10,0,0.619,0.2388,0.0615,0.1791,0.0476,0.0769,0.6496,0.1246,0.0743,0.1077,0.4762,0.5385,474,0,extracted,0.2,0.0,0.15,0.1,0.0447,0.0944
21,42,3,981,47,16,20,0.02,10,0,0.619,0.2388,0.0615,0.1791,0.0476,0.0769,0.6496,0.1246,0.0743,0.1077,0.4762,0.5385,474,0,extracted,0.2,0.0,0.15,0.1,0.0447,0.0944
21,42,4,981,47,16,20,0.02,10,0,0.619,0.2388,0.0615,0.1791,0.0476,0.0769,0.6496,0.1246,0.0743,0.1077,0.4762,0.5385,474,0,extracted,0.2,0.0,0.15,0.1,0.0447,0.0944
21,42,5,981,47,16,20,0.02,10,0,0.619,0.2388,0.0615,0.1791,0.0476,0.0769,0.6496,0.1246,0.0743,0.1077,0.4762,0.5385,474,0,extracted,0.2,0.0,0.15,0.1,0.0447,0.0944
21,42,6,981,47,16,20,0.02,10,0,0.619,0.2388,0.0615,0.1791,0.0476,0.0769,0.6496,0.1246,0.0743,0.1077,0.4762,0.5385,474,0,extracted,0.2,0.0,0.15,0.1,0.0447,0.0944
21,42,7,981,47,16,20,0.02,10,0,0.619,0.2388,0.0615,0.1791,0.0476,0.0769,0.6496,0.1246,0.0743,0.1077,0.4762,0.5385,474,0,extracted,0.2,0.0,0.15,0.1,0.0447,0.0944
21,42,8,981,47,16,20,0.02,10,0,0.619,0.2388,0.0615,0.1791,0.0476,0.0769,0.6496,0.1246,0.0743,0.1077,0.4762,0.5385,474,0,extracted,0.2,0.0,0.15,0.1,0.0447,0.0944
21,42,9,981,47,49,36,0.037,28,0,0.6099,0.2169,0.0494,0.1446,0.0476,0.0769,0.6496,0.1246,0.0743,0.1077,0.4762,0.5385,474,0,extracted,0.2609,0.0,0.2174,0.1,0.0447,0.0944
21,42,10,981,47,49,36,0.037,28,0,0.6099,0.2169,0.0494,0.1446,0.0476,0.0769,0.6496,0.1246,0.0743,0.1077,0.4762,0.5385,474,0,extracted,0.2609,0.0,0.2174,0.1,0.0447,0.0944
21,42,11,981,47,49,36,0.037,28,0,0.6099,0.2169,0.0494,0.1446,0.0476,0.0769,0.6496,0.1246,0.0743,0.1077,0.4762,0.5385,474,0,extracted,0.2609,0.0,0.2174,0.1,0.0447,0.0944
21,42,12,981,47,49,36,0.037,28,0,0.6099,0.2169,0.0494,0.1446,0.0476,0.0769,0.6496,0.1246,0.0743,0.1077,0.4762,0.5385,474,0,extracted,0.2609,0.0,0.2174,0.1,0.0447,0.0944
21,42,13,981,47,49,36,0.037,28,0,0.6099,0.2169,0.0494,0.1446,0.0476,0.0769,0.6496,0.1246,0.0743,0.1077,0.4762,0.5385,474,0,extracted,0.2609,0.0,0.2174,0.1,0.0447,0.0944
21,42,14,981,47,76,42,0.043,41,0,0.6228,0.2247,0.046,0.1348,0.0476,0.0769,0.6496,0.1246,0.0743,0.1077,0.4762,0.5385,474,0,extracted,0.2692,0.0,0.1923,0.1,0.0447,0.0944
21,42,15,981,47,76,42,0.043,41,0,0.6228,0.2247,0.046,0.1348,0.0476,0.0769,0.6496,0.1246,0.0743,0.1077,0.4762,0.5385,474,0,extracted,0.2692,0.0,0.1923,0.1,0.0447,0.0944
21,42,16,981,47,76,42,0.043,41,0,0.6228,0.2247,0.046,0.1348,0.0476,0.0769,0.6496,0.1246,0.0743,0.1077,0.4762,0.5385,474,0,extracted,0.2692,0.0,0.1923,0.1,0.0447,0.0944
21,42,17,981,47,76,42,0.043,41,0,0.6228,0.2247,0.046,0.1348,0.0476,0.0769,0.6496,0.1246,0.0743,0.1077,0.4762,0.5385,474,0,extracted,0.2692,0.0,0.1923,0.1,0.0447,0.0944
21,42,18,981,47,76,42,0.043,41,0,0.6228,0.2247,0.046,0.1348,0.0476,0.0769,0.6496,0.1246,0.0743,0.1077,0.4762,0.5385,474,0,extracted,0.2692,0.0,0.1923,0.1,0.0447,0.0944
21,42,19,981,47,76,42,0.043,41,0,0.6228,0.2247,0.046,0.1348,0.0476,0.0769,0.6496,0.1246,0.0743,0.1077,0.4762,0.5385,474,0,extracted,0.2692,0.0,0.1923,0.1,0.0447,0.0944
21,42,20,981,47,113,62,0.063,63,0,0.6115,0.2202,0.0374,0.1101,0.0476,0.0769,0.6496,0.1246,0.0743,0.1077,0.4762,0.5385,474,0,extracted,0.2581,0.0,0.1613,0.1,0.0447,0.0944
21,42,21,981,47,113,62,0.063,63,0,0.6115,0.2202,0.0374,0.1101,0.0476,0.0769,0.6496,0.1246,0.0743,0.1077,0.4762,0.5385,474,0,extracted,0.2581,0.0,0.1613,0.1,0.0447,0.0944
21,42,22,981,47,113,62,0.063,63,0,0.6115,0.2202,0.0374,0.1101,0.0476,0.0769,0.6496,0.1246,0.0743,0.1077,0.4762,0.5385,474,0,extracted,0.2581,0.0,0.1613,0.1,0.0447,0.0944
21,42,23,981,47,113,62,0.063,63,0,0.6115,0.2202,0.0374,0.1101,0.0476,0.0769,0.6496,0.1246,0.0743,0.1077,0.4762,0.5385,474,0,extracted,0.2581,0.0,0.1613,0.1,0.0447,0.0944
21,42,24,981,47,113,62,0.063,63,0,0.6115,0.2202,0.0374,0.1101,0.0476,0.0769,0.6496,0.1246,0.0743,0.1077,0.4762,0.5385,474,0,extracted,0.2581,0.0,0.1613,0.1,0.0447,0.0944
21,42,25,981,47,113,62,0.063,63,0,0.6115,0.2202,0.0374,0.1101,0.0476,0.0769,0.6496,0.1246,0.0743,0.1077,0.4762,0.5385,474,0,extracted,0.2581,0.0,0.1613,0.1,0.0447,0.0944
21,42,26,981,47,164,98,0.1,89,0,0.6739,0.2897,0.1399,0.2207,0.2381,0.3077,0.6496,0.1246,0.0743,0.1077,0.4762,0.5385,474,0,extracted,0.2857,0.0732,0.2143,0.1,0.0447,0.0944
21,42,27,981,47,164,98,0.1,89,0,0.6739,0.2897,0.1399,0.2207,0.2381,0.3077,0.6496,0.1246,0.0743,0.1077,0.4762,0.5385,474,0,extracted,0.2857,0.0732,0.2143,0.1,0.0447,0.0944
21,42,28,981,47,164,98,0.1,89,0,0.6739,0.2897,0.1399,0.2207,0.2381,0.3077,0.6496,0.1246,0.0743,0.1077,0.4762,0.5385,474,0,extracted,0.2857,0.0732,0.2143,0.1,0.0447,0.0944
21,42,29,981,47,164,98,0.1,89,0,0.6739,0.2897,0.1399,0.2207,0.2381,0.3077,0.6496,0.1246,0.0743,0.1077,0.4762,0.5385,474,0,extracted,0.2857,0.0732,0.2143,0.1,0.0447,0.0944
21,42,30,981,47,164,98,0.1,89,0,0.6739,0.2897,0.1399,0.2207,0.2381,0.3077,0.6496,0.1246,0.0743,0.1077,0.4762,0.5385,474,0,extracted,0.2857,0.0732,0.2143,0.1,0.0447,0.0944
21,42,31,981,47,211,127,0.129,111,0,0.6633,0.2759,0.1047,0.2184,0.2143,0.3077,0.6496,0.1246,0.0743,0.1077,0.4762,0.5385,474,0,extracted,0.2286,0.0388,0.2095,0.1,0.0447,0.0944
21,42,32,981,47,211,127,0.129,111,0,0.6633,0.2759,0.1047,0.2184,0.2143,0.3077,0.6496,0.1246,0.0743,0.1077,0.4762,0.5385,474,0,extracted,0.2286,0.0388,0.2095,0.1,0.0447,0.0944
21,42,33,981,47,211,127,0.129,111,0,0.6633,0.2759,0.1047,0.2184,0.2143,0.3077,0.6496,0.1246,0.0743,0.1077,0.4762,0.5385,474,0,extracted,0.2286,0.0388,0.2095,0.1,0.0447,0.0944
21,42,34,981,47,211,127,0.129,111,0,0.6633,0.2759,0.1047,0.2184,0.2143,0.3077,0.6496,0.1246,0.0743,0.1077,0.4762,0.5385,474,0,extracted,0.2286,0.0388,0.2095,0.1,0.0447,0.0944
21,42,35,981,47,211,127,0.129,111,0,0.6633,0.2759,0.1047,0.2184,0.2143,0.3077,0.6496,0.1246,0.0743,0.1077,0.4762,0.5385,474,0,extracted,0.2286,0.0388,0.2095,0.1,0.0447,0.0944
21,42,36,981,47,211,127,0.129,111,0,0.6633,0.2759,0.1047,0.2184,0.2143,0.3077,0.6496,0.1246,0.0743,0.1077,0.4762,0.5385,474,0,extracted,0.2286,0.0388,0.2095,0.1,0.0447,0.0944
21,42,37,981,47,255,135,0.138,141,0,0.6636,0.2541,0.1006,0.1989,0.2143,0.3077,0.6496,0.1246,0.0743,0.1077,0.4762,0.5385,474,0,extracted,0.2105,0.0357,0.1579,0.1,0.0447,0.0944
21,42,38,981,47,255,135,0.138,141,0,0.6636,0.2541,0.1006,0.1989,0.2143,0.3077,0.6496,0.1246,0.0743,0.1077,0.4762,0.5385,474,0,extracted,0.2105,0.0357,0.1579,0.1,0.0447,0.0944
21,42,39,981,47,255,135,0.138,141,0,0.6636,0.2541,0.1006,0.1989,0.2143,0.3077,0.6496,0.1246,0.0743,0.1077,0.4762,0.5385,474,0,extracted,0.2105,0.0357,0.1579,0.1,0.0447,0.0944
21,42,40,981,47,255,135,0.138,141,0,0.6636,0.2541,0.1006,0.1989,0.2143,0.3077,0.6496,0.1246,0.0743,0.1077,0.4762,0.5385,474,0,extracted,0.2105,0.0357,0.1579,0.1,0.0447,0.0944
21,42,41,981,47,255,135,0.138,141,0,0.6636,0.2541,0.1006,0.1989,0.2143,0.3077,0.6496,0.1246,0.0743,0.1077,0.4762,0.5385,474,0,extracted,0.2105,0.0357,0.1579,0.1,0.0447,0.0944
21,42,42,981,47,293,167,0.17,159,0,0.6759,0.2629,0.1327,0.1972,0.3333,0.3846,0.6496,0.1246,0.0743,0.1077,0.4762,0.5385,474,0,extracted,0.2121,0.0769,0.1667,0.1,0.0447,0.0944
21,42,43,981,47,293,167,0.17,159,0,0.6759,0.2629,0.1327,0.1972,0.3333,0.3846,0.6496,0.1246,0.0743,0.1077,0.4762,0.5385,474,0,extracted,0.2121,0.0769,0.1667,0.1,0.0447,0.0944
21,42,44,981,47,293,167,0.17,159,0,0.6759,0.2629,0.1327,0.1972,0.3333,0.3846,0.6496,0.1246,0.0743,0.1077,0.4762,0.5385,474,0,extracted,0.2121,0.0769,0.1667,0.1,0.0447,0.0944
21,42,45,981,47,293,167,0.17,159,0,0.6759,0.2629,0.1327,0.1972,0.3333,0.3846,0.6496,0.1246,0.0743,0.1077,0.4762,0.5385,474,0,extracted,0.2121,0.0769,0.1667,0.1,0.0447,0.0944
21,42,46,981,47,293,167,0.17,159,0,0.6759,0.2629,0.1327,0.1972,0.3333,0.3846,0.6496,0.1246,0.0743,0.1077,0.4762,0.5385,474,0,extracted,0.2121,0.0769,0.1667,0.1,0.0447,0.0944
21,42,47,981,47,293,167,0.17,159,0,0.6759,0.2629,0.1327,0.1972,0.3333,0.3846,0.6496,0.1246,0.0743,0.1077,0.4762,0.5385,474,0,extracted,0.2121,0.0769,0.1667,0.1,0.0447,0.0944
21,42,48,981,47,337,186,0.19,178,0,0.6549,0.2328,0.113,0.1379,0.3095,0.3846,0.6496,0.1246,0.0743,0.1077,0.4762,0.5385,474,0,extracted,0.1931,0.0559,0.1379,0.1,0.0447,0.0944
21,42,49,981,47,337,186,0.19,178,0,0.6549,0.2328,0.113,0.1379,0.3095,0.3846,0.6496,0.1246,0.0743,0.1077,0.4762,0.5385,474,0,extracted,0.1931,0.0559,0.1379,0.1,0.0447,0.0944
21,42,50,981,47,337,186,0.19,178,0,0.6549,0.2328,0.113,0.1379,0.3095,0.3846,0.6496,0.1246,0.0743,0.1077,0.4762,0.5385,474,0,extracted,0.1931,0.0559,0.1379,0.1,0.0447,0.0944
21,42,51,981,47,337,186,0.19,178,0,0.6549,0.2328,0.113,0.1379,0.3095,0.3846,0.6496,0.1246,0.0743,0.1077,0.4762,0.5385,474,0,extracted,0.1931,0.0559,0.1379,0.1,0.0447,0.0944
21,42,52,981,47,337,186,0.19,178,0,0.6549,0.2328,0.113,0.1379,0.3095,0.3846,0.6496,0.1246,0.0743,0.1077,0.4762,0.5385,474,0,extracted,0.1931,0.0559,0.1379,0.1,0.0447,0.0944
21,42,53,981,47,399,232,0.236,204,0,0.6692,0.2222,0.0939,0.1219,0.3095,0.4615,0.6496,0.1246,0.0743,0.1077,0.4762,0.5385,474,0,extracted,0.1765,0.0476,0.1176,0.1,0.0447,0.0944
21,42,54,981,47,399,232,0.236,204,0,0.6692,0.2222,0.0939,0.1219,0.3095,0.4615,0.6496,0.1246,0.0743,0.1077,0.4762,0.5385,474,0,extracted,0.1765,0.0476,0.1176,0.1,0.0447,0.0944
21,42,55,981,47,399,232,0.236,204,0,0.6692,0.2222,0.0939,0.1219,0.3095,0.4615,0.6496,0.1246,0.0743,0.1077,0.4762,0.5385,474,0,extracted,0.1765,0.0476,0.1176,0.1,0.0447,0.0944
21,42,56,981,47,399,232,0.236,204,0,0.6692,0.2222,0.0939,0.1219,0.3095,0.4615,0.6496,0.1246,0.0743,0.1077,0.4762,0.5385,474,0,extracted,0.1765,0.0476,0.1176,0.1,0.0447,0.0944
21,42,57,981,47,399,232,0.236,204,0,0.6692,0.2222,0.0939,0.1219,0.3095,0.4615,0.6496,0.1246,0.0743,0.1077,0.4762,0.5385,474,0,extracted,0.1765,0.0476,0.1176,0.1,0.0447,0.0944
21,42,58,981,47,399,232,0.236,204,0,0.6692,0.2222,0.0939,0.1219,0.3095,0.4615,0.6496,0.1246,0.0743,0.1077,0.4762,0.5385,474,0,extracted,0.1765,0.0476,0.1176,0.1,0.0447,0.0944
21,42,59,981,47,448,246,0.251,225,0,0.6778,0.2192,0.0966,0.1233,0.3333,0.4615,0.6496,0.1246,0.0743,0.1077,0.4762,0.5385,474,0,extracted,0.1768,0.0559,0.1105,0.1,0.0447,0.0944
21,42,60,981,47,448,246,0.251,225,0,0.6778,0.2192,0.0966,0.1233,0.3333,0.4615,0.6496,0.1246,0.0743,0.1077,0.4762,0.5385,474,0,extracted,0.1768,0.0559,0.1105,0.1,0.0447,0.0944
21,42,61,981,47,448,246,0.251,225,0,0.6778,0.2192,0.0966,0.1233,0.3333,0.4615,0.6496,0.1246,0.0743,0.1077,0.4762,0.5385,474,0,extracted,0.1768,0.0559,0.1105,0.1,0.0447,0.0944
21,42,62,981,47,448,246,0.251,225,0,0.6778,0.2192,0.0966,0.1233,0.3333,0.4615,0.6496,0.1246,0.0743,0.1077,0.4762,0.5385,474,0,extracted,0.1768,0.0559,0.1105,0.1,0.0447,0.0944
21,42,63,981,47,448,246,0.251,225,0,0.6778,0.2192,0.0966,0.1233,0.3333,0.4615,0.6496,0.1246,0.0743,0.1077,0.4762,0.5385,474,0,extracted,0.1768,0.0559,0.1105,0.1,0.0447,0.0944
21,42,64,981,47,559,305,0.311,283,0,0.6667,0.2108,0.1203,0.1481,0.4524,0.5385,0.6496,0.1246,0.0743,0.1077,0.4762,0.5385,474,0,extracted,0.1776,0.0566,0.1028,0.1,0.0447,0.0944
21,42,65,981,47,559,305,0.311,283,0,0.6667,0.2108,0.1203,0.1481,0.4524,0.5385,0.6496,0.1246,0.0743,0.1077,0.4762,0.5385,474,0,extracted,0.1776,0.0566,0.1028,0.1,0.0447,0.0944
21,42,66,981,47,559,305,0.311,283,0,0.6667,0.2108,0.1203,0.1481,0.4524,0.5385,0.6496,0.1246,0.0743,0.1077,0.4762,0.5385,474,0,extracted,0.1776,0.0566,0.1028,0.1,0.0447,0.0944
21,42,67,981,47,559,305,0.311,283,0,0.6667,0.2108,0.1203,0.1481,0.4524,0.5385,0.6496,0.1246,0.0743,0.1077,0.4762,0.5385,474,0,extracted,0.1776,0.0566,0.1028,0.1,0.0447,0.0944
21,42,68,981,47,559,305,0.311,283,0,0.6667,0.2108,0.1203,0.1481,0.4524,0.5385,0.6496,0.1246,0.0743,0.1077,0.4762,0.5385,474,0,extracted,0.1776,0.0566,0.1028,0.1,0.0447,0.0944
21,42,69,981,47,559,305,0.311,283,0,0.6667,0.2108,0.1203,0.1481,0.4524,0.5385,0.6496,0.1246,0.0743,0.1077,0.4762,0.5385,474,0,extracted,0.1776,0.0566,0.1028,0.1,0.0447,0.0944
21,42,70,981,47,612,357,0.364,305,0,0.6722,0.1836,0.1097,0.129,0.4762,0.5385,0.6496,0.1246,0.0743,0.1077,0.4762,0.5385,474,0,extracted,0.1583,0.0672,0.1,0.1,0.0447,0.0944
21,42,71,981,47,612,357,0.364,305,0,0.6722,0.1836,0.1097,0.129,0.4762,0.5385,0.6496,0.1246,0.0743,0.1077,0.4762,0.5385,474,0,extracted,0.1583,0.0672,0.1,0.1,0.0447,0.0944
21,42,72,981,47,612,357,0.364,305,0,0.6722,0.1836,0.1097,0.129,0.4762,0.5385,0.6496,0.1246,0.0743,0.1077,0.4762,0.5385,474,0,extracted,0.1583,0.0672,0.1,0.1,0.0447,0.0944
21,42,73,981,47,612,357,0.364,305,0,0.6722,0.1836,0.1097,0.129,0.4762,0.5385,0.6496,0.1246,0.0743,0.1077,0.4762,0.5385,474,0,extracted,0.1583,0.0672,0.1,0.1,0.0447,0.0944
21,42,74,981,47,612,357,0.364,305,0,0.6722,0.1836,0.1097,0.129,0.4762,0.5385,0.6496,0.1246,0.0743,0.1077,0.4762,0.5385,474,0,extracted,0.1583,0.0672,0.1,0.1,0.0447,0.0944
21,42,75,981,47,673,395,0.403,330,0,0.6555,0.1678,0.1002,0.1179,0.4762,0.5385,0.6496,0.1246,0.0743,0.1077,0.4762,0.5385,474,0,extracted,0.1406,0.063,0.0937,0.1,0.0447,0.0944
21,42,76,981,47,673,395,0.403,330,0,0.6555,0.1678,0.1002,0.1179,0.4762,0.5385,0.6496,0.1246,0.0743,0.1077,0.4762,0.5385,474,0,extracted,0.1406,0.063,0.0937,0.1,0.0447,0.0944
21,42,77,981,47,673,395,0.403,330,0,0.6555,0.1678,0.1002,0.1179,0.4762,0.5385,0.6496,0.1246,0.0743,0.1077,0.4762,0.5385,474,0,extracted,0.1406,0.063,0.0937,0.1,0.0447,0.0944
21,42,78,981,47,673,395,0.403,330,0,0.6555,0.1678,0.1002,0.1179,0.4762,0.5385,0.6496,0.1246,0.0743,0.1077,0.4762,0.5385,474,0,extracted,0.1406,0.063,0.0937,0.1,0.0447,0.0944
21,42,79,981,47,673,395,0.403,330,0,0.6555,0.1678,0.1002,0.1179,0.4762,0.5385,0.6496,0.1246,0.0743,0.1077,0.4762,0.5385,474,0,extracted,0.1406,0.063,0.0937,0.1,0.0447,0.0944
21,42,80,981,47,673,395,0.403,330,0,0.6555,0.1678,0.1002,0.1179,0.4762,0.5385,0.6496,0.1246,0.0743,0.1077,0.4762,0.5385,474,0,extracted,0.1406,0.063,0.0937,0.1,0.0447,0.0944
21,42,81,981,47,749,485,0.494,363,0,0.6608,0.1472,0.0871,0.1208,0.5,0.6154,0.6496,0.1246,0.0743,0.1077,0.4762,0.5385,474,0,extracted,0.1409,0.0541,0.094,0.1,0.0447,0.0944
21,42,82,981,47,749,485,0.494,363,0,0.6608,0.1472,0.0871,0.1208,0.5,0.6154,0.6496,0.1246,0.0743,0.1077,0.4762,0.5385,474,0,extracted,0.1409,0.0541,0.094,0.1,0.0447,0.0944
21,42,83,981,47,749,485,0.494,363,0,0.6608,0.1472,0.0871,0.1208,0.5,0.6154,0.6496,0.1246,0.0743,0.1077,0.4762,0.5385,474,0,extracted,0.1409,0.0541,0.094,0.1,0.0447,0.0944
21,42,84,981,47,749,485,0.494,363,0,0.6608,0.1472,0.0871,0.1208,0.5,0.6154,0.6496,0.1246,0.0743,0.1077,0.4762,0.5385,474,0,extracted,0.1409,0.0541,0.094,0.1,0.0447,0.0944
21,42,85,981,47,749,485,0.494,363,0,0.6608,0.1472,0.0871,0.1208,0.5,0.6154,0.6496,0.1246,0.0743,0.1077,0.4762,0.5385,474,0,extracted,0.1409,0.0541,0.094,0.1,0.0447,0.0944
21,42,86,981,47,749,485,0.494,363,0,0.6608,0.1472,0.0871,0.1208,0.5,0.6154,0.6496,0.1246,0.0743,0.1077,0.4762,0.5385,474,0,extracted,0.1409,0.0541,0.094,0.1,0.0447,0.0944
21,42,87,981,47,814,456,0.465,389,0,0.6416,0.1474,0.088,0.1116,0.4762,0.5385,0.6496,0.1246,0.0743,0.1077,0.4762,0.5385,474,0,extracted,0.1306,0.0554,0.0962,0.1,0.0447,0.0944
21,42,88,981,47,814,456,0.465,389,0,0.6416,0.1474,0.088,0.1116,0.4762,0.5385,0.6496,0.1246,0.0743,0.1077,0.4762,0.5385,474,0,extracted,0.1306,0.0554,0.0962,0.1,0.0447,0.0944
21,42,89,981,47,814,456,0.465,389,0,0.6416,0.1474,0.088,0.1116,0.4762,0.5385,0.6496,0.1246,0.0743,0.1077,0.4762,0.5385,474,0,extracted,0.1306,0.0554,0.0962,0.1,0.0447,0.0944
21,42,90,981,47,814,456,0.465,389,0,0.6416,0.1474,0.088,0.1116,0.4762,0.5385,0.6496,0.1246,0.0743,0.1077,0.4762,0.5385,474,0,extracted,0.1306,0.0554,0.0962,0.1,0.0447,0.0944
21,42,91,981,47,814,456,0.465,389,0,0.6416,0.1474,0.088,0.1116,0.4762,0.5385,0.6496,0.1246,0.0743,0.1077,0.4762,0.5385,474,0,extracted,0.1306,0.0554,0.0962,0.1,0.0447,0.0944
21,42,92,981,47,888,536,0.546,432,0,0.6671,0.1338,0.0757,0.0961,0.4762,0.5385,0.6496,0.1246,0.0743,0.1077,0.4762,0.5385,474,0,extracted,0.1145,0.0485,0.0783,0.1,0.0447,0.0944
21,42,93,981,47,888,536,0.546,432,0,0.6671,0.1338,0.0757,0.0961,0.4762,0.5385,0.6496,0.1246,0.0743,0.1077,0.4762,0.5385,474,0,extracted,0.1145,0.0485,0.0783,0.1,0.0447,0.0944
21,42,94,981,47,888,536,0.546,432,0,0.6671,0.1338,0.0757,0.0961,0.4762,0.5385,0.6496,0.1246,0.0743,0.1077,0.4762,0.5385,474,0,extracted,0.1145,0.0485,0.0783,0.1,0.0447,0.0944
21,42,95,981,47,888,536,0.546,432,0,0.6671,0.1338,0.0757,0.0961,0.4762,0.5385,0.6496,0.1246,0.0743,0.1077,0.4762,0.5385,474,0,extracted,0.1145,0.0485,0.0783,0.1,0.0447,0.0944
21,42,96,981,47,888,536,0.546,432,0,0.6671,0.1338,0.0757,0.0961,0.4762,0.5385,0.6496,0.1246,0.0743,0.1077,0.4762,0.5385,474,0,extracted,0.1145,0.0485,0.0783,0.1,0.0447,0.0944
21,42,97,981,47,888,536,0.546,432,0,0.6671,0.1338,0.0757,0.0961,0.4762,0.5385,0.6496,0.1246,0.0743,0.1077,0.4762,0.5385,474,0,extracted,0.1145,0.0485,0.0783,0.1,0.0447,0.0944
21,42,98,981,47,967,568,0.579,461,0,0.6673,0.1301,0.075,0.0943,0.5,0.6154,0.6496,0.1246,0.0743,0.1077,0.4762,0.5385,474,0,extracted,0.118,0.0475,0.0767,0.1,0.0447,0.0944
21,42,99,981,47,967,568,0.579,461,0,0.6673,0.1301,0.075,0.0943,0.5,0.6154,0.6496,0.1246,0.0743,0.1077,0.4762,0.5385,474,0,extracted,0.118,0.0475,0.0767,0.1,0.0447,0.0944
21,42,100,981,47,967,568,0.579,461,0,0.6673,0.1301,0.075,0.0943,0.5,0.6154,0.6496,0.1246,0.0743,0.1077,0.4762,0.5385,474,0,extracted,0.118,0.0475,0.0767,0.1,0.0447,0.0944
22,42,1,874,103,16,19,0.022,11,0,0.6237,0.1322,0.0168,0.0826,0.0101,0.0,0.645,0.2304,0.0806,0.1396,0.2323,0.2759,439,0,extracted,0.1644,0.0282,0.1096,0.2537,0.0602,0.1567
22,42,2,874,103,16,19,0.022,11,0,0.6237,0.1322,0.0168,0.0826,0.0101,0.0,0.645,0.2304,0.0806,0.1396,0.2323,0.2759,439,0,extracted,0.1644,0.0282,0.1096,0.2537,0.0602,0.1567
22,42,3,874,103,16,19,0.022,11,0,0.6237,0.1322,0.0168,0.0826,0.0101,0.0,0.645,0.2304,0.0806,0.1396,0.2323,0.2759,439,0,extracted,0.1644,0.0282,0.1096,0.2537,0.0602,0.1567
22,42,4,874,103,16,19,0.022,11,0,0.6237,0.1322,0.0168,0.0826,0.0101,0.0,0.645,0.2304,0.0806,0.1396,0.2323,0.2759,439,0,extracted,0.1644,0.0282,0.1096,0.2537,0.0602,0.1567
22,42,5,874,103,16,19,0.022,11,0,0.6237,0.1322,0.0168,0.0826,0.0101,0.0,0.645,0.2304,0.0806,0.1396,0.2323,0.2759,439,0,extracted,0.1644,0.0282,0.1096,0.2537,0.0602,0.1567
22,42,6,874,103,16,19,0.022,11,0,0.6237,0.1322,0.0168,0.0826,0.0101,0.0,0.645,0.2304,0.0806,0.1396,0.2323,0.2759,439,0,extracted,0.1644,0.0282,0.1096,0.2537,0.0602,0.1567
22,42,7,874,103,16,19,0.022,11,0,0.6237,0.1322,0.0168,0.0826,0.0101,0.0,0.645,0.2304,0.0806,0.1396,0.2323,0.2759,439,0,extracted,0.1644,0.0282,0.1096,0.2537,0.0602,0.1567
22,42,8,874,103,16,19,0.022,11,0,0.6237,0.1322,0.0168,0.0826,0.0101,0.0,0.645,0.2304,0.0806,0.1396,0.2323,0.2759,439,0,extracted,0.1644,0.0282,0.1096,0.2537,0.0602,0.1567
22,42,9,874,103,16,19,0.022,11,0,0.6237,0.1322,0.0168,0.0826,0.0101,0.0,0.645,0.2304,0.0806,0.1396,0.2323,0.2759,439,0,extracted,0.1644,0.0282,0.1096,0.2537,0.0602,0.1567
22,42,10,874,103,16,19,0.022,11,0,0.6237,0.1322,0.0168,0.0826,0.0101,0.0,0.645,0.2304,0.0806,0.1396,0.2323,0.2759,439,0,extracted,0.1644,0.0282,0.1096,0.2537,0.0602,0.1567
22,42,11,874,103,41,41,0.047,21,0,0.6585,0.2657,0.0709,0.1678,0.0505,0.069,0.645,0.2304,0.0806,0.1396,0.2323,0.2759,439,0,extracted,0.2727,0.0465,0.1818,0.2537,0.0602,0.1567
22,42,12,874,103,41,41,0.047,21,0,0.6585,0.2657,0.0709,0.1678,0.0505,0.069,0.645,0.2304,0.0806,0.1396,0.2323,0.2759,439,0,extracted,0.2727,0.0465,0.1818,0.2537,0.0602,0.1567
22,42,13,874,103,41,41,0.047,21,0,0.6585,0.2657,0.0709,0.1678,0.0505,0.069,0.645,0.2304,0.0806,0.1396,0.2323,0.2759,439,0,extracted,0.2727,0.0465,0.1818,0.2537,0.0602,0.1567
22,42,14,874,103,41,41,0.047,21,0,0.6585,0.2657,0.0709,0.1678,0.0505,0.069,0.645,0.2304,0.0806,0.1396,0.2323,0.2759,439,0,extracted,0.2727,0.0465,0.1818,0.2537,0.0602,0.1567
22,42,15,874,103,41,41,0.047,21,0,0.6585,0.2657,0.0709,0.1678,0.0505,0.069,0.645,0.2304,0.0806,0.1396,0.2323,0.2759,439,0,extracted,0.2727,0.0465,0.1818,0.2537,0.0602,0.1567
22,42,16,874,103,41,41,0.047,21,0,0.6585,0.2657,0.0709,0.1678,0.0505,0.069,0.645,0.2304,0.0806,0.1396,0.2323,0.2759,439,0,extracted,0.2727,0.0465,0.1818,0.2537,0.0602,0.1567
22,42,17,874,103,41,41,0.047,21,0,0.6585,0.2657,0.0709,0.1678,0.0505,0.069,0.645,0.2304,0.0806,0.1396,0.2323,0.2759,439,0,extracted,0.2727,0.0465,0.1818,0.2537,0.0602,0.1567
22,42,18,874,103,88,47,0.054,48,0,0.6578,0.3087,0.0816,0.1611,0.0606,0.1379,0.645,0.2304,0.0806,0.1396,0.2323,0.2759,439,0,extracted,0.3596,0.1149,0.2247,0.2537,0.0602,0.1567
22,42,19,874,103,88,47,0.054,48,0,0.6578,0.3087,0.0816,0.1611,0.0606,0.1379,0.645,0.2304,0.0806,0.1396,0.2323,0.2759,439,0,extracted,0.3596,0.1149,0.2247,0.2537,0.0602,0.1567
22,42,20,874,103,88,47,0.054,48,0,0.6578,0.3087,0.0816,0.1611,0.0606,0.1379,0.645,0.2304,0.0806,0.1396,0.2323,0.2759,439,0,extracted,0.3596,0.1149,0.2247,0.2537,0.0602,0.1567
22,42,21,874,103,88,47,0.054,48,0,0.6578,0.3087,0.0816,0.1611,0.0606,0.1379,0.645,0.2304,0.0806,0.1396,0.2323,0.2759,439,0,extracted,0.3596,0.1149,0.2247,0.2537,0.0602,0.1567
22,42,22,874,103,88,47,0.054,48,0,0.6578,0.3087,0.0816,0.1611,0.0606,0.1379,0.645,0.2304,0.0806,0.1396,0.2323,0.2759,439,0,extracted,0.3596,0.1149,0.2247,0.2537,0.0602,0.1567
22,42,23,874,103,88,47,0.054,48,0,0.6578,0.3087,0.0816,0.1611,0.0606,0.1379,0.645,0.2304,0.0806,0.1396,0.2323,0.2759,439,0,extracted,0.3596,0.1149,0.2247,0.2537,0.0602,0.1567
22,42,24,874,103,88,47,0.054,48,0,0.6578,0.3087,0.0816,0.1611,0.0606,0.1379,0.645,0.2304,0.0806,0.1396,0.2323,0.2759,439,0,extracted,0.3596,0.1149,0.2247,0.2537,0.0602,0.1567
22,42,25,874,103,137,73,0.084,69,0,0.6547,0.3771,0.1156,0.2171,0.101,0.1724,0.645,0.2304,0.0806,0.1396,0.2323,0.2759,439,0,extracted,0.4151,0.1538,0.3019,0.2537,0.0602,0.1567
22,42,26,874,103,137,73,0.084,69,0,0.6547,0.3771,0.1156,0.2171,0.101,0.1724,0.645,0.2304,0.0806,0.1396,0.2323,0.2759,439,0,extracted,0.4151,0.1538,0.3019,0.2537,0.0602,0.1567
22,42,27,874,103,137,73,0.084,69,0,0.6547,0.3771,0.1156,0.2171,0.101,0.1724,0.645,0.2304,0.0806,0.1396,0.2323,0.2759,439,0,extracted,0.4151,0.1538,0.3019,0.2537,0.0602,0.1567
22,42,28,874,103,137,73,0.084,69,0,0.6547,0.3771,0.1156,0.2171,0.101,0.1724,0.645,0.2304,0.0806,0.1396,0.2323,0.2759,439,0,extracted,0.4151,0.1538,0.3019,0.2537,0.0602,0.1567
22,42,29,874,103,137,73,0.084,69,0,0.6547,0.3771,0.1156,0.2171,0.101,0.1724,0.645,0.2304,0.0806,0.1396,0.2323,0.2759,439,0,extracted,0.4151,0.1538,0.3019,0.2537,0.0602,0.1567
22,42,30,874,103,137,73,0.084,69,0,0.6547,0.3771,0.1156,0.2171,0.101,0.1724,0.645,0.2304,0.0806,0.1396,0.2323,0.2759,439,0,extracted,0.4151,0.1538,0.3019,0.2537,0.0602,0.1567
22,42,31,874,103,137,73,0.084,69,0,0.6547,0.3771,0.1156,0.2171,0.101,0.1724,0.645,0.2304,0.0806,0.1396,0.2323,0.2759,439,0,extracted,0.4151,0.1538,0.3019,0.2537,0.0602,0.1567
22,42,32,874,103,137,73,0.084,69,0,0.6547,0.3771,0.1156,0.2171,0.101,0.1724,0.645,0.2304,0.0806,0.1396,0.2323,0.2759,439,0,extracted,0.4151,0.1538,0.3019,0.2537,0.0602,0.1567
22,42,33,874,103,169,94,0.108,82,0,0.6569,0.4082,0.1031,0.2245,0.0909,0.1724,0.645,0.2304,0.0806,0.1396,0.2323,0.2759,439,0,extracted,0.4426,0.1333,0.3115,0.2537,0.0602,0.1567
22,42,34,874,103,169,94,0.108,82,0,0.6569,0.4082,0.1031,0.2245,0.0909,0.1724,0.645,0.2304,0.0806,0.1396,0.2323,0.2759,439,0,extracted,0.4426,0.1333,0.3115,0.2537,0.0602,0.1567
22,42,35,874,103,169,94,0.108,82,0,0.6569,0.4082,0.1031,0.2245,0.0909,0.1724,0.645,0.2304,0.0806,0.1396,0.2323,0.2759,439,0,extracted,0.4426,0.1333,0.3115,0.2537,0.0602,0.1567
22,42,36,874,103,169,94,0.108,82,0,0.6569,0.4082,0.1031,0.2245,0.0909,0.1724,0.645,0.2304,0.0806,0.1396,0.2323,0.2759,439,0,extracted,0.4426,0.1333,0.3115,0.2537,0.0602,0.1567
22,42,37,874,103,169,94,0.108,82,0,0.6569,0.4082,0.1031,0.2245,0.0909,0.1724,0.645,0.2304,0.0806,0.1396,0.2323,0.2759,439,0,extracted,0.4426,0.1333,0.3115,0.2537,0.0602,0.1567
22,42,38,874,103,169,94,0.108,82,0,0.6569,0.4082,0.1031,0.2245,0.0909,0.1724,0.645,0.2304,0.0806,0.1396,0.2323,0.2759,439,0,extracted,0.4426,0.1333,0.3115,0.2537,0.0602,0.1567
22,42,39,874,103,169,94,0.108,82,0,0.6569,0.4082,0.1031,0.2245,0.0909,0.1724,0.645,0.2304,0.0806,0.1396,0.2323,0.2759,439,0,extracted,0.4426,0.1333,0.3115,0.2537,0.0602,0.1567
22,42,40,874,103,226,134,0.153,108,0,0.6549,0.3559,0.0855,0.161,0.101,0.1724,0.645,0.2304,0.0806,0.1396,0.2323,0.2759,439,0,extracted,0.3704,0.0301,0.1926,0.2537,0.0602,0.1567
22,42,41,874,103,226,134,0.153,108,0,0.6549,0.3559,0.0855,0.161,0.101,0.1724,0.645,0.2304,0.0806,0.1396,0.2323,0.2759,439,0,extracted,0.3704,0.0301,0.1926,0.2537,0.0602,0.1567
22,42,42,874,103,226,134,0.153,108,0,0.6549,0.3559,0.0855,0.161,0.101,0.1724,0.645,0.2304,0.0806,0.1396,0.2323,0.2759,439,0,extracted,0.3704,0.0301,0.1926,0.2537,0.0602,0.1567
22,42,43,874,103,226,134,0.153,108,0,0.6549,0.3559,0.0855,0.161,0.101,0.1724,0.645,0.2304,0.0806,0.1396,0.2323,0.2759,439,0,extracted,0.3704,0.0301,0.1926,0.2537,0.0602,0.1567
22,42,44,874,103,226,134,0.153,108,0,0.6549,0.3559,0.0855,0.161,0.101,0.1724,0.645,0.2304,0.0806,0.1396,0.2323,0.2759,439,0,extracted,0.3704,0.0301,0.1926,0.2537,0.0602,0.1567
22,42,45,874,103,226,134,0.153,108,0,0.6549,0.3559,0.0855,0.161,0.101,0.1724,0.645,0.2304,0.0806,0.1396,0.2323,0.2759,439,0,extracted,0.3704,0.0301,0.1926,0.2537,0.0602,0.1567
22,42,46,874,103,226,134,0.153,108,0,0.6549,0.3559,0.0855,0.161,0.101,0.1724,0.645,0.2304,0.0806,0.1396,0.2323,0.2759,439,0,extracted,0.3704,0.0301,0.1926,0.2537,0.0602,0.1567
22,42,47,874,103,303,186,0.213,147,0,0.6538,0.3274,0.1075,0.1637,0.1414,0.1724,0.645,0.2304,0.0806,0.1396,0.2323,0.2759,439,0,extracted,0.3662,0.0857,0.2254,0.2537,0.0602,0.1567
22,42,48,874,103,303,186,0.213,147,0,0.6538,0.3274,0.1075,0.1637,0.1414,0.1724,0.645,0.2304,0.0806,0.1396,0.2323,0.2759,439,0,extracted,0.3662,0.0857,0.2254,0.2537,0.0602,0.1567
22,42,49,874,103,303,186,0.213,147,0,0.6538,0.3274,0.1075,0.1637,0.1414,0.1724,0.645,0.2304,0.0806,0.1396,0.2323,0.2759,439,0,extracted,0.3662,0.0857,0.2254,0.2537,0.0602,0.1567
22,42,50,874,103,303,186,0.213,147,0,0.6538,0.3274,0.1075,0.1637,0.1414,0.1724,0.645,0.2304,0.0806,0.1396,0.2323,0.2759,439,0,extracted,0.3662,0.0857,0.2254,0.2537,0.0602,0.1567
22,42,51,874,103,303,186,0.213,147,0,0.6538,0.3274,0.1075,0.1637,0.1414,0.1724,0.645,0.2304,0.0806,0.1396,0.2323,0.2759,439,0,extracted,0.3662,0.0857,0.2254,0.2537,0.0602,0.1567
22,42,52,874,103,303,186,0.213,147,0,0.6538,0.3274,0.1075,0.1637,0.1414,0.1724,0.645,0.2304,0.0806,0.1396,0.2323,0.2759,439,0,extracted,0.3662,0.0857,0.2254,0.2537,0.0602,0.1567
22,42,53,874,103,303,186,0.213,147,0,0.6538,0.3274,0.1075,0.1637,0.1414,0.1724,0.645,0.2304,0.0806,0.1396,0.2323,0.2759,439,0,extracted,0.3662,0.0857,0.2254,0.2537,0.0602,0.1567
22,42,54,874,103,358,215,0.246,181,0,0.6653,0.3281,0.1206,0.1956,0.1818,0.2069,0.645,0.2304,0.0806,0.1396,0.2323,0.2759,439,0,extracted,0.3118,0.087,0.2151,0.2537,0.0602,0.1567
22,42,55,874,103,358,215,0.246,181,0,0.6653,0.3281,0.1206,0.1956,0.1818,0.2069,0.645,0.2304,0.0806,0.1396,0.2323,0.2759,439,0,extracted,0.3118,0.087,0.2151,0.2537,0.0602,0.1567
22,42,56,874,103,358,215,0.246,181,0,0.6653,0.3281,0.1206,0.1956,0.1818,0.2069,0.645,0.2304,0.0806,0.1396,0.2323,0.2759,439,0,extracted,0.3118,0.087,0.2151,0.2537,0.0602,0.1567
22,42,57,874,103,358,215,0.246,181,0,0.6653,0.3281,0.1206,0.1956,0.1818,0.2069,0.645,0.2304,0.0806,0.1396,0.2323,0.2759,439,0,extracted,0.3118,0.087,0.2151,0.2537,0.0602,0.1567
22,42,58,874,103,358,215,0.246,181,0,0.6653,0.3281,0.1206,0.1956,0.1818,0.2069,0.645,0.2304,0.0806,0.1396,0.2323,0.2759,439,0,extracted,0.3118,0.087,0.2151,0.2537,0.0602,0.1567
22,42,59,874,103,358,215,0.246,181,0,0.6653,0.3281,0.1206,0.1956,0.1818,0.2069,0.645,0.2304,0.0806,0.1396,0.2323,0.2759,439,0,extracted,0.3118,0.087,0.2151,0.2537,0.0602,0.1567
22,42,60,874,103,358,215,0.246,181,0,0.6653,0.3281,0.1206,0.1956,0.1818,0.2069,0.645,0.2304,0.0806,0.1396,0.2323,0.2759,439,0,extracted,0.3118,0.087,0.2151,0.2537,0.0602,0.1567
22,42,61,874,103,419,250,0.286,211,0,0.6608,0.3006,0.1163,0.1734,0.1919,0.2414,0.645,0.2304,0.0806,0.1396,0.2323,0.2759,439,0,extracted,0.3021,0.0947,0.2083,0.2537,0.0602,0.1567
22,42,62,874,103,419,250,0.286,211,0,0.6608,0.3006,0.1163,0.1734,0.1919,0.2414,0.645,0.2304,0.0806,0.1396,0.2323,0.2759,439,0,extracted,0.3021,0.0947,0.2083,0.2537,0.0602,0.1567
22,42,63,874,103,419,250,0.286,211,0,0.6608,0.3006,0.1163,0.1734,0.1919,0.2414,0.645,0.2304,0.0806,0.1396,0.2323,0.2759,439,0,extracted,0.3021,0.0947,0.2083,0.2537,0.0602,0.1567
22,42,64,874,103,419,250,0.286,211,0,0.6608,0.3006,0.1163,0.1734,0.1919,0.2414,0.645,0.2304,0.0806,0.1396,0.2323,0.2759,439,0,extracted,0.3021,0.0947,0.2083,0.2537,0.0602,0.1567
22,42,65,874,103,419,250,0.286,211,0,0.6608,0.3006,0.1163,0.1734,0.1919,0.2414,0.645,0.2304,0.0806,0.1396,0.2323,0.2759,439,0,extracted,0.3021,0.0947,0.2083,0.2537,0.0602,0.1567
22,42,66,874,103,419,250,0.286,211,0,0.6608,0.3006,0.1163,0.1734,0.1919,0.2414,0.645,0.2304,0.0806,0.1396,0.2323,0.2759,439,0,extracted,0.3021,0.0947,0.2083,0.2537,0.0602,0.1567
22,42,67,874,103,419,250,0.286,211,0,0.6608,0.3006,0.1163,0.1734,0.1919,0.2414,0.645,0.2304,0.0806,0.1396,0.2323,0.2759,439,0,extracted,0.3021,0.0947,0.2083,0.2537,0.0602,0.1567
22,42,68,874,103,483,275,0.315,243,0,0.6849,0.367,0.1765,0.234,0.3232,0.4483,0.645,0.2304,0.0806,0.1396,0.2323,0.2759,439,0,extracted,0.3451,0.1339,0.2212,0.2537,0.0602,0.1567
22,42,69,874,103,483,275,0.315,243,0,0.6849,0.367,0.1765,0.234,0.3232,0.4483,0.645,0.2304,0.0806,0.1396,0.2323,0.2759,439,0,extracted,0.3451,0.1339,0.2212,0.2537,0.0602,0.1567
22,42,70,874,103,483,275,0.315,243,0,0.6849,0.367,0.1765,0.234,0.3232,0.4483,0.645,0.2304,0.0806,0.1396,0.2323,0.2759,439,0,extracted,0.3451,0.1339,0.2212,0.2537,0.0602,0.1567
22,42,71,874,103,483,275,0.315,243,0,0.6849,0.367,0.1765,0.234,0.3232,0.4483,0.645,0.2304,0.0806,0.1396,0.2323,0.2759,439,0,extracted,0.3451,0.1339,0.2212,0.2537,0.0602,0.1567
22,42,72,874,103,483,275,0.315,243,0,0.6849,0.367,0.1765,0.234,0.3232,0.4483,0.645,0.2304,0.0806,0.1396,0.2323,0.2759,439,0,extracted,0.3451,0.1339,0.2212,0.2537,0.0602,0.1567
22,42,73,874,103,483,275,0.315,243,0,0.6849,0.367,0.1765,0.234,0.3232,0.4483,0.645,0.2304,0.0806,0.1396,0.2323,0.2759,439,0,extracted,0.3451,0.1339,0.2212,0.2537,0.0602,0.1567
22,42,74,874,103,483,275,0.315,243,0,0.6849,0.367,0.1765,0.234,0.3232,0.4483,0.645,0.2304,0.0806,0.1396,0.2323,0.2759,439,0,extracted,0.3451,0.1339,0.2212,0.2537,0.0602,0.1567
22,42,75,874,103,483,275,0.315,243,0,0.6849,0.367,0.1765,0.234,0.3232,0.4483,0.645,0.2304,0.0806,0.1396,0.2323,0.2759,439,0,extracted,0.3451,0.1339,0.2212,0.2537,0.0602,0.1567
22,42,76,874,103,579,340,0.389,288,0,0.6665,0.287,0.107,0.1389,0.2222,0.2069,0.645,0.2304,0.0806,0.1396,0.2323,0.2759,439,0,extracted,0.2691,0.0543,0.1525,0.2537,0.0602,0.1567
22,42,77,874,103,579,340,0.389,288,0,0.6665,0.287,0.107,0.1389,0.2222,0.2069,0.645,0.2304,0.0806,0.1396,0.2323,0.2759,439,0,extracted,0.2691,0.0543,0.1525,0.2537,0.0602,0.1567
22,42,78,874,103,579,340,0.389,288,0,0.6665,0.287,0.107,0.1389,0.2222,0.2069,0.645,0.2304,0.0806,0.1396,0.2323,0.2759,439,0,extracted,0.2691,0.0543,0.1525,0.2537,0.0602,0.1567
22,42,79,874,103,579,340,0.389,288,0,0.6665,0.287,0.107,0.1389,0.2222,0.2069,0.645,0.2304,0.0806,0.1396,0.2323,0.2759,439,0,extracted,0.2691,0.0543,0.1525,0.2537,0.0602,0.1567
22,42,80,874,103,579,340,0.389,288,0,0.6665,0.287,0.107,0.1389,0.2222,0.2069,0.645,0.2304,0.0806,0.1396,0.2323,0.2759,439,0,extracted,0.2691,0.0543,0.1525,0.2537,0.0602,0.1567
22,42,81,874,103,579,340,0.389,288,0,0.6665,0.287,0.107,0.1389,0.2222,0.2069,0.645,0.2304,0.0806,0.1396,0.2323,0.2759,439,0,extracted,0.2691,0.0543,0.1525,0.2537,0.0602,0.1567
22,42,82,874,103,579,340,0.389,288,0,0.6665,0.287,0.107,0.1389,0.2222,0.2069,0.645,0.2304,0.0806,0.1396,0.2323,0.2759,439,0,extracted,0.2691,0.0543,0.1525,0.2537,0.0602,0.1567
22,42,83,874,103,685,406,0.465,334,0,0.6954,0.3195,0.1941,0.1775,0.4848,0.5517,0.645,0.2304,0.0806,0.1396,0.2323,0.2759,439,0,extracted,0.282,0.1254,0.177,0.2537,0.0602,0.1567
22,42,84,874,103,685,406,0.465,334,0,0.6954,0.3195,0.1941,0.1775,0.4848,0.5517,0.645,0.2304,0.0806,0.1396,0.2323,0.2759,439,0,extracted,0.282,0.1254,0.177,0.2537,0.0602,0.1567
22,42,85,874,103,685,406,0.465,334,0,0.6954,0.3195,0.1941,0.1775,0.4848,0.5517,0.645,0.2304,0.0806,0.1396,0.2323,0.2759,439,0,extracted,0.282,0.1254,0.177,0.2537,0.0602,0.1567
22,42,86,874,103,685,406,0.465,334,0,0.6954,0.3195,0.1941,0.1775,0.4848,0.5517,0.645,0.2304,0.0806,0.1396,0.2323,0.2759,439,0,extracted,0.282,0.1254,0.177,0.2537,0.0602,0.1567
22,42,87,874,103,685,406,0.465,334,0,0.6954,0.3195,0.1941,0.1775,0.4848,0.5517,0.645,0.2304,0.0806,0.1396,0.2323,0.2759,439,0,extracted,0.282,0.1254,0.177,0.2537,0.0602,0.1567
22,42,88,874,103,685,406,0.465,334,0,0.6954,0.3195,0.1941,0.1775,0.4848,0.5517,0.645,0.2304,0.0806,0.1396,0.2323,0.2759,439,0,extracted,0.282,0.1254,0.177,0.2537,0.0602,0.1567
22,42,89,874,103,685,406,0.465,334,0,0.6954,0.3195,0.1941,0.1775,0.4848,0.5517,0.645,0.2304,0.0806,0.1396,0.2323,0.2759,439,0,extracted,0.282,0.1254,0.177,0.2537,0.0602,0.1567
22,42,90,874,103,756,434,0.497,372,0,0.6544,0.2201,0.0775,0.1158,0.1919,0.2414,0.645,0.2304,0.0806,0.1396,0.2323,0.2759,439,0,extracted,0.218,0.0606,0.1504,0.2537,0.0602,0.1567
22,42,91,874,103,756,434,0.497,372,0,0.6544,0.2201,0.0775,0.1158,0.1919,0.2414,0.645,0.2304,0.0806,0.1396,0.2323,0.2759,439,0,extracted,0.218,0.0606,0.1504,0.2537,0.0602,0.1567
22,42,92,874,103,756,434,0.497,372,0,0.6544,0.2201,0.0775,0.1158,0.1919,0.2414,0.645,0.2304,0.0806,0.1396,0.2323,0.2759,439,0,extracted,0.218,0.0606,0.1504,0.2537,0.0602,0.1567
22,42,93,874,103,756,434,0.497,372,0,0.6544,0.2201,0.0775,0.1158,0.1919,0.2414,0.645,0.2304,0.0806,0.1396,0.2323,0.2759,439,0,extracted,0.218,0.0606,0.1504,0.2537,0.0602,0.1567
22,42,94,874,103,756,434,0.497,372,0,0.6544,0.2201,0.0775,0.1158,0.1919,0.2414,0.645,0.2304,0.0806,0.1396,0.2323,0.2759,439,0,extracted,0.218,0.0606,0.1504,0.2537,0.0602,0.1567
22,42,95,874,103,756,434,0.497,372,0,0.6544,0.2201,0.0775,0.1158,0.1919,0.2414,0.645,0.2304,0.0806,0.1396,0.2323,0.2759,439,0,extracted,0.218,0.0606,0.1504,0.2537,0.0602,0.1567
22,42,96,874,103,756,434,0.497,372,0,0.6544,0.2201,0.0775,0.1158,0.1919,0.2414,0.645,0.2304,0.0806,0.1396,0.2323,0.2759,439,0,extracted,0.218,0.0606,0.1504,0.2537,0.0602,0.1567
22,42,97,874,103,864,501,0.573,431,0,0.6751,0.2628,0.137,0.1468,0.3939,0.4483,0.645,0.2304,0.0806,0.1396,0.2323,0.2759,439,0,extracted,0.2626,0.1017,0.1616,0.2537,0.0602,0.1567
22,42,98,874,103,864,501,0.573,431,0,0.6751,0.2628,0.137,0.1468,0.3939,0.4483,0.645,0.2304,0.0806,0.1396,0.2323,0.2759,439,0,extracted,0.2626,0.1017,0.1616,0.2537,0.0602,0.1567
22,42,99,874,103,864,501,0.573,431,0,0.6751,0.2628,0.137,0.1468,0.3939,0.4483,0.645,0.2304,0.0806,0.1396,0.2323,0.2759,439,0,extracted,0.2626,0.1017,0.1616,0.2537,0.0602,0.1567
22,42,100,874,103,864,501,0.573,431,0,0.6751,0.2628,0.137,0.1468,0.3939,0.4483,0.645,0.2304,0.0806,0.1396,0.2323,0.2759,439,0,extracted,0.2626,0.1017,0.1616,0.2537,0.0602,0.1567
23,42,1,570,51,22,22,0.039,14,0,0.6978,0.2466,0.0563,0.1918,0.0408,0.0714,0.6947,0.2312,0.1465,0.1658,0.5714,0.6429,291,0,extracted,0.1951,0.0513,0.1951,0.1855,0.065,0.129
23,42,2,570,51,22,22,0.039,14,0,0.6978,0.2466,0.0563,0.1918,0.0408,0.0714,0.6947,0.2312,0.1465,0.1658,0.5714,0.6429,291,0,extracted,0.1951,0.0513,0.1951,0.1855,0.065,0.129
23,42,3,570,51,22,22,0.039,14,0,0.6978,0.2466,0.0563,0.1918,0.0408,0.0714,0.6947,0.2312,0.1465,0.1658,0.5714,0.6429,291,0,extracted,0.1951,0.0513,0.1951,0.1855,0.065,0.129
23,42,4,570,51,22,22,0.039,14,0,0.6978,0.2466,0.0563,0.1918,0.0408,0.0714,0.6947,0.2312,0.1465,0.1658,0.5714,0.6429,291,0,extracted,0.1951,0.0513,0.1951,0.1855,0.065,0.129
23,42,5,570,51,22,22,0.039,14,0,0.6978,0.2466,0.0563,0.1918,0.0408,0.0714,0.6947,0.2312,0.1465,0.1658,0.5714,0.6429,291,0,extracted,0.1951,0.0513,0.1951,0.1855,0.065,0.129
23,42,6,570,51,22,22,0.039,14,0,0.6978,0.2466,0.0563,0.1918,0.0408,0.0714,0.6947,0.2312,0.1465,0.1658,0.5714,0.6429,291,0,extracted,0.1951,0.0513,0.1951,0.1855,0.065,0.129
23,42,7,570,51,22,22,0.039,14,0,0.6978,0.2466,0.0563,0.1918,0.0408,0.0714,0.6947,0.2312,0.1465,0.1658,0.5714,0.6429,291,0,extracted,0.1951,0.0513,0.1951,0.1855,0.065,0.129
23,42,8,570,51,22,22,0.039,14,0,0.6978,0.2466,0.0563,0.1918,0.0408,0.0714,0.6947,0.2312,0.1465,0.1658,0.5714,0.6429,291,0,extracted,0.1951,0.0513,0.1951,0.1855,0.065,0.129
23,42,9,570,51,22,22,0.039,14,0,0.6978,0.2466,0.0563,0.1918,0.0408,0.0714,0.6947,0.2312,0.1465,0.1658,0.5714,0.6429,291,0,extracted,0.1951,0.0513,0.1951,0.1855,0.065,0.129
23,42,10,570,51,22,22,0.039,14,0,0.6978,0.2466,0.0563,0.1918,0.0408,0.0714,0.6947,0.2312,0.1465,0.1658,0.5714,0.6429,291,0,extracted,0.1951,0.0513,0.1951,0.1855,0.065,0.129
23,42,11,570,51,22,22,0.039,14,0,0.6978,0.2466,0.0563,0.1918,0.0408,0.0714,0.6947,0.2312,0.1465,0.1658,0.5714,0.6429,291,0,extracted,0.1951,0.0513,0.1951,0.1855,0.065,0.129
23,42,12,570,51,22,22,0.039,14,0,0.6978,0.2466,0.0563,0.1918,0.0408,0.0714,0.6947,0.2312,0.1465,0.1658,0.5714,0.6429,291,0,extracted,0.1951,0.0513,0.1951,0.1855,0.065,0.129
23,42,13,570,51,22,22,0.039,14,0,0.6978,0.2466,0.0563,0.1918,0.0408,0.0714,0.6947,0.2312,0.1465,0.1658,0.5714,0.6429,291,0,extracted,0.1951,0.0513,0.1951,0.1855,0.065,0.129
23,42,14,570,51,41,36,0.063,23,0,0.6767,0.2529,0.0706,0.1609,0.0612,0.0714,0.6947,0.2312,0.1465,0.1658,0.5714,0.6429,291,0,extracted,0.2353,0.0816,0.1569,0.1855,0.065,0.129
23,42,15,570,51,41,36,0.063,23,0,0.6767,0.2529,0.0706,0.1609,0.0612,0.0714,0.6947,0.2312,0.1465,0.1658,0.5714,0.6429,291,0,extracted,0.2353,0.0816,0.1569,0.1855,0.065,0.129
23,42,16,570,51,41,36,0.063,23,0,0.6767,0.2529,0.0706,0.1609,0.0612,0.0714,0.6947,0.2312,0.1465,0.1658,0.5714,0.6429,291,0,extracted,0.2353,0.0816,0.1569,0.1855,0.065,0.129
23,42,17,570,51,41,36,0.063,23,0,0.6767,0.2529,0.0706,0.1609,0.0612,0.0714,0.6947,0.2312,0.1465,0.1658,0.5714,0.6429,291,0,extracted,0.2353,0.0816,0.1569,0.1855,0.065,0.129
23,42,18,570,51,41,36,0.063,23,0,0.6767,0.2529,0.0706,0.1609,0.0612,0.0714,0.6947,0.2312,0.1465,0.1658,0.5714,0.6429,291,0,extracted,0.2353,0.0816,0.1569,0.1855,0.065,0.129
23,42,19,570,51,41,36,0.063,23,0,0.6767,0.2529,0.0706,0.1609,0.0612,0.0714,0.6947,0.2312,0.1465,0.1658,0.5714,0.6429,291,0,extracted,0.2353,0.0816,0.1569,0.1855,0.065,0.129
23,42,20,570,51,41,36,0.063,23,0,0.6767,0.2529,0.0706,0.1609,0.0612,0.0714,0.6947,0.2312,0.1465,0.1658,0.5714,0.6429,291,0,extracted,0.2353,0.0816,0.1569,0.1855,0.065,0.129
23,42,21,570,51,41,36,0.063,23,0,0.6767,0.2529,0.0706,0.1609,0.0612,0.0714,0.6947,0.2312,0.1465,0.1658,0.5714,0.6429,291,0,extracted,0.2353,0.0816,0.1569,0.1855,0.065,0.129
23,42,22,570,51,41,36,0.063,23,0,0.6767,0.2529,0.0706,0.1609,0.0612,0.0714,0.6947,0.2312,0.1465,0.1658,0.5714,0.6429,291,0,extracted,0.2353,0.0816,0.1569,0.1855,0.065,0.129
23,42,23,570,51,75,45,0.079,42,0,0.7114,0.3125,0.0851,0.2292,0.0816,0.0714,0.6947,0.2312,0.1465,0.1658,0.5714,0.6429,291,0,extracted,0.2963,0.0769,0.2593,0.1855,0.065,0.129
23,42,24,570,51,75,45,0.079,42,0,0.7114,0.3125,0.0851,0.2292,0.0816,0.0714,0.6947,0.2312,0.1465,0.1658,0.5714,0.6429,291,0,extracted,0.2963,0.0769,0.2593,0.1855,0.065,0.129
23,42,25,570,51,75,45,0.079,42,0,0.7114,0.3125,0.0851,0.2292,0.0816,0.0714,0.6947,0.2312,0.1465,0.1658,0.5714,0.6429,291,0,extracted,0.2963,0.0769,0.2593,0.1855,0.065,0.129
23,42,26,570,51,75,45,0.079,42,0,0.7114,0.3125,0.0851,0.2292,0.0816,0.0714,0.6947,0.2312,0.1465,0.1658,0.5714,0.6429,291,0,extracted,0.2963,0.0769,0.2593,0.1855,0.065,0.129
23,42,27,570,51,75,45,0.079,42,0,0.7114,0.3125,0.0851,0.2292,0.0816,0.0714,0.6947,0.2312,0.1465,0.1658,0.5714,0.6429,291,0,extracted,0.2963,0.0769,0.2593,0.1855,0.065,0.129
23,42,28,570,51,75,45,0.079,42,0,0.7114,0.3125,0.0851,0.2292,0.0816,0.0714,0.6947,0.2312,0.1465,0.1658,0.5714,0.6429,291,0,extracted,0.2963,0.0769,0.2593,0.1855,0.065,0.129
23,42,29,570,51,75,45,0.079,42,0,0.7114,0.3125,0.0851,0.2292,0.0816,0.0714,0.6947,0.2312,0.1465,0.1658,0.5714,0.6429,291,0,extracted,0.2963,0.0769,0.2593,0.1855,0.065,0.129
23,42,30,570,51,75,45,0.079,42,0,0.7114,0.3125,0.0851,0.2292,0.0816,0.0714,0.6947,0.2312,0.1465,0.1658,0.5714,0.6429,291,0,extracted,0.2963,0.0769,0.2593,0.1855,0.065,0.129
23,42,31,570,51,75,45,0.079,42,0,0.7114,0.3125,0.0851,0.2292,0.0816,0.0714,0.6947,0.2312,0.1465,0.1658,0.5714,0.6429,291,0,extracted,0.2963,0.0769,0.2593,0.1855,0.065,0.129
23,42,32,570,51,110,67,0.118,62,0,0.681,0.3559,0.1379,0.1864,0.1633,0.2143,0.6947,0.2312,0.1465,0.1658,0.5714,0.6429,291,0,extracted,0.338,0.1159,0.1972,0.1855,0.065,0.129
23,42,33,570,51,110,67,0.118,62,0,0.681,0.3559,0.1379,0.1864,0.1633,0.2143,0.6947,0.2312,0.1465,0.1658,0.5714,0.6429,291,0,extracted,0.338,0.1159,0.1972,0.1855,0.065,0.129
23,42,34,570,51,110,67,0.118,62,0,0.681,0.3559,0.1379,0.1864,0.1633,0.2143,0.6947,0.2312,0.1465,0.1658,0.5714,0.6429,291,0,extracted,0.338,0.1159,0.1972,0.1855,0.065,0.129
23,42,35,570,51,110,67,0.118,62,0,0.681,0.3559,0.1379,0.1864,0.1633,0.2143,0.6947,0.2312,0.1465,0.1658,0.5714,0.6429,291,0,extracted,0.338,0.1159,0.1972,0.1855,0.065,0.129
23,42,36,570,51,110,67,0.118,62,0,0.681,0.3559,0.1379,0.1864,0.1633,0.2143,0.6947,0.2312,0.1465,0.1658,0.5714,0.6429,291,0,extracted,0.338,0.1159,0.1972,0.1855,0.065,0.129
23,42,37,570,51,110,67,0.118,62,0,0.681,0.3559,0.1379,0.1864,0.1633,0.2143,0.6947,0.2312,0.1465,0.1658,0.5714,0.6429,291,0,extracted,0.338,0.1159,0.1972,0.1855,0.065,0.129
23,42,38,570,51,110,67,0.118,62,0,0.681,0.3559,0.1379,0.1864,0.1633,0.2143,0.6947,0.2312,0.1465,0.1658,0.5714,0.6429,291,0,extracted,0.338,0.1159,0.1972,0.1855,0.065,0.129
23,42,39,570,51,110,67,0.118,62,0,0.681,0.3559,0.1379,0.1864,0.1633,0.2143,0.6947,0.2312,0.1465,0.1658,0.5714,0.6429,291,0,extracted,0.338,0.1159,0.1972,0.1855,0.065,0.129
23,42,40,570,51,110,67,0.118,62,0,0.681,0.3559,0.1379,0.1864,0.1633,0.2143,0.6947,0.2312,0.1465,0.1658,0.5714,0.6429,291,0,extracted,0.338,0.1159,0.1972,0.1855,0.065,0.129
23,42,41,570,51,174,105,0.184,94,0,0.6627,0.2745,0.106,0.2092,0.1633,0.2143,0.6947,0.2312,0.1465,0.1658,0.5714,0.6429,291,0,extracted,0.2927,0.1,0.2439,0.1855,0.065,0.129
23,42,42,570,51,174,105,0.184,94,0,0.6627,0.2745,0.106,0.2092,0.1633,0.2143,0.6947,0.2312,0.1465,0.1658,0.5714,0.6429,291,0,extracted,0.2927,0.1,0.2439,0.1855,0.065,0.129
23,42,43,570,51,174,105,0.184,94,0,0.6627,0.2745,0.106,0.2092,0.1633,0.2143,0.6947,0.2312,0.1465,0.1658,0.5714,0.6429,291,0,extracted,0.2927,0.1,0.2439,0.1855,0.065,0.129
23,42,44,570,51,174,105,0.184,94,0,0.6627,0.2745,0.106,0.2092,0.1633,0.2143,0.6947,0.2312,0.1465,0.1658,0.5714,0.6429,291,0,extracted,0.2927,0.1,0.2439,0.1855,0.065,0.129
23,42,45,570,51,174,105,0.184,94,0,0.6627,0.2745,0.106,0.2092,0.1633,0.2143,0.6947,0.2312,0.1465,0.1658,0.5714,0.6429,291,0,extracted,0.2927,0.1,0.2439,0.1855,0.065,0.129
23,42,46,570,51,174,105,0.184,94,0,0.6627,0.2745,0.106,0.2092,0.1633,0.2143,0.6947,0.2312,0.1465,0.1658,0.5714,0.6429,291,0,extracted,0.2927,0.1,0.2439,0.1855,0.065,0.129
23,42,47,570,51,174,105,0.184,94,0,0.6627,0.2745,0.106,0.2092,0.1633,0.2143,0.6947,0.2312,0.1465,0.1658,0.5714,0.6429,291,0,extracted,0.2927,0.1,0.2439,0.1855,0.065,0.129
23,42,48,570,51,174,105,0.184,94,0,0.6627,0.2745,0.106,0.2092,0.1633,0.2143,0.6947,0.2312,0.1465,0.1658,0.5714,0.6429,291,0,extracted,0.2927,0.1,0.2439,0.1855,0.065,0.129
23,42,49,570,51,174,105,0.184,94,0,0.6627,0.2745,0.106,0.2092,0.1633,0.2143,0.6947,0.2312,0.1465,0.1658,0.5714,0.6429,291,0,extracted,0.2927,0.1,0.2439,0.1855,0.065,0.129
23,42,50,570,51,227,136,0.239,121,0,0.6748,0.3696,0.1758,0.2065,0.3061,0.3571,0.6947,0.2312,0.1465,0.1658,0.5714,0.6429,291,0,extracted,0.3019,0.1154,0.2264,0.1855,0.065,0.129
23,42,51,570,51,227,136,0.239,121,0,0.6748,0.3696,0.1758,0.2065,0.3061,0.3571,0.6947,0.2312,0.1465,0.1658,0.5714,0.6429,291,0,extracted,0.3019,0.1154,0.2264,0.1855,0.065,0.129
23,42,52,570,51,227,136,0.239,121,0,0.6748,0.3696,0.1758,0.2065,0.3061,0.3571,0.6947,0.2312,0.1465,0.1658,0.5714,0.6429,291,0,extracted,0.3019,0.1154,0.2264,0.1855,0.065,0.129
23,42,53,570,51,227,136,0.239,121,0,0.6748,0.3696,0.1758,0.2065,0.3061,0.3571,0.6947,0.2312,0.1465,0.1658,0.5714,0.6429,291,0,extracted,0.3019,0.1154,0.2264,0.1855,0.065,0.129
23,42,54,570,51,227,136,0.239,121,0,0.6748,0.3696,0.1758,0.2065,0.3061,0.3571,0.6947,0.2312,0.1465,0.1658,0.5714,0.6429,291,0,extracted,0.3019,0.1154,0.2264,0.1855,0.065,0.129
23,42,55,570,51,227,136,0.239,121,0,0.6748,0.3696,0.1758,0.2065,0.3061,0.3571,0.6947,0.2312,0.1465,0.1658,0.5714,0.6429,291,0,extracted,0.3019,0.1154,0.2264,0.1855,0.065,0.129
23,42,56,570,51,227,136,0.239,121,0,0.6748,0.3696,0.1758,0.2065,0.3061,0.3571,0.6947,0.2312,0.1465,0.1658,0.5714,0.6429,291,0,extracted,0.3019,0.1154,0.2264,0.1855,0.065,0.129
23,42,57,570,51,227,136,0.239,121,0,0.6748,0.3696,0.1758,0.2065,0.3061,0.3571,0.6947,0.2312,0.1465,0.1658,0.5714,0.6429,291,0,extracted,0.3019,0.1154,0.2264,0.1855,0.065,0.129
23,42,58,570,51,227,136,0.239,121,0,0.6748,0.3696,0.1758,0.2065,0.3061,0.3571,0.6947,0.2312,0.1465,0.1658,0.5714,0.6429,291,0,extracted,0.3019,0.1154,0.2264,0.1855,0.065,0.129
23,42,59,570,51,227,136,0.239,121,0,0.6748,0.3696,0.1758,0.2065,0.3061,0.3571,0.6947,0.2312,0.1465,0.1658,0.5714,0.6429,291,0,extracted,0.3019,0.1154,0.2264,0.1855,0.065,0.129
23,42,60,570,51,274,169,0.296,145,0,0.6676,0.2723,0.1327,0.2066,0.2653,0.4286,0.6947,0.2312,0.1465,0.1658,0.5714,0.6429,291,0,extracted,0.2698,0.129,0.2222,0.1855,0.065,0.129
23,42,61,570,51,274,169,0.296,145,0,0.6676,0.2723,0.1327,0.2066,0.2653,0.4286,0.6947,0.2312,0.1465,0.1658,0.5714,0.6429,291,0,extracted,0.2698,0.129,0.2222,0.1855,0.065,0.129
23,42,62,570,51,274,169,0.296,145,0,0.6676,0.2723,0.1327,0.2066,0.2653,0.4286,0.6947,0.2312,0.1465,0.1658,0.5714,0.6429,291,0,extracted,0.2698,0.129,0.2222,0.1855,0.065,0.129
23,42,63,570,51,274,169,0.296,145,0,0.6676,0.2723,0.1327,0.2066,0.2653,0.4286,0.6947,0.2312,0.1465,0.1658,0.5714,0.6429,291,0,extracted,0.2698,0.129,0.2222,0.1855,0.065,0.129
23,42,64,570,51,274,169,0.296,145,0,0.6676,0.2723,0.1327,0.2066,0.2653,0.4286,0.6947,0.2312,0.1465,0.1658,0.5714,0.6429,291,0,extracted,0.2698,0.129,0.2222,0.1855,0.065,0.129
23,42,65,570,51,274,169,0.296,145,0,0.6676,0.2723,0.1327,0.2066,0.2653,0.4286,0.6947,0.2312,0.1465,0.1658,0.5714,0.6429,291,0,extracted,0.2698,0.129,0.2222,0.1855,0.065,0.129
23,42,66,570,51,274,169,0.296,145,0,0.6676,0.2723,0.1327,0.2066,0.2653,0.4286,0.6947,0.2312,0.1465,0.1658,0.5714,0.6429,291,0,extracted,0.2698,0.129,0.2222,0.1855,0.065,0.129
23,42,67,570,51,274,169,0.296,145,0,0.6676,0.2723,0.1327,0.2066,0.2653,0.4286,0.6947,0.2312,0.1465,0.1658,0.5714,0.6429,291,0,extracted,0.2698,0.129,0.2222,0.1855,0.065,0.129
23,42,68,570,51,274,169,0.296,145,0,0.6676,0.2723,0.1327,0.2066,0.2653,0.4286,0.6947,0.2312,0.1465,0.1658,0.5714,0.6429,291,0,extracted,0.2698,0.129,0.2222,0.1855,0.065,0.129
23,42,69,570,51,316,186,0.326,166,0,0.6766,0.3162,0.1379,0.1966,0.3061,0.3571,0.6947,0.2312,0.1465,0.1658,0.5714,0.6429,291,0,extracted,0.2537,0.0909,0.209,0.1855,0.065,0.129
23,42,70,570,51,316,186,0.326,166,0,0.6766,0.3162,0.1379,0.1966,0.3061,0.3571,0.6947,0.2312,0.1465,0.1658,0.5714,0.6429,291,0,extracted,0.2537,0.0909,0.209,0.1855,0.065,0.129
23,42,71,570,51,316,186,0.326,166,0,0.6766,0.3162,0.1379,0.1966,0.3061,0.3571,0.6947,0.2312,0.1465,0.1658,0.5714,0.6429,291,0,extracted,0.2537,0.0909,0.209,0.1855,0.065,0.129
23,42,72,570,51,316,186,0.326,166,0,0.6766,0.3162,0.1379,0.1966,0.3061,0.3571,0.6947,0.2312,0.1465,0.1658,0.5714,0.6429,291,0,extracted,0.2537,0.0909,0.209,0.1855,0.065,0.129
23,42,73,570,51,316,186,0.326,166,0,0.6766,0.3162,0.1379,0.1966,0.3061,0.3571,0.6947,0.2312,0.1465,0.1658,0.5714,0.6429,291,0,extracted,0.2537,0.0909,0.209,0.1855,0.065,0.129
23,42,74,570,51,316,186,0.326,166,0,0.6766,0.3162,0.1379,0.1966,0.3061,0.3571,0.6947,0.2312,0.1465,0.1658,0.5714,0.6429,291,0,extracted,0.2537,0.0909,0.209,0.1855,0.065,0.129
23,42,75,570,51,316,186,0.326,166,0,0.6766,0.3162,0.1379,0.1966,0.3061,0.3571,0.6947,0.2312,0.1465,0.1658,0.5714,0.6429,291,0,extracted,0.2537,0.0909,0.209,0.1855,0.065,0.129
23,42,76,570,51,316,186,0.326,166,0,0.6766,0.3162,0.1379,0.1966,0.3061,0.3571,0.6947,0.2312,0.1465,0.1658,0.5714,0.6429,291,0,extracted,0.2537,0.0909,0.209,0.1855,0.065,0.129
23,42,77,570,51,316,186,0.326,166,0,0.6766,0.3162,0.1379,0.1966,0.3061,0.3571,0.6947,0.2312,0.1465,0.1658,0.5714,0.6429,291,0,extracted,0.2537,0.0909,0.209,0.1855,0.065,0.129
23,42,78,570,51,416,250,0.439,213,0,0.7289,0.2955,0.173,0.2268,0.4898,0.5714,0.6947,0.2312,0.1465,0.1658,0.5714,0.6429,291,0,extracted,0.2514,0.104,0.1829,0.1855,0.065,0.129
23,42,79,570,51,416,250,0.439,213,0,0.7289,0.2955,0.173,0.2268,0.4898,0.5714,0.6947,0.2312,0.1465,0.1658,0.5714,0.6429,291,0,extracted,0.2514,0.104,0.1829,0.1855,0.065,0.129
23,42,80,570,51,416,250,0.439,213,0,0.7289,0.2955,0.173,0.2268,0.4898,0.5714,0.6947,0.2312,0.1465,0.1658,0.5714,0.6429,291,0,extracted,0.2514,0.104,0.1829,0.1855,0.065,0.129
23,42,81,570,51,416,250,0.439,213,0,0.7289,0.2955,0.173,0.2268,0.4898,0.5714,0.6947,0.2312,0.1465,0.1658,0.5714,0.6429,291,0,extracted,0.2514,0.104,0.1829,0.1855,0.065,0.129
23,42,82,570,51,416,250,0.439,213,0,0.7289,0.2955,0.173,0.2268,0.4898,0.5714,0.6947,0.2312,0.1465,0.1658,0.5714,0.6429,291,0,extracted,0.2514,0.104,0.1829,0.1855,0.065,0.129
23,42,83,570,51,416,250,0.439,213,0,0.7289,0.2955,0.173,0.2268,0.4898,0.5714,0.6947,0.2312,0.1465,0.1658,0.5714,0.6429,291,0,extracted,0.2514,0.104,0.1829,0.1855,0.065,0.129
23,42,84,570,51,416,250,0.439,213,0,0.7289,0.2955,0.173,0.2268,0.4898,0.5714,0.6947,0.2312,0.1465,0.1658,0.5714,0.6429,291,0,extracted,0.2514,0.104,0.1829,0.1855,0.065,0.129
23,42,85,570,51,416,250,0.439,213,0,0.7289,0.2955,0.173,0.2268,0.4898,0.5714,0.6947,0.2312,0.1465,0.1658,0.5714,0.6429,291,0,extracted,0.2514,0.104,0.1829,0.1855,0.065,0.129
23,42,86,570,51,416,250,0.439,213,0,0.7289,0.2955,0.173,0.2268,0.4898,0.5714,0.6947,0.2312,0.1465,0.1658,0.5714,0.6429,291,0,extracted,0.2514,0.104,0.1829,0.1855,0.065,0.129
23,42,87,570,51,482,282,0.495,243,0,0.7161,0.2663,0.1558,0.2043,0.4898,0.5714,0.6947,0.2312,0.1465,0.1658,0.5714,0.6429,291,0,extracted,0.2234,0.0923,0.1624,0.1855,0.065,0.129
23,42,88,570,51,482,282,0.495,243,0,0.7161,0.2663,0.1558,0.2043,0.4898,0.5714,0.6947,0.2312,0.1465,0.1658,0.5714,0.6429,291,0,extracted,0.2234,0.0923,0.1624,0.1855,0.065,0.129
23,42,89,570,51,482,282,0.495,243,0,0.7161,0.2663,0.1558,0.2043,0.4898,0.5714,0.6947,0.2312,0.1465,0.1658,0.5714,0.6429,291,0,extracted,0.2234,0.0923,0.1624,0.1855,0.065,0.129
23,42,90,570,51,482,282,0.495,243,0,0.7161,0.2663,0.1558,0.2043,0.4898,0.5714,0.6947,0.2312,0.1465,0.1658,0.5714,0.6429,291,0,extracted,0.2234,0.0923,0.1624,0.1855,0.065,0.129
23,42,91,570,51,482,282,0.495,243,0,0.7161,0.2663,0.1558,0.2043,0.4898,0.5714,0.6947,0.2312,0.1465,0.1658,0.5714,0.6429,291,0,extracted,0.2234,0.0923,0.1624,0.1855,0.065,0.129
23,42,92,570,51,482,282,0.495,243,0,0.7161,0.2663,0.1558,0.2043,0.4898,0.5714,0.6947,0.2312,0.1465,0.1658,0.5714,0.6429,291,0,extracted,0.2234,0.0923,0.1624,0.1855,0.065,0.129
23,42,93,570,51,482,282,0.495,243,0,0.7161,0.2663,0.1558,0.2043,0.4898,0.5714,0.6947,0.2312,0.1465,0.1658,0.5714,0.6429,291,0,extracted,0.2234,0.0923,0.1624,0.1855,0.065,0.129
23,42,94,570,51,482,282,0.495,243,0,0.7161,0.2663,0.1558,0.2043,0.4898,0.5714,0.6947,0.2312,0.1465,0.1658,0.5714,0.6429,291,0,extracted,0.2234,0.0923,0.1624,0.1855,0.065,0.129
23,42,95,570,51,482,282,0.495,243,0,0.7161,0.2663,0.1558,0.2043,0.4898,0.5714,0.6947,0.2312,0.1465,0.1658,0.5714,0.6429,291,0,extracted,0.2234,0.0923,0.1624,0.1855,0.065,0.129
23,42,96,570,51,563,338,0.593,285,0,0.7047,0.2322,0.1326,0.1741,0.4898,0.5714,0.6947,0.2312,0.1465,0.1658,0.5714,0.6429,291,0,extracted,0.1938,0.08,0.141,0.1855,0.065,0.129
23,42,97,570,51,563,338,0.593,285,0,0.7047,0.2322,0.1326,0.1741,0.4898,0.5714,0.6947,0.2312,0.1465,0.1658,0.5714,0.6429,291,0,extracted,0.1938,0.08,0.141,0.1855,0.065,0.129
23,42,98,570,51,563,338,0.593,285,0,0.7047,0.2322,0.1326,0.1741,0.4898,0.5714,0.6947,0.2312,0.1465,0.1658,0.5714,0.6429,291,0,extracted,0.1938,0.08,0.141,0.1855,0.065,0.129
23,42,99,570,51,563,338,0.593,285,0,0.7047,0.2322,0.1326,0.1741,0.4898,0.5714,0.6947,0.2312,0.1465,0.1658,0.5714,0.6429,291,0,extracted,0.1938,0.08,0.141,0.1855,0.065,0.129
23,42,100,570,51,563,338,0.593,285,0,0.7047,0.2322,0.1326,0.1741,0.4898,0.5714,0.6947,0.2312,0.1465,0.1658,0.5714,0.6429,291,0,extracted,0.1938,0.08,0.141,0.1855,0.065,0.129
24,42,1,1133,78,21,21,0.019,12,0,0.7081,0.2626,0.0619,0.1616,0.0411,0.1667,0.663,0.1697,0.0781,0.1029,0.3288,0.5,512,1,extracted,0.2769,0.0317,0.2154,0.163,0.0619,0.1057
24,42,2,1133,78,21,21,0.019,12,0,0.7081,0.2626,0.0619,0.1616,0.0411,0.1667,0.663,0.1697,0.0781,0.1029,0.3288,0.5,512,1,extracted,0.2769,0.0317,0.2154,0.163,0.0619,0.1057
24,42,3,1133,78,21,21,0.019,12,0,0.7081,0.2626,0.0619,0.1616,0.0411,0.1667,0.663,0.1697,0.0781,0.1029,0.3288,0.5,512,1,extracted,0.2769,0.0317,0.2154,0.163,0.0619,0.1057
24,42,4,1133,78,21,21,0.019,12,0,0.7081,0.2626,0.0619,0.1616,0.0411,0.1667,0.663,0.1697,0.0781,0.1029,0.3288,0.5,512,1,extracted,0.2769,0.0317,0.2154,0.163,0.0619,0.1057
24,42,5,1133,78,21,21,0.019,12,0,0.7081,0.2626,0.0619,0.1616,0.0411,0.1667,0.663,0.1697,0.0781,0.1029,0.3288,0.5,512,1,extracted,0.2769,0.0317,0.2154,0.163,0.0619,0.1057
24,42,6,1133,78,21,21,0.019,12,0,0.7081,0.2626,0.0619,0.1616,0.0411,0.1667,0.663,0.1697,0.0781,0.1029,0.3288,0.5,512,1,extracted,0.2769,0.0317,0.2154,0.163,0.0619,0.1057
24,42,7,1133,78,21,21,0.019,12,0,0.7081,0.2626,0.0619,0.1616,0.0411,0.1667,0.663,0.1697,0.0781,0.1029,0.3288,0.5,512,1,extracted,0.2769,0.0317,0.2154,0.163,0.0619,0.1057
24,42,8,1133,78,48,41,0.036,25,0,0.6627,0.3193,0.0513,0.1681,0.0411,0.1667,0.663,0.1697,0.0781,0.1029,0.3288,0.5,512,1,extracted,0.3636,0.0267,0.2597,0.163,0.0619,0.1057
24,42,9,1133,78,48,41,0.036,25,0,0.6627,0.3193,0.0513,0.1681,0.0411,0.1667,0.663,0.1697,0.0781,0.1029,0.3288,0.5,512,1,extracted,0.3636,0.0267,0.2597,0.163,0.0619,0.1057
24,42,10,1133,78,48,41,0.036,25,0,0.6627,0.3193,0.0513,0.1681,0.0411,0.1667,0.663,0.1697,0.0781,0.1029,0.3288,0.5,512,1,extracted,0.3636,0.0267,0.2597,0.163,0.0619,0.1057
24,42,11,1133,78,48,41,0.036,25,0,0.6627,0.3193,0.0513,0.1681,0.0411,0.1667,0.663,0.1697,0.0781,0.1029,0.3288,0.5,512,1,extracted,0.3636,0.0267,0.2597,0.163,0.0619,0.1057
24,42,12,1133,78,48,41,0.036,25,0,0.6627,0.3193,0.0513,0.1681,0.0411,0.1667,0.663,0.1697,0.0781,0.1029,0.3288,0.5,512,1,extracted,0.3636,0.0267,0.2597,0.163,0.0619,0.1057
24,42,13,1133,78,48,41,0.036,25,0,0.6627,0.3193,0.0513,0.1681,0.0411,0.1667,0.663,0.1697,0.0781,0.1029,0.3288,0.5,512,1,extracted,0.3636,0.0267,0.2597,0.163,0.0619,0.1057
24,42,14,1133,78,90,60,0.053,40,0,0.6883,0.4058,0.1176,0.2174,0.1096,0.1667,0.663,0.1697,0.0781,0.1029,0.3288,0.5,512,1,extracted,0.4368,0.0706,0.2299,0.163,0.0619,0.1057
24,42,15,1133,78,90,60,0.053,40,0,0.6883,0.4058,0.1176,0.2174,0.1096,0.1667,0.663,0.1697,0.0781,0.1029,0.3288,0.5,512,1,extracted,0.4368,0.0706,0.2299,0.163,0.0619,0.1057
24,42,16,1133,78,90,60,0.053,40,0,0.6883,0.4058,0.1176,0.2174,0.1096,0.1667,0.663,0.1697,0.0781,0.1029,0.3288,0.5,512,1,extracted,0.4368,0.0706,0.2299,0.163,0.0619,0.1057
24,42,17,1133,78,90,60,0.053,40,0,0.6883,0.4058,0.1176,0.2174,0.1096,0.1667,0.663,0.1697,0.0781,0.1029,0.3288,0.5,512,1,extracted,0.4368,0.0706,0.2299,0.163,0.0619,0.1057
24,42,18,1133,78,90,60,0.053,40,0,0.6883,0.4058,0.1176,0.2174,0.1096,0.1667,0.663,0.1697,0.0781,0.1029,0.3288,0.5,512,1,extracted,0.4368,0.0706,0.2299,0.163,0.0619,0.1057
24,42,19,1133,78,117,75,0.066,52,0,0.6985,0.3922,0.1722,0.2092,0.1507,0.2083,0.663,0.1697,0.0781,0.1029,0.3288,0.5,512,1,extracted,0.375,0.1064,0.2083,0.163,0.0619,0.1057
24,42,20,1133,78,117,75,0.066,52,0,0.6985,0.3922,0.1722,0.2092,0.1507,0.2083,0.663,0.1697,0.0781,0.1029,0.3288,0.5,512,1,extracted,0.375,0.1064,0.2083,0.163,0.0619,0.1057
24,42,21,1133,78,117,75,0.066,52,0,0.6985,0.3922,0.1722,0.2092,0.1507,0.2083,0.663,0.1697,0.0781,0.1029,0.3288,0.5,512,1,extracted,0.375,0.1064,0.2083,0.163,0.0619,0.1057
24,42,22,1133,78,117,75,0.066,52,0,0.6985,0.3922,0.1722,0.2092,0.1507,0.2083,0.663,0.1697,0.0781,0.1029,0.3288,0.5,512,1,extracted,0.375,0.1064,0.2083,0.163,0.0619,0.1057
24,42,23,1133,78,117,75,0.066,52,0,0.6985,0.3922,0.1722,0.2092,0.1507,0.2083,0.663,0.1697,0.0781,0.1029,0.3288,0.5,512,1,extracted,0.375,0.1064,0.2083,0.163,0.0619,0.1057
24,42,24,1133,78,165,90,0.079,76,0,0.6711,0.3571,0.0964,0.1667,0.0959,0.25,0.663,0.1697,0.0781,0.1029,0.3288,0.5,512,1,extracted,0.3704,0.0566,0.2407,0.163,0.0619,0.1057
24,42,25,1133,78,165,90,0.079,76,0,0.6711,0.3571,0.0964,0.1667,0.0959,0.25,0.663,0.1697,0.0781,0.1029,0.3288,0.5,512,1,extracted,0.3704,0.0566,0.2407,0.163,0.0619,0.1057
24,42,26,1133,78,165,90,0.079,76,0,0.6711,0.3571,0.0964,0.1667,0.0959,0.25,0.663,0.1697,0.0781,0.1029,0.3288,0.5,512,1,extracted,0.3704,0.0566,0.2407,0.163,0.0619,0.1057
24,42,27,1133,78,165,90,0.079,76,0,0.6711,0.3571,0.0964,0.1667,0.0959,0.25,0.663,0.1697,0.0781,0.1029,0.3288,0.5,512,1,extracted,0.3704,0.0566,0.2407,0.163,0.0619,0.1057
24,42,28,1133,78,165,90,0.079,76,0,0.6711,0.3571,0.0964,0.1667,0.0959,0.25,0.663,0.1697,0.0781,0.1029,0.3288,0.5,512,1,extracted,0.3704,0.0566,0.2407,0.163,0.0619,0.1057
24,42,29,1133,78,231,149,0.132,111,0,0.6808,0.347,0.1198,0.1735,0.1507,0.25,0.663,0.1697,0.0781,0.1029,0.3288,0.5,512,1,extracted,0.3906,0.0794,0.2344,0.163,0.0619,0.1057
24,42,30,1133,78,231,149,0.132,111,0,0.6808,0.347,0.1198,0.1735,0.1507,0.25,0.663,0.1697,0.0781,0.1029,0.3288,0.5,512,1,extracted,0.3906,0.0794,0.2344,0.163,0.0619,0.1057
24,42,31,1133,78,231,149,0.132,111,0,0.6808,0.347,0.1198,0.1735,0.1507,0.25,0.663,0.1697,0.0781,0.1029,0.3288,0.5,512,1,extracted,0.3906,0.0794,0.2344,0.163,0.0619,0.1057
24,42,32,1133,78,231,149,0.132,111,0,0.6808,0.347,0.1198,0.1735,0.1507,0.25,0.663,0.1697,0.0781,0.1029,0.3288,0.5,512,1,extracted,0.3906,0.0794,0.2344,0.163,0.0619,0.1057
24,42,33,1133,78,231,149,0.132,111,0,0.6808,0.347,0.1198,0.1735,0.1507,0.25,0.663,0.1697,0.0781,0.1029,0.3288,0.5,512,1,extracted,0.3906,0.0794,0.2344,0.163,0.0619,0.1057
24,42,34,1133,78,231,149,0.132,111,0,0.6808,0.347,0.1198,0.1735,0.1507,0.25,0.663,0.1697,0.0781,0.1029,0.3288,0.5,512,1,extracted,0.3906,0.0794,0.2344,0.163,0.0619,0.1057
24,42,35,1133,78,270,169,0.149,128,0,0.6811,0.3482,0.1224,0.1619,0.1781,0.2917,0.663,0.1697,0.0781,0.1029,0.3288,0.5,512,1,extracted,0.3694,0.0774,0.1783,0.163,0.0619,0.1057
24,42,36,1133,78,270,169,0.149,128,0,0.6811,0.3482,0.1224,0.1619,0.1781,0.2917,0.663,0.1697,0.0781,0.1029,0.3288,0.5,512,1,extracted,0.3694,0.0774,0.1783,0.163,0.0619,0.1057
24,42,37,1133,78,270,169,0.149,128,0,0.6811,0.3482,0.1224,0.1619,0.1781,0.2917,0.663,0.1697,0.0781,0.1029,0.3288,0.5,512,1,extracted,0.3694,0.0774,0.1783,0.163,0.0619,0.1057
24,42,38,1133,78,270,169,0.149,128,0,0.6811,0.3482,0.1224,0.1619,0.1781,0.2917,0.663,0.1697,0.0781,0.1029,0.3288,0.5,512,1,extracted,0.3694,0.0774,0.1783,0.163,0.0619,0.1057
24,42,39,1133,78,270,169,0.149,128,0,0.6811,0.3482,0.1224,0.1619,0.1781,0.2917,0.663,0.1697,0.0781,0.1029,0.3288,0.5,512,1,extracted,0.3694,0.0774,0.1783,0.163,0.0619,0.1057
24,42,40,1133,78,327,208,0.184,156,0,0.6561,0.2774,0.0956,0.1679,0.1507,0.25,0.663,0.1697,0.0781,0.1029,0.3288,0.5,512,1,extracted,0.3117,0.0658,0.1948,0.163,0.0619,0.1057
24,42,41,1133,78,327,208,0.184,156,0,0.6561,0.2774,0.0956,0.1679,0.1507,0.25,0.663,0.1697,0.0781,0.1029,0.3288,0.5,512,1,extracted,0.3117,0.0658,0.1948,0.163,0.0619,0.1057
24,42,42,1133,78,327,208,0.184,156,0,0.6561,0.2774,0.0956,0.1679,0.1507,0.25,0.663,0.1697,0.0781,0.1029,0.3288,0.5,512,1,extracted,0.3117,0.0658,0.1948,0.163,0.0619,0.1057
24,42,43,1133,78,327,208,0.184,156,0,0.6561,0.2774,0.0956,0.1679,0.1507,0.25,0.663,0.1697,0.0781,0.1029,0.3288,0.5,512,1,extracted,0.3117,0.0658,0.1948,0.163,0.0619,0.1057
24,42,44,1133,78,327,208,0.184,156,0,0.6561,0.2774,0.0956,0.1679,0.1507,0.25,0.663,0.1697,0.0781,0.1029,0.3288,0.5,512,1,extracted,0.3117,0.0658,0.1948,0.163,0.0619,0.1057
24,42,45,1133,78,381,238,0.21,179,0,0.6627,0.2975,0.0955,0.1582,0.1781,0.2917,0.663,0.1697,0.0781,0.1029,0.3288,0.5,512,1,extracted,0.3015,0.0609,0.1809,0.163,0.0619,0.1057
24,42,46,1133,78,381,238,0.21,179,0,0.6627,0.2975,0.0955,0.1582,0.1781,0.2917,0.663,0.1697,0.0781,0.1029,0.3288,0.5,512,1,extracted,0.3015,0.0609,0.1809,0.163,0.0619,0.1057
24,42,47,1133,78,381,238,0.21,179,0,0.6627,0.2975,0.0955,0.1582,0.1781,0.2917,0.663,0.1697,0.0781,0.1029,0.3288,0.5,512,1,extracted,0.3015,0.0609,0.1809,0.163,0.0619,0.1057
24,42,48,1133,78,381,238,0.21,179,0,0.6627,0.2975,0.0955,0.1582,0.1781,0.2917,0.663,0.1697,0.0781,0.1029,0.3288,0.5,512,1,extracted,0.3015,0.0609,0.1809,0.163,0.0619,0.1057
24,42,49,1133,78,381,238,0.21,179,0,0.6627,0.2975,0.0955,0.1582,0.1781,0.2917,0.663,0.1697,0.0781,0.1029,0.3288,0.5,512,1,extracted,0.3015,0.0609,0.1809,0.163,0.0619,0.1057
24,42,50,1133,78,507,315,0.278,249,0,0.6991,0.3053,0.1279,0.1476,0.3151,0.5,0.663,0.1697,0.0781,0.1029,0.3288,0.5,512,1,extracted,0.2948,0.0723,0.1673,0.163,0.0619,0.1057
24,42,51,1133,78,507,315,0.278,249,0,0.6991,0.3053,0.1279,0.1476,0.3151,0.5,0.663,0.1697,0.0781,0.1029,0.3288,0.5,512,1,extracted,0.2948,0.0723,0.1673,0.163,0.0619,0.1057
24,42,52,1133,78,507,315,0.278,249,0,0.6991,0.3053,0.1279,0.1476,0.3151,0.5,0.663,0.1697,0.0781,0.1029,0.3288,0.5,512,1,extracted,0.2948,0.0723,0.1673,0.163,0.0619,0.1057
24,42,53,1133,78,507,315,0.278,249,0,0.6991,0.3053,0.1279,0.1476,0.3151,0.5,0.663,0.1697,0.0781,0.1029,0.3288,0.5,512,1,extracted,0.2948,0.0723,0.1673,0.163,0.0619,0.1057
24,42,54,1133,78,507,315,0.278,249,0,0.6991,0.3053,0.1279,0.1476,0.3151,0.5,0.663,0.1697,0.0781,0.1029,0.3288,0.5,512,1,extracted,0.2948,0.0723,0.1673,0.163,0.0619,0.1057
24,42,55,1133,78,507,315,0.278,249,0,0.6991,0.3053,0.1279,0.1476,0.3151,0.5,0.663,0.1697,0.0781,0.1029,0.3288,0.5,512,1,extracted,0.2948,0.0723,0.1673,0.163,0.0619,0.1057
24,42,56,1133,78,554,357,0.315,272,0,0.6788,0.2689,0.0948,0.1226,0.2466,0.4167,0.663,0.1697,0.0781,0.1029,0.3288,0.5,512,1,extracted,0.2578,0.063,0.1484,0.163,0.0619,0.1057
24,42,57,1133,78,554,357,0.315,272,0,0.6788,0.2689,0.0948,0.1226,0.2466,0.4167,0.663,0.1697,0.0781,0.1029,0.3288,0.5,512,1,extracted,0.2578,0.063,0.1484,0.163,0.0619,0.1057
24,42,58,1133,78,554,357,0.315,272,0,0.6788,0.2689,0.0948,0.1226,0.2466,0.4167,0.663,0.1697,0.0781,0.1029,0.3288,0.5,512,1,extracted,0.2578,0.063,0.1484,0.163,0.0619,0.1057
24,42,59,1133,78,554,357,0.315,272,0,0.6788,0.2689,0.0948,0.1226,0.2466,0.4167,0.663,0.1697,0.0781,0.1029,0.3288,0.5,512,1,extracted,0.2578,0.063,0.1484,0.163,0.0619,0.1057
24,42,60,1133,78,554,357,0.315,272,0,0.6788,0.2689,0.0948,0.1226,0.2466,0.4167,0.663,0.1697,0.0781,0.1029,0.3288,0.5,512,1,extracted,0.2578,0.063,0.1484,0.163,0.0619,0.1057
24,42,61,1133,78,626,390,0.344,311,0,0.6766,0.265,0.1159,0.1496,0.3425,0.4583,0.663,0.1697,0.0781,0.1029,0.3288,0.5,512,1,extracted,0.2475,0.0741,0.1605,0.163,0.0619,0.1057
24,42,62,1133,78,626,390,0.344,311,0,0.6766,0.265,0.1159,0.1496,0.3425,0.4583,0.663,0.1697,0.0781,0.1029,0.3288,0.5,512,1,extracted,0.2475,0.0741,0.1605,0.163,0.0619,0.1057
24,42,63,1133,78,626,390,0.344,311,0,0.6766,0.265,0.1159,0.1496,0.3425,0.4583,0.663,0.1697,0.0781,0.1029,0.3288,0.5,512,1,extracted,0.2475,0.0741,0.1605,0.163,0.0619,0.1057
24,42,64,1133,78,626,390,0.344,311,0,0.6766,0.265,0.1159,0.1496,0.3425,0.4583,0.663,0.1697,0.0781,0.1029,0.3288,0.5,512,1,extracted,0.2475,0.0741,0.1605,0.163,0.0619,0.1057
24,42,65,1133,78,626,390,0.344,311,0,0.6766,0.265,0.1159,0.1496,0.3425,0.4583,0.663,0.1697,0.0781,0.1029,0.3288,0.5,512,1,extracted,0.2475,0.0741,0.1605,0.163,0.0619,0.1057
24,42,66,1133,78,691,429,0.379,341,0,0.6692,0.2406,0.103,0.142,0.3014,0.4583,0.663,0.1697,0.0781,0.1029,0.3288,0.5,512,1,extracted,0.2313,0.0629,0.1375,0.163,0.0619,0.1057
24,42,67,1133,78,691,429,0.379,341,0,0.6692,0.2406,0.103,0.142,0.3014,0.4583,0.663,0.1697,0.0781,0.1029,0.3288,0.5,512,1,extracted,0.2313,0.0629,0.1375,0.163,0.0619,0.1057
24,42,68,1133,78,691,429,0.379,341,0,0.6692,0.2406,0.103,0.142,0.3014,0.4583,0.663,0.1697,0.0781,0.1029,0.3288,0.5,512,1,extracted,0.2313,0.0629,0.1375,0.163,0.0619,0.1057
24,42,69,1133,78,691,429,0.379,341,0,0.6692,0.2406,0.103,0.142,0.3014,0.4583,0.663,0.1697,0.0781,0.1029,0.3288,0.5,512,1,extracted,0.2313,0.0629,0.1375,0.163,0.0619,0.1057
24,42,70,1133,78,691,429,0.379,341,0,0.6692,0.2406,0.103,0.142,0.3014,0.4583,0.663,0.1697,0.0781,0.1029,0.3288,0.5,512,1,extracted,0.2313,0.0629,0.1375,0.163,0.0619,0.1057
24,42,71,1133,78,691,429,0.379,341,0,0.6692,0.2406,0.103,0.142,0.3014,0.4583,0.663,0.1697,0.0781,0.1029,0.3288,0.5,512,1,extracted,0.2313,0.0629,0.1375,0.163,0.0619,0.1057
24,42,72,1133,78,776,490,0.432,376,0,0.6668,0.2218,0.0826,0.1145,0.2603,0.4583,0.663,0.1697,0.0781,0.1029,0.3288,0.5,512,1,extracted,0.2124,0.0534,0.1239,0.163,0.0619,0.1057
24,42,73,1133,78,776,490,0.432,376,0,0.6668,0.2218,0.0826,0.1145,0.2603,0.4583,0.663,0.1697,0.0781,0.1029,0.3288,0.5,512,1,extracted,0.2124,0.0534,0.1239,0.163,0.0619,0.1057
24,42,74,1133,78,776,490,0.432,376,0,0.6668,0.2218,0.0826,0.1145,0.2603,0.4583,0.663,0.1697,0.0781,0.1029,0.3288,0.5,512,1,extracted,0.2124,0.0534,0.1239,0.163,0.0619,0.1057
24,42,75,1133,78,776,490,0.432,376,0,0.6668,0.2218,0.0826,0.1145,0.2603,0.4583,0.663,0.1697,0.0781,0.1029,0.3288,0.5,512,1,extracted,0.2124,0.0534,0.1239,0.163,0.0619,0.1057
24,42,76,1133,78,776,490,0.432,376,0,0.6668,0.2218,0.0826,0.1145,0.2603,0.4583,0.663,0.1697,0.0781,0.1029,0.3288,0.5,512,1,extracted,0.2124,0.0534,0.1239,0.163,0.0619,0.1057
24,42,77,1133,78,875,532,0.47,424,0,0.6801,0.2003,0.089,0.1182,0.3151,0.5,0.663,0.1697,0.0781,0.1029,0.3288,0.5,512,1,extracted,0.2027,0.0751,0.128,0.163,0.0619,0.1057
24,42,78,1133,78,875,532,0.47,424,0,0.6801,0.2003,0.089,0.1182,0.3151,0.5,0.663,0.1697,0.0781,0.1029,0.3288,0.5,512,1,extracted,0.2027,0.0751,0.128,0.163,0.0619,0.1057
24,42,79,1133,78,875,532,0.47,424,0,0.6801,0.2003,0.089,0.1182,0.3151,0.5,0.663,0.1697,0.0781,0.1029,0.3288,0.5,512,1,extracted,0.2027,0.0751,0.128,0.163,0.0619,0.1057
24,42,80,1133,78,875,532,0.47,424,0,0.6801,0.2003,0.089,0.1182,0.3151,0.5,0.663,0.1697,0.0781,0.1029,0.3288,0.5,512,1,extracted,0.2027,0.0751,0.128,0.163,0.0619,0.1057
24,42,81,1133,78,875,532,0.47,424,0,0.6801,0.2003,0.089,0.1182,0.3151,0.5,0.663,0.1697,0.0781,0.1029,0.3288,0.5,512,1,extracted,0.2027,0.0751,0.128,0.163,0.0619,0.1057
24,42,82,1133,78,937,587,0.518,457,0,0.6713,0.1895,0.0754,0.1113,0.2877,0.5,0.663,0.1697,0.0781,0.1029,0.3288,0.5,512,1,extracted,0.177,0.0529,0.11,0.163,0.0619,0.1057
24,42,83,1133,78,937,587,0.518,457,0,0.6713,0.1895,0.0754,0.1113,0.2877,0.5,0.663,0.1697,0.0781,0.1029,0.3288,0.5,512,1,extracted,0.177,0.0529,0.11,0.163,0.0619,0.1057
24,42,84,1133,78,937,587,0.518,457,0,0.6713,0.1895,0.0754,0.1113,0.2877,0.5,0.663,0.1697,0.0781,0.1029,0.3288,0.5,512,1,extracted,0.177,0.0529,0.11,0.163,0.0619,0.1057
24,42,85,1133,78,937,587,0.518,457,0,0.6713,0.1895,0.0754,0.1113,0.2877,0.5,0.663,0.1697,0.0781,0.1029,0.3288,0.5,512,1,extracted,0.177,0.0529,0.11,0.163,0.0619,0.1057
24,42,86,1133,78,937,587,0.518,457,0,0.6713,0.1895,0.0754,0.1113,0.2877,0.5,0.663,0.1697,0.0781,0.1029,0.3288,0.5,512,1,extracted,0.177,0.0529,0.11,0.163,0.0619,0.1057
24,42,87,1133,78,990,601,0.53,477,0,0.6717,0.1922,0.0843,0.1021,0.3425,0.5833,0.663,0.1697,0.0781,0.1029,0.3288,0.5,512,1,extracted,0.1961,0.064,0.1127,0.163,0.0619,0.1057
24,42,88,1133,78,990,601,0.53,477,0,0.6717,0.1922,0.0843,0.1021,0.3425,0.5833,0.663,0.1697,0.0781,0.1029,0.3288,0.5,512,1,extracted,0.1961,0.064,0.1127,0.163,0.0619,0.1057
24,42,89,1133,78,990,601,0.53,477,0,0.6717,0.1922,0.0843,0.1021,0.3425,0.5833,0.663,0.1697,0.0781,0.1029,0.3288,0.5,512,1,extracted,0.1961,0.064,0.1127,0.163,0.0619,0.1057
24,42,90,1133,78,990,601,0.53,477,0,0.6717,0.1922,0.0843,0.1021,0.3425,0.5833,0.663,0.1697,0.0781,0.1029,0.3288,0.5,512,1,extracted,0.1961,0.064,0.1127,0.163,0.0619,0.1057
24,42,91,1133,78,990,601,0.53,477,0,0.6717,0.1922,0.0843,0.1021,0.3425,0.5833,0.663,0.1697,0.0781,0.1029,0.3288,0.5,512,1,extracted,0.1961,0.064,0.1127,0.163,0.0619,0.1057
24,42,92,1133,78,990,601,0.53,477,0,0.6717,0.1922,0.0843,0.1021,0.3425,0.5833,0.663,0.1697,0.0781,0.1029,0.3288,0.5,512,1,extracted,0.1961,0.064,0.1127,0.163,0.0619,0.1057
24,42,93,1133,78,1055,616,0.544,505,0,0.6626,0.1858,0.0728,0.0987,0.3151,0.5833,0.663,0.1697,0.0781,0.1029,0.3288,0.5,512,1,extracted,0.1867,0.0444,0.1081,0.163,0.0619,0.1057
24,42,94,1133,78,1055,616,0.544,505,0,0.6626,0.1858,0.0728,0.0987,0.3151,0.5833,0.663,0.1697,0.0781,0.1029,0.3288,0.5,512,1,extracted,0.1867,0.0444,0.1081,0.163,0.0619,0.1057
24,42,95,1133,78,1055,616,0.544,505,0,0.6626,0.1858,0.0728,0.0987,0.3151,0.5833,0.663,0.1697,0.0781,0.1029,0.3288,0.5,512,1,extracted,0.1867,0.0444,0.1081,0.163,0.0619,0.1057
24,42,96,1133,78,1055,616,0.544,505,0,0.6626,0.1858,0.0728,0.0987,0.3151,0.5833,0.663,0.1697,0.0781,0.1029,0.3288,0.5,512,1,extracted,0.1867,0.0444,0.1081,0.163,0.0619,0.1057
24,42,97,1133,78,1055,616,0.544,505,0,0.6626,0.1858,0.0728,0.0987,0.3151,0.5833,0.663,0.1697,0.0781,0.1029,0.3288,0.5,512,1,extracted,0.1867,0.0444,0.1081,0.163,0.0619,0.1057
24,42,98,1133,78,1119,657,0.58,512,1,0.66,0.1741,0.0628,0.098,0.274,0.4583,0.663,0.1697,0.0781,0.1029,0.3288,0.5,512,1,extracted,0.1509,0.0433,0.0991,0.163,0.0619,0.1057
24,42,99,1133,78,1119,657,0.58,512,1,0.66,0.1741,0.0628,0.098,0.274,0.4583,0.663,0.1697,0.0781,0.1029,0.3288,0.5,512,1,extracted,0.1509,0.0433,0.0991,0.163,0.0619,0.1057
24,42,100,1133,78,1119,657,0.58,512,1,0.66,0.1741,0.0628,0.098,0.274,0.4583,0.663,0.1697,0.0781,0.1029,0.3288,0.5,512,1,extracted,0.1509,0.0433,0.0991,0.163,0.0619,0.1057
25,42,1,799,93,16,26,0.033,7,0,0.6454,0.2353,0.0342,0.1513,0.0241,0.0417,0.6792,0.2308,0.1342,0.1338,0.3976,0.5833,335,0,extracted,0.1918,0.0282,0.137,0.1979,0.0838,0.1302
25,42,2,799,93,16,26,0.033,7,0,0.6454,0.2353,0.0342,0.1513,0.0241,0.0417,0.6792,0.2308,0.1342,0.1338,0.3976,0.5833,335,0,extracted,0.1918,0.0282,0.137,0.1979,0.0838,0.1302
25,42,3,799,93,16,26,0.033,7,0,0.6454,0.2353,0.0342,0.1513,0.0241,0.0417,0.6792,0.2308,0.1342,0.1338,0.3976,0.5833,335,0,extracted,0.1918,0.0282,0.137,0.1979,0.0838,0.1302
25,42,4,799,93,16,26,0.033,7,0,0.6454,0.2353,0.0342,0.1513,0.0241,0.0417,0.6792,0.2308,0.1342,0.1338,0.3976,0.5833,335,0,extracted,0.1918,0.0282,0.137,0.1979,0.0838,0.1302
25,42,5,799,93,16,26,0.033,7,0,0.6454,0.2353,0.0342,0.1513,0.0241,0.0417,0.6792,0.2308,0.1342,0.1338,0.3976,0.5833,335,0,extracted,0.1918,0.0282,0.137,0.1979,0.0838,0.1302
25,42,6,799,93,16,26,0.033,7,0,0.6454,0.2353,0.0342,0.1513,0.0241,0.0417,0.6792,0.2308,0.1342,0.1338,0.3976,0.5833,335,0,extracted,0.1918,0.0282,0.137,0.1979,0.0838,0.1302
25,42,7,799,93,16,26,0.033,7,0,0.6454,0.2353,0.0342,0.1513,0.0241,0.0417,0.6792,0.2308,0.1342,0.1338,0.3976,0.5833,335,0,extracted,0.1918,0.0282,0.137,0.1979,0.0838,0.1302
25,42,8,799,93,16,26,0.033,7,0,0.6454,0.2353,0.0342,0.1513,0.0241,0.0417,0.6792,0.2308,0.1342,0.1338,0.3976,0.5833,335,0,extracted,0.1918,0.0282,0.137,0.1979,0.0838,0.1302
25,42,9,799,93,16,26,0.033,7,0,0.6454,0.2353,0.0342,0.1513,0.0241,0.0417,0.6792,0.2308,0.1342,0.1338,0.3976,0.5833,335,0,extracted,0.1918,0.0282,0.137,0.1979,0.0838,0.1302
25,42,10,799,93,46,46,0.058,17,0,0.6732,0.3309,0.0584,0.1727,0.0482,0.0417,0.6792,0.2308,0.1342,0.1338,0.3976,0.5833,335,0,extracted,0.3294,0.0241,0.1647,0.1979,0.0838,0.1302
25,42,11,799,93,46,46,0.058,17,0,0.6732,0.3309,0.0584,0.1727,0.0482,0.0417,0.6792,0.2308,0.1342,0.1338,0.3976,0.5833,335,0,extracted,0.3294,0.0241,0.1647,0.1979,0.0838,0.1302
25,42,12,799,93,46,46,0.058,17,0,0.6732,0.3309,0.0584,0.1727,0.0482,0.0417,0.6792,0.2308,0.1342,0.1338,0.3976,0.5833,335,0,extracted,0.3294,0.0241,0.1647,0.1979,0.0838,0.1302
25,42,13,799,93,46,46,0.058,17,0,0.6732,0.3309,0.0584,0.1727,0.0482,0.0417,0.6792,0.2308,0.1342,0.1338,0.3976,0.5833,335,0,extracted,0.3294,0.0241,0.1647,0.1979,0.0838,0.1302
25,42,14,799,93,46,46,0.058,17,0,0.6732,0.3309,0.0584,0.1727,0.0482,0.0417,0.6792,0.2308,0.1342,0.1338,0.3976,0.5833,335,0,extracted,0.3294,0.0241,0.1647,0.1979,0.0838,0.1302
25,42,15,799,93,46,46,0.058,17,0,0.6732,0.3309,0.0584,0.1727,0.0482,0.0417,0.6792,0.2308,0.1342,0.1338,0.3976,0.5833,335,0,extracted,0.3294,0.0241,0.1647,0.1979,0.0838,0.1302
25,42,16,799,93,74,55,0.069,29,0,0.6896,0.3514,0.0685,0.1757,0.0602,0.0833,0.6792,0.2308,0.1342,0.1338,0.3976,0.5833,335,0,extracted,0.3297,0.0225,0.1758,0.1979,0.0838,0.1302
25,42,17,799,93,74,55,0.069,29,0,0.6896,0.3514,0.0685,0.1757,0.0602,0.0833,0.6792,0.2308,0.1342,0.1338,0.3976,0.5833,335,0,extracted,0.3297,0.0225,0.1758,0.1979,0.0838,0.1302
25,42,18,799,93,74,55,0.069,29,0,0.6896,0.3514,0.0685,0.1757,0.0602,0.0833,0.6792,0.2308,0.1342,0.1338,0.3976,0.5833,335,0,extracted,0.3297,0.0225,0.1758,0.1979,0.0838,0.1302
25,42,19,799,93,74,55,0.069,29,0,0.6896,0.3514,0.0685,0.1757,0.0602,0.0833,0.6792,0.2308,0.1342,0.1338,0.3976,0.5833,335,0,extracted,0.3297,0.0225,0.1758,0.1979,0.0838,0.1302
25,42,20,799,93,74,55,0.069,29,0,0.6896,0.3514,0.0685,0.1757,0.0602,0.0833,0.6792,0.2308,0.1342,0.1338,0.3976,0.5833,335,0,extracted,0.3297,0.0225,0.1758,0.1979,0.0838,0.1302
25,42,21,799,93,74,55,0.069,29,0,0.6896,0.3514,0.0685,0.1757,0.0602,0.0833,0.6792,0.2308,0.1342,0.1338,0.3976,0.5833,335,0,extracted,0.3297,0.0225,0.1758,0.1979,0.0838,0.1302
25,42,22,799,93,100,62,0.078,39,0,0.6928,0.3613,0.0784,0.1677,0.0723,0.125,0.6792,0.2308,0.1342,0.1338,0.3976,0.5833,335,0,extracted,0.3542,0.0426,0.2083,0.1979,0.0838,0.1302
25,42,23,799,93,100,62,0.078,39,0,0.6928,0.3613,0.0784,0.1677,0.0723,0.125,0.6792,0.2308,0.1342,0.1338,0.3976,0.5833,335,0,extracted,0.3542,0.0426,0.2083,0.1979,0.0838,0.1302
25,42,24,799,93,100,62,0.078,39,0,0.6928,0.3613,0.0784,0.1677,0.0723,0.125,0.6792,0.2308,0.1342,0.1338,0.3976,0.5833,335,0,extracted,0.3542,0.0426,0.2083,0.1979,0.0838,0.1302
25,42,25,799,93,100,62,0.078,39,0,0.6928,0.3613,0.0784,0.1677,0.0723,0.125,0.6792,0.2308,0.1342,0.1338,0.3976,0.5833,335,0,extracted,0.3542,0.0426,0.2083,0.1979,0.0838,0.1302
25,42,26,799,93,100,62,0.078,39,0,0.6928,0.3613,0.0784,0.1677,0.0723,0.125,0.6792,0.2308,0.1342,0.1338,0.3976,0.5833,335,0,extracted,0.3542,0.0426,0.2083,0.1979,0.0838,0.1302
25,42,27,799,93,100,62,0.078,39,0,0.6928,0.3613,0.0784,0.1677,0.0723,0.125,0.6792,0.2308,0.1342,0.1338,0.3976,0.5833,335,0,extracted,0.3542,0.0426,0.2083,0.1979,0.0838,0.1302
25,42,28,799,93,100,62,0.078,39,0,0.6928,0.3613,0.0784,0.1677,0.0723,0.125,0.6792,0.2308,0.1342,0.1338,0.3976,0.5833,335,0,extracted,0.3542,0.0426,0.2083,0.1979,0.0838,0.1302
25,42,29,799,93,129,80,0.1,49,0,0.6883,0.3584,0.0702,0.1965,0.0723,0.0833,0.6792,0.2308,0.1342,0.1338,0.3976,0.5833,335,0,extracted,0.3148,0.0377,0.2222,0.1979,0.0838,0.1302
25,42,30,799,93,129,80,0.1,49,0,0.6883,0.3584,0.0702,0.1965,0.0723,0.0833,0.6792,0.2308,0.1342,0.1338,0.3976,0.5833,335,0,extracted,0.3148,0.0377,0.2222,0.1979,0.0838,0.1302
25,42,31,799,93,129,80,0.1,49,0,0.6883,0.3584,0.0702,0.1965,0.0723,0.0833,0.6792,0.2308,0.1342,0.1338,0.3976,0.5833,335,0,extracted,0.3148,0.0377,0.2222,0.1979,0.0838,0.1302
25,42,32,799,93,129,80,0.1,49,0,0.6883,0.3584,0.0702,0.1965,0.0723,0.0833,0.6792,0.2308,0.1342,0.1338,0.3976,0.5833,335,0,extracted,0.3148,0.0377,0.2222,0.1979,0.0838,0.1302
25,42,33,799,93,129,80,0.1,49,0,0.6883,0.3584,0.0702,0.1965,0.0723,0.0833,0.6792,0.2308,0.1342,0.1338,0.3976,0.5833,335,0,extracted,0.3148,0.0377,0.2222,0.1979,0.0838,0.1302
25,42,34,799,93,129,80,0.1,49,0,0.6883,0.3584,0.0702,0.1965,0.0723,0.0833,0.6792,0.2308,0.1342,0.1338,0.3976,0.5833,335,0,extracted,0.3148,0.0377,0.2222,0.1979,0.0838,0.1302
25,42,35,799,93,169,108,0.135,61,0,0.676,0.3184,0.0804,0.1692,0.0964,0.125,0.6792,0.2308,0.1342,0.1338,0.3976,0.5833,335,0,extracted,0.2923,0.0625,0.1692,0.1979,0.0838,0.1302
25,42,36,799,93,169,108,0.135,61,0,0.676,0.3184,0.0804,0.1692,0.0964,0.125,0.6792,0.2308,0.1342,0.1338,0.3976,0.5833,335,0,extracted,0.2923,0.0625,0.1692,0.1979,0.0838,0.1302
25,42,37,799,93,169,108,0.135,61,0,0.676,0.3184,0.0804,0.1692,0.0964,0.125,0.6792,0.2308,0.1342,0.1338,0.3976,0.5833,335,0,extracted,0.2923,0.0625,0.1692,0.1979,0.0838,0.1302
25,42,38,799,93,169,108,0.135,61,0,0.676,0.3184,0.0804,0.1692,0.0964,0.125,0.6792,0.2308,0.1342,0.1338,0.3976,0.5833,335,0,extracted,0.2923,0.0625,0.1692,0.1979,0.0838,0.1302
25,42,39,799,93,169,108,0.135,61,0,0.676,0.3184,0.0804,0.1692,0.0964,0.125,0.6792,0.2308,0.1342,0.1338,0.3976,0.5833,335,0,extracted,0.2923,0.0625,0.1692,0.1979,0.0838,0.1302
25,42,40,799,93,169,108,0.135,61,0,0.676,0.3184,0.0804,0.1692,0.0964,0.125,0.6792,0.2308,0.1342,0.1338,0.3976,0.5833,335,0,extracted,0.2923,0.0625,0.1692,0.1979,0.0838,0.1302
25,42,41,799,93,195,110,0.138,70,0,0.6867,0.335,0.1095,0.1872,0.1325,0.1667,0.6792,0.2308,0.1342,0.1338,0.3976,0.5833,335,0,extracted,0.2946,0.0472,0.2171,0.1979,0.0838,0.1302
25,42,42,799,93,195,110,0.138,70,0,0.6867,0.335,0.1095,0.1872,0.1325,0.1667,0.6792,0.2308,0.1342,0.1338,0.3976,0.5833,335,0,extracted,0.2946,0.0472,0.2171,0.1979,0.0838,0.1302
25,42,43,799,93,195,110,0.138,70,0,0.6867,0.335,0.1095,0.1872,0.1325,0.1667,0.6792,0.2308,0.1342,0.1338,0.3976,0.5833,335,0,extracted,0.2946,0.0472,0.2171,0.1979,0.0838,0.1302
25,42,44,799,93,195,110,0.138,70,0,0.6867,0.335,0.1095,0.1872,0.1325,0.1667,0.6792,0.2308,0.1342,0.1338,0.3976,0.5833,335,0,extracted,0.2946,0.0472,0.2171,0.1979,0.0838,0.1302
25,42,45,799,93,195,110,0.138,70,0,0.6867,0.335,0.1095,0.1872,0.1325,0.1667,0.6792,0.2308,0.1342,0.1338,0.3976,0.5833,335,0,extracted,0.2946,0.0472,0.2171,0.1979,0.0838,0.1302
25,42,46,799,93,195,110,0.138,70,0,0.6867,0.335,0.1095,0.1872,0.1325,0.1667,0.6792,0.2308,0.1342,0.1338,0.3976,0.5833,335,0,extracted,0.2946,0.0472,0.2171,0.1979,0.0838,0.1302
25,42,47,799,93,259,161,0.202,96,0,0.6927,0.2913,0.0794,0.1732,0.1084,0.1667,0.6792,0.2308,0.1342,0.1338,0.3976,0.5833,335,0,extracted,0.2822,0.0745,0.2209,0.1979,0.0838,0.1302
25,42,48,799,93,259,161,0.202,96,0,0.6927,0.2913,0.0794,0.1732,0.1084,0.1667,0.6792,0.2308,0.1342,0.1338,0.3976,0.5833,335,0,extracted,0.2822,0.0745,0.2209,0.1979,0.0838,0.1302
25,42,49,799,93,259,161,0.202,96,0,0.6927,0.2913,0.0794,0.1732,0.1084,0.1667,0.6792,0.2308,0.1342,0.1338,0.3976,0.5833,335,0,extracted,0.2822,0.0745,0.2209,0.1979,0.0838,0.1302
25,42,50,799,93,259,161,0.202,96,0,0.6927,0.2913,0.0794,0.1732,0.1084,0.1667,0.6792,0.2308,0.1342,0.1338,0.3976,0.5833,335,0,extracted,0.2822,0.0745,0.2209,0.1979,0.0838,0.1302
25,42,51,799,93,259,161,0.202,96,0,0.6927,0.2913,0.0794,0.1732,0.1084,0.1667,0.6792,0.2308,0.1342,0.1338,0.3976,0.5833,335,0,extracted,0.2822,0.0745,0.2209,0.1979,0.0838,0.1302
25,42,52,799,93,259,161,0.202,96,0,0.6927,0.2913,0.0794,0.1732,0.1084,0.1667,0.6792,0.2308,0.1342,0.1338,0.3976,0.5833,335,0,extracted,0.2822,0.0745,0.2209,0.1979,0.0838,0.1302
25,42,53,799,93,259,161,0.202,96,0,0.6927,0.2913,0.0794,0.1732,0.1084,0.1667,0.6792,0.2308,0.1342,0.1338,0.3976,0.5833,335,0,extracted,0.2822,0.0745,0.2209,0.1979,0.0838,0.1302
25,42,54,799,93,329,208,0.26,125,0,0.679,0.255,0.0878,0.1745,0.1446,0.2083,0.6792,0.2308,0.1342,0.1338,0.3976,0.5833,335,0,extracted,0.25,0.0879,0.1957,0.1979,0.0838,0.1302
25,42,55,799,93,329,208,0.26,125,0,0.679,0.255,0.0878,0.1745,0.1446,0.2083,0.6792,0.2308,0.1342,0.1338,0.3976,0.5833,335,0,extracted,0.25,0.0879,0.1957,0.1979,0.0838,0.1302
25,42,56,799,93,329,208,0.26,125,0,0.679,0.255,0.0878,0.1745,0.1446,0.2083,0.6792,0.2308,0.1342,0.1338,0.3976,0.5833,335,0,extracted,0.25,0.0879,0.1957,0.1979,0.0838,0.1302
25,42,57,799,93,329,208,0.26,125,0,0.679,0.255,0.0878,0.1745,0.1446,0.2083,0.6792,0.2308,0.1342,0.1338,0.3976,0.5833,335,0,extracted,0.25,0.0879,0.1957,0.1979,0.0838,0.1302
25,42,58,799,93,329,208,0.26,125,0,0.679,0.255,0.0878,0.1745,0.1446,0.2083,0.6792,0.2308,0.1342,0.1338,0.3976,0.5833,335,0,extracted,0.25,0.0879,0.1957,0.1979,0.0838,0.1302
25,42,59,799,93,329,208,0.26,125,0,0.679,0.255,0.0878,0.1745,0.1446,0.2083,0.6792,0.2308,0.1342,0.1338,0.3976,0.5833,335,0,extracted,0.25,0.0879,0.1957,0.1979,0.0838,0.1302
25,42,60,799,93,371,225,0.282,143,0,0.6735,0.2516,0.0974,0.1355,0.1687,0.2083,0.6792,0.2308,0.1342,0.1338,0.3976,0.5833,335,0,extracted,0.2526,0.0851,0.1579,0.1979,0.0838,0.1302
25,42,61,799,93,371,225,0.282,143,0,0.6735,0.2516,0.0974,0.1355,0.1687,0.2083,0.6792,0.2308,0.1342,0.1338,0.3976,0.5833,335,0,extracted,0.2526,0.0851,0.1579,0.1979,0.0838,0.1302
25,42,62,799,93,371,225,0.282,143,0,0.6735,0.2516,0.0974,0.1355,0.1687,0.2083,0.6792,0.2308,0.1342,0.1338,0.3976,0.5833,335,0,extracted,0.2526,0.0851,0.1579,0.1979,0.0838,0.1302
25,42,63,799,93,371,225,0.282,143,0,0.6735,0.2516,0.0974,0.1355,0.1687,0.2083,0.6792,0.2308,0.1342,0.1338,0.3976,0.5833,335,0,extracted,0.2526,0.0851,0.1579,0.1979,0.0838,0.1302
25,42,64,799,93,371,225,0.282,143,0,0.6735,0.2516,0.0974,0.1355,0.1687,0.2083,0.6792,0.2308,0.1342,0.1338,0.3976,0.5833,335,0,extracted,0.2526,0.0851,0.1579,0.1979,0.0838,0.1302
25,42,65,799,93,371,225,0.282,143,0,0.6735,0.2516,0.0974,0.1355,0.1687,0.2083,0.6792,0.2308,0.1342,0.1338,0.3976,0.5833,335,0,extracted,0.2526,0.0851,0.1579,0.1979,0.0838,0.1302
25,42,66,799,93,451,279,0.349,185,0,0.6951,0.3073,0.1355,0.1833,0.2892,0.4167,0.6792,0.2308,0.1342,0.1338,0.3976,0.5833,335,0,extracted,0.2605,0.0847,0.1765,0.1979,0.0838,0.1302
25,42,67,799,93,451,279,0.349,185,0,0.6951,0.3073,0.1355,0.1833,0.2892,0.4167,0.6792,0.2308,0.1342,0.1338,0.3976,0.5833,335,0,extracted,0.2605,0.0847,0.1765,0.1979,0.0838,0.1302
25,42,68,799,93,451,279,0.349,185,0,0.6951,0.3073,0.1355,0.1833,0.2892,0.4167,0.6792,0.2308,0.1342,0.1338,0.3976,0.5833,335,0,extracted,0.2605,0.0847,0.1765,0.1979,0.0838,0.1302
25,42,69,799,93,451,279,0.349,185,0,0.6951,0.3073,0.1355,0.1833,0.2892,0.4167,0.6792,0.2308,0.1342,0.1338,0.3976,0.5833,335,0,extracted,0.2605,0.0847,0.1765,0.1979,0.0838,0.1302
25,42,70,799,93,451,279,0.349,185,0,0.6951,0.3073,0.1355,0.1833,0.2892,0.4167,0.6792,0.2308,0.1342,0.1338,0.3976,0.5833,335,0,extracted,0.2605,0.0847,0.1765,0.1979,0.0838,0.1302
25,42,71,799,93,451,279,0.349,185,0,0.6951,0.3073,0.1355,0.1833,0.2892,0.4167,0.6792,0.2308,0.1342,0.1338,0.3976,0.5833,335,0,extracted,0.2605,0.0847,0.1765,0.1979,0.0838,0.1302
25,42,72,799,93,497,306,0.383,204,0,0.6885,0.2922,0.1418,0.1914,0.3253,0.4583,0.6792,0.2308,0.1342,0.1338,0.3976,0.5833,335,0,extracted,0.251,0.0949,0.1804,0.1979,0.0838,0.1302
25,42,73,799,93,497,306,0.383,204,0,0.6885,0.2922,0.1418,0.1914,0.3253,0.4583,0.6792,0.2308,0.1342,0.1338,0.3976,0.5833,335,0,extracted,0.251,0.0949,0.1804,0.1979,0.0838,0.1302
25,42,74,799,93,497,306,0.383,204,0,0.6885,0.2922,0.1418,0.1914,0.3253,0.4583,0.6792,0.2308,0.1342,0.1338,0.3976,0.5833,335,0,extracted,0.251,0.0949,0.1804,0.1979,0.0838,0.1302
25,42,75,799,93,497,306,0.383,204,0,0.6885,0.2922,0.1418,0.1914,0.3253,0.4583,0.6792,0.2308,0.1342,0.1338,0.3976,0.5833,335,0,extracted,0.251,0.0949,0.1804,0.1979,0.0838,0.1302
25,42,76,799,93,497,306,0.383,204,0,0.6885,0.2922,0.1418,0.1914,0.3253,0.4583,0.6792,0.2308,0.1342,0.1338,0.3976,0.5833,335,0,extracted,0.251,0.0949,0.1804,0.1979,0.0838,0.1302
25,42,77,799,93,497,306,0.383,204,0,0.6885,0.2922,0.1418,0.1914,0.3253,0.4583,0.6792,0.2308,0.1342,0.1338,0.3976,0.5833,335,0,extracted,0.251,0.0949,0.1804,0.1979,0.0838,0.1302
25,42,78,799,93,497,306,0.383,204,0,0.6885,0.2922,0.1418,0.1914,0.3253,0.4583,0.6792,0.2308,0.1342,0.1338,0.3976,0.5833,335,0,extracted,0.251,0.0949,0.1804,0.1979,0.0838,0.1302
25,42,79,799,93,582,368,0.461,243,0,0.6762,0.2527,0.1182,0.1481,0.3133,0.4583,0.6792,0.2308,0.1342,0.1338,0.3976,0.5833,335,0,extracted,0.2148,0.0878,0.1477,0.1979,0.0838,0.1302
25,42,80,799,93,582,368,0.461,243,0,0.6762,0.2527,0.1182,0.1481,0.3133,0.4583,0.6792,0.2308,0.1342,0.1338,0.3976,0.5833,335,0,extracted,0.2148,0.0878,0.1477,0.1979,0.0838,0.1302
25,42,81,799,93,582,368,0.461,243,0,0.6762,0.2527,0.1182,0.1481,0.3133,0.4583,0.6792,0.2308,0.1342,0.1338,0.3976,0.5833,335,0,extracted,0.2148,0.0878,0.1477,0.1979,0.0838,0.1302
25,42,82,799,93,582,368,0.461,243,0,0.6762,0.2527,0.1182,0.1481,0.3133,0.4583,0.6792,0.2308,0.1342,0.1338,0.3976,0.5833,335,0,extracted,0.2148,0.0878,0.1477,0.1979,0.0838,0.1302
25,42,83,799,93,582,368,0.461,243,0,0.6762,0.2527,0.1182,0.1481,0.3133,0.4583,0.6792,0.2308,0.1342,0.1338,0.3976,0.5833,335,0,extracted,0.2148,0.0878,0.1477,0.1979,0.0838,0.1302
25,42,84,799,93,582,368,0.461,243,0,0.6762,0.2527,0.1182,0.1481,0.3133,0.4583,0.6792,0.2308,0.1342,0.1338,0.3976,0.5833,335,0,extracted,0.2148,0.0878,0.1477,0.1979,0.0838,0.1302
25,42,85,799,93,665,413,0.517,275,0,0.6888,0.2619,0.1355,0.1468,0.3855,0.5833,0.6792,0.2308,0.1342,0.1338,0.3976,0.5833,335,0,extracted,0.2209,0.0864,0.1472,0.1979,0.0838,0.1302
25,42,86,799,93,665,413,0.517,275,0,0.6888,0.2619,0.1355,0.1468,0.3855,0.5833,0.6792,0.2308,0.1342,0.1338,0.3976,0.5833,335,0,extracted,0.2209,0.0864,0.1472,0.1979,0.0838,0.1302
25,42,87,799,93,665,413,0.517,275,0,0.6888,0.2619,0.1355,0.1468,0.3855,0.5833,0.6792,0.2308,0.1342,0.1338,0.3976,0.5833,335,0,extracted,0.2209,0.0864,0.1472,0.1979,0.0838,0.1302
25,42,88,799,93,665,413,0.517,275,0,0.6888,0.2619,0.1355,0.1468,0.3855,0.5833,0.6792,0.2308,0.1342,0.1338,0.3976,0.5833,335,0,extracted,0.2209,0.0864,0.1472,0.1979,0.0838,0.1302
25,42,89,799,93,665,413,0.517,275,0,0.6888,0.2619,0.1355,0.1468,0.3855,0.5833,0.6792,0.2308,0.1342,0.1338,0.3976,0.5833,335,0,extracted,0.2209,0.0864,0.1472,0.1979,0.0838,0.1302
25,42,90,799,93,665,413,0.517,275,0,0.6888,0.2619,0.1355,0.1468,0.3855,0.5833,0.6792,0.2308,0.1342,0.1338,0.3976,0.5833,335,0,extracted,0.2209,0.0864,0.1472,0.1979,0.0838,0.1302
25,42,91,799,93,712,449,0.562,293,0,0.6873,0.2556,0.1338,0.1519,0.4096,0.5833,0.6792,0.2308,0.1342,0.1338,0.3976,0.5833,335,0,extracted,0.2075,0.087,0.1441,0.1979,0.0838,0.1302
25,42,92,799,93,712,449,0.562,293,0,0.6873,0.2556,0.1338,0.1519,0.4096,0.5833,0.6792,0.2308,0.1342,0.1338,0.3976,0.5833,335,0,extracted,0.2075,0.087,0.1441,0.1979,0.0838,0.1302
25,42,93,799,93,712,449,0.562,293,0,0.6873,0.2556,0.1338,0.1519,0.4096,0.5833,0.6792,0.2308,0.1342,0.1338,0.3976,0.5833,335,0,extracted,0.2075,0.087,0.1441,0.1979,0.0838,0.1302
25,42,94,799,93,712,449,0.562,293,0,0.6873,0.2556,0.1338,0.1519,0.4096,0.5833,0.6792,0.2308,0.1342,0.1338,0.3976,0.5833,335,0,extracted,0.2075,0.087,0.1441,0.1979,0.0838,0.1302
25,42,95,799,93,712,449,0.562,293,0,0.6873,0.2556,0.1338,0.1519,0.4096,0.5833,0.6792,0.2308,0.1342,0.1338,0.3976,0.5833,335,0,extracted,0.2075,0.087,0.1441,0.1979,0.0838,0.1302
25,42,96,799,93,712,449,0.562,293,0,0.6873,0.2556,0.1338,0.1519,0.4096,0.5833,0.6792,0.2308,0.1342,0.1338,0.3976,0.5833,335,0,extracted,0.2075,0.087,0.1441,0.1979,0.0838,0.1302
25,42,97,799,93,791,476,0.596,328,0,0.69,0.2434,0.1416,0.1376,0.3976,0.5833,0.6792,0.2308,0.1342,0.1338,0.3976,0.5833,335,0,extracted,0.2099,0.0889,0.1436,0.1979,0.0838,0.1302
25,42,98,799,93,791,476,0.596,328,0,0.69,0.2434,0.1416,0.1376,0.3976,0.5833,0.6792,0.2308,0.1342,0.1338,0.3976,0.5833,335,0,extracted,0.2099,0.0889,0.1436,0.1979,0.0838,0.1302
25,42,99,799,93,791,476,0.596,328,0,0.69,0.2434,0.1416,0.1376,0.3976,0.5833,0.6792,0.2308,0.1342,0.1338,0.3976,0.5833,335,0,extracted,0.2099,0.0889,0.1436,0.1979,0.0838,0.1302
25,42,100,799,93,791,476,0.596,328,0,0.69,0.2434,0.1416,0.1376,0.3976,0.5833,0.6792,0.2308,0.1342,0.1338,0.3976,0.5833,335,0,extracted,0.2099,0.0889,0.1436,0.1979,0.0838,0.1302
26,42,1,949,79,27,27,0.028,18,0,0.6123,0.1509,0.0385,0.1509,0.0282,0.0,0.6877,0.2043,0.1149,0.1207,0.4507,0.65,424,0,extracted,0.2059,0.0303,0.1765,0.1688,0.0771,0.1176
26,42,2,949,79,27,27,0.028,18,0,0.6123,0.1509,0.0385,0.1509,0.0282,0.0,0.6877,0.2043,0.1149,0.1207,0.4507,0.65,424,0,extracted,0.2059,0.0303,0.1765,0.1688,0.0771,0.1176
26,42,3,949,79,27,27,0.028,18,0,0.6123,0.1509,0.0385,0.1509,0.0282,0.0,0.6877,0.2043,0.1149,0.1207,0.4507,0.65,424,0,extracted,0.2059,0.0303,0.1765,0.1688,0.0771,0.1176
26,42,4,949,79,27,27,0.028,18,0,0.6123,0.1509,0.0385,0.1509,0.0282,0.0,0.6877,0.2043,0.1149,0.1207,0.4507,0.65,424,0,extracted,0.2059,0.0303,0.1765,0.1688,0.0771,0.1176
26,42,5,949,79,27,27,0.028,18,0,0.6123,0.1509,0.0385,0.1509,0.0282,0.0,0.6877,0.2043,0.1149,0.1207,0.4507,0.65,424,0,extracted,0.2059,0.0303,0.1765,0.1688,0.0771,0.1176
26,42,6,949,79,27,27,0.028,18,0,0.6123,0.1509,0.0385,0.1509,0.0282,0.0,0.6877,0.2043,0.1149,0.1207,0.4507,0.65,424,0,extracted,0.2059,0.0303,0.1765,0.1688,0.0771,0.1176
26,42,7,949,79,27,27,0.028,18,0,0.6123,0.1509,0.0385,0.1509,0.0282,0.0,0.6877,0.2043,0.1149,0.1207,0.4507,0.65,424,0,extracted,0.2059,0.0303,0.1765,0.1688,0.0771,0.1176
26,42,8,949,79,27,27,0.028,18,0,0.6123,0.1509,0.0385,0.1509,0.0282,0.0,0.6877,0.2043,0.1149,0.1207,0.4507,0.65,424,0,extracted,0.2059,0.0303,0.1765,0.1688,0.0771,0.1176
26,42,9,949,79,49,33,0.035,27,0,0.5832,0.1786,0.0364,0.1429,0.0282,0.0,0.6877,0.2043,0.1149,0.1207,0.4507,0.65,424,0,extracted,0.1944,0.0286,0.1667,0.1688,0.0771,0.1176
26,42,10,949,79,49,33,0.035,27,0,0.5832,0.1786,0.0364,0.1429,0.0282,0.0,0.6877,0.2043,0.1149,0.1207,0.4507,0.65,424,0,extracted,0.1944,0.0286,0.1667,0.1688,0.0771,0.1176
26,42,11,949,79,49,33,0.035,27,0,0.5832,0.1786,0.0364,0.1429,0.0282,0.0,0.6877,0.2043,0.1149,0.1207,0.4507,0.65,424,0,extracted,0.1944,0.0286,0.1667,0.1688,0.0771,0.1176
26,42,12,949,79,49,33,0.035,27,0,0.5832,0.1786,0.0364,0.1429,0.0282,0.0,0.6877,0.2043,0.1149,0.1207,0.4507,0.65,424,0,extracted,0.1944,0.0286,0.1667,0.1688,0.0771,0.1176
26,42,13,949,79,49,33,0.035,27,0,0.5832,0.1786,0.0364,0.1429,0.0282,0.0,0.6877,0.2043,0.1149,0.1207,0.4507,0.65,424,0,extracted,0.1944,0.0286,0.1667,0.1688,0.0771,0.1176
26,42,14,949,79,78,37,0.039,38,0,0.5727,0.1897,0.0351,0.1379,0.0282,0.0,0.6877,0.2043,0.1149,0.1207,0.4507,0.65,424,0,extracted,0.2133,0.0274,0.16,0.1688,0.0771,0.1176
26,42,15,949,79,78,37,0.039,38,0,0.5727,0.1897,0.0351,0.1379,0.0282,0.0,0.6877,0.2043,0.1149,0.1207,0.4507,0.65,424,0,extracted,0.2133,0.0274,0.16,0.1688,0.0771,0.1176
26,42,16,949,79,78,37,0.039,38,0,0.5727,0.1897,0.0351,0.1379,0.0282,0.0,0.6877,0.2043,0.1149,0.1207,0.4507,0.65,424,0,extracted,0.2133,0.0274,0.16,0.1688,0.0771,0.1176
26,42,17,949,79,78,37,0.039,38,0,0.5727,0.1897,0.0351,0.1379,0.0282,0.0,0.6877,0.2043,0.1149,0.1207,0.4507,0.65,424,0,extracted,0.2133,0.0274,0.16,0.1688,0.0771,0.1176
26,42,18,949,79,78,37,0.039,38,0,0.5727,0.1897,0.0351,0.1379,0.0282,0.0,0.6877,0.2043,0.1149,0.1207,0.4507,0.65,424,0,extracted,0.2133,0.0274,0.16,0.1688,0.0771,0.1176
26,42,19,949,79,78,37,0.039,38,0,0.5727,0.1897,0.0351,0.1379,0.0282,0.0,0.6877,0.2043,0.1149,0.1207,0.4507,0.65,424,0,extracted,0.2133,0.0274,0.16,0.1688,0.0771,0.1176
26,42,20,949,79,104,53,0.056,52,0,0.624,0.2121,0.0308,0.1667,0.0282,0.0,0.6877,0.2043,0.1149,0.1207,0.4507,0.65,424,0,extracted,0.2143,0.0244,0.1905,0.1688,0.0771,0.1176
26,42,21,949,79,104,53,0.056,52,0,0.624,0.2121,0.0308,0.1667,0.0282,0.0,0.6877,0.2043,0.1149,0.1207,0.4507,0.65,424,0,extracted,0.2143,0.0244,0.1905,0.1688,0.0771,0.1176
26,42,22,949,79,104,53,0.056,52,0,0.624,0.2121,0.0308,0.1667,0.0282,0.0,0.6877,0.2043,0.1149,0.1207,0.4507,0.65,424,0,extracted,0.2143,0.0244,0.1905,0.1688,0.0771,0.1176
26,42,23,949,79,104,53,0.056,52,0,0.624,0.2121,0.0308,0.1667,0.0282,0.0,0.6877,0.2043,0.1149,0.1207,0.4507,0.65,424,0,extracted,0.2143,0.0244,0.1905,0.1688,0.0771,0.1176
26,42,24,949,79,104,53,0.056,52,0,0.624,0.2121,0.0308,0.1667,0.0282,0.0,0.6877,0.2043,0.1149,0.1207,0.4507,0.65,424,0,extracted,0.2143,0.0244,0.1905,0.1688,0.0771,0.1176
26,42,25,949,79,104,53,0.056,52,0,0.624,0.2121,0.0308,0.1667,0.0282,0.0,0.6877,0.2043,0.1149,0.1207,0.4507,0.65,424,0,extracted,0.2143,0.0244,0.1905,0.1688,0.0771,0.1176
26,42,26,949,79,141,85,0.09,66,0,0.6448,0.3049,0.1235,0.2195,0.1408,0.15,0.6877,0.2043,0.1149,0.1207,0.4507,0.65,424,0,extracted,0.28,0.0408,0.2,0.1688,0.0771,0.1176
26,42,27,949,79,141,85,0.09,66,0,0.6448,0.3049,0.1235,0.2195,0.1408,0.15,0.6877,0.2043,0.1149,0.1207,0.4507,0.65,424,0,extracted,0.28,0.0408,0.2,0.1688,0.0771,0.1176
26,42,28,949,79,141,85,0.09,66,0,0.6448,0.3049,0.1235,0.2195,0.1408,0.15,0.6877,0.2043,0.1149,0.1207,0.4507,0.65,424,0,extracted,0.28,0.0408,0.2,0.1688,0.0771,0.1176
26,42,29,949,79,141,85,0.09,66,0,0.6448,0.3049,0.1235,0.2195,0.1408,0.15,0.6877,0.2043,0.1149,0.1207,0.4507,0.65,424,0,extracted,0.28,0.0408,0.2,0.1688,0.0771,0.1176
26,42,30,949,79,141,85,0.09,66,0,0.6448,0.3049,0.1235,0.2195,0.1408,0.15,0.6877,0.2043,0.1149,0.1207,0.4507,0.65,424,0,extracted,0.28,0.0408,0.2,0.1688,0.0771,0.1176
26,42,31,949,79,168,103,0.109,80,0,0.6365,0.2747,0.1111,0.2088,0.1408,0.15,0.6877,0.2043,0.1149,0.1207,0.4507,0.65,424,0,extracted,0.2478,0.036,0.1947,0.1688,0.0771,0.1176
26,42,32,949,79,168,103,0.109,80,0,0.6365,0.2747,0.1111,0.2088,0.1408,0.15,0.6877,0.2043,0.1149,0.1207,0.4507,0.65,424,0,extracted,0.2478,0.036,0.1947,0.1688,0.0771,0.1176
26,42,33,949,79,168,103,0.109,80,0,0.6365,0.2747,0.1111,0.2088,0.1408,0.15,0.6877,0.2043,0.1149,0.1207,0.4507,0.65,424,0,extracted,0.2478,0.036,0.1947,0.1688,0.0771,0.1176
26,42,34,949,79,168,103,0.109,80,0,0.6365,0.2747,0.1111,0.2088,0.1408,0.15,0.6877,0.2043,0.1149,0.1207,0.4507,0.65,424,0,extracted,0.2478,0.036,0.1947,0.1688,0.0771,0.1176
26,42,35,949,79,168,103,0.109,80,0,0.6365,0.2747,0.1111,0.2088,0.1408,0.15,0.6877,0.2043,0.1149,0.1207,0.4507,0.65,424,0,extracted,0.2478,0.036,0.1947,0.1688,0.0771,0.1176
26,42,36,949,79,168,103,0.109,80,0,0.6365,0.2747,0.1111,0.2088,0.1408,0.15,0.6877,0.2043,0.1149,0.1207,0.4507,0.65,424,0,extracted,0.2478,0.036,0.1947,0.1688,0.0771,0.1176
26,42,37,949,79,217,133,0.14,102,0,0.6462,0.2736,0.0952,0.1792,0.1408,0.15,0.6877,0.2043,0.1149,0.1207,0.4507,0.65,424,0,extracted,0.2171,0.0315,0.1395,0.1688,0.0771,0.1176
26,42,38,949,79,217,133,0.14,102,0,0.6462,0.2736,0.0952,0.1792,0.1408,0.15,0.6877,0.2043,0.1149,0.1207,0.4507,0.65,424,0,extracted,0.2171,0.0315,0.1395,0.1688,0.0771,0.1176
26,42,39,949,79,217,133,0.14,102,0,0.6462,0.2736,0.0952,0.1792,0.1408,0.15,0.6877,0.2043,0.1149,0.1207,0.4507,0.65,424,0,extracted,0.2171,0.0315,0.1395,0.1688,0.0771,0.1176
26,42,40,949,79,217,133,0.14,102,0,0.6462,0.2736,0.0952,0.1792,0.1408,0.15,0.6877,0.2043,0.1149,0.1207,0.4507,0.65,424,0,extracted,0.2171,0.0315,0.1395,0.1688,0.0771,0.1176
26,42,41,949,79,217,133,0.14,102,0,0.6462,0.2736,0.0952,0.1792,0.1408,0.15,0.6877,0.2043,0.1149,0.1207,0.4507,0.65,424,0,extracted,0.2171,0.0315,0.1395,0.1688,0.0771,0.1176
26,42,42,949,79,271,156,0.164,127,0,0.6594,0.2638,0.1116,0.1787,0.1831,0.2,0.6877,0.2043,0.1149,0.1207,0.4507,0.65,424,0,extracted,0.2055,0.0417,0.137,0.1688,0.0771,0.1176
26,42,43,949,79,271,156,0.164,127,0,0.6594,0.2638,0.1116,0.1787,0.1831,0.2,0.6877,0.2043,0.1149,0.1207,0.4507,0.65,424,0,extracted,0.2055,0.0417,0.137,0.1688,0.0771,0.1176
26,42,44,949,79,271,156,0.164,127,0,0.6594,0.2638,0.1116,0.1787,0.1831,0.2,0.6877,0.2043,0.1149,0.1207,0.4507,0.65,424,0,extracted,0.2055,0.0417,0.137,0.1688,0.0771,0.1176
26,42,45,949,79,271,156,0.164,127,0,0.6594,0.2638,0.1116,0.1787,0.1831,0.2,0.6877,0.2043,0.1149,0.1207,0.4507,0.65,424,0,extracted,0.2055,0.0417,0.137,0.1688,0.0771,0.1176
26,42,46,949,79,271,156,0.164,127,0,0.6594,0.2638,0.1116,0.1787,0.1831,0.2,0.6877,0.2043,0.1149,0.1207,0.4507,0.65,424,0,extracted,0.2055,0.0417,0.137,0.1688,0.0771,0.1176
26,42,47,949,79,271,156,0.164,127,0,0.6594,0.2638,0.1116,0.1787,0.1831,0.2,0.6877,0.2043,0.1149,0.1207,0.4507,0.65,424,0,extracted,0.2055,0.0417,0.137,0.1688,0.0771,0.1176
26,42,48,949,79,311,192,0.202,144,0,0.6481,0.2348,0.0992,0.1212,0.1831,0.2,0.6877,0.2043,0.1149,0.1207,0.4507,0.65,424,0,extracted,0.2078,0.0395,0.1299,0.1688,0.0771,0.1176
26,42,49,949,79,311,192,0.202,144,0,0.6481,0.2348,0.0992,0.1212,0.1831,0.2,0.6877,0.2043,0.1149,0.1207,0.4507,0.65,424,0,extracted,0.2078,0.0395,0.1299,0.1688,0.0771,0.1176
26,42,50,949,79,311,192,0.202,144,0,0.6481,0.2348,0.0992,0.1212,0.1831,0.2,0.6877,0.2043,0.1149,0.1207,0.4507,0.65,424,0,extracted,0.2078,0.0395,0.1299,0.1688,0.0771,0.1176
26,42,51,949,79,311,192,0.202,144,0,0.6481,0.2348,0.0992,0.1212,0.1831,0.2,0.6877,0.2043,0.1149,0.1207,0.4507,0.65,424,0,extracted,0.2078,0.0395,0.1299,0.1688,0.0771,0.1176
26,42,52,949,79,311,192,0.202,144,0,0.6481,0.2348,0.0992,0.1212,0.1831,0.2,0.6877,0.2043,0.1149,0.1207,0.4507,0.65,424,0,extracted,0.2078,0.0395,0.1299,0.1688,0.0771,0.1176
26,42,53,949,79,354,217,0.229,164,0,0.6477,0.2768,0.1394,0.1453,0.2817,0.35,0.6877,0.2043,0.1149,0.1207,0.4507,0.65,424,0,extracted,0.2588,0.0833,0.1529,0.1688,0.0771,0.1176
26,42,54,949,79,354,217,0.229,164,0,0.6477,0.2768,0.1394,0.1453,0.2817,0.35,0.6877,0.2043,0.1149,0.1207,0.4507,0.65,424,0,extracted,0.2588,0.0833,0.1529,0.1688,0.0771,0.1176
26,42,55,949,79,354,217,0.229,164,0,0.6477,0.2768,0.1394,0.1453,0.2817,0.35,0.6877,0.2043,0.1149,0.1207,0.4507,0.65,424,0,extracted,0.2588,0.0833,0.1529,0.1688,0.0771,0.1176
26,42,56,949,79,354,217,0.229,164,0,0.6477,0.2768,0.1394,0.1453,0.2817,0.35,0.6877,0.2043,0.1149,0.1207,0.4507,0.65,424,0,extracted,0.2588,0.0833,0.1529,0.1688,0.0771,0.1176
26,42,57,949,79,354,217,0.229,164,0,0.6477,0.2768,0.1394,0.1453,0.2817,0.35,0.6877,0.2043,0.1149,0.1207,0.4507,0.65,424,0,extracted,0.2588,0.0833,0.1529,0.1688,0.0771,0.1176
26,42,58,949,79,354,217,0.229,164,0,0.6477,0.2768,0.1394,0.1453,0.2817,0.35,0.6877,0.2043,0.1149,0.1207,0.4507,0.65,424,0,extracted,0.2588,0.0833,0.1529,0.1688,0.0771,0.1176
26,42,59,949,79,395,233,0.246,179,0,0.6359,0.2353,0.0987,0.1176,0.2113,0.25,0.6877,0.2043,0.1149,0.1207,0.4507,0.65,424,0,extracted,0.2,0.0449,0.1333,0.1688,0.0771,0.1176
26,42,60,949,79,395,233,0.246,179,0,0.6359,0.2353,0.0987,0.1176,0.2113,0.25,0.6877,0.2043,0.1149,0.1207,0.4507,0.65,424,0,extracted,0.2,0.0449,0.1333,0.1688,0.0771,0.1176
26,42,61,949,79,395,233,0.246,179,0,0.6359,0.2353,0.0987,0.1176,0.2113,0.25,0.6877,0.2043,0.1149,0.1207,0.4507,0.65,424,0,extracted,0.2,0.0449,0.1333,0.1688,0.0771,0.1176
26,42,62,949,79,395,233,0.246,179,0,0.6359,0.2353,0.0987,0.1176,0.2113,0.25,0.6877,0.2043,0.1149,0.1207,0.4507,0.65,424,0,extracted,0.2,0.0449,0.1333,0.1688,0.0771,0.1176
26,42,63,949,79,395,233,0.246,179,0,0.6359,0.2353,0.0987,0.1176,0.2113,0.25,0.6877,0.2043,0.1149,0.1207,0.4507,0.65,424,0,extracted,0.2,0.0449,0.1333,0.1688,0.0771,0.1176
26,42,64,949,79,447,269,0.283,202,0,0.6386,0.2287,0.1121,0.1525,0.2394,0.25,0.6877,0.2043,0.1149,0.1207,0.4507,0.65,424,0,extracted,0.1942,0.0784,0.1553,0.1688,0.0771,0.1176
26,42,65,949,79,447,269,0.283,202,0,0.6386,0.2287,0.1121,0.1525,0.2394,0.25,0.6877,0.2043,0.1149,0.1207,0.4507,0.65,424,0,extracted,0.1942,0.0784,0.1553,0.1688,0.0771,0.1176
26,42,66,949,79,447,269,0.283,202,0,0.6386,0.2287,0.1121,0.1525,0.2394,0.25,0.6877,0.2043,0.1149,0.1207,0.4507,0.65,424,0,extracted,0.1942,0.0784,0.1553,0.1688,0.0771,0.1176
26,42,67,949,79,447,269,0.283,202,0,0.6386,0.2287,0.1121,0.1525,0.2394,0.25,0.6877,0.2043,0.1149,0.1207,0.4507,0.65,424,0,extracted,0.1942,0.0784,0.1553,0.1688,0.0771,0.1176
26,42,68,949,79,447,269,0.283,202,0,0.6386,0.2287,0.1121,0.1525,0.2394,0.25,0.6877,0.2043,0.1149,0.1207,0.4507,0.65,424,0,extracted,0.1942,0.0784,0.1553,0.1688,0.0771,0.1176
26,42,69,949,79,447,269,0.283,202,0,0.6386,0.2287,0.1121,0.1525,0.2394,0.25,0.6877,0.2043,0.1149,0.1207,0.4507,0.65,424,0,extracted,0.1942,0.0784,0.1553,0.1688,0.0771,0.1176
26,42,70,949,79,504,302,0.318,225,0,0.6419,0.2246,0.0914,0.139,0.2394,0.3,0.6877,0.2043,0.1149,0.1207,0.4507,0.65,424,0,extracted,0.1892,0.0545,0.1351,0.1688,0.0771,0.1176
26,42,71,949,79,504,302,0.318,225,0,0.6419,0.2246,0.0914,0.139,0.2394,0.3,0.6877,0.2043,0.1149,0.1207,0.4507,0.65,424,0,extracted,0.1892,0.0545,0.1351,0.1688,0.0771,0.1176
26,42,72,949,79,504,302,0.318,225,0,0.6419,0.2246,0.0914,0.139,0.2394,0.3,0.6877,0.2043,0.1149,0.1207,0.4507,0.65,424,0,extracted,0.1892,0.0545,0.1351,0.1688,0.0771,0.1176
26,42,73,949,79,504,302,0.318,225,0,0.6419,0.2246,0.0914,0.139,0.2394,0.3,0.6877,0.2043,0.1149,0.1207,0.4507,0.65,424,0,extracted,0.1892,0.0545,0.1351,0.1688,0.0771,0.1176
26,42,74,949,79,504,302,0.318,225,0,0.6419,0.2246,0.0914,0.139,0.2394,0.3,0.6877,0.2043,0.1149,0.1207,0.4507,0.65,424,0,extracted,0.1892,0.0545,0.1351,0.1688,0.0771,0.1176
26,42,75,949,79,578,347,0.366,260,0,0.61,0.1934,0.0711,0.1132,0.1972,0.2,0.6877,0.2043,0.1149,0.1207,0.4507,0.65,424,0,extracted,0.1418,0.0376,0.1119,0.1688,0.0771,0.1176
26,42,76,949,79,578,347,0.366,260,0,0.61,0.1934,0.0711,0.1132,0.1972,0.2,0.6877,0.2043,0.1149,0.1207,0.4507,0.65,424,0,extracted,0.1418,0.0376,0.1119,0.1688,0.0771,0.1176
26,42,77,949,79,578,347,0.366,260,0,0.61,0.1934,0.0711,0.1132,0.1972,0.2,0.6877,0.2043,0.1149,0.1207,0.4507,0.65,424,0,extracted,0.1418,0.0376,0.1119,0.1688,0.0771,0.1176
26,42,78,949,79,578,347,0.366,260,0,0.61,0.1934,0.0711,0.1132,0.1972,0.2,0.6877,0.2043,0.1149,0.1207,0.4507,0.65,424,0,extracted,0.1418,0.0376,0.1119,0.1688,0.0771,0.1176
26,42,79,949,79,578,347,0.366,260,0,0.61,0.1934,0.0711,0.1132,0.1972,0.2,0.6877,0.2043,0.1149,0.1207,0.4507,0.65,424,0,extracted,0.1418,0.0376,0.1119,0.1688,0.0771,0.1176
26,42,80,949,79,578,347,0.366,260,0,0.61,0.1934,0.0711,0.1132,0.1972,0.2,0.6877,0.2043,0.1149,0.1207,0.4507,0.65,424,0,extracted,0.1418,0.0376,0.1119,0.1688,0.0771,0.1176
26,42,81,949,79,636,382,0.403,285,0,0.6139,0.181,0.0665,0.1015,0.1972,0.2,0.6877,0.2043,0.1149,0.1207,0.4507,0.65,424,0,extracted,0.1413,0.0375,0.1041,0.1688,0.0771,0.1176
26,42,82,949,79,636,382,0.403,285,0,0.6139,0.181,0.0665,0.1015,0.1972,0.2,0.6877,0.2043,0.1149,0.1207,0.4507,0.65,424,0,extracted,0.1413,0.0375,0.1041,0.1688,0.0771,0.1176
26,42,83,949,79,636,382,0.403,285,0,0.6139,0.181,0.0665,0.1015,0.1972,0.2,0.6877,0.2043,0.1149,0.1207,0.4507,0.65,424,0,extracted,0.1413,0.0375,0.1041,0.1688,0.0771,0.1176
26,42,84,949,79,636,382,0.403,285,0,0.6139,0.181,0.0665,0.1015,0.1972,0.2,0.6877,0.2043,0.1149,0.1207,0.4507,0.65,424,0,extracted,0.1413,0.0375,0.1041,0.1688,0.0771,0.1176
26,42,85,949,79,636,382,0.403,285,0,0.6139,0.181,0.0665,0.1015,0.1972,0.2,0.6877,0.2043,0.1149,0.1207,0.4507,0.65,424,0,extracted,0.1413,0.0375,0.1041,0.1688,0.0771,0.1176
26,42,86,949,79,636,382,0.403,285,0,0.6139,0.181,0.0665,0.1015,0.1972,0.2,0.6877,0.2043,0.1149,0.1207,0.4507,0.65,424,0,extracted,0.1413,0.0375,0.1041,0.1688,0.0771,0.1176
26,42,87,949,79,689,417,0.439,308,0,0.6203,0.1766,0.0784,0.1191,0.2394,0.25,0.6877,0.2043,0.1149,0.1207,0.4507,0.65,424,0,extracted,0.1443,0.0554,0.1237,0.1688,0.0771,0.1176
26,42,88,949,79,689,417,0.439,308,0,0.6203,0.1766,0.0784,0.1191,0.2394,0.25,0.6877,0.2043,0.1149,0.1207,0.4507,0.65,424,0,extracted,0.1443,0.0554,0.1237,0.1688,0.0771,0.1176
26,42,89,949,79,689,417,0.439,308,0,0.6203,0.1766,0.0784,0.1191,0.2394,0.25,0.6877,0.2043,0.1149,0.1207,0.4507,0.65,424,0,extracted,0.1443,0.0554,0.1237,0.1688,0.0771,0.1176
26,42,90,949,79,689,417,0.439,308,0,0.6203,0.1766,0.0784,0.1191,0.2394,0.25,0.6877,0.2043,0.1149,0.1207,0.4507,0.65,424,0,extracted,0.1443,0.0554,0.1237,0.1688,0.0771,0.1176
26,42,91,949,79,689,417,0.439,308,0,0.6203,0.1766,0.0784,0.1191,0.2394,0.25,0.6877,0.2043,0.1149,0.1207,0.4507,0.65,424,0,extracted,0.1443,0.0554,0.1237,0.1688,0.0771,0.1176
26,42,92,949,79,807,475,0.501,354,0,0.6169,0.1752,0.0806,0.1095,0.2817,0.3,0.6877,0.2043,0.1149,0.1207,0.4507,0.65,424,0,extracted,0.1325,0.0667,0.1024,0.1688,0.0771,0.1176
26,42,93,949,79,807,475,0.501,354,0,0.6169,0.1752,0.0806,0.1095,0.2817,0.3,0.6877,0.2043,0.1149,0.1207,0.4507,0.65,424,0,extracted,0.1325,0.0667,0.1024,0.1688,0.0771,0.1176
26,42,94,949,79,807,475,0.501,354,0,0.6169,0.1752,0.0806,0.1095,0.2817,0.3,0.6877,0.2043,0.1149,0.1207,0.4507,0.65,424,0,extracted,0.1325,0.0667,0.1024,0.1688,0.0771,0.1176
26,42,95,949,79,807,475,0.501,354,0,0.6169,0.1752,0.0806,0.1095,0.2817,0.3,0.6877,0.2043,0.1149,0.1207,0.4507,0.65,424,0,extracted,0.1325,0.0667,0.1024,0.1688,0.0771,0.1176
26,42,96,949,79,807,475,0.501,354,0,0.6169,0.1752,0.0806,0.1095,0.2817,0.3,0.6877,0.2043,0.1149,0.1207,0.4507,0.65,424,0,extracted,0.1325,0.0667,0.1024,0.1688,0.0771,0.1176
26,42,97,949,79,807,475,0.501,354,0,0.6169,0.1752,0.0806,0.1095,0.2817,0.3,0.6877,0.2043,0.1149,0.1207,0.4507,0.65,424,0,extracted,0.1325,0.0667,0.1024,0.1688,0.0771,0.1176
26,42,98,949,79,940,556,0.586,417,0,0.6795,0.1888,0.1188,0.1472,0.4648,0.6,0.6877,0.2043,0.1149,0.1207,0.4507,0.65,424,0,extracted,0.1675,0.0947,0.1414,0.1688,0.0771,0.1176
26,42,99,949,79,940,556,0.586,417,0,0.6795,0.1888,0.1188,0.1472,0.4648,0.6,0.6877,0.2043,0.1149,0.1207,0.4507,0.65,424,0,extracted,0.1675,0.0947,0.1414,0.1688,0.0771,0.1176
26,42,100,949,79,940,556,0.586,417,0,0.6795,0.1888,0.1188,0.1472,0.4648,0.6,0.6877,0.2043,0.1149,0.1207,0.4507,0.65,424,0,extracted,0.1675,0.0947,0.1414,0.1688,0.0771,0.1176
27,42,1,859,87,19,19,0.022,14,0,0.6883,0.2264,0.0577,0.1887,0.038,0.08,0.672,0.2504,0.1396,0.1357,0.443,0.68,372,0,extracted,0.1935,0.0,0.1935,0.2324,0.08,0.1468
27,42,2,859,87,19,19,0.022,14,0,0.6883,0.2264,0.0577,0.1887,0.038,0.08,0.672,0.2504,0.1396,0.1357,0.443,0.68,372,0,extracted,0.1935,0.0,0.1935,0.2324,0.08,0.1468
27,42,3,859,87,19,19,0.022,14,0,0.6883,0.2264,0.0577,0.1887,0.038,0.08,0.672,0.2504,0.1396,0.1357,0.443,0.68,372,0,extracted,0.1935,0.0,0.1935,0.2324,0.08,0.1468
27,42,4,859,87,19,19,0.022,14,0,0.6883,0.2264,0.0577,0.1887,0.038,0.08,0.672,0.2504,0.1396,0.1357,0.443,0.68,372,0,extracted,0.1935,0.0,0.1935,0.2324,0.08,0.1468
27,42,5,859,87,19,19,0.022,14,0,0.6883,0.2264,0.0577,0.1887,0.038,0.08,0.672,0.2504,0.1396,0.1357,0.443,0.68,372,0,extracted,0.1935,0.0,0.1935,0.2324,0.08,0.1468
27,42,6,859,87,19,19,0.022,14,0,0.6883,0.2264,0.0577,0.1887,0.038,0.08,0.672,0.2504,0.1396,0.1357,0.443,0.68,372,0,extracted,0.1935,0.0,0.1935,0.2324,0.08,0.1468
27,42,7,859,87,19,19,0.022,14,0,0.6883,0.2264,0.0577,0.1887,0.038,0.08,0.672,0.2504,0.1396,0.1357,0.443,0.68,372,0,extracted,0.1935,0.0,0.1935,0.2324,0.08,0.1468
27,42,8,859,87,19,19,0.022,14,0,0.6883,0.2264,0.0577,0.1887,0.038,0.08,0.672,0.2504,0.1396,0.1357,0.443,0.68,372,0,extracted,0.1935,0.0,0.1935,0.2324,0.08,0.1468
27,42,9,859,87,19,19,0.022,14,0,0.6883,0.2264,0.0577,0.1887,0.038,0.08,0.672,0.2504,0.1396,0.1357,0.443,0.68,372,0,extracted,0.1935,0.0,0.1935,0.2324,0.08,0.1468
27,42,10,859,87,19,19,0.022,14,0,0.6883,0.2264,0.0577,0.1887,0.038,0.08,0.672,0.2504,0.1396,0.1357,0.443,0.68,372,0,extracted,0.1935,0.0,0.1935,0.2324,0.08,0.1468
27,42,11,859,87,50,32,0.037,28,0,0.6843,0.2689,0.0855,0.1681,0.0633,0.12,0.672,0.2504,0.1396,0.1357,0.443,0.68,372,0,extracted,0.2609,0.0299,0.1739,0.2324,0.08,0.1468
27,42,12,859,87,50,32,0.037,28,0,0.6843,0.2689,0.0855,0.1681,0.0633,0.12,0.672,0.2504,0.1396,0.1357,0.443,0.68,372,0,extracted,0.2609,0.0299,0.1739,0.2324,0.08,0.1468
27,42,13,859,87,50,32,0.037,28,0,0.6843,0.2689,0.0855,0.1681,0.0633,0.12,0.672,0.2504,0.1396,0.1357,0.443,0.68,372,0,extracted,0.2609,0.0299,0.1739,0.2324,0.08,0.1468
27,42,14,859,87,50,32,0.037,28,0,0.6843,0.2689,0.0855,0.1681,0.0633,0.12,0.672,0.2504,0.1396,0.1357,0.443,0.68,372,0,extracted,0.2609,0.0299,0.1739,0.2324,0.08,0.1468
27,42,15,859,87,50,32,0.037,28,0,0.6843,0.2689,0.0855,0.1681,0.0633,0.12,0.672,0.2504,0.1396,0.1357,0.443,0.68,372,0,extracted,0.2609,0.0299,0.1739,0.2324,0.08,0.1468
27,42,16,859,87,50,32,0.037,28,0,0.6843,0.2689,0.0855,0.1681,0.0633,0.12,0.672,0.2504,0.1396,0.1357,0.443,0.68,372,0,extracted,0.2609,0.0299,0.1739,0.2324,0.08,0.1468
27,42,17,859,87,50,32,0.037,28,0,0.6843,0.2689,0.0855,0.1681,0.0633,0.12,0.672,0.2504,0.1396,0.1357,0.443,0.68,372,0,extracted,0.2609,0.0299,0.1739,0.2324,0.08,0.1468
27,42,18,859,87,86,50,0.058,46,0,0.6626,0.219,0.0593,0.1314,0.0506,0.12,0.672,0.2504,0.1396,0.1357,0.443,0.68,372,0,extracted,0.2963,0.0253,0.1975,0.2324,0.08,0.1468
27,42,19,859,87,86,50,0.058,46,0,0.6626,0.219,0.0593,0.1314,0.0506,0.12,0.672,0.2504,0.1396,0.1357,0.443,0.68,372,0,extracted,0.2963,0.0253,0.1975,0.2324,0.08,0.1468
27,42,20,859,87,86,50,0.058,46,0,0.6626,0.219,0.0593,0.1314,0.0506,0.12,0.672,0.2504,0.1396,0.1357,0.443,0.68,372,0,extracted,0.2963,0.0253,0.1975,0.2324,0.08,0.1468
27,42,21,859,87,86,50,0.058,46,0,0.6626,0.219,0.0593,0.1314,0.0506,0.12,0.672,0.2504,0.1396,0.1357,0.443,0.68,372,0,extracted,0.2963,0.0253,0.1975,0.2324,0.08,0.1468
27,42,22,859,87,86,50,0.058,46,0,0.6626,0.219,0.0593,0.1314,0.0506,0.12,0.672,0.2504,0.1396,0.1357,0.443,0.68,372,0,extracted,0.2963,0.0253,0.1975,0.2324,0.08,0.1468
27,42,23,859,87,86,50,0.058,46,0,0.6626,0.219,0.0593,0.1314,0.0506,0.12,0.672,0.2504,0.1396,0.1357,0.443,0.68,372,0,extracted,0.2963,0.0253,0.1975,0.2324,0.08,0.1468
27,42,24,859,87,86,50,0.058,46,0,0.6626,0.219,0.0593,0.1314,0.0506,0.12,0.672,0.2504,0.1396,0.1357,0.443,0.68,372,0,extracted,0.2963,0.0253,0.1975,0.2324,0.08,0.1468
27,42,25,859,87,141,77,0.09,69,0,0.6646,0.3049,0.0864,0.1463,0.0886,0.2,0.672,0.2504,0.1396,0.1357,0.443,0.68,372,0,extracted,0.34,0.0204,0.2,0.2324,0.08,0.1468
27,42,26,859,87,141,77,0.09,69,0,0.6646,0.3049,0.0864,0.1463,0.0886,0.2,0.672,0.2504,0.1396,0.1357,0.443,0.68,372,0,extracted,0.34,0.0204,0.2,0.2324,0.08,0.1468
27,42,27,859,87,141,77,0.09,69,0,0.6646,0.3049,0.0864,0.1463,0.0886,0.2,0.672,0.2504,0.1396,0.1357,0.443,0.68,372,0,extracted,0.34,0.0204,0.2,0.2324,0.08,0.1468
27,42,28,859,87,141,77,0.09,69,0,0.6646,0.3049,0.0864,0.1463,0.0886,0.2,0.672,0.2504,0.1396,0.1357,0.443,0.68,372,0,extracted,0.34,0.0204,0.2,0.2324,0.08,0.1468
27,42,29,859,87,141,77,0.09,69,0,0.6646,0.3049,0.0864,0.1463,0.0886,0.2,0.672,0.2504,0.1396,0.1357,0.443,0.68,372,0,extracted,0.34,0.0204,0.2,0.2324,0.08,0.1468
27,42,30,859,87,141,77,0.09,69,0,0.6646,0.3049,0.0864,0.1463,0.0886,0.2,0.672,0.2504,0.1396,0.1357,0.443,0.68,372,0,extracted,0.34,0.0204,0.2,0.2324,0.08,0.1468
27,42,31,859,87,141,77,0.09,69,0,0.6646,0.3049,0.0864,0.1463,0.0886,0.2,0.672,0.2504,0.1396,0.1357,0.443,0.68,372,0,extracted,0.34,0.0204,0.2,0.2324,0.08,0.1468
27,42,32,859,87,141,77,0.09,69,0,0.6646,0.3049,0.0864,0.1463,0.0886,0.2,0.672,0.2504,0.1396,0.1357,0.443,0.68,372,0,extracted,0.34,0.0204,0.2,0.2324,0.08,0.1468
27,42,33,859,87,203,124,0.144,96,0,0.6727,0.3697,0.0861,0.1896,0.1013,0.16,0.672,0.2504,0.1396,0.1357,0.443,0.68,372,0,extracted,0.3175,0.0323,0.2063,0.2324,0.08,0.1468
27,42,34,859,87,203,124,0.144,96,0,0.6727,0.3697,0.0861,0.1896,0.1013,0.16,0.672,0.2504,0.1396,0.1357,0.443,0.68,372,0,extracted,0.3175,0.0323,0.2063,0.2324,0.08,0.1468
27,42,35,859,87,203,124,0.144,96,0,0.6727,0.3697,0.0861,0.1896,0.1013,0.16,0.672,0.2504,0.1396,0.1357,0.443,0.68,372,0,extracted,0.3175,0.0323,0.2063,0.2324,0.08,0.1468
27,42,36,859,87,203,124,0.144,96,0,0.6727,0.3697,0.0861,0.1896,0.1013,0.16,0.672,0.2504,0.1396,0.1357,0.443,0.68,372,0,extracted,0.3175,0.0323,0.2063,0.2324,0.08,0.1468
27,42,37,859,87,203,124,0.144,96,0,0.6727,0.3697,0.0861,0.1896,0.1013,0.16,0.672,0.2504,0.1396,0.1357,0.443,0.68,372,0,extracted,0.3175,0.0323,0.2063,0.2324,0.08,0.1468
27,42,38,859,87,203,124,0.144,96,0,0.6727,0.3697,0.0861,0.1896,0.1013,0.16,0.672,0.2504,0.1396,0.1357,0.443,0.68,372,0,extracted,0.3175,0.0323,0.2063,0.2324,0.08,0.1468
27,42,39,859,87,203,124,0.144,96,0,0.6727,0.3697,0.0861,0.1896,0.1013,0.16,0.672,0.2504,0.1396,0.1357,0.443,0.68,372,0,extracted,0.3175,0.0323,0.2063,0.2324,0.08,0.1468
27,42,40,859,87,249,136,0.158,119,0,0.6727,0.3587,0.0724,0.1345,0.1013,0.24,0.672,0.2504,0.1396,0.1357,0.443,0.68,372,0,extracted,0.3182,0.0154,0.1667,0.2324,0.08,0.1468
27,42,41,859,87,249,136,0.158,119,0,0.6727,0.3587,0.0724,0.1345,0.1013,0.24,0.672,0.2504,0.1396,0.1357,0.443,0.68,372,0,extracted,0.3182,0.0154,0.1667,0.2324,0.08,0.1468
27,42,42,859,87,249,136,0.158,119,0,0.6727,0.3587,0.0724,0.1345,0.1013,0.24,0.672,0.2504,0.1396,0.1357,0.443,0.68,372,0,extracted,0.3182,0.0154,0.1667,0.2324,0.08,0.1468
27,42,43,859,87,249,136,0.158,119,0,0.6727,0.3587,0.0724,0.1345,0.1013,0.24,0.672,0.2504,0.1396,0.1357,0.443,0.68,372,0,extracted,0.3182,0.0154,0.1667,0.2324,0.08,0.1468
27,42,44,859,87,249,136,0.158,119,0,0.6727,0.3587,0.0724,0.1345,0.1013,0.24,0.672,0.2504,0.1396,0.1357,0.443,0.68,372,0,extracted,0.3182,0.0154,0.1667,0.2324,0.08,0.1468
27,42,45,859,87,249,136,0.158,119,0,0.6727,0.3587,0.0724,0.1345,0.1013,0.24,0.672,0.2504,0.1396,0.1357,0.443,0.68,372,0,extracted,0.3182,0.0154,0.1667,0.2324,0.08,0.1468
27,42,46,859,87,249,136,0.158,119,0,0.6727,0.3587,0.0724,0.1345,0.1013,0.24,0.672,0.2504,0.1396,0.1357,0.443,0.68,372,0,extracted,0.3182,0.0154,0.1667,0.2324,0.08,0.1468
27,42,47,859,87,310,170,0.198,149,0,0.6695,0.3187,0.0964,0.1275,0.1519,0.28,0.672,0.2504,0.1396,0.1357,0.443,0.68,372,0,extracted,0.2899,0.0294,0.1739,0.2324,0.08,0.1468
27,42,48,859,87,310,170,0.198,149,0,0.6695,0.3187,0.0964,0.1275,0.1519,0.28,0.672,0.2504,0.1396,0.1357,0.443,0.68,372,0,extracted,0.2899,0.0294,0.1739,0.2324,0.08,0.1468
27,42,49,859,87,310,170,0.198,149,0,0.6695,0.3187,0.0964,0.1275,0.1519,0.28,0.672,0.2504,0.1396,0.1357,0.443,0.68,372,0,extracted,0.2899,0.0294,0.1739,0.2324,0.08,0.1468
27,42,50,859,87,310,170,0.198,149,0,0.6695,0.3187,0.0964,0.1275,0.1519,0.28,0.672,0.2504,0.1396,0.1357,0.443,0.68,372,0,extracted,0.2899,0.0294,0.1739,0.2324,0.08,0.1468
27,42,51,859,87,310,170,0.198,149,0,0.6695,0.3187,0.0964,0.1275,0.1519,0.28,0.672,0.2504,0.1396,0.1357,0.443,0.68,372,0,extracted,0.2899,0.0294,0.1739,0.2324,0.08,0.1468
27,42,52,859,87,310,170,0.198,149,0,0.6695,0.3187,0.0964,0.1275,0.1519,0.28,0.672,0.2504,0.1396,0.1357,0.443,0.68,372,0,extracted,0.2899,0.0294,0.1739,0.2324,0.08,0.1468
27,42,53,859,87,310,170,0.198,149,0,0.6695,0.3187,0.0964,0.1275,0.1519,0.28,0.672,0.2504,0.1396,0.1357,0.443,0.68,372,0,extracted,0.2899,0.0294,0.1739,0.2324,0.08,0.1468
27,42,54,859,87,400,229,0.267,186,0,0.6725,0.356,0.1173,0.1748,0.1772,0.28,0.672,0.2504,0.1396,0.1357,0.443,0.68,372,0,extracted,0.3158,0.0473,0.152,0.2324,0.08,0.1468
27,42,55,859,87,400,229,0.267,186,0,0.6725,0.356,0.1173,0.1748,0.1772,0.28,0.672,0.2504,0.1396,0.1357,0.443,0.68,372,0,extracted,0.3158,0.0473,0.152,0.2324,0.08,0.1468
27,42,56,859,87,400,229,0.267,186,0,0.6725,0.356,0.1173,0.1748,0.1772,0.28,0.672,0.2504,0.1396,0.1357,0.443,0.68,372,0,extracted,0.3158,0.0473,0.152,0.2324,0.08,0.1468
27,42,57,859,87,400,229,0.267,186,0,0.6725,0.356,0.1173,0.1748,0.1772,0.28,0.672,0.2504,0.1396,0.1357,0.443,0.68,372,0,extracted,0.3158,0.0473,0.152,0.2324,0.08,0.1468
27,42,58,859,87,400,229,0.267,186,0,0.6725,0.356,0.1173,0.1748,0.1772,0.28,0.672,0.2504,0.1396,0.1357,0.443,0.68,372,0,extracted,0.3158,0.0473,0.152,0.2324,0.08,0.1468
27,42,59,859,87,400,229,0.267,186,0,0.6725,0.356,0.1173,0.1748,0.1772,0.28,0.672,0.2504,0.1396,0.1357,0.443,0.68,372,0,extracted,0.3158,0.0473,0.152,0.2324,0.08,0.1468
27,42,60,859,87,400,229,0.267,186,0,0.6725,0.356,0.1173,0.1748,0.1772,0.28,0.672,0.2504,0.1396,0.1357,0.443,0.68,372,0,extracted,0.3158,0.0473,0.152,0.2324,0.08,0.1468
27,42,61,859,87,484,285,0.332,220,0,0.6621,0.3224,0.1099,0.1749,0.2152,0.32,0.672,0.2504,0.1396,0.1357,0.443,0.68,372,0,extracted,0.266,0.0398,0.1576,0.2324,0.08,0.1468
27,42,62,859,87,484,285,0.332,220,0,0.6621,0.3224,0.1099,0.1749,0.2152,0.32,0.672,0.2504,0.1396,0.1357,0.443,0.68,372,0,extracted,0.266,0.0398,0.1576,0.2324,0.08,0.1468
27,42,63,859,87,484,285,0.332,220,0,0.6621,0.3224,0.1099,0.1749,0.2152,0.32,0.672,0.2504,0.1396,0.1357,0.443,0.68,372,0,extracted,0.266,0.0398,0.1576,0.2324,0.08,0.1468
27,42,64,859,87,484,285,0.332,220,0,0.6621,0.3224,0.1099,0.1749,0.2152,0.32,0.672,0.2504,0.1396,0.1357,0.443,0.68,372,0,extracted,0.266,0.0398,0.1576,0.2324,0.08,0.1468
27,42,65,859,87,484,285,0.332,220,0,0.6621,0.3224,0.1099,0.1749,0.2152,0.32,0.672,0.2504,0.1396,0.1357,0.443,0.68,372,0,extracted,0.266,0.0398,0.1576,0.2324,0.08,0.1468
27,42,66,859,87,484,285,0.332,220,0,0.6621,0.3224,0.1099,0.1749,0.2152,0.32,0.672,0.2504,0.1396,0.1357,0.443,0.68,372,0,extracted,0.266,0.0398,0.1576,0.2324,0.08,0.1468
27,42,67,859,87,484,285,0.332,220,0,0.6621,0.3224,0.1099,0.1749,0.2152,0.32,0.672,0.2504,0.1396,0.1357,0.443,0.68,372,0,extracted,0.266,0.0398,0.1576,0.2324,0.08,0.1468
27,42,68,859,87,561,329,0.383,250,0,0.6796,0.3325,0.1229,0.1711,0.2658,0.44,0.672,0.2504,0.1396,0.1357,0.443,0.68,372,0,extracted,0.2672,0.0609,0.1552,0.2324,0.08,0.1468
27,42,69,859,87,561,329,0.383,250,0,0.6796,0.3325,0.1229,0.1711,0.2658,0.44,0.672,0.2504,0.1396,0.1357,0.443,0.68,372,0,extracted,0.2672,0.0609,0.1552,0.2324,0.08,0.1468
27,42,70,859,87,561,329,0.383,250,0,0.6796,0.3325,0.1229,0.1711,0.2658,0.44,0.672,0.2504,0.1396,0.1357,0.443,0.68,372,0,extracted,0.2672,0.0609,0.1552,0.2324,0.08,0.1468
27,42,71,859,87,561,329,0.383,250,0,0.6796,0.3325,0.1229,0.1711,0.2658,0.44,0.672,0.2504,0.1396,0.1357,0.443,0.68,372,0,extracted,0.2672,0.0609,0.1552,0.2324,0.08,0.1468
27,42,72,859,87,561,329,0.383,250,0,0.6796,0.3325,0.1229,0.1711,0.2658,0.44,0.672,0.2504,0.1396,0.1357,0.443,0.68,372,0,extracted,0.2672,0.0609,0.1552,0.2324,0.08,0.1468
27,42,73,859,87,561,329,0.383,250,0,0.6796,0.3325,0.1229,0.1711,0.2658,0.44,0.672,0.2504,0.1396,0.1357,0.443,0.68,372,0,extracted,0.2672,0.0609,0.1552,0.2324,0.08,0.1468
27,42,74,859,87,561,329,0.383,250,0,0.6796,0.3325,0.1229,0.1711,0.2658,0.44,0.672,0.2504,0.1396,0.1357,0.443,0.68,372,0,extracted,0.2672,0.0609,0.1552,0.2324,0.08,0.1468
27,42,75,859,87,561,329,0.383,250,0,0.6796,0.3325,0.1229,0.1711,0.2658,0.44,0.672,0.2504,0.1396,0.1357,0.443,0.68,372,0,extracted,0.2672,0.0609,0.1552,0.2324,0.08,0.1468
27,42,76,859,87,613,340,0.396,268,0,0.6737,0.319,0.134,0.1667,0.3038,0.48,0.672,0.2504,0.1396,0.1357,0.443,0.68,372,0,extracted,0.2616,0.0596,0.1603,0.2324,0.08,0.1468
27,42,77,859,87,613,340,0.396,268,0,0.6737,0.319,0.134,0.1667,0.3038,0.48,0.672,0.2504,0.1396,0.1357,0.443,0.68,372,0,extracted,0.2616,0.0596,0.1603,0.2324,0.08,0.1468
27,42,78,859,87,613,340,0.396,268,0,0.6737,0.319,0.134,0.1667,0.3038,0.48,0.672,0.2504,0.1396,0.1357,0.443,0.68,372,0,extracted,0.2616,0.0596,0.1603,0.2324,0.08,0.1468
27,42,79,859,87,613,340,0.396,268,0,0.6737,0.319,0.134,0.1667,0.3038,0.48,0.672,0.2504,0.1396,0.1357,0.443,0.68,372,0,extracted,0.2616,0.0596,0.1603,0.2324,0.08,0.1468
27,42,80,859,87,613,340,0.396,268,0,0.6737,0.319,0.134,0.1667,0.3038,0.48,0.672,0.2504,0.1396,0.1357,0.443,0.68,372,0,extracted,0.2616,0.0596,0.1603,0.2324,0.08,0.1468
27,42,81,859,87,613,340,0.396,268,0,0.6737,0.319,0.134,0.1667,0.3038,0.48,0.672,0.2504,0.1396,0.1357,0.443,0.68,372,0,extracted,0.2616,0.0596,0.1603,0.2324,0.08,0.1468
27,42,82,859,87,613,340,0.396,268,0,0.6737,0.319,0.134,0.1667,0.3038,0.48,0.672,0.2504,0.1396,0.1357,0.443,0.68,372,0,extracted,0.2616,0.0596,0.1603,0.2324,0.08,0.1468
27,42,83,859,87,664,383,0.446,287,0,0.6787,0.2888,0.1342,0.1638,0.3418,0.52,0.672,0.2504,0.1396,0.1357,0.443,0.68,372,0,extracted,0.2615,0.0698,0.1615,0.2324,0.08,0.1468
27,42,84,859,87,664,383,0.446,287,0,0.6787,0.2888,0.1342,0.1638,0.3418,0.52,0.672,0.2504,0.1396,0.1357,0.443,0.68,372,0,extracted,0.2615,0.0698,0.1615,0.2324,0.08,0.1468
27,42,85,859,87,664,383,0.446,287,0,0.6787,0.2888,0.1342,0.1638,0.3418,0.52,0.672,0.2504,0.1396,0.1357,0.443,0.68,372,0,extracted,0.2615,0.0698,0.1615,0.2324,0.08,0.1468
27,42,86,859,87,664,383,0.446,287,0,0.6787,0.2888,0.1342,0.1638,0.3418,0.52,0.672,0.2504,0.1396,0.1357,0.443,0.68,372,0,extracted,0.2615,0.0698,0.1615,0.2324,0.08,0.1468
27,42,87,859,87,664,383,0.446,287,0,0.6787,0.2888,0.1342,0.1638,0.3418,0.52,0.672,0.2504,0.1396,0.1357,0.443,0.68,372,0,extracted,0.2615,0.0698,0.1615,0.2324,0.08,0.1468
27,42,88,859,87,664,383,0.446,287,0,0.6787,0.2888,0.1342,0.1638,0.3418,0.52,0.672,0.2504,0.1396,0.1357,0.443,0.68,372,0,extracted,0.2615,0.0698,0.1615,0.2324,0.08,0.1468
27,42,89,859,87,664,383,0.446,287,0,0.6787,0.2888,0.1342,0.1638,0.3418,0.52,0.672,0.2504,0.1396,0.1357,0.443,0.68,372,0,extracted,0.2615,0.0698,0.1615,0.2324,0.08,0.1468
27,42,90,859,87,780,449,0.523,338,0,0.6791,0.2576,0.1331,0.1553,0.3797,0.56,0.672,0.2504,0.1396,0.1357,0.443,0.68,372,0,extracted,0.2392,0.0736,0.1395,0.2324,0.08,0.1468
27,42,91,859,87,780,449,0.523,338,0,0.6791,0.2576,0.1331,0.1553,0.3797,0.56,0.672,0.2504,0.1396,0.1357,0.443,0.68,372,0,extracted,0.2392,0.0736,0.1395,0.2324,0.08,0.1468
27,42,92,859,87,780,449,0.523,338,0,0.6791,0.2576,0.1331,0.1553,0.3797,0.56,0.672,0.2504,0.1396,0.1357,0.443,0.68,372,0,extracted,0.2392,0.0736,0.1395,0.2324,0.08,0.1468
27,42,93,859,87,780,449,0.523,338,0,0.6791,0.2576,0.1331,0.1553,0.3797,0.56,0.672,0.2504,0.1396,0.1357,0.443,0.68,372,0,extracted,0.2392,0.0736,0.1395,0.2324,0.08,0.1468
27,42,94,859,87,780,449,0.523,338,0,0.6791,0.2576,0.1331,0.1553,0.3797,0.56,0.672,0.2504,0.1396,0.1357,0.443,0.68,372,0,extracted,0.2392,0.0736,0.1395,0.2324,0.08,0.1468
27,42,95,859,87,780,449,0.523,338,0,0.6791,0.2576,0.1331,0.1553,0.3797,0.56,0.672,0.2504,0.1396,0.1357,0.443,0.68,372,0,extracted,0.2392,0.0736,0.1395,0.2324,0.08,0.1468
27,42,96,859,87,780,449,0.523,338,0,0.6791,0.2576,0.1331,0.1553,0.3797,0.56,0.672,0.2504,0.1396,0.1357,0.443,0.68,372,0,extracted,0.2392,0.0736,0.1395,0.2324,0.08,0.1468
27,42,97,859,87,850,468,0.545,364,0,0.6746,0.2555,0.1245,0.1533,0.3797,0.64,0.672,0.2504,0.1396,0.1357,0.443,0.68,372,0,extracted,0.2308,0.0581,0.141,0.2324,0.08,0.1468
27,42,98,859,87,850,468,0.545,364,0,0.6746,0.2555,0.1245,0.1533,0.3797,0.64,0.672,0.2504,0.1396,0.1357,0.443,0.68,372,0,extracted,0.2308,0.0581,0.141,0.2324,0.08,0.1468
27,42,99,859,87,850,468,0.545,364,0,0.6746,0.2555,0.1245,0.1533,0.3797,0.64,0.672,0.2504,0.1396,0.1357,0.443,0.68,372,0,extracted,0.2308,0.0581,0.141,0.2324,0.08,0.1468
27,42,100,859,87,850,468,0.545,364,0,0.6746,0.2555,0.1245,0.1533,0.3797,0.64,0.672,0.2504,0.1396,0.1357,0.443,0.68,372,0,extracted,0.2308,0.0581,0.141,0.2324,0.08,0.1468
28,42,1,951,90,11,16,0.017,8,0,0.5765,0.0566,0.0,0.0377,0.0,0.0,0.6757,0.2232,0.1237,0.1322,0.4744,0.6,512,1,extracted,0.0968,0.0,0.0645,0.212,0.0874,0.1413
28,42,2,951,90,11,16,0.017,8,0,0.5765,0.0566,0.0,0.0377,0.0,0.0,0.6757,0.2232,0.1237,0.1322,0.4744,0.6,512,1,extracted,0.0968,0.0,0.0645,0.212,0.0874,0.1413
28,42,3,951,90,11,16,0.017,8,0,0.5765,0.0566,0.0,0.0377,0.0,0.0,0.6757,0.2232,0.1237,0.1322,0.4744,0.6,512,1,extracted,0.0968,0.0,0.0645,0.212,0.0874,0.1413
28,42,4,951,90,11,16,0.017,8,0,0.5765,0.0566,0.0,0.0377,0.0,0.0,0.6757,0.2232,0.1237,0.1322,0.4744,0.6,512,1,extracted,0.0968,0.0,0.0645,0.212,0.0874,0.1413
28,42,5,951,90,11,16,0.017,8,0,0.5765,0.0566,0.0,0.0377,0.0,0.0,0.6757,0.2232,0.1237,0.1322,0.4744,0.6,512,1,extracted,0.0968,0.0,0.0645,0.212,0.0874,0.1413
28,42,6,951,90,11,16,0.017,8,0,0.5765,0.0566,0.0,0.0377,0.0,0.0,0.6757,0.2232,0.1237,0.1322,0.4744,0.6,512,1,extracted,0.0968,0.0,0.0645,0.212,0.0874,0.1413
28,42,7,951,90,11,16,0.017,8,0,0.5765,0.0566,0.0,0.0377,0.0,0.0,0.6757,0.2232,0.1237,0.1322,0.4744,0.6,512,1,extracted,0.0968,0.0,0.0645,0.212,0.0874,0.1413
28,42,8,951,90,23,23,0.024,16,0,0.602,0.1062,0.0,0.0885,0.0,0.0,0.6757,0.2232,0.1237,0.1322,0.4744,0.6,512,1,extracted,0.125,0.0,0.0938,0.212,0.0874,0.1413
28,42,9,951,90,23,23,0.024,16,0,0.602,0.1062,0.0,0.0885,0.0,0.0,0.6757,0.2232,0.1237,0.1322,0.4744,0.6,512,1,extracted,0.125,0.0,0.0938,0.212,0.0874,0.1413
28,42,10,951,90,23,23,0.024,16,0,0.602,0.1062,0.0,0.0885,0.0,0.0,0.6757,0.2232,0.1237,0.1322,0.4744,0.6,512,1,extracted,0.125,0.0,0.0938,0.212,0.0874,0.1413
28,42,11,951,90,23,23,0.024,16,0,0.602,0.1062,0.0,0.0885,0.0,0.0,0.6757,0.2232,0.1237,0.1322,0.4744,0.6,512,1,extracted,0.125,0.0,0.0938,0.212,0.0874,0.1413
28,42,12,951,90,38,35,0.037,23,0,0.6191,0.16,0.0,0.096,0.0,0.0,0.6757,0.2232,0.1237,0.1322,0.4744,0.6,512,1,extracted,0.1972,0.0,0.1408,0.212,0.0874,0.1413
28,42,13,951,90,38,35,0.037,23,0,0.6191,0.16,0.0,0.096,0.0,0.0,0.6757,0.2232,0.1237,0.1322,0.4744,0.6,512,1,extracted,0.1972,0.0,0.1408,0.212,0.0874,0.1413
28,42,14,951,90,38,35,0.037,23,0,0.6191,0.16,0.0,0.096,0.0,0.0,0.6757,0.2232,0.1237,0.1322,0.4744,0.6,512,1,extracted,0.1972,0.0,0.1408,0.212,0.0874,0.1413
28,42,15,951,90,38,35,0.037,23,0,0.6191,0.16,0.0,0.096,0.0,0.0,0.6757,0.2232,0.1237,0.1322,0.4744,0.6,512,1,extracted,0.1972,0.0,0.1408,0.212,0.0874,0.1413
28,42,16,951,90,38,35,0.037,23,0,0.6191,0.16,0.0,0.096,0.0,0.0,0.6757,0.2232,0.1237,0.1322,0.4744,0.6,512,1,extracted,0.1972,0.0,0.1408,0.212,0.0874,0.1413
28,42,17,951,90,61,39,0.041,34,0,0.617,0.2326,0.0787,0.186,0.0641,0.1,0.6757,0.2232,0.1237,0.1322,0.4744,0.6,512,1,extracted,0.359,0.1053,0.2821,0.212,0.0874,0.1413
28,42,18,951,90,61,39,0.041,34,0,0.617,0.2326,0.0787,0.186,0.0641,0.1,0.6757,0.2232,0.1237,0.1322,0.4744,0.6,512,1,extracted,0.359,0.1053,0.2821,0.212,0.0874,0.1413
28,42,19,951,90,61,39,0.041,34,0,0.617,0.2326,0.0787,0.186,0.0641,0.1,0.6757,0.2232,0.1237,0.1322,0.4744,0.6,512,1,extracted,0.359,0.1053,0.2821,0.212,0.0874,0.1413
28,42,20,951,90,61,39,0.041,34,0,0.617,0.2326,0.0787,0.186,0.0641,0.1,0.6757,0.2232,0.1237,0.1322,0.4744,0.6,512,1,extracted,0.359,0.1053,0.2821,0.212,0.0874,0.1413
28,42,21,951,90,61,39,0.041,34,0,0.617,0.2326,0.0787,0.186,0.0641,0.1,0.6757,0.2232,0.1237,0.1322,0.4744,0.6,512,1,extracted,0.359,0.1053,0.2821,0.212,0.0874,0.1413
28,42,22,951,90,86,53,0.056,50,0,0.6621,0.3077,0.0851,0.2238,0.0769,0.1,0.6757,0.2232,0.1237,0.1322,0.4744,0.6,512,1,extracted,0.359,0.1053,0.2821,0.212,0.0874,0.1413
28,42,23,951,90,86,53,0.056,50,0,0.6621,0.3077,0.0851,0.2238,0.0769,0.1,0.6757,0.2232,0.1237,0.1322,0.4744,0.6,512,1,extracted,0.359,0.1053,0.2821,0.212,0.0874,0.1413
28,42,24,951,90,86,53,0.056,50,0,0.6621,0.3077,0.0851,0.2238,0.0769,0.1,0.6757,0.2232,0.1237,0.1322,0.4744,0.6,512,1,extracted,0.359,0.1053,0.2821,0.212,0.0874,0.1413
28,42,25,951,90,86,53,0.056,50,0,0.6621,0.3077,0.0851,0.2238,0.0769,0.1,0.6757,0.2232,0.1237,0.1322,0.4744,0.6,512,1,extracted,0.359,0.1053,0.2821,0.212,0.0874,0.1413
28,42,26,951,90,86,53,0.056,50,0,0.6621,0.3077,0.0851,0.2238,0.0769,0.1,0.6757,0.2232,0.1237,0.1322,0.4744,0.6,512,1,extracted,0.359,0.1053,0.2821,0.212,0.0874,0.1413
28,42,27,951,90,116,70,0.074,64,0,0.6834,0.4,0.1519,0.225,0.1538,0.15,0.6757,0.2232,0.1237,0.1322,0.4744,0.6,512,1,extracted,0.3953,0.0952,0.2791,0.212,0.0874,0.1413
28,42,28,951,90,116,70,0.074,64,0,0.6834,0.4,0.1519,0.225,0.1538,0.15,0.6757,0.2232,0.1237,0.1322,0.4744,0.6,512,1,extracted,0.3953,0.0952,0.2791,0.212,0.0874,0.1413
28,42,29,951,90,116,70,0.074,64,0,0.6834,0.4,0.1519,0.225,0.1538,0.15,0.6757,0.2232,0.1237,0.1322,0.4744,0.6,512,1,extracted,0.3953,0.0952,0.2791,0.212,0.0874,0.1413
28,42,30,951,90,116,70,0.074,64,0,0.6834,0.4,0.1519,0.225,0.1538,0.15,0.6757,0.2232,0.1237,0.1322,0.4744,0.6,512,1,extracted,0.3953,0.0952,0.2791,0.212,0.0874,0.1413
28,42,31,951,90,144,80,0.084,78,0,0.6941,0.3647,0.1071,0.2353,0.1154,0.15,0.6757,0.2232,0.1237,0.1322,0.4744,0.6,512,1,extracted,0.3736,0.0674,0.2637,0.212,0.0874,0.1413
28,42,32,951,90,144,80,0.084,78,0,0.6941,0.3647,0.1071,0.2353,0.1154,0.15,0.6757,0.2232,0.1237,0.1322,0.4744,0.6,512,1,extracted,0.3736,0.0674,0.2637,0.212,0.0874,0.1413
28,42,33,951,90,144,80,0.084,78,0,0.6941,0.3647,0.1071,0.2353,0.1154,0.15,0.6757,0.2232,0.1237,0.1322,0.4744,0.6,512,1,extracted,0.3736,0.0674,0.2637,0.212,0.0874,0.1413
28,42,34,951,90,144,80,0.084,78,0,0.6941,0.3647,0.1071,0.2353,0.1154,0.15,0.6757,0.2232,0.1237,0.1322,0.4744,0.6,512,1,extracted,0.3736,0.0674,0.2637,0.212,0.0874,0.1413
28,42,35,951,90,144,80,0.084,78,0,0.6941,0.3647,0.1071,0.2353,0.1154,0.15,0.6757,0.2232,0.1237,0.1322,0.4744,0.6,512,1,extracted,0.3736,0.0674,0.2637,0.212,0.0874,0.1413
28,42,36,951,90,182,111,0.117,100,0,0.6719,0.3682,0.1206,0.1891,0.141,0.2,0.6757,0.2232,0.1237,0.1322,0.4744,0.6,512,1,extracted,0.4037,0.1308,0.2752,0.212,0.0874,0.1413
28,42,37,951,90,182,111,0.117,100,0,0.6719,0.3682,0.1206,0.1891,0.141,0.2,0.6757,0.2232,0.1237,0.1322,0.4744,0.6,512,1,extracted,0.4037,0.1308,0.2752,0.212,0.0874,0.1413
28,42,38,951,90,182,111,0.117,100,0,0.6719,0.3682,0.1206,0.1891,0.141,0.2,0.6757,0.2232,0.1237,0.1322,0.4744,0.6,512,1,extracted,0.4037,0.1308,0.2752,0.212,0.0874,0.1413
28,42,39,951,90,182,111,0.117,100,0,0.6719,0.3682,0.1206,0.1891,0.141,0.2,0.6757,0.2232,0.1237,0.1322,0.4744,0.6,512,1,extracted,0.4037,0.1308,0.2752,0.212,0.0874,0.1413
28,42,40,951,90,182,111,0.117,100,0,0.6719,0.3682,0.1206,0.1891,0.141,0.2,0.6757,0.2232,0.1237,0.1322,0.4744,0.6,512,1,extracted,0.4037,0.1308,0.2752,0.212,0.0874,0.1413
28,42,41,951,90,222,128,0.135,126,0,0.6664,0.3211,0.1019,0.1927,0.1282,0.15,0.6757,0.2232,0.1237,0.1322,0.4744,0.6,512,1,extracted,0.3529,0.1368,0.2353,0.212,0.0874,0.1413
28,42,42,951,90,222,128,0.135,126,0,0.6664,0.3211,0.1019,0.1927,0.1282,0.15,0.6757,0.2232,0.1237,0.1322,0.4744,0.6,512,1,extracted,0.3529,0.1368,0.2353,0.212,0.0874,0.1413
28,42,43,951,90,222,128,0.135,126,0,0.6664,0.3211,0.1019,0.1927,0.1282,0.15,0.6757,0.2232,0.1237,0.1322,0.4744,0.6,512,1,extracted,0.3529,0.1368,0.2353,0.212,0.0874,0.1413
28,42,44,951,90,222,128,0.135,126,0,0.6664,0.3211,0.1019,0.1927,0.1282,0.15,0.6757,0.2232,0.1237,0.1322,0.4744,0.6,512,1,extracted,0.3529,0.1368,0.2353,0.212,0.0874,0.1413
28,42,45,951,90,222,128,0.135,126,0,0.6664,0.3211,0.1019,0.1927,0.1282,0.15,0.6757,0.2232,0.1237,0.1322,0.4744,0.6,512,1,extracted,0.3529,0.1368,0.2353,0.212,0.0874,0.1413
28,42,46,951,90,267,155,0.163,148,0,0.6731,0.351,0.1399,0.2041,0.2051,0.25,0.6757,0.2232,0.1237,0.1322,0.4744,0.6,512,1,extracted,0.3622,0.096,0.2205,0.212,0.0874,0.1413
28,42,47,951,90,267,155,0.163,148,0,0.6731,0.351,0.1399,0.2041,0.2051,0.25,0.6757,0.2232,0.1237,0.1322,0.4744,0.6,512,1,extracted,0.3622,0.096,0.2205,0.212,0.0874,0.1413
28,42,48,951,90,267,155,0.163,148,0,0.6731,0.351,0.1399,0.2041,0.2051,0.25,0.6757,0.2232,0.1237,0.1322,0.4744,0.6,512,1,extracted,0.3622,0.096,0.2205,0.212,0.0874,0.1413
28,42,49,951,90,267,155,0.163,148,0,0.6731,0.351,0.1399,0.2041,0.2051,0.25,0.6757,0.2232,0.1237,0.1322,0.4744,0.6,512,1,extracted,0.3622,0.096,0.2205,0.212,0.0874,0.1413
28,42,50,951,90,267,155,0.163,148,0,0.6731,0.351,0.1399,0.2041,0.2051,0.25,0.6757,0.2232,0.1237,0.1322,0.4744,0.6,512,1,extracted,0.3622,0.096,0.2205,0.212,0.0874,0.1413
28,42,51,951,90,298,173,0.182,163,0,0.6877,0.4335,0.2452,0.251,0.3974,0.45,0.6757,0.2232,0.1237,0.1322,0.4744,0.6,512,1,extracted,0.4444,0.1955,0.3111,0.212,0.0874,0.1413
28,42,52,951,90,298,173,0.182,163,0,0.6877,0.4335,0.2452,0.251,0.3974,0.45,0.6757,0.2232,0.1237,0.1322,0.4744,0.6,512,1,extracted,0.4444,0.1955,0.3111,0.212,0.0874,0.1413
28,42,53,951,90,298,173,0.182,163,0,0.6877,0.4335,0.2452,0.251,0.3974,0.45,0.6757,0.2232,0.1237,0.1322,0.4744,0.6,512,1,extracted,0.4444,0.1955,0.3111,0.212,0.0874,0.1413
28,42,54,951,90,298,173,0.182,163,0,0.6877,0.4335,0.2452,0.251,0.3974,0.45,0.6757,0.2232,0.1237,0.1322,0.4744,0.6,512,1,extracted,0.4444,0.1955,0.3111,0.212,0.0874,0.1413
28,42,55,951,90,371,223,0.234,198,0,0.6868,0.3816,0.2119,0.2303,0.3846,0.45,0.6757,0.2232,0.1237,0.1322,0.4744,0.6,512,1,extracted,0.3797,0.1538,0.2658,0.212,0.0874,0.1413
28,42,56,951,90,371,223,0.234,198,0,0.6868,0.3816,0.2119,0.2303,0.3846,0.45,0.6757,0.2232,0.1237,0.1322,0.4744,0.6,512,1,extracted,0.3797,0.1538,0.2658,0.212,0.0874,0.1413
28,42,57,951,90,371,223,0.234,198,0,0.6868,0.3816,0.2119,0.2303,0.3846,0.45,0.6757,0.2232,0.1237,0.1322,0.4744,0.6,512,1,extracted,0.3797,0.1538,0.2658,0.212,0.0874,0.1413
28,42,58,951,90,371,223,0.234,198,0,0.6868,0.3816,0.2119,0.2303,0.3846,0.45,0.6757,0.2232,0.1237,0.1322,0.4744,0.6,512,1,extracted,0.3797,0.1538,0.2658,0.212,0.0874,0.1413
28,42,59,951,90,371,223,0.234,198,0,0.6868,0.3816,0.2119,0.2303,0.3846,0.45,0.6757,0.2232,0.1237,0.1322,0.4744,0.6,512,1,extracted,0.3797,0.1538,0.2658,0.212,0.0874,0.1413
28,42,60,951,90,417,246,0.259,220,0,0.692,0.3364,0.1908,0.1835,0.3462,0.45,0.6757,0.2232,0.1237,0.1322,0.4744,0.6,512,1,extracted,0.3515,0.1595,0.2303,0.212,0.0874,0.1413
28,42,61,951,90,417,246,0.259,220,0,0.692,0.3364,0.1908,0.1835,0.3462,0.45,0.6757,0.2232,0.1237,0.1322,0.4744,0.6,512,1,extracted,0.3515,0.1595,0.2303,0.212,0.0874,0.1413
28,42,62,951,90,417,246,0.259,220,0,0.692,0.3364,0.1908,0.1835,0.3462,0.45,0.6757,0.2232,0.1237,0.1322,0.4744,0.6,512,1,extracted,0.3515,0.1595,0.2303,0.212,0.0874,0.1413
28,42,63,951,90,417,246,0.259,220,0,0.692,0.3364,0.1908,0.1835,0.3462,0.45,0.6757,0.2232,0.1237,0.1322,0.4744,0.6,512,1,extracted,0.3515,0.1595,0.2303,0.212,0.0874,0.1413
28,42,64,951,90,417,246,0.259,220,0,0.692,0.3364,0.1908,0.1835,0.3462,0.45,0.6757,0.2232,0.1237,0.1322,0.4744,0.6,512,1,extracted,0.3515,0.1595,0.2303,0.212,0.0874,0.1413
28,42,65,951,90,480,284,0.299,257,0,0.6926,0.3861,0.2049,0.2038,0.4231,0.55,0.6757,0.2232,0.1237,0.1322,0.4744,0.6,512,1,extracted,0.3502,0.1023,0.2304,0.212,0.0874,0.1413
28,42,66,951,90,480,284,0.299,257,0,0.6926,0.3861,0.2049,0.2038,0.4231,0.55,0.6757,0.2232,0.1237,0.1322,0.4744,0.6,512,1,extracted,0.3502,0.1023,0.2304,0.212,0.0874,0.1413
28,42,67,951,90,480,284,0.299,257,0,0.6926,0.3861,0.2049,0.2038,0.4231,0.55,0.6757,0.2232,0.1237,0.1322,0.4744,0.6,512,1,extracted,0.3502,0.1023,0.2304,0.212,0.0874,0.1413
28,42,68,951,90,480,284,0.299,257,0,0.6926,0.3861,0.2049,0.2038,0.4231,0.55,0.6757,0.2232,0.1237,0.1322,0.4744,0.6,512,1,extracted,0.3502,0.1023,0.2304,0.212,0.0874,0.1413
28,42,69,951,90,480,284,0.299,257,0,0.6926,0.3861,0.2049,0.2038,0.4231,0.55,0.6757,0.2232,0.1237,0.1322,0.4744,0.6,512,1,extracted,0.3502,0.1023,0.2304,0.212,0.0874,0.1413
28,42,70,951,90,545,321,0.338,287,0,0.6865,0.3491,0.2005,0.1696,0.4487,0.55,0.6757,0.2232,0.1237,0.1322,0.4744,0.6,512,1,extracted,0.3274,0.1161,0.1947,0.212,0.0874,0.1413
28,42,71,951,90,545,321,0.338,287,0,0.6865,0.3491,0.2005,0.1696,0.4487,0.55,0.6757,0.2232,0.1237,0.1322,0.4744,0.6,512,1,extracted,0.3274,0.1161,0.1947,0.212,0.0874,0.1413
28,42,72,951,90,545,321,0.338,287,0,0.6865,0.3491,0.2005,0.1696,0.4487,0.55,0.6757,0.2232,0.1237,0.1322,0.4744,0.6,512,1,extracted,0.3274,0.1161,0.1947,0.212,0.0874,0.1413
28,42,73,951,90,545,321,0.338,287,0,0.6865,0.3491,0.2005,0.1696,0.4487,0.55,0.6757,0.2232,0.1237,0.1322,0.4744,0.6,512,1,extracted,0.3274,0.1161,0.1947,0.212,0.0874,0.1413
28,42,74,951,90,588,338,0.355,310,0,0.6867,0.3178,0.1643,0.1729,0.3974,0.4,0.6757,0.2232,0.1237,0.1322,0.4744,0.6,512,1,extracted,0.2787,0.0992,0.1803,0.212,0.0874,0.1413
28,42,75,951,90,588,338,0.355,310,0,0.6867,0.3178,0.1643,0.1729,0.3974,0.4,0.6757,0.2232,0.1237,0.1322,0.4744,0.6,512,1,extracted,0.2787,0.0992,0.1803,0.212,0.0874,0.1413
28,42,76,951,90,588,338,0.355,310,0,0.6867,0.3178,0.1643,0.1729,0.3974,0.4,0.6757,0.2232,0.1237,0.1322,0.4744,0.6,512,1,extracted,0.2787,0.0992,0.1803,0.212,0.0874,0.1413
28,42,77,951,90,588,338,0.355,310,0,0.6867,0.3178,0.1643,0.1729,0.3974,0.4,0.6757,0.2232,0.1237,0.1322,0.4744,0.6,512,1,extracted,0.2787,0.0992,0.1803,0.212,0.0874,0.1413
28,42,78,951,90,588,338,0.355,310,0,0.6867,0.3178,0.1643,0.1729,0.3974,0.4,0.6757,0.2232,0.1237,0.1322,0.4744,0.6,512,1,extracted,0.2787,0.0992,0.1803,0.212,0.0874,0.1413
28,42,79,951,90,667,397,0.417,347,0,0.6827,0.294,0.1622,0.1739,0.4359,0.5,0.6757,0.2232,0.1237,0.1322,0.4744,0.6,512,1,extracted,0.2846,0.1163,0.2,0.212,0.0874,0.1413
28,42,80,951,90,667,397,0.417,347,0,0.6827,0.294,0.1622,0.1739,0.4359,0.5,0.6757,0.2232,0.1237,0.1322,0.4744,0.6,512,1,extracted,0.2846,0.1163,0.2,0.212,0.0874,0.1413
28,42,81,951,90,667,397,0.417,347,0,0.6827,0.294,0.1622,0.1739,0.4359,0.5,0.6757,0.2232,0.1237,0.1322,0.4744,0.6,512,1,extracted,0.2846,0.1163,0.2,0.212,0.0874,0.1413
28,42,82,951,90,667,397,0.417,347,0,0.6827,0.294,0.1622,0.1739,0.4359,0.5,0.6757,0.2232,0.1237,0.1322,0.4744,0.6,512,1,extracted,0.2846,0.1163,0.2,0.212,0.0874,0.1413
28,42,83,951,90,667,397,0.417,347,0,0.6827,0.294,0.1622,0.1739,0.4359,0.5,0.6757,0.2232,0.1237,0.1322,0.4744,0.6,512,1,extracted,0.2846,0.1163,0.2,0.212,0.0874,0.1413
28,42,84,951,90,703,411,0.432,369,0,0.684,0.3034,0.1844,0.1916,0.5,0.55,0.6757,0.2232,0.1237,0.1322,0.4744,0.6,512,1,extracted,0.2836,0.1128,0.2239,0.212,0.0874,0.1413
28,42,85,951,90,703,411,0.432,369,0,0.684,0.3034,0.1844,0.1916,0.5,0.55,0.6757,0.2232,0.1237,0.1322,0.4744,0.6,512,1,extracted,0.2836,0.1128,0.2239,0.212,0.0874,0.1413
28,42,86,951,90,703,411,0.432,369,0,0.684,0.3034,0.1844,0.1916,0.5,0.55,0.6757,0.2232,0.1237,0.1322,0.4744,0.6,512,1,extracted,0.2836,0.1128,0.2239,0.212,0.0874,0.1413
28,42,87,951,90,703,411,0.432,369,0,0.684,0.3034,0.1844,0.1916,0.5,0.55,0.6757,0.2232,0.1237,0.1322,0.4744,0.6,512,1,extracted,0.2836,0.1128,0.2239,0.212,0.0874,0.1413
28,42,88,951,90,703,411,0.432,369,0,0.684,0.3034,0.1844,0.1916,0.5,0.55,0.6757,0.2232,0.1237,0.1322,0.4744,0.6,512,1,extracted,0.2836,0.1128,0.2239,0.212,0.0874,0.1413
28,42,89,951,90,795,481,0.506,420,0,0.697,0.2772,0.1549,0.1614,0.5,0.6,0.6757,0.2232,0.1237,0.1322,0.4744,0.6,512,1,extracted,0.2508,0.1009,0.1755,0.212,0.0874,0.1413
28,42,90,951,90,795,481,0.506,420,0,0.697,0.2772,0.1549,0.1614,0.5,0.6,0.6757,0.2232,0.1237,0.1322,0.4744,0.6,512,1,extracted,0.2508,0.1009,0.1755,0.212,0.0874,0.1413
28,42,91,951,90,795,481,0.506,420,0,0.697,0.2772,0.1549,0.1614,0.5,0.6,0.6757,0.2232,0.1237,0.1322,0.4744,0.6,512,1,extracted,0.2508,0.1009,0.1755,0.212,0.0874,0.1413
28,42,92,951,90,795,481,0.506,420,0,0.697,0.2772,0.1549,0.1614,0.5,0.6,0.6757,0.2232,0.1237,0.1322,0.4744,0.6,512,1,extracted,0.2508,0.1009,0.1755,0.212,0.0874,0.1413
28,42,93,951,90,862,523,0.55,462,0,0.6978,0.2614,0.1541,0.1601,0.5128,0.6,0.6757,0.2232,0.1237,0.1322,0.4744,0.6,512,1,extracted,0.2279,0.1032,0.1595,0.212,0.0874,0.1413
28,42,94,951,90,862,523,0.55,462,0,0.6978,0.2614,0.1541,0.1601,0.5128,0.6,0.6757,0.2232,0.1237,0.1322,0.4744,0.6,512,1,extracted,0.2279,0.1032,0.1595,0.212,0.0874,0.1413
28,42,95,951,90,862,523,0.55,462,0,0.6978,0.2614,0.1541,0.1601,0.5128,0.6,0.6757,0.2232,0.1237,0.1322,0.4744,0.6,512,1,extracted,0.2279,0.1032,0.1595,0.212,0.0874,0.1413
28,42,96,951,90,862,523,0.55,462,0,0.6978,0.2614,0.1541,0.1601,0.5128,0.6,0.6757,0.2232,0.1237,0.1322,0.4744,0.6,512,1,extracted,0.2279,0.1032,0.1595,0.212,0.0874,0.1413
28,42,97,951,90,862,523,0.55,462,0,0.6978,0.2614,0.1541,0.1601,0.5128,0.6,0.6757,0.2232,0.1237,0.1322,0.4744,0.6,512,1,extracted,0.2279,0.1032,0.1595,0.212,0.0874,0.1413
28,42,98,951,90,940,548,0.576,510,0,0.6872,0.2449,0.1291,0.1538,0.4487,0.55,0.6757,0.2232,0.1237,0.1322,0.4744,0.6,512,1,extracted,0.2308,0.0893,0.1598,0.212,0.0874,0.1413
28,42,99,951,90,940,548,0.576,510,0,0.6872,0.2449,0.1291,0.1538,0.4487,0.55,0.6757,0.2232,0.1237,0.1322,0.4744,0.6,512,1,extracted,0.2308,0.0893,0.1598,0.212,0.0874,0.1413
28,42,100,951,90,940,548,0.576,510,0,0.6872,0.2449,0.1291,0.1538,0.4487,0.55,0.6757,0.2232,0.1237,0.1322,0.4744,0.6,512,1,extracted,0.2308,0.0893,0.1598,0.212,0.0874,0.1413
29,42,1,989,51,18,18,0.018,13,0,0.6614,0.1449,0.0,0.087,0.0,0.0,0.6044,0.1355,0.0368,0.0623,0.2,0.2727,495,0,extracted,0.2424,0.0,0.1818,0.0585,0.0118,0.0468
29,42,2,989,51,18,18,0.018,13,0,0.6614,0.1449,0.0,0.087,0.0,0.0,0.6044,0.1355,0.0368,0.0623,0.2,0.2727,495,0,extracted,0.2424,0.0,0.1818,0.0585,0.0118,0.0468
29,42,3,989,51,18,18,0.018,13,0,0.6614,0.1449,0.0,0.087,0.0,0.0,0.6044,0.1355,0.0368,0.0623,0.2,0.2727,495,0,extracted,0.2424,0.0,0.1818,0.0585,0.0118,0.0468
29,42,4,989,51,18,18,0.018,13,0,0.6614,0.1449,0.0,0.087,0.0,0.0,0.6044,0.1355,0.0368,0.0623,0.2,0.2727,495,0,extracted,0.2424,0.0,0.1818,0.0585,0.0118,0.0468
29,42,5,989,51,18,18,0.018,13,0,0.6614,0.1449,0.0,0.087,0.0,0.0,0.6044,0.1355,0.0368,0.0623,0.2,0.2727,495,0,extracted,0.2424,0.0,0.1818,0.0585,0.0118,0.0468
29,42,6,989,51,18,18,0.018,13,0,0.6614,0.1449,0.0,0.087,0.0,0.0,0.6044,0.1355,0.0368,0.0623,0.2,0.2727,495,0,extracted,0.2424,0.0,0.1818,0.0585,0.0118,0.0468
29,42,7,989,51,18,18,0.018,13,0,0.6614,0.1449,0.0,0.087,0.0,0.0,0.6044,0.1355,0.0368,0.0623,0.2,0.2727,495,0,extracted,0.2424,0.0,0.1818,0.0585,0.0118,0.0468
29,42,8,989,51,35,35,0.035,21,0,0.6449,0.2558,0.0,0.1395,0.0,0.0,0.6044,0.1355,0.0368,0.0623,0.2,0.2727,495,0,extracted,0.2727,0.0,0.2273,0.0585,0.0118,0.0468
29,42,9,989,51,35,35,0.035,21,0,0.6449,0.2558,0.0,0.1395,0.0,0.0,0.6044,0.1355,0.0368,0.0623,0.2,0.2727,495,0,extracted,0.2727,0.0,0.2273,0.0585,0.0118,0.0468
29,42,10,989,51,35,35,0.035,21,0,0.6449,0.2558,0.0,0.1395,0.0,0.0,0.6044,0.1355,0.0368,0.0623,0.2,0.2727,495,0,extracted,0.2727,0.0,0.2273,0.0585,0.0118,0.0468
29,42,11,989,51,35,35,0.035,21,0,0.6449,0.2558,0.0,0.1395,0.0,0.0,0.6044,0.1355,0.0368,0.0623,0.2,0.2727,495,0,extracted,0.2727,0.0,0.2273,0.0585,0.0118,0.0468
29,42,12,989,51,58,35,0.035,32,0,0.6449,0.2558,0.0,0.1395,0.0,0.0,0.6044,0.1355,0.0368,0.0623,0.2,0.2727,495,0,extracted,0.2727,0.0,0.2273,0.0585,0.0118,0.0468
29,42,13,989,51,58,35,0.035,32,0,0.6449,0.2558,0.0,0.1395,0.0,0.0,0.6044,0.1355,0.0368,0.0623,0.2,0.2727,495,0,extracted,0.2727,0.0,0.2273,0.0585,0.0118,0.0468
29,42,14,989,51,58,35,0.035,32,0,0.6449,0.2558,0.0,0.1395,0.0,0.0,0.6044,0.1355,0.0368,0.0623,0.2,0.2727,495,0,extracted,0.2727,0.0,0.2273,0.0585,0.0118,0.0468
29,42,15,989,51,58,35,0.035,32,0,0.6449,0.2558,0.0,0.1395,0.0,0.0,0.6044,0.1355,0.0368,0.0623,0.2,0.2727,495,0,extracted,0.2727,0.0,0.2273,0.0585,0.0118,0.0468
29,42,16,989,51,58,35,0.035,32,0,0.6449,0.2558,0.0,0.1395,0.0,0.0,0.6044,0.1355,0.0368,0.0623,0.2,0.2727,495,0,extracted,0.2727,0.0,0.2273,0.0585,0.0118,0.0468
29,42,17,989,51,84,26,0.026,47,0,0.7102,0.4211,0.3514,0.3947,0.26,0.1818,0.6044,0.1355,0.0368,0.0623,0.2,0.2727,495,0,extracted,0.1481,0.0,0.1481,0.0585,0.0118,0.0468
29,42,18,989,51,84,26,0.026,47,0,0.7102,0.4211,0.3514,0.3947,0.26,0.1818,0.6044,0.1355,0.0368,0.0623,0.2,0.2727,495,0,extracted,0.1481,0.0,0.1481,0.0585,0.0118,0.0468
29,42,19,989,51,84,26,0.026,47,0,0.7102,0.4211,0.3514,0.3947,0.26,0.1818,0.6044,0.1355,0.0368,0.0623,0.2,0.2727,495,0,extracted,0.1481,0.0,0.1481,0.0585,0.0118,0.0468
29,42,20,989,51,84,26,0.026,47,0,0.7102,0.4211,0.3514,0.3947,0.26,0.1818,0.6044,0.1355,0.0368,0.0623,0.2,0.2727,495,0,extracted,0.1481,0.0,0.1481,0.0585,0.0118,0.0468
29,42,21,989,51,84,26,0.026,47,0,0.7102,0.4211,0.3514,0.3947,0.26,0.1818,0.6044,0.1355,0.0368,0.0623,0.2,0.2727,495,0,extracted,0.1481,0.0,0.1481,0.0585,0.0118,0.0468
29,42,22,989,51,108,56,0.057,58,0,0.6872,0.3962,0.25,0.3019,0.26,0.1818,0.6044,0.1355,0.0368,0.0623,0.2,0.2727,495,0,extracted,0.2439,0.0,0.1951,0.0585,0.0118,0.0468
29,42,23,989,51,108,56,0.057,58,0,0.6872,0.3962,0.25,0.3019,0.26,0.1818,0.6044,0.1355,0.0368,0.0623,0.2,0.2727,495,0,extracted,0.2439,0.0,0.1951,0.0585,0.0118,0.0468
29,42,24,989,51,108,56,0.057,58,0,0.6872,0.3962,0.25,0.3019,0.26,0.1818,0.6044,0.1355,0.0368,0.0623,0.2,0.2727,495,0,extracted,0.2439,0.0,0.1951,0.0585,0.0118,0.0468
29,42,25,989,51,108,56,0.057,58,0,0.6872,0.3962,0.25,0.3019,0.26,0.1818,0.6044,0.1355,0.0368,0.0623,0.2,0.2727,495,0,extracted,0.2439,0.0,0.1951,0.0585,0.0118,0.0468
29,42,26,989,51,108,56,0.057,58,0,0.6872,0.3962,0.25,0.3019,0.26,0.1818,0.6044,0.1355,0.0368,0.0623,0.2,0.2727,495,0,extracted,0.2439,0.0,0.1951,0.0585,0.0118,0.0468
29,42,27,989,51,144,93,0.094,74,0,0.642,0.2778,0.0282,0.1667,0.04,0.0909,0.6044,0.1355,0.0368,0.0623,0.2,0.2727,495,0,extracted,0.1579,0.027,0.1579,0.0585,0.0118,0.0468
29,42,28,989,51,144,93,0.094,74,0,0.642,0.2778,0.0282,0.1667,0.04,0.0909,0.6044,0.1355,0.0368,0.0623,0.2,0.2727,495,0,extracted,0.1579,0.027,0.1579,0.0585,0.0118,0.0468
29,42,29,989,51,144,93,0.094,74,0,0.642,0.2778,0.0282,0.1667,0.04,0.0909,0.6044,0.1355,0.0368,0.0623,0.2,0.2727,495,0,extracted,0.1579,0.027,0.1579,0.0585,0.0118,0.0468
29,42,30,989,51,144,93,0.094,74,0,0.642,0.2778,0.0282,0.1667,0.04,0.0909,0.6044,0.1355,0.0368,0.0623,0.2,0.2727,495,0,extracted,0.1579,0.027,0.1579,0.0585,0.0118,0.0468
29,42,31,989,51,182,109,0.11,95,0,0.6776,0.3774,0.1911,0.2642,0.3,0.1818,0.6044,0.1355,0.0368,0.0623,0.2,0.2727,495,0,extracted,0.1867,0.0274,0.1333,0.0585,0.0118,0.0468
29,42,32,989,51,182,109,0.11,95,0,0.6776,0.3774,0.1911,0.2642,0.3,0.1818,0.6044,0.1355,0.0368,0.0623,0.2,0.2727,495,0,extracted,0.1867,0.0274,0.1333,0.0585,0.0118,0.0468
29,42,33,989,51,182,109,0.11,95,0,0.6776,0.3774,0.1911,0.2642,0.3,0.1818,0.6044,0.1355,0.0368,0.0623,0.2,0.2727,495,0,extracted,0.1867,0.0274,0.1333,0.0585,0.0118,0.0468
29,42,34,989,51,182,109,0.11,95,0,0.6776,0.3774,0.1911,0.2642,0.3,0.1818,0.6044,0.1355,0.0368,0.0623,0.2,0.2727,495,0,extracted,0.1867,0.0274,0.1333,0.0585,0.0118,0.0468
29,42,35,989,51,182,109,0.11,95,0,0.6776,0.3774,0.1911,0.2642,0.3,0.1818,0.6044,0.1355,0.0368,0.0623,0.2,0.2727,495,0,extracted,0.1867,0.0274,0.1333,0.0585,0.0118,0.0468
29,42,36,989,51,210,119,0.12,108,0,0.6526,0.355,0.0958,0.142,0.16,0.0909,0.6044,0.1355,0.0368,0.0623,0.2,0.2727,495,0,extracted,0.1609,0.0,0.1379,0.0585,0.0118,0.0468
29,42,37,989,51,210,119,0.12,108,0,0.6526,0.355,0.0958,0.142,0.16,0.0909,0.6044,0.1355,0.0368,0.0623,0.2,0.2727,495,0,extracted,0.1609,0.0,0.1379,0.0585,0.0118,0.0468
29,42,38,989,51,210,119,0.12,108,0,0.6526,0.355,0.0958,0.142,0.16,0.0909,0.6044,0.1355,0.0368,0.0623,0.2,0.2727,495,0,extracted,0.1609,0.0,0.1379,0.0585,0.0118,0.0468
29,42,39,989,51,210,119,0.12,108,0,0.6526,0.355,0.0958,0.142,0.16,0.0909,0.6044,0.1355,0.0368,0.0623,0.2,0.2727,495,0,extracted,0.1609,0.0,0.1379,0.0585,0.0118,0.0468
29,42,40,989,51,210,119,0.12,108,0,0.6526,0.355,0.0958,0.142,0.16,0.0909,0.6044,0.1355,0.0368,0.0623,0.2,0.2727,495,0,extracted,0.1609,0.0,0.1379,0.0585,0.0118,0.0468
29,42,41,989,51,243,116,0.117,128,0,0.6805,0.3494,0.1829,0.1928,0.3,0.2727,0.6044,0.1355,0.0368,0.0623,0.2,0.2727,495,0,extracted,0.241,0.0494,0.1446,0.0585,0.0118,0.0468
29,42,42,989,51,243,116,0.117,128,0,0.6805,0.3494,0.1829,0.1928,0.3,0.2727,0.6044,0.1355,0.0368,0.0623,0.2,0.2727,495,0,extracted,0.241,0.0494,0.1446,0.0585,0.0118,0.0468
29,42,43,989,51,243,116,0.117,128,0,0.6805,0.3494,0.1829,0.1928,0.3,0.2727,0.6044,0.1355,0.0368,0.0623,0.2,0.2727,495,0,extracted,0.241,0.0494,0.1446,0.0585,0.0118,0.0468
29,42,44,989,51,243,116,0.117,128,0,0.6805,0.3494,0.1829,0.1928,0.3,0.2727,0.6044,0.1355,0.0368,0.0623,0.2,0.2727,495,0,extracted,0.241,0.0494,0.1446,0.0585,0.0118,0.0468
29,42,45,989,51,243,116,0.117,128,0,0.6805,0.3494,0.1829,0.1928,0.3,0.2727,0.6044,0.1355,0.0368,0.0623,0.2,0.2727,495,0,extracted,0.241,0.0494,0.1446,0.0585,0.0118,0.0468
29,42,46,989,51,274,166,0.168,145,0,0.6659,0.3426,0.1402,0.2315,0.3,0.2727,0.6044,0.1355,0.0368,0.0623,0.2,0.2727,495,0,extracted,0.1622,0.0,0.1261,0.0585,0.0118,0.0468
29,42,47,989,51,274,166,0.168,145,0,0.6659,0.3426,0.1402,0.2315,0.3,0.2727,0.6044,0.1355,0.0368,0.0623,0.2,0.2727,495,0,extracted,0.1622,0.0,0.1261,0.0585,0.0118,0.0468
29,42,48,989,51,274,166,0.168,145,0,0.6659,0.3426,0.1402,0.2315,0.3,0.2727,0.6044,0.1355,0.0368,0.0623,0.2,0.2727,495,0,extracted,0.1622,0.0,0.1261,0.0585,0.0118,0.0468
29,42,49,989,51,274,166,0.168,145,0,0.6659,0.3426,0.1402,0.2315,0.3,0.2727,0.6044,0.1355,0.0368,0.0623,0.2,0.2727,495,0,extracted,0.1622,0.0,0.1261,0.0585,0.0118,0.0468
29,42,50,989,51,274,166,0.168,145,0,0.6659,0.3426,0.1402,0.2315,0.3,0.2727,0.6044,0.1355,0.0368,0.0623,0.2,0.2727,495,0,extracted,0.1622,0.0,0.1261,0.0585,0.0118,0.0468
29,42,51,989,51,307,186,0.188,162,0,0.6645,0.3136,0.1282,0.178,0.3,0.2727,0.6044,0.1355,0.0368,0.0623,0.2,0.2727,495,0,extracted,0.1452,0.0,0.0968,0.0585,0.0118,0.0468
29,42,52,989,51,307,186,0.188,162,0,0.6645,0.3136,0.1282,0.178,0.3,0.2727,0.6044,0.1355,0.0368,0.0623,0.2,0.2727,495,0,extracted,0.1452,0.0,0.0968,0.0585,0.0118,0.0468
29,42,53,989,51,307,186,0.188,162,0,0.6645,0.3136,0.1282,0.178,0.3,0.2727,0.6044,0.1355,0.0368,0.0623,0.2,0.2727,495,0,extracted,0.1452,0.0,0.0968,0.0585,0.0118,0.0468
29,42,54,989,51,307,186,0.188,162,0,0.6645,0.3136,0.1282,0.178,0.3,0.2727,0.6044,0.1355,0.0368,0.0623,0.2,0.2727,495,0,extracted,0.1452,0.0,0.0968,0.0585,0.0118,0.0468
29,42,55,989,51,359,216,0.218,191,0,0.6354,0.2322,0.0528,0.1049,0.14,0.2727,0.6044,0.1355,0.0368,0.0623,0.2,0.2727,495,0,extracted,0.1307,0.0265,0.1176,0.0585,0.0118,0.0468
29,42,56,989,51,359,216,0.218,191,0,0.6354,0.2322,0.0528,0.1049,0.14,0.2727,0.6044,0.1355,0.0368,0.0623,0.2,0.2727,495,0,extracted,0.1307,0.0265,0.1176,0.0585,0.0118,0.0468
29,42,57,989,51,359,216,0.218,191,0,0.6354,0.2322,0.0528,0.1049,0.14,0.2727,0.6044,0.1355,0.0368,0.0623,0.2,0.2727,495,0,extracted,0.1307,0.0265,0.1176,0.0585,0.0118,0.0468
29,42,58,989,51,359,216,0.218,191,0,0.6354,0.2322,0.0528,0.1049,0.14,0.2727,0.6044,0.1355,0.0368,0.0623,0.2,0.2727,495,0,extracted,0.1307,0.0265,0.1176,0.0585,0.0118,0.0468
29,42,59,989,51,359,216,0.218,191,0,0.6354,0.2322,0.0528,0.1049,0.14,0.2727,0.6044,0.1355,0.0368,0.0623,0.2,0.2727,495,0,extracted,0.1307,0.0265,0.1176,0.0585,0.0118,0.0468
29,42,60,989,51,407,231,0.234,219,0,0.653,0.2491,0.1075,0.1139,0.3,0.2727,0.6044,0.1355,0.0368,0.0623,0.2,0.2727,495,0,extracted,0.1274,0.0387,0.1019,0.0585,0.0118,0.0468
29,42,61,989,51,407,231,0.234,219,0,0.653,0.2491,0.1075,0.1139,0.3,0.2727,0.6044,0.1355,0.0368,0.0623,0.2,0.2727,495,0,extracted,0.1274,0.0387,0.1019,0.0585,0.0118,0.0468
29,42,62,989,51,407,231,0.234,219,0,0.653,0.2491,0.1075,0.1139,0.3,0.2727,0.6044,0.1355,0.0368,0.0623,0.2,0.2727,495,0,extracted,0.1274,0.0387,0.1019,0.0585,0.0118,0.0468
29,42,63,989,51,407,231,0.234,219,0,0.653,0.2491,0.1075,0.1139,0.3,0.2727,0.6044,0.1355,0.0368,0.0623,0.2,0.2727,495,0,extracted,0.1274,0.0387,0.1019,0.0585,0.0118,0.0468
29,42,64,989,51,407,231,0.234,219,0,0.653,0.2491,0.1075,0.1139,0.3,0.2727,0.6044,0.1355,0.0368,0.0623,0.2,0.2727,495,0,extracted,0.1274,0.0387,0.1019,0.0585,0.0118,0.0468
29,42,65,989,51,491,292,0.295,256,0,0.6575,0.2398,0.1176,0.1579,0.4,0.4545,0.6044,0.1355,0.0368,0.0623,0.2,0.2727,495,0,extracted,0.1326,0.0335,0.0994,0.0585,0.0118,0.0468
29,42,66,989,51,491,292,0.295,256,0,0.6575,0.2398,0.1176,0.1579,0.4,0.4545,0.6044,0.1355,0.0368,0.0623,0.2,0.2727,495,0,extracted,0.1326,0.0335,0.0994,0.0585,0.0118,0.0468
29,42,67,989,51,491,292,0.295,256,0,0.6575,0.2398,0.1176,0.1579,0.4,0.4545,0.6044,0.1355,0.0368,0.0623,0.2,0.2727,495,0,extracted,0.1326,0.0335,0.0994,0.0585,0.0118,0.0468
29,42,68,989,51,491,292,0.295,256,0,0.6575,0.2398,0.1176,0.1579,0.4,0.4545,0.6044,0.1355,0.0368,0.0623,0.2,0.2727,495,0,extracted,0.1326,0.0335,0.0994,0.0585,0.0118,0.0468
29,42,69,989,51,491,292,0.295,256,0,0.6575,0.2398,0.1176,0.1579,0.4,0.4545,0.6044,0.1355,0.0368,0.0623,0.2,0.2727,495,0,extracted,0.1326,0.0335,0.0994,0.0585,0.0118,0.0468
29,42,70,989,51,528,309,0.312,276,0,0.6597,0.2291,0.1124,0.1397,0.4,0.4545,0.6044,0.1355,0.0368,0.0623,0.2,0.2727,495,0,extracted,0.1263,0.0319,0.0947,0.0585,0.0118,0.0468
29,42,71,989,51,528,309,0.312,276,0,0.6597,0.2291,0.1124,0.1397,0.4,0.4545,0.6044,0.1355,0.0368,0.0623,0.2,0.2727,495,0,extracted,0.1263,0.0319,0.0947,0.0585,0.0118,0.0468
29,42,72,989,51,528,309,0.312,276,0,0.6597,0.2291,0.1124,0.1397,0.4,0.4545,0.6044,0.1355,0.0368,0.0623,0.2,0.2727,495,0,extracted,0.1263,0.0319,0.0947,0.0585,0.0118,0.0468
29,42,73,989,51,528,309,0.312,276,0,0.6597,0.2291,0.1124,0.1397,0.4,0.4545,0.6044,0.1355,0.0368,0.0623,0.2,0.2727,495,0,extracted,0.1263,0.0319,0.0947,0.0585,0.0118,0.0468
29,42,74,989,51,579,323,0.327,299,0,0.6558,0.2252,0.1078,0.1501,0.4,0.4545,0.6044,0.1355,0.0368,0.0623,0.2,0.2727,495,0,extracted,0.1237,0.0312,0.0825,0.0585,0.0118,0.0468
29,42,75,989,51,579,323,0.327,299,0,0.6558,0.2252,0.1078,0.1501,0.4,0.4545,0.6044,0.1355,0.0368,0.0623,0.2,0.2727,495,0,extracted,0.1237,0.0312,0.0825,0.0585,0.0118,0.0468
29,42,76,989,51,579,323,0.327,299,0,0.6558,0.2252,0.1078,0.1501,0.4,0.4545,0.6044,0.1355,0.0368,0.0623,0.2,0.2727,495,0,extracted,0.1237,0.0312,0.0825,0.0585,0.0118,0.0468
29,42,77,989,51,579,323,0.327,299,0,0.6558,0.2252,0.1078,0.1501,0.4,0.4545,0.6044,0.1355,0.0368,0.0623,0.2,0.2727,495,0,extracted,0.1237,0.0312,0.0825,0.0585,0.0118,0.0468
29,42,78,989,51,579,323,0.327,299,0,0.6558,0.2252,0.1078,0.1501,0.4,0.4545,0.6044,0.1355,0.0368,0.0623,0.2,0.2727,495,0,extracted,0.1237,0.0312,0.0825,0.0585,0.0118,0.0468
29,42,79,989,51,626,368,0.372,325,0,0.6421,0.201,0.0913,0.1244,0.38,0.4545,0.6044,0.1355,0.0368,0.0623,0.2,0.2727,495,0,extracted,0.1039,0.0175,0.0779,0.0585,0.0118,0.0468
29,42,80,989,51,626,368,0.372,325,0,0.6421,0.201,0.0913,0.1244,0.38,0.4545,0.6044,0.1355,0.0368,0.0623,0.2,0.2727,495,0,extracted,0.1039,0.0175,0.0779,0.0585,0.0118,0.0468
29,42,81,989,51,626,368,0.372,325,0,0.6421,0.201,0.0913,0.1244,0.38,0.4545,0.6044,0.1355,0.0368,0.0623,0.2,0.2727,495,0,extracted,0.1039,0.0175,0.0779,0.0585,0.0118,0.0468
29,42,82,989,51,626,368,0.372,325,0,0.6421,0.201,0.0913,0.1244,0.38,0.4545,0.6044,0.1355,0.0368,0.0623,0.2,0.2727,495,0,extracted,0.1039,0.0175,0.0779,0.0585,0.0118,0.0468
29,42,83,989,51,626,368,0.372,325,0,0.6421,0.201,0.0913,0.1244,0.38,0.4545,0.6044,0.1355,0.0368,0.0623,0.2,0.2727,495,0,extracted,0.1039,0.0175,0.0779,0.0585,0.0118,0.0468
29,42,84,989,51,688,388,0.392,356,0,0.6458,0.1963,0.0826,0.1187,0.36,0.3636,0.6044,0.1355,0.0368,0.0623,0.2,0.2727,495,0,extracted,0.0956,0.0241,0.0717,0.0585,0.0118,0.0468
29,42,85,989,51,688,388,0.392,356,0,0.6458,0.1963,0.0826,0.1187,0.36,0.3636,0.6044,0.1355,0.0368,0.0623,0.2,0.2727,495,0,extracted,0.0956,0.0241,0.0717,0.0585,0.0118,0.0468
29,42,86,989,51,688,388,0.392,356,0,0.6458,0.1963,0.0826,0.1187,0.36,0.3636,0.6044,0.1355,0.0368,0.0623,0.2,0.2727,495,0,extracted,0.0956,0.0241,0.0717,0.0585,0.0118,0.0468
29,42,87,989,51,688,388,0.392,356,0,0.6458,0.1963,0.0826,0.1187,0.36,0.3636,0.6044,0.1355,0.0368,0.0623,0.2,0.2727,495,0,extracted,0.0956,0.0241,0.0717,0.0585,0.0118,0.0468
29,42,88,989,51,688,388,0.392,356,0,0.6458,0.1963,0.0826,0.1187,0.36,0.3636,0.6044,0.1355,0.0368,0.0623,0.2,0.2727,495,0,extracted,0.0956,0.0241,0.0717,0.0585,0.0118,0.0468
29,42,89,989,51,771,438,0.443,394,0,0.6432,0.1848,0.0866,0.115,0.42,0.4545,0.6044,0.1355,0.0368,0.0623,0.2,0.2727,495,0,extracted,0.0945,0.022,0.0655,0.0585,0.0118,0.0468
29,42,90,989,51,771,438,0.443,394,0,0.6432,0.1848,0.0866,0.115,0.42,0.4545,0.6044,0.1355,0.0368,0.0623,0.2,0.2727,495,0,extracted,0.0945,0.022,0.0655,0.0585,0.0118,0.0468
29,42,91,989,51,771,438,0.443,394,0,0.6432,0.1848,0.0866,0.115,0.42,0.4545,0.6044,0.1355,0.0368,0.0623,0.2,0.2727,495,0,extracted,0.0945,0.022,0.0655,0.0585,0.0118,0.0468
29,42,92,989,51,771,438,0.443,394,0,0.6432,0.1848,0.0866,0.115,0.42,0.4545,0.6044,0.1355,0.0368,0.0623,0.2,0.2727,495,0,extracted,0.0945,0.022,0.0655,0.0585,0.0118,0.0468
29,42,93,989,51,861,445,0.45,433,0,0.5975,0.1452,0.0283,0.0645,0.14,0.2727,0.6044,0.1355,0.0368,0.0623,0.2,0.2727,495,0,extracted,0.069,0.0208,0.0552,0.0585,0.0118,0.0468
29,42,94,989,51,861,445,0.45,433,0,0.5975,0.1452,0.0283,0.0645,0.14,0.2727,0.6044,0.1355,0.0368,0.0623,0.2,0.2727,495,0,extracted,0.069,0.0208,0.0552,0.0585,0.0118,0.0468
29,42,95,989,51,861,445,0.45,433,0,0.5975,0.1452,0.0283,0.0645,0.14,0.2727,0.6044,0.1355,0.0368,0.0623,0.2,0.2727,495,0,extracted,0.069,0.0208,0.0552,0.0585,0.0118,0.0468
29,42,96,989,51,861,445,0.45,433,0,0.5975,0.1452,0.0283,0.0645,0.14,0.2727,0.6044,0.1355,0.0368,0.0623,0.2,0.2727,495,0,extracted,0.069,0.0208,0.0552,0.0585,0.0118,0.0468
29,42,97,989,51,861,445,0.45,433,0,0.5975,0.1452,0.0283,0.0645,0.14,0.2727,0.6044,0.1355,0.0368,0.0623,0.2,0.2727,495,0,extracted,0.069,0.0208,0.0552,0.0585,0.0118,0.0468
29,42,98,989,51,978,510,0.516,484,0,0.6122,0.1395,0.0503,0.0787,0.28,0.2727,0.6044,0.1355,0.0368,0.0623,0.2,0.2727,495,0,extracted,0.0661,0.0181,0.048,0.0585,0.0118,0.0468
29,42,99,989,51,978,510,0.516,484,0,0.6122,0.1395,0.0503,0.0787,0.28,0.2727,0.6044,0.1355,0.0368,0.0623,0.2,0.2727,495,0,extracted,0.0661,0.0181,0.048,0.0585,0.0118,0.0468
29,42,100,989,51,978,510,0.516,484,0,0.6122,0.1395,0.0503,0.0787,0.28,0.2727,0.6044,0.1355,0.0368,0.0623,0.2,0.2727,495,0,extracted,0.0661,0.0181,0.048,0.0585,0.0118,0.0468
30,42,1,992,77,14,19,0.019,9,0,0.6318,0.125,0.0213,0.1042,0.0145,0.0,0.7016,0.2003,0.1485,0.1248,0.6377,0.6471,465,0,extracted,0.1356,0.0351,0.1356,0.1865,0.1146,0.1192
30,42,2,992,77,14,19,0.019,9,0,0.6318,0.125,0.0213,0.1042,0.0145,0.0,0.7016,0.2003,0.1485,0.1248,0.6377,0.6471,465,0,extracted,0.1356,0.0351,0.1356,0.1865,0.1146,0.1192
30,42,3,992,77,14,19,0.019,9,0,0.6318,0.125,0.0213,0.1042,0.0145,0.0,0.7016,0.2003,0.1485,0.1248,0.6377,0.6471,465,0,extracted,0.1356,0.0351,0.1356,0.1865,0.1146,0.1192
30,42,4,992,77,14,19,0.019,9,0,0.6318,0.125,0.0213,0.1042,0.0145,0.0,0.7016,0.2003,0.1485,0.1248,0.6377,0.6471,465,0,extracted,0.1356,0.0351,0.1356,0.1865,0.1146,0.1192
30,42,5,992,77,14,19,0.019,9,0,0.6318,0.125,0.0213,0.1042,0.0145,0.0,0.7016,0.2003,0.1485,0.1248,0.6377,0.6471,465,0,extracted,0.1356,0.0351,0.1356,0.1865,0.1146,0.1192
30,42,6,992,77,14,19,0.019,9,0,0.6318,0.125,0.0213,0.1042,0.0145,0.0,0.7016,0.2003,0.1485,0.1248,0.6377,0.6471,465,0,extracted,0.1356,0.0351,0.1356,0.1865,0.1146,0.1192
30,42,7,992,77,14,19,0.019,9,0,0.6318,0.125,0.0213,0.1042,0.0145,0.0,0.7016,0.2003,0.1485,0.1248,0.6377,0.6471,465,0,extracted,0.1356,0.0351,0.1356,0.1865,0.1146,0.1192
30,42,8,992,77,14,19,0.019,9,0,0.6318,0.125,0.0213,0.1042,0.0145,0.0,0.7016,0.2003,0.1485,0.1248,0.6377,0.6471,465,0,extracted,0.1356,0.0351,0.1356,0.1865,0.1146,0.1192
30,42,9,992,77,36,36,0.036,21,0,0.6849,0.2478,0.0541,0.177,0.0435,0.0588,0.7016,0.2003,0.1485,0.1248,0.6377,0.6471,465,0,extracted,0.2424,0.0625,0.1818,0.1865,0.1146,0.1192
30,42,10,992,77,36,36,0.036,21,0,0.6849,0.2478,0.0541,0.177,0.0435,0.0588,0.7016,0.2003,0.1485,0.1248,0.6377,0.6471,465,0,extracted,0.2424,0.0625,0.1818,0.1865,0.1146,0.1192
30,42,11,992,77,36,36,0.036,21,0,0.6849,0.2478,0.0541,0.177,0.0435,0.0588,0.7016,0.2003,0.1485,0.1248,0.6377,0.6471,465,0,extracted,0.2424,0.0625,0.1818,0.1865,0.1146,0.1192
30,42,12,992,77,36,36,0.036,21,0,0.6849,0.2478,0.0541,0.177,0.0435,0.0588,0.7016,0.2003,0.1485,0.1248,0.6377,0.6471,465,0,extracted,0.2424,0.0625,0.1818,0.1865,0.1146,0.1192
30,42,13,992,77,36,36,0.036,21,0,0.6849,0.2478,0.0541,0.177,0.0435,0.0588,0.7016,0.2003,0.1485,0.1248,0.6377,0.6471,465,0,extracted,0.2424,0.0625,0.1818,0.1865,0.1146,0.1192
30,42,14,992,77,36,36,0.036,21,0,0.6849,0.2478,0.0541,0.177,0.0435,0.0588,0.7016,0.2003,0.1485,0.1248,0.6377,0.6471,465,0,extracted,0.2424,0.0625,0.1818,0.1865,0.1146,0.1192
30,42,15,992,77,60,37,0.037,31,0,0.6779,0.2105,0.0536,0.1404,0.0435,0.0588,0.7016,0.2003,0.1485,0.1248,0.6377,0.6471,465,0,extracted,0.2424,0.0625,0.1818,0.1865,0.1146,0.1192
30,42,16,992,77,60,37,0.037,31,0,0.6779,0.2105,0.0536,0.1404,0.0435,0.0588,0.7016,0.2003,0.1485,0.1248,0.6377,0.6471,465,0,extracted,0.2424,0.0625,0.1818,0.1865,0.1146,0.1192
30,42,17,992,77,60,37,0.037,31,0,0.6779,0.2105,0.0536,0.1404,0.0435,0.0588,0.7016,0.2003,0.1485,0.1248,0.6377,0.6471,465,0,extracted,0.2424,0.0625,0.1818,0.1865,0.1146,0.1192
30,42,18,992,77,60,37,0.037,31,0,0.6779,0.2105,0.0536,0.1404,0.0435,0.0588,0.7016,0.2003,0.1485,0.1248,0.6377,0.6471,465,0,extracted,0.2424,0.0625,0.1818,0.1865,0.1146,0.1192
30,42,19,992,77,60,37,0.037,31,0,0.6779,0.2105,0.0536,0.1404,0.0435,0.0588,0.7016,0.2003,0.1485,0.1248,0.6377,0.6471,465,0,extracted,0.2424,0.0625,0.1818,0.1865,0.1146,0.1192
30,42,20,992,77,60,37,0.037,31,0,0.6779,0.2105,0.0536,0.1404,0.0435,0.0588,0.7016,0.2003,0.1485,0.1248,0.6377,0.6471,465,0,extracted,0.2424,0.0625,0.1818,0.1865,0.1146,0.1192
30,42,21,992,77,117,71,0.072,60,0,0.6536,0.1528,0.0282,0.1111,0.029,0.0588,0.7016,0.2003,0.1485,0.1248,0.6377,0.6471,465,0,extracted,0.2368,0.027,0.1579,0.1865,0.1146,0.1192
30,42,22,992,77,117,71,0.072,60,0,0.6536,0.1528,0.0282,0.1111,0.029,0.0588,0.7016,0.2003,0.1485,0.1248,0.6377,0.6471,465,0,extracted,0.2368,0.027,0.1579,0.1865,0.1146,0.1192
30,42,23,992,77,117,71,0.072,60,0,0.6536,0.1528,0.0282,0.1111,0.029,0.0588,0.7016,0.2003,0.1485,0.1248,0.6377,0.6471,465,0,extracted,0.2368,0.027,0.1579,0.1865,0.1146,0.1192
30,42,24,992,77,117,71,0.072,60,0,0.6536,0.1528,0.0282,0.1111,0.029,0.0588,0.7016,0.2003,0.1485,0.1248,0.6377,0.6471,465,0,extracted,0.2368,0.027,0.1579,0.1865,0.1146,0.1192
30,42,25,992,77,117,71,0.072,60,0,0.6536,0.1528,0.0282,0.1111,0.029,0.0588,0.7016,0.2003,0.1485,0.1248,0.6377,0.6471,465,0,extracted,0.2368,0.027,0.1579,0.1865,0.1146,0.1192
30,42,26,992,77,117,71,0.072,60,0,0.6536,0.1528,0.0282,0.1111,0.029,0.0588,0.7016,0.2003,0.1485,0.1248,0.6377,0.6471,465,0,extracted,0.2368,0.027,0.1579,0.1865,0.1146,0.1192
30,42,27,992,77,162,88,0.089,88,0,0.6862,0.3902,0.0741,0.2439,0.087,0.0588,0.7016,0.2003,0.1485,0.1248,0.6377,0.6471,465,0,extracted,0.3333,0.0682,0.2444,0.1865,0.1146,0.1192
30,42,28,992,77,162,88,0.089,88,0,0.6862,0.3902,0.0741,0.2439,0.087,0.0588,0.7016,0.2003,0.1485,0.1248,0.6377,0.6471,465,0,extracted,0.3333,0.0682,0.2444,0.1865,0.1146,0.1192
30,42,29,992,77,162,88,0.089,88,0,0.6862,0.3902,0.0741,0.2439,0.087,0.0588,0.7016,0.2003,0.1485,0.1248,0.6377,0.6471,465,0,extracted,0.3333,0.0682,0.2444,0.1865,0.1146,0.1192
30,42,30,992,77,162,88,0.089,88,0,0.6862,0.3902,0.0741,0.2439,0.087,0.0588,0.7016,0.2003,0.1485,0.1248,0.6377,0.6471,465,0,extracted,0.3333,0.0682,0.2444,0.1865,0.1146,0.1192
30,42,31,992,77,162,88,0.089,88,0,0.6862,0.3902,0.0741,0.2439,0.087,0.0588,0.7016,0.2003,0.1485,0.1248,0.6377,0.6471,465,0,extracted,0.3333,0.0682,0.2444,0.1865,0.1146,0.1192
30,42,32,992,77,162,88,0.089,88,0,0.6862,0.3902,0.0741,0.2439,0.087,0.0588,0.7016,0.2003,0.1485,0.1248,0.6377,0.6471,465,0,extracted,0.3333,0.0682,0.2444,0.1865,0.1146,0.1192
30,42,33,992,77,193,106,0.107,100,0,0.6818,0.3204,0.067,0.2099,0.087,0.0588,0.7016,0.2003,0.1485,0.1248,0.6377,0.6471,465,0,extracted,0.3333,0.0638,0.2292,0.1865,0.1146,0.1192
30,42,34,992,77,193,106,0.107,100,0,0.6818,0.3204,0.067,0.2099,0.087,0.0588,0.7016,0.2003,0.1485,0.1248,0.6377,0.6471,465,0,extracted,0.3333,0.0638,0.2292,0.1865,0.1146,0.1192
30,42,35,992,77,193,106,0.107,100,0,0.6818,0.3204,0.067,0.2099,0.087,0.0588,0.7016,0.2003,0.1485,0.1248,0.6377,0.6471,465,0,extracted,0.3333,0.0638,0.2292,0.1865,0.1146,0.1192
30,42,36,992,77,193,106,0.107,100,0,0.6818,0.3204,0.067,0.2099,0.087,0.0588,0.7016,0.2003,0.1485,0.1248,0.6377,0.6471,465,0,extracted,0.3333,0.0638,0.2292,0.1865,0.1146,0.1192
30,42,37,992,77,193,106,0.107,100,0,0.6818,0.3204,0.067,0.2099,0.087,0.0588,0.7016,0.2003,0.1485,0.1248,0.6377,0.6471,465,0,extracted,0.3333,0.0638,0.2292,0.1865,0.1146,0.1192
30,42,38,992,77,193,106,0.107,100,0,0.6818,0.3204,0.067,0.2099,0.087,0.0588,0.7016,0.2003,0.1485,0.1248,0.6377,0.6471,465,0,extracted,0.3333,0.0638,0.2292,0.1865,0.1146,0.1192
30,42,39,992,77,240,150,0.151,122,0,0.6895,0.2922,0.1198,0.137,0.1884,0.2353,0.7016,0.2003,0.1485,0.1248,0.6377,0.6471,465,0,extracted,0.2835,0.08,0.1732,0.1865,0.1146,0.1192
30,42,40,992,77,240,150,0.151,122,0,0.6895,0.2922,0.1198,0.137,0.1884,0.2353,0.7016,0.2003,0.1485,0.1248,0.6377,0.6471,465,0,extracted,0.2835,0.08,0.1732,0.1865,0.1146,0.1192
30,42,41,992,77,240,150,0.151,122,0,0.6895,0.2922,0.1198,0.137,0.1884,0.2353,0.7016,0.2003,0.1485,0.1248,0.6377,0.6471,465,0,extracted,0.2835,0.08,0.1732,0.1865,0.1146,0.1192
30,42,42,992,77,240,150,0.151,122,0,0.6895,0.2922,0.1198,0.137,0.1884,0.2353,0.7016,0.2003,0.1485,0.1248,0.6377,0.6471,465,0,extracted,0.2835,0.08,0.1732,0.1865,0.1146,0.1192
30,42,43,992,77,240,150,0.151,122,0,0.6895,0.2922,0.1198,0.137,0.1884,0.2353,0.7016,0.2003,0.1485,0.1248,0.6377,0.6471,465,0,extracted,0.2835,0.08,0.1732,0.1865,0.1146,0.1192
30,42,44,992,77,240,150,0.151,122,0,0.6895,0.2922,0.1198,0.137,0.1884,0.2353,0.7016,0.2003,0.1485,0.1248,0.6377,0.6471,465,0,extracted,0.2835,0.08,0.1732,0.1865,0.1146,0.1192
30,42,45,992,77,285,172,0.173,141,0,0.6767,0.3347,0.1152,0.2286,0.2029,0.1765,0.7016,0.2003,0.1485,0.1248,0.6377,0.6471,465,0,extracted,0.3175,0.0645,0.2222,0.1865,0.1146,0.1192
30,42,46,992,77,285,172,0.173,141,0,0.6767,0.3347,0.1152,0.2286,0.2029,0.1765,0.7016,0.2003,0.1485,0.1248,0.6377,0.6471,465,0,extracted,0.3175,0.0645,0.2222,0.1865,0.1146,0.1192
30,42,47,992,77,285,172,0.173,141,0,0.6767,0.3347,0.1152,0.2286,0.2029,0.1765,0.7016,0.2003,0.1485,0.1248,0.6377,0.6471,465,0,extracted,0.3175,0.0645,0.2222,0.1865,0.1146,0.1192
30,42,48,992,77,285,172,0.173,141,0,0.6767,0.3347,0.1152,0.2286,0.2029,0.1765,0.7016,0.2003,0.1485,0.1248,0.6377,0.6471,465,0,extracted,0.3175,0.0645,0.2222,0.1865,0.1146,0.1192
30,42,49,992,77,285,172,0.173,141,0,0.6767,0.3347,0.1152,0.2286,0.2029,0.1765,0.7016,0.2003,0.1485,0.1248,0.6377,0.6471,465,0,extracted,0.3175,0.0645,0.2222,0.1865,0.1146,0.1192
30,42,50,992,77,285,172,0.173,141,0,0.6767,0.3347,0.1152,0.2286,0.2029,0.1765,0.7016,0.2003,0.1485,0.1248,0.6377,0.6471,465,0,extracted,0.3175,0.0645,0.2222,0.1865,0.1146,0.1192
30,42,51,992,77,331,208,0.21,157,0,0.7098,0.3719,0.1908,0.2456,0.3768,0.3529,0.7016,0.2003,0.1485,0.1248,0.6377,0.6471,465,0,extracted,0.3694,0.1677,0.242,0.1865,0.1146,0.1192
30,42,52,992,77,331,208,0.21,157,0,0.7098,0.3719,0.1908,0.2456,0.3768,0.3529,0.7016,0.2003,0.1485,0.1248,0.6377,0.6471,465,0,extracted,0.3694,0.1677,0.242,0.1865,0.1146,0.1192
30,42,53,992,77,331,208,0.21,157,0,0.7098,0.3719,0.1908,0.2456,0.3768,0.3529,0.7016,0.2003,0.1485,0.1248,0.6377,0.6471,465,0,extracted,0.3694,0.1677,0.242,0.1865,0.1146,0.1192
30,42,54,992,77,331,208,0.21,157,0,0.7098,0.3719,0.1908,0.2456,0.3768,0.3529,0.7016,0.2003,0.1485,0.1248,0.6377,0.6471,465,0,extracted,0.3694,0.1677,0.242,0.1865,0.1146,0.1192
30,42,55,992,77,331,208,0.21,157,0,0.7098,0.3719,0.1908,0.2456,0.3768,0.3529,0.7016,0.2003,0.1485,0.1248,0.6377,0.6471,465,0,extracted,0.3694,0.1677,0.242,0.1865,0.1146,0.1192
30,42,56,992,77,371,216,0.218,179,0,0.7131,0.3891,0.2062,0.273,0.4203,0.3529,0.7016,0.2003,0.1485,0.1248,0.6377,0.6471,465,0,extracted,0.3681,0.1366,0.2454,0.1865,0.1146,0.1192
30,42,57,992,77,371,216,0.218,179,0,0.7131,0.3891,0.2062,0.273,0.4203,0.3529,0.7016,0.2003,0.1485,0.1248,0.6377,0.6471,465,0,extracted,0.3681,0.1366,0.2454,0.1865,0.1146,0.1192
30,42,58,992,77,371,216,0.218,179,0,0.7131,0.3891,0.2062,0.273,0.4203,0.3529,0.7016,0.2003,0.1485,0.1248,0.6377,0.6471,465,0,extracted,0.3681,0.1366,0.2454,0.1865,0.1146,0.1192
30,42,59,992,77,371,216,0.218,179,0,0.7131,0.3891,0.2062,0.273,0.4203,0.3529,0.7016,0.2003,0.1485,0.1248,0.6377,0.6471,465,0,extracted,0.3681,0.1366,0.2454,0.1865,0.1146,0.1192
30,42,60,992,77,371,216,0.218,179,0,0.7131,0.3891,0.2062,0.273,0.4203,0.3529,0.7016,0.2003,0.1485,0.1248,0.6377,0.6471,465,0,extracted,0.3681,0.1366,0.2454,0.1865,0.1146,0.1192
30,42,61,992,77,371,216,0.218,179,0,0.7131,0.3891,0.2062,0.273,0.4203,0.3529,0.7016,0.2003,0.1485,0.1248,0.6377,0.6471,465,0,extracted,0.3681,0.1366,0.2454,0.1865,0.1146,0.1192
30,42,62,992,77,424,260,0.262,207,0,0.7007,0.3095,0.1557,0.2024,0.3623,0.2941,0.7016,0.2003,0.1485,0.1248,0.6377,0.6471,465,0,extracted,0.3141,0.1376,0.2199,0.1865,0.1146,0.1192
30,42,63,992,77,424,260,0.262,207,0,0.7007,0.3095,0.1557,0.2024,0.3623,0.2941,0.7016,0.2003,0.1485,0.1248,0.6377,0.6471,465,0,extracted,0.3141,0.1376,0.2199,0.1865,0.1146,0.1192
30,42,64,992,77,424,260,0.262,207,0,0.7007,0.3095,0.1557,0.2024,0.3623,0.2941,0.7016,0.2003,0.1485,0.1248,0.6377,0.6471,465,0,extracted,0.3141,0.1376,0.2199,0.1865,0.1146,0.1192
30,42,65,992,77,424,260,0.262,207,0,0.7007,0.3095,0.1557,0.2024,0.3623,0.2941,0.7016,0.2003,0.1485,0.1248,0.6377,0.6471,465,0,extracted,0.3141,0.1376,0.2199,0.1865,0.1146,0.1192
30,42,66,992,77,424,260,0.262,207,0,0.7007,0.3095,0.1557,0.2024,0.3623,0.2941,0.7016,0.2003,0.1485,0.1248,0.6377,0.6471,465,0,extracted,0.3141,0.1376,0.2199,0.1865,0.1146,0.1192
30,42,67,992,77,424,260,0.262,207,0,0.7007,0.3095,0.1557,0.2024,0.3623,0.2941,0.7016,0.2003,0.1485,0.1248,0.6377,0.6471,465,0,extracted,0.3141,0.1376,0.2199,0.1865,0.1146,0.1192
30,42,68,992,77,477,286,0.288,229,0,0.7209,0.3565,0.2577,0.2117,0.5652,0.4706,0.7016,0.2003,0.1485,0.1248,0.6377,0.6471,465,0,extracted,0.3492,0.1818,0.2011,0.1865,0.1146,0.1192
30,42,69,992,77,477,286,0.288,229,0,0.7209,0.3565,0.2577,0.2117,0.5652,0.4706,0.7016,0.2003,0.1485,0.1248,0.6377,0.6471,465,0,extracted,0.3492,0.1818,0.2011,0.1865,0.1146,0.1192
30,42,70,992,77,477,286,0.288,229,0,0.7209,0.3565,0.2577,0.2117,0.5652,0.4706,0.7016,0.2003,0.1485,0.1248,0.6377,0.6471,465,0,extracted,0.3492,0.1818,0.2011,0.1865,0.1146,0.1192
30,42,71,992,77,477,286,0.288,229,0,0.7209,0.3565,0.2577,0.2117,0.5652,0.4706,0.7016,0.2003,0.1485,0.1248,0.6377,0.6471,465,0,extracted,0.3492,0.1818,0.2011,0.1865,0.1146,0.1192
30,42,72,992,77,477,286,0.288,229,0,0.7209,0.3565,0.2577,0.2117,0.5652,0.4706,0.7016,0.2003,0.1485,0.1248,0.6377,0.6471,465,0,extracted,0.3492,0.1818,0.2011,0.1865,0.1146,0.1192
30,42,73,992,77,477,286,0.288,229,0,0.7209,0.3565,0.2577,0.2117,0.5652,0.4706,0.7016,0.2003,0.1485,0.1248,0.6377,0.6471,465,0,extracted,0.3492,0.1818,0.2011,0.1865,0.1146,0.1192
30,42,74,992,77,540,328,0.331,258,0,0.6984,0.3062,0.1787,0.2173,0.4203,0.4118,0.7016,0.2003,0.1485,0.1248,0.6377,0.6471,465,0,extracted,0.2771,0.0873,0.1991,0.1865,0.1146,0.1192
30,42,75,992,77,540,328,0.331,258,0,0.6984,0.3062,0.1787,0.2173,0.4203,0.4118,0.7016,0.2003,0.1485,0.1248,0.6377,0.6471,465,0,extracted,0.2771,0.0873,0.1991,0.1865,0.1146,0.1192
30,42,76,992,77,540,328,0.331,258,0,0.6984,0.3062,0.1787,0.2173,0.4203,0.4118,0.7016,0.2003,0.1485,0.1248,0.6377,0.6471,465,0,extracted,0.2771,0.0873,0.1991,0.1865,0.1146,0.1192
30,42,77,992,77,540,328,0.331,258,0,0.6984,0.3062,0.1787,0.2173,0.4203,0.4118,0.7016,0.2003,0.1485,0.1248,0.6377,0.6471,465,0,extracted,0.2771,0.0873,0.1991,0.1865,0.1146,0.1192
30,42,78,992,77,540,328,0.331,258,0,0.6984,0.3062,0.1787,0.2173,0.4203,0.4118,0.7016,0.2003,0.1485,0.1248,0.6377,0.6471,465,0,extracted,0.2771,0.0873,0.1991,0.1865,0.1146,0.1192
30,42,79,992,77,540,328,0.331,258,0,0.6984,0.3062,0.1787,0.2173,0.4203,0.4118,0.7016,0.2003,0.1485,0.1248,0.6377,0.6471,465,0,extracted,0.2771,0.0873,0.1991,0.1865,0.1146,0.1192
30,42,80,992,77,626,353,0.356,289,0,0.6914,0.2744,0.1402,0.1767,0.4203,0.5294,0.7016,0.2003,0.1485,0.1248,0.6377,0.6471,465,0,extracted,0.2531,0.0905,0.1714,0.1865,0.1146,0.1192
30,42,81,992,77,626,353,0.356,289,0,0.6914,0.2744,0.1402,0.1767,0.4203,0.5294,0.7016,0.2003,0.1485,0.1248,0.6377,0.6471,465,0,extracted,0.2531,0.0905,0.1714,0.1865,0.1146,0.1192
30,42,82,992,77,626,353,0.356,289,0,0.6914,0.2744,0.1402,0.1767,0.4203,0.5294,0.7016,0.2003,0.1485,0.1248,0.6377,0.6471,465,0,extracted,0.2531,0.0905,0.1714,0.1865,0.1146,0.1192
30,42,83,992,77,626,353,0.356,289,0,0.6914,0.2744,0.1402,0.1767,0.4203,0.5294,0.7016,0.2003,0.1485,0.1248,0.6377,0.6471,465,0,extracted,0.2531,0.0905,0.1714,0.1865,0.1146,0.1192
30,42,84,992,77,626,353,0.356,289,0,0.6914,0.2744,0.1402,0.1767,0.4203,0.5294,0.7016,0.2003,0.1485,0.1248,0.6377,0.6471,465,0,extracted,0.2531,0.0905,0.1714,0.1865,0.1146,0.1192
30,42,85,992,77,626,353,0.356,289,0,0.6914,0.2744,0.1402,0.1767,0.4203,0.5294,0.7016,0.2003,0.1485,0.1248,0.6377,0.6471,465,0,extracted,0.2531,0.0905,0.1714,0.1865,0.1146,0.1192
30,42,86,992,77,724,463,0.467,334,0,0.7119,0.2444,0.1859,0.1778,0.6232,0.5882,0.7016,0.2003,0.1485,0.1248,0.6377,0.6471,465,0,extracted,0.2273,0.1438,0.1558,0.1865,0.1146,0.1192
30,42,87,992,77,724,463,0.467,334,0,0.7119,0.2444,0.1859,0.1778,0.6232,0.5882,0.7016,0.2003,0.1485,0.1248,0.6377,0.6471,465,0,extracted,0.2273,0.1438,0.1558,0.1865,0.1146,0.1192
30,42,88,992,77,724,463,0.467,334,0,0.7119,0.2444,0.1859,0.1778,0.6232,0.5882,0.7016,0.2003,0.1485,0.1248,0.6377,0.6471,465,0,extracted,0.2273,0.1438,0.1558,0.1865,0.1146,0.1192
30,42,89,992,77,724,463,0.467,334,0,0.7119,0.2444,0.1859,0.1778,0.6232,0.5882,0.7016,0.2003,0.1485,0.1248,0.6377,0.6471,465,0,extracted,0.2273,0.1438,0.1558,0.1865,0.1146,0.1192
30,42,90,992,77,724,463,0.467,334,0,0.7119,0.2444,0.1859,0.1778,0.6232,0.5882,0.7016,0.2003,0.1485,0.1248,0.6377,0.6471,465,0,extracted,0.2273,0.1438,0.1558,0.1865,0.1146,0.1192
30,42,91,992,77,724,463,0.467,334,0,0.7119,0.2444,0.1859,0.1778,0.6232,0.5882,0.7016,0.2003,0.1485,0.1248,0.6377,0.6471,465,0,extracted,0.2273,0.1438,0.1558,0.1865,0.1146,0.1192
30,42,92,992,77,853,522,0.526,395,0,0.7021,0.2241,0.1745,0.1538,0.6522,0.5882,0.7016,0.2003,0.1485,0.1248,0.6377,0.6471,465,0,extracted,0.2124,0.1365,0.1357,0.1865,0.1146,0.1192
30,42,93,992,77,853,522,0.526,395,0,0.7021,0.2241,0.1745,0.1538,0.6522,0.5882,0.7016,0.2003,0.1485,0.1248,0.6377,0.6471,465,0,extracted,0.2124,0.1365,0.1357,0.1865,0.1146,0.1192
30,42,94,992,77,853,522,0.526,395,0,0.7021,0.2241,0.1745,0.1538,0.6522,0.5882,0.7016,0.2003,0.1485,0.1248,0.6377,0.6471,465,0,extracted,0.2124,0.1365,0.1357,0.1865,0.1146,0.1192
30,42,95,992,77,853,522,0.526,395,0,0.7021,0.2241,0.1745,0.1538,0.6522,0.5882,0.7016,0.2003,0.1485,0.1248,0.6377,0.6471,465,0,extracted,0.2124,0.1365,0.1357,0.1865,0.1146,0.1192
30,42,96,992,77,853,522,0.526,395,0,0.7021,0.2241,0.1745,0.1538,0.6522,0.5882,0.7016,0.2003,0.1485,0.1248,0.6377,0.6471,465,0,extracted,0.2124,0.1365,0.1357,0.1865,0.1146,0.1192
30,42,97,992,77,853,522,0.526,395,0,0.7021,0.2241,0.1745,0.1538,0.6522,0.5882,0.7016,0.2003,0.1485,0.1248,0.6377,0.6471,465,0,extracted,0.2124,0.1365,0.1357,0.1865,0.1146,0.1192
30,42,98,992,77,980,594,0.599,454,0,0.6645,0.2009,0.1221,0.1339,0.4783,0.5294,0.7016,0.2003,0.1485,0.1248,0.6377,0.6471,465,0,extracted,0.1878,0.0889,0.116,0.1865,0.1146,0.1192
30,42,99,992,77,980,594,0.599,454,0,0.6645,0.2009,0.1221,0.1339,0.4783,0.5294,0.7016,0.2003,0.1485,0.1248,0.6377,0.6471,465,0,extracted,0.1878,0.0889,0.116,0.1865,0.1146,0.1192
30,42,100,992,77,980,594,0.599,454,0,0.6645,0.2009,0.1221,0.1339,0.4783,0.5294,0.7016,0.2003,0.1485,0.1248,0.6377,0.6471,465,0,extracted,0.1878,0.0889,0.116,0.1865,0.1146,0.1192
