text_idx,seed,ext_ratio_pct,orig_chars,ref_chars,ext_chars,hyb_chars,hyb_ratio,bart_input_tokens,bart_truncated,hyb_bert_f1,hyb_rouge1,hyb_rouge2,hyb_rougeL,hyb_kw_match,hyb_kw_content_match,gen_bert_f1,gen_rouge1,gen_rouge2,gen_rougeL,gen_kw_match,gen_kw_content_match,gen_bart_tokens,gen_bart_truncated,gen_length_basis,hyb_rouge1_morph,hyb_rouge2_morph,hyb_rougeL_morph,gen_rouge1_morph,gen_rouge2_morph,gen_rougeL_morph
1,123,1,1130,100,16,19,0.017,10,0,0.6269,0.2185,0.1026,0.2017,0.0619,0.0741,0.6489,0.2432,0.1205,0.1351,0.3918,0.4444,512,1,extracted,0.1231,0.0,0.1231,0.2011,0.0745,0.1164
1,123,2,1130,100,16,19,0.017,10,0,0.6269,0.2185,0.1026,0.2017,0.0619,0.0741,0.6489,0.2432,0.1205,0.1351,0.3918,0.4444,512,1,extracted,0.1231,0.0,0.1231,0.2011,0.0745,0.1164
1,123,3,1130,100,16,19,0.017,10,0,0.6269,0.2185,0.1026,0.2017,0.0619,0.0741,0.6489,0.2432,0.1205,0.1351,0.3918,0.4444,512,1,extracted,0.1231,0.0,0.1231,0.2011,0.0745,0.1164
1,123,4,1130,100,16,19,0.017,10,0,0.6269,0.2185,0.1026,0.2017,0.0619,0.0741,0.6489,0.2432,0.1205,0.1351,0.3918,0.4444,512,1,extracted,0.1231,0.0,0.1231,0.2011,0.0745,0.1164
1,123,5,1130,100,16,19,0.017,10,0,0.6269,0.2185,0.1026,0.2017,0.0619,0.0741,0.6489,0.2432,0.1205,0.1351,0.3918,0.4444,512,1,extracted,0.1231,0.0,0.1231,0.2011,0.0745,0.1164
1,123,6,1130,100,16,19,0.017,10,0,0.6269,0.2185,0.1026,0.2017,0.0619,0.0741,0.6489,0.2432,0.1205,0.1351,0.3918,0.4444,512,1,extracted,0.1231,0.0,0.1231,0.2011,0.0745,0.1164
1,123,7,1130,100,37,36,0.032,22,0,0.6714,0.3676,0.1642,0.2206,0.1134,0.1111,0.6489,0.2432,0.1205,0.1351,0.3918,0.4444,512,1,extracted,0.2857,0.08,0.2078,0.2011,0.0745,0.1164
1,123,8,1130,100,37,36,0.032,22,0,0.6714,0.3676,0.1642,0.2206,0.1134,0.1111,0.6489,0.2432,0.1205,0.1351,0.3918,0.4444,512,1,extracted,0.2857,0.08,0.2078,0.2011,0.0745,0.1164
1,123,9,1130,100,37,36,0.032,22,0,0.6714,0.3676,0.1642,0.2206,0.1134,0.1111,0.6489,0.2432,0.1205,0.1351,0.3918,0.4444,512,1,extracted,0.2857,0.08,0.2078,0.2011,0.0745,0.1164
1,123,10,1130,100,37,36,0.032,22,0,0.6714,0.3676,0.1642,0.2206,0.1134,0.1111,0.6489,0.2432,0.1205,0.1351,0.3918,0.4444,512,1,extracted,0.2857,0.08,0.2078,0.2011,0.0745,0.1164
1,123,11,1130,100,37,36,0.032,22,0,0.6714,0.3676,0.1642,0.2206,0.1134,0.1111,0.6489,0.2432,0.1205,0.1351,0.3918,0.4444,512,1,extracted,0.2857,0.08,0.2078,0.2011,0.0745,0.1164
1,123,12,1130,100,59,36,0.032,31,0,0.6622,0.3676,0.1791,0.25,0.1237,0.1111,0.6489,0.2432,0.1205,0.1351,0.3918,0.4444,512,1,extracted,0.2857,0.1067,0.2338,0.2011,0.0745,0.1164
1,123,13,1130,100,59,36,0.032,31,0,0.6622,0.3676,0.1791,0.25,0.1237,0.1111,0.6489,0.2432,0.1205,0.1351,0.3918,0.4444,512,1,extracted,0.2857,0.1067,0.2338,0.2011,0.0745,0.1164
1,123,14,1130,100,59,36,0.032,31,0,0.6622,0.3676,0.1791,0.25,0.1237,0.1111,0.6489,0.2432,0.1205,0.1351,0.3918,0.4444,512,1,extracted,0.2857,0.1067,0.2338,0.2011,0.0745,0.1164
1,123,15,1130,100,59,36,0.032,31,0,0.6622,0.3676,0.1791,0.25,0.1237,0.1111,0.6489,0.2432,0.1205,0.1351,0.3918,0.4444,512,1,extracted,0.2857,0.1067,0.2338,0.2011,0.0745,0.1164
1,123,16,1130,100,87,54,0.048,48,0,0.6543,0.4026,0.1579,0.2078,0.1237,0.1111,0.6489,0.2432,0.1205,0.1351,0.3918,0.4444,512,1,extracted,0.2759,0.0941,0.2069,0.2011,0.0745,0.1164
1,123,17,1130,100,87,54,0.048,48,0,0.6543,0.4026,0.1579,0.2078,0.1237,0.1111,0.6489,0.2432,0.1205,0.1351,0.3918,0.4444,512,1,extracted,0.2759,0.0941,0.2069,0.2011,0.0745,0.1164
1,123,18,1130,100,87,54,0.048,48,0,0.6543,0.4026,0.1579,0.2078,0.1237,0.1111,0.6489,0.2432,0.1205,0.1351,0.3918,0.4444,512,1,extracted,0.2759,0.0941,0.2069,0.2011,0.0745,0.1164
1,123,19,1130,100,87,54,0.048,48,0,0.6543,0.4026,0.1579,0.2078,0.1237,0.1111,0.6489,0.2432,0.1205,0.1351,0.3918,0.4444,512,1,extracted,0.2759,0.0941,0.2069,0.2011,0.0745,0.1164
1,123,20,1130,100,87,54,0.048,48,0,0.6543,0.4026,0.1579,0.2078,0.1237,0.1111,0.6489,0.2432,0.1205,0.1351,0.3918,0.4444,512,1,extracted,0.2759,0.0941,0.2069,0.2011,0.0745,0.1164
1,123,21,1130,100,105,59,0.052,56,0,0.6628,0.4025,0.1656,0.2138,0.134,0.1111,0.6489,0.2432,0.1205,0.1351,0.3918,0.4444,512,1,extracted,0.2857,0.0899,0.1978,0.2011,0.0745,0.1164
1,123,22,1130,100,105,59,0.052,56,0,0.6628,0.4025,0.1656,0.2138,0.134,0.1111,0.6489,0.2432,0.1205,0.1351,0.3918,0.4444,512,1,extracted,0.2857,0.0899,0.1978,0.2011,0.0745,0.1164
1,123,23,1130,100,105,59,0.052,56,0,0.6628,0.4025,0.1656,0.2138,0.134,0.1111,0.6489,0.2432,0.1205,0.1351,0.3918,0.4444,512,1,extracted,0.2857,0.0899,0.1978,0.2011,0.0745,0.1164
1,123,24,1130,100,105,59,0.052,56,0,0.6628,0.4025,0.1656,0.2138,0.134,0.1111,0.6489,0.2432,0.1205,0.1351,0.3918,0.4444,512,1,extracted,0.2857,0.0899,0.1978,0.2011,0.0745,0.1164
1,123,25,1130,100,125,77,0.068,64,0,0.6447,0.3842,0.1257,0.2034,0.1134,0.1111,0.6489,0.2432,0.1205,0.1351,0.3918,0.4444,512,1,extracted,0.2885,0.0784,0.2115,0.2011,0.0745,0.1164
1,123,26,1130,100,125,77,0.068,64,0,0.6447,0.3842,0.1257,0.2034,0.1134,0.1111,0.6489,0.2432,0.1205,0.1351,0.3918,0.4444,512,1,extracted,0.2885,0.0784,0.2115,0.2011,0.0745,0.1164
1,123,27,1130,100,125,77,0.068,64,0,0.6447,0.3842,0.1257,0.2034,0.1134,0.1111,0.6489,0.2432,0.1205,0.1351,0.3918,0.4444,512,1,extracted,0.2885,0.0784,0.2115,0.2011,0.0745,0.1164
1,123,28,1130,100,125,77,0.068,64,0,0.6447,0.3842,0.1257,0.2034,0.1134,0.1111,0.6489,0.2432,0.1205,0.1351,0.3918,0.4444,512,1,extracted,0.2885,0.0784,0.2115,0.2011,0.0745,0.1164
1,123,29,1130,100,125,77,0.068,64,0,0.6447,0.3842,0.1257,0.2034,0.1134,0.1111,0.6489,0.2432,0.1205,0.1351,0.3918,0.4444,512,1,extracted,0.2885,0.0784,0.2115,0.2011,0.0745,0.1164
1,123,30,1130,100,151,89,0.079,78,0,0.6623,0.4762,0.2246,0.2011,0.2165,0.2593,0.6489,0.2432,0.1205,0.1351,0.3918,0.4444,512,1,extracted,0.3585,0.0962,0.2075,0.2011,0.0745,0.1164
1,123,31,1130,100,151,89,0.079,78,0,0.6623,0.4762,0.2246,0.2011,0.2165,0.2593,0.6489,0.2432,0.1205,0.1351,0.3918,0.4444,512,1,extracted,0.3585,0.0962,0.2075,0.2011,0.0745,0.1164
1,123,32,1130,100,151,89,0.079,78,0,0.6623,0.4762,0.2246,0.2011,0.2165,0.2593,0.6489,0.2432,0.1205,0.1351,0.3918,0.4444,512,1,extracted,0.3585,0.0962,0.2075,0.2011,0.0745,0.1164
1,123,33,1130,100,151,89,0.079,78,0,0.6623,0.4762,0.2246,0.2011,0.2165,0.2593,0.6489,0.2432,0.1205,0.1351,0.3918,0.4444,512,1,extracted,0.3585,0.0962,0.2075,0.2011,0.0745,0.1164
1,123,34,1130,100,151,89,0.079,78,0,0.6623,0.4762,0.2246,0.2011,0.2165,0.2593,0.6489,0.2432,0.1205,0.1351,0.3918,0.4444,512,1,extracted,0.3585,0.0962,0.2075,0.2011,0.0745,0.1164
1,123,35,1130,100,181,112,0.099,90,0,0.6348,0.4151,0.1238,0.1698,0.134,0.1481,0.6489,0.2432,0.1205,0.1351,0.3918,0.4444,512,1,extracted,0.3419,0.0348,0.1368,0.2011,0.0745,0.1164
1,123,36,1130,100,181,112,0.099,90,0,0.6348,0.4151,0.1238,0.1698,0.134,0.1481,0.6489,0.2432,0.1205,0.1351,0.3918,0.4444,512,1,extracted,0.3419,0.0348,0.1368,0.2011,0.0745,0.1164
1,123,37,1130,100,181,112,0.099,90,0,0.6348,0.4151,0.1238,0.1698,0.134,0.1481,0.6489,0.2432,0.1205,0.1351,0.3918,0.4444,512,1,extracted,0.3419,0.0348,0.1368,0.2011,0.0745,0.1164
1,123,38,1130,100,181,112,0.099,90,0,0.6348,0.4151,0.1238,0.1698,0.134,0.1481,0.6489,0.2432,0.1205,0.1351,0.3918,0.4444,512,1,extracted,0.3419,0.0348,0.1368,0.2011,0.0745,0.1164
1,123,39,1130,100,211,120,0.106,108,0,0.6332,0.4,0.0826,0.1909,0.0928,0.037,0.6489,0.2432,0.1205,0.1351,0.3918,0.4444,512,1,extracted,0.314,0.0168,0.1653,0.2011,0.0745,0.1164
1,123,40,1130,100,211,120,0.106,108,0,0.6332,0.4,0.0826,0.1909,0.0928,0.037,0.6489,0.2432,0.1205,0.1351,0.3918,0.4444,512,1,extracted,0.314,0.0168,0.1653,0.2011,0.0745,0.1164
1,123,41,1130,100,211,120,0.106,108,0,0.6332,0.4,0.0826,0.1909,0.0928,0.037,0.6489,0.2432,0.1205,0.1351,0.3918,0.4444,512,1,extracted,0.314,0.0168,0.1653,0.2011,0.0745,0.1164
1,123,42,1130,100,211,120,0.106,108,0,0.6332,0.4,0.0826,0.1909,0.0928,0.037,0.6489,0.2432,0.1205,0.1351,0.3918,0.4444,512,1,extracted,0.314,0.0168,0.1653,0.2011,0.0745,0.1164
1,123,43,1130,100,211,120,0.106,108,0,0.6332,0.4,0.0826,0.1909,0.0928,0.037,0.6489,0.2432,0.1205,0.1351,0.3918,0.4444,512,1,extracted,0.314,0.0168,0.1653,0.2011,0.0745,0.1164
1,123,44,1130,100,250,155,0.137,129,0,0.6388,0.4157,0.1028,0.2039,0.134,0.1481,0.6489,0.2432,0.1205,0.1351,0.3918,0.4444,512,1,extracted,0.3597,0.0292,0.1871,0.2011,0.0745,0.1164
1,123,45,1130,100,250,155,0.137,129,0,0.6388,0.4157,0.1028,0.2039,0.134,0.1481,0.6489,0.2432,0.1205,0.1351,0.3918,0.4444,512,1,extracted,0.3597,0.0292,0.1871,0.2011,0.0745,0.1164
1,123,46,1130,100,250,155,0.137,129,0,0.6388,0.4157,0.1028,0.2039,0.134,0.1481,0.6489,0.2432,0.1205,0.1351,0.3918,0.4444,512,1,extracted,0.3597,0.0292,0.1871,0.2011,0.0745,0.1164
1,123,47,1130,100,250,155,0.137,129,0,0.6388,0.4157,0.1028,0.2039,0.134,0.1481,0.6489,0.2432,0.1205,0.1351,0.3918,0.4444,512,1,extracted,0.3597,0.0292,0.1871,0.2011,0.0745,0.1164
1,123,48,1130,100,307,193,0.171,155,0,0.6404,0.3649,0.0989,0.1754,0.1443,0.1481,0.6489,0.2432,0.1205,0.1351,0.3918,0.4444,512,1,extracted,0.338,0.0286,0.169,0.2011,0.0745,0.1164
1,123,49,1130,100,307,193,0.171,155,0,0.6404,0.3649,0.0989,0.1754,0.1443,0.1481,0.6489,0.2432,0.1205,0.1351,0.3918,0.4444,512,1,extracted,0.338,0.0286,0.169,0.2011,0.0745,0.1164
1,123,50,1130,100,307,193,0.171,155,0,0.6404,0.3649,0.0989,0.1754,0.1443,0.1481,0.6489,0.2432,0.1205,0.1351,0.3918,0.4444,512,1,extracted,0.338,0.0286,0.169,0.2011,0.0745,0.1164
1,123,51,1130,100,307,193,0.171,155,0,0.6404,0.3649,0.0989,0.1754,0.1443,0.1481,0.6489,0.2432,0.1205,0.1351,0.3918,0.4444,512,1,extracted,0.338,0.0286,0.169,0.2011,0.0745,0.1164
1,123,52,1130,100,307,193,0.171,155,0,0.6404,0.3649,0.0989,0.1754,0.1443,0.1481,0.6489,0.2432,0.1205,0.1351,0.3918,0.4444,512,1,extracted,0.338,0.0286,0.169,0.2011,0.0745,0.1164
1,123,53,1130,100,346,212,0.188,180,0,0.611,0.3301,0.0847,0.1618,0.134,0.1481,0.6489,0.2432,0.1205,0.1351,0.3918,0.4444,512,1,extracted,0.289,0.0234,0.1734,0.2011,0.0745,0.1164
1,123,54,1130,100,346,212,0.188,180,0,0.611,0.3301,0.0847,0.1618,0.134,0.1481,0.6489,0.2432,0.1205,0.1351,0.3918,0.4444,512,1,extracted,0.289,0.0234,0.1734,0.2011,0.0745,0.1164
1,123,55,1130,100,346,212,0.188,180,0,0.611,0.3301,0.0847,0.1618,0.134,0.1481,0.6489,0.2432,0.1205,0.1351,0.3918,0.4444,512,1,extracted,0.289,0.0234,0.1734,0.2011,0.0745,0.1164
1,123,56,1130,100,346,212,0.188,180,0,0.611,0.3301,0.0847,0.1618,0.134,0.1481,0.6489,0.2432,0.1205,0.1351,0.3918,0.4444,512,1,extracted,0.289,0.0234,0.1734,0.2011,0.0745,0.1164
1,123,57,1130,100,374,224,0.198,193,0,0.6224,0.3522,0.1203,0.1509,0.1856,0.1481,0.6489,0.2432,0.1205,0.1351,0.3918,0.4444,512,1,extracted,0.3095,0.0241,0.1548,0.2011,0.0745,0.1164
1,123,58,1130,100,374,224,0.198,193,0,0.6224,0.3522,0.1203,0.1509,0.1856,0.1481,0.6489,0.2432,0.1205,0.1351,0.3918,0.4444,512,1,extracted,0.3095,0.0241,0.1548,0.2011,0.0745,0.1164
1,123,59,1130,100,374,224,0.198,193,0,0.6224,0.3522,0.1203,0.1509,0.1856,0.1481,0.6489,0.2432,0.1205,0.1351,0.3918,0.4444,512,1,extracted,0.3095,0.0241,0.1548,0.2011,0.0745,0.1164
1,123,60,1130,100,374,224,0.198,193,0,0.6224,0.3522,0.1203,0.1509,0.1856,0.1481,0.6489,0.2432,0.1205,0.1351,0.3918,0.4444,512,1,extracted,0.3095,0.0241,0.1548,0.2011,0.0745,0.1164
1,123,61,1130,100,374,224,0.198,193,0,0.6224,0.3522,0.1203,0.1509,0.1856,0.1481,0.6489,0.2432,0.1205,0.1351,0.3918,0.4444,512,1,extracted,0.3095,0.0241,0.1548,0.2011,0.0745,0.1164
1,123,62,1130,100,414,250,0.221,214,0,0.6163,0.3371,0.092,0.1429,0.1546,0.1481,0.6489,0.2432,0.1205,0.1351,0.3918,0.4444,512,1,extracted,0.2634,0.0197,0.1463,0.2011,0.0745,0.1164
1,123,63,1130,100,414,250,0.221,214,0,0.6163,0.3371,0.092,0.1429,0.1546,0.1481,0.6489,0.2432,0.1205,0.1351,0.3918,0.4444,512,1,extracted,0.2634,0.0197,0.1463,0.2011,0.0745,0.1164
1,123,64,1130,100,414,250,0.221,214,0,0.6163,0.3371,0.092,0.1429,0.1546,0.1481,0.6489,0.2432,0.1205,0.1351,0.3918,0.4444,512,1,extracted,0.2634,0.0197,0.1463,0.2011,0.0745,0.1164
1,123,65,1130,100,414,250,0.221,214,0,0.6163,0.3371,0.092,0.1429,0.1546,0.1481,0.6489,0.2432,0.1205,0.1351,0.3918,0.4444,512,1,extracted,0.2634,0.0197,0.1463,0.2011,0.0745,0.1164
1,123,66,1130,100,462,290,0.257,238,0,0.6157,0.3097,0.0792,0.147,0.1443,0.1481,0.6489,0.2432,0.1205,0.1351,0.3918,0.4444,512,1,extracted,0.2574,0.02,0.1485,0.2011,0.0745,0.1164
1,123,67,1130,100,462,290,0.257,238,0,0.6157,0.3097,0.0792,0.147,0.1443,0.1481,0.6489,0.2432,0.1205,0.1351,0.3918,0.4444,512,1,extracted,0.2574,0.02,0.1485,0.2011,0.0745,0.1164
1,123,68,1130,100,462,290,0.257,238,0,0.6157,0.3097,0.0792,0.147,0.1443,0.1481,0.6489,0.2432,0.1205,0.1351,0.3918,0.4444,512,1,extracted,0.2574,0.02,0.1485,0.2011,0.0745,0.1164
1,123,69,1130,100,462,290,0.257,238,0,0.6157,0.3097,0.0792,0.147,0.1443,0.1481,0.6489,0.2432,0.1205,0.1351,0.3918,0.4444,512,1,extracted,0.2574,0.02,0.1485,0.2011,0.0745,0.1164
1,123,70,1130,100,462,290,0.257,238,0,0.6157,0.3097,0.0792,0.147,0.1443,0.1481,0.6489,0.2432,0.1205,0.1351,0.3918,0.4444,512,1,extracted,0.2574,0.02,0.1485,0.2011,0.0745,0.1164
1,123,71,1130,100,545,335,0.296,286,0,0.6027,0.2864,0.0802,0.1268,0.1649,0.1111,0.6489,0.2432,0.1205,0.1351,0.3918,0.4444,512,1,extracted,0.2241,0.0261,0.1466,0.2011,0.0745,0.1164
1,123,72,1130,100,545,335,0.296,286,0,0.6027,0.2864,0.0802,0.1268,0.1649,0.1111,0.6489,0.2432,0.1205,0.1351,0.3918,0.4444,512,1,extracted,0.2241,0.0261,0.1466,0.2011,0.0745,0.1164
1,123,73,1130,100,545,335,0.296,286,0,0.6027,0.2864,0.0802,0.1268,0.1649,0.1111,0.6489,0.2432,0.1205,0.1351,0.3918,0.4444,512,1,extracted,0.2241,0.0261,0.1466,0.2011,0.0745,0.1164
1,123,74,1130,100,545,335,0.296,286,0,0.6027,0.2864,0.0802,0.1268,0.1649,0.1111,0.6489,0.2432,0.1205,0.1351,0.3918,0.4444,512,1,extracted,0.2241,0.0261,0.1466,0.2011,0.0745,0.1164
1,123,75,1130,100,545,335,0.296,286,0,0.6027,0.2864,0.0802,0.1268,0.1649,0.1111,0.6489,0.2432,0.1205,0.1351,0.3918,0.4444,512,1,extracted,0.2241,0.0261,0.1466,0.2011,0.0745,0.1164
1,123,76,1130,100,602,361,0.319,311,0,0.604,0.2743,0.0756,0.1283,0.1546,0.1481,0.6489,0.2432,0.1205,0.1351,0.3918,0.4444,512,1,extracted,0.2213,0.0239,0.1423,0.2011,0.0745,0.1164
1,123,77,1130,100,602,361,0.319,311,0,0.604,0.2743,0.0756,0.1283,0.1546,0.1481,0.6489,0.2432,0.1205,0.1351,0.3918,0.4444,512,1,extracted,0.2213,0.0239,0.1423,0.2011,0.0745,0.1164
1,123,78,1130,100,602,361,0.319,311,0,0.604,0.2743,0.0756,0.1283,0.1546,0.1481,0.6489,0.2432,0.1205,0.1351,0.3918,0.4444,512,1,extracted,0.2213,0.0239,0.1423,0.2011,0.0745,0.1164
1,123,79,1130,100,602,361,0.319,311,0,0.604,0.2743,0.0756,0.1283,0.1546,0.1481,0.6489,0.2432,0.1205,0.1351,0.3918,0.4444,512,1,extracted,0.2213,0.0239,0.1423,0.2011,0.0745,0.1164
1,123,80,1130,100,630,384,0.34,324,0,0.6101,0.2568,0.0719,0.1263,0.1649,0.1111,0.6489,0.2432,0.1205,0.1351,0.3918,0.4444,512,1,extracted,0.2047,0.0238,0.126,0.2011,0.0745,0.1164
1,123,81,1130,100,630,384,0.34,324,0,0.6101,0.2568,0.0719,0.1263,0.1649,0.1111,0.6489,0.2432,0.1205,0.1351,0.3918,0.4444,512,1,extracted,0.2047,0.0238,0.126,0.2011,0.0745,0.1164
1,123,82,1130,100,630,384,0.34,324,0,0.6101,0.2568,0.0719,0.1263,0.1649,0.1111,0.6489,0.2432,0.1205,0.1351,0.3918,0.4444,512,1,extracted,0.2047,0.0238,0.126,0.2011,0.0745,0.1164
1,123,83,1130,100,630,384,0.34,324,0,0.6101,0.2568,0.0719,0.1263,0.1649,0.1111,0.6489,0.2432,0.1205,0.1351,0.3918,0.4444,512,1,extracted,0.2047,0.0238,0.126,0.2011,0.0745,0.1164
1,123,84,1130,100,630,384,0.34,324,0,0.6101,0.2568,0.0719,0.1263,0.1649,0.1111,0.6489,0.2432,0.1205,0.1351,0.3918,0.4444,512,1,extracted,0.2047,0.0238,0.126,0.2011,0.0745,0.1164
1,123,85,1130,100,697,424,0.375,357,0,0.619,0.2741,0.1008,0.1236,0.2474,0.2593,0.6489,0.2432,0.1205,0.1351,0.3918,0.4444,512,1,extracted,0.2168,0.0352,0.1259,0.2011,0.0745,0.1164
1,123,86,1130,100,697,424,0.375,357,0,0.619,0.2741,0.1008,0.1236,0.2474,0.2593,0.6489,0.2432,0.1205,0.1351,0.3918,0.4444,512,1,extracted,0.2168,0.0352,0.1259,0.2011,0.0745,0.1164
1,123,87,1130,100,697,424,0.375,357,0,0.619,0.2741,0.1008,0.1236,0.2474,0.2593,0.6489,0.2432,0.1205,0.1351,0.3918,0.4444,512,1,extracted,0.2168,0.0352,0.1259,0.2011,0.0745,0.1164
1,123,88,1130,100,697,424,0.375,357,0,0.619,0.2741,0.1008,0.1236,0.2474,0.2593,0.6489,0.2432,0.1205,0.1351,0.3918,0.4444,512,1,extracted,0.2168,0.0352,0.1259,0.2011,0.0745,0.1164
1,123,89,1130,100,854,565,0.5,436,0,0.591,0.2003,0.0519,0.0905,0.1546,0.0741,0.6489,0.2432,0.1205,0.1351,0.3918,0.4444,512,1,extracted,0.1718,0.0208,0.1168,0.2011,0.0745,0.1164
1,123,90,1130,100,854,565,0.5,436,0,0.591,0.2003,0.0519,0.0905,0.1546,0.0741,0.6489,0.2432,0.1205,0.1351,0.3918,0.4444,512,1,extracted,0.1718,0.0208,0.1168,0.2011,0.0745,0.1164
1,123,91,1130,100,854,565,0.5,436,0,0.591,0.2003,0.0519,0.0905,0.1546,0.0741,0.6489,0.2432,0.1205,0.1351,0.3918,0.4444,512,1,extracted,0.1718,0.0208,0.1168,0.2011,0.0745,0.1164
1,123,92,1130,100,854,565,0.5,436,0,0.591,0.2003,0.0519,0.0905,0.1546,0.0741,0.6489,0.2432,0.1205,0.1351,0.3918,0.4444,512,1,extracted,0.1718,0.0208,0.1168,0.2011,0.0745,0.1164
1,123,93,1130,100,854,565,0.5,436,0,0.591,0.2003,0.0519,0.0905,0.1546,0.0741,0.6489,0.2432,0.1205,0.1351,0.3918,0.4444,512,1,extracted,0.1718,0.0208,0.1168,0.2011,0.0745,0.1164
1,123,94,1130,100,967,569,0.504,494,0,0.6388,0.2293,0.1059,0.1297,0.3402,0.2963,0.6489,0.2432,0.1205,0.1351,0.3918,0.4444,512,1,extracted,0.1887,0.0488,0.1132,0.2011,0.0745,0.1164
1,123,95,1130,100,967,569,0.504,494,0,0.6388,0.2293,0.1059,0.1297,0.3402,0.2963,0.6489,0.2432,0.1205,0.1351,0.3918,0.4444,512,1,extracted,0.1887,0.0488,0.1132,0.2011,0.0745,0.1164
1,123,96,1130,100,967,569,0.504,494,0,0.6388,0.2293,0.1059,0.1297,0.3402,0.2963,0.6489,0.2432,0.1205,0.1351,0.3918,0.4444,512,1,extracted,0.1887,0.0488,0.1132,0.2011,0.0745,0.1164
1,123,97,1130,100,967,569,0.504,494,0,0.6388,0.2293,0.1059,0.1297,0.3402,0.2963,0.6489,0.2432,0.1205,0.1351,0.3918,0.4444,512,1,extracted,0.1887,0.0488,0.1132,0.2011,0.0745,0.1164
1,123,98,1130,100,1116,546,0.483,512,1,0.6528,0.2512,0.1462,0.1519,0.4639,0.4444,0.6489,0.2432,0.1205,0.1351,0.3918,0.4444,512,1,extracted,0.2125,0.0986,0.1417,0.2011,0.0745,0.1164
1,123,99,1130,100,1116,546,0.483,512,1,0.6528,0.2512,0.1462,0.1519,0.4639,0.4444,0.6489,0.2432,0.1205,0.1351,0.3918,0.4444,512,1,extracted,0.2125,0.0986,0.1417,0.2011,0.0745,0.1164
1,123,100,1130,100,1116,546,0.483,512,1,0.6528,0.2512,0.1462,0.1519,0.4639,0.4444,0.6489,0.2432,0.1205,0.1351,0.3918,0.4444,512,1,extracted,0.2125,0.0986,0.1417,0.2011,0.0745,0.1164
2,123,1,1052,44,12,22,0.021,8,0,0.5641,0.0606,0.0,0.0606,0.0,0.0,0.6549,0.1185,0.0849,0.0931,0.6905,0.7692,484,0,extracted,0.0606,0.0,0.0606,0.0911,0.0458,0.0774
2,123,2,1052,44,12,22,0.021,8,0,0.5641,0.0606,0.0,0.0606,0.0,0.0,0.6549,0.1185,0.0849,0.0931,0.6905,0.7692,484,0,extracted,0.0606,0.0,0.0606,0.0911,0.0458,0.0774
2,123,3,1052,44,12,22,0.021,8,0,0.5641,0.0606,0.0,0.0606,0.0,0.0,0.6549,0.1185,0.0849,0.0931,0.6905,0.7692,484,0,extracted,0.0606,0.0,0.0606,0.0911,0.0458,0.0774
2,123,4,1052,44,12,22,0.021,8,0,0.5641,0.0606,0.0,0.0606,0.0,0.0,0.6549,0.1185,0.0849,0.0931,0.6905,0.7692,484,0,extracted,0.0606,0.0,0.0606,0.0911,0.0458,0.0774
2,123,5,1052,44,12,22,0.021,8,0,0.5641,0.0606,0.0,0.0606,0.0,0.0,0.6549,0.1185,0.0849,0.0931,0.6905,0.7692,484,0,extracted,0.0606,0.0,0.0606,0.0911,0.0458,0.0774
2,123,6,1052,44,12,22,0.021,8,0,0.5641,0.0606,0.0,0.0606,0.0,0.0,0.6549,0.1185,0.0849,0.0931,0.6905,0.7692,484,0,extracted,0.0606,0.0,0.0606,0.0911,0.0458,0.0774
2,123,7,1052,44,12,22,0.021,8,0,0.5641,0.0606,0.0,0.0606,0.0,0.0,0.6549,0.1185,0.0849,0.0931,0.6905,0.7692,484,0,extracted,0.0606,0.0,0.0606,0.0911,0.0458,0.0774
2,123,8,1052,44,27,27,0.026,14,0,0.5713,0.0845,0.058,0.0845,0.0476,0.0769,0.6549,0.1185,0.0849,0.0931,0.6905,0.7692,484,0,extracted,0.1538,0.0541,0.1538,0.0911,0.0458,0.0774
2,123,9,1052,44,27,27,0.026,14,0,0.5713,0.0845,0.058,0.0845,0.0476,0.0769,0.6549,0.1185,0.0849,0.0931,0.6905,0.7692,484,0,extracted,0.1538,0.0541,0.1538,0.0911,0.0458,0.0774
2,123,10,1052,44,27,27,0.026,14,0,0.5713,0.0845,0.058,0.0845,0.0476,0.0769,0.6549,0.1185,0.0849,0.0931,0.6905,0.7692,484,0,extracted,0.1538,0.0541,0.1538,0.0911,0.0458,0.0774
2,123,11,1052,44,27,27,0.026,14,0,0.5713,0.0845,0.058,0.0845,0.0476,0.0769,0.6549,0.1185,0.0849,0.0931,0.6905,0.7692,484,0,extracted,0.1538,0.0541,0.1538,0.0911,0.0458,0.0774
2,123,12,1052,44,27,27,0.026,14,0,0.5713,0.0845,0.058,0.0845,0.0476,0.0769,0.6549,0.1185,0.0849,0.0931,0.6905,0.7692,484,0,extracted,0.1538,0.0541,0.1538,0.0911,0.0458,0.0774
2,123,13,1052,44,27,27,0.026,14,0,0.5713,0.0845,0.058,0.0845,0.0476,0.0769,0.6549,0.1185,0.0849,0.0931,0.6905,0.7692,484,0,extracted,0.1538,0.0541,0.1538,0.0911,0.0458,0.0774
2,123,14,1052,44,68,52,0.049,28,0,0.6724,0.2708,0.1277,0.1667,0.1429,0.2308,0.6549,0.1185,0.0849,0.0931,0.6905,0.7692,484,0,extracted,0.2917,0.087,0.2083,0.0911,0.0458,0.0774
2,123,15,1052,44,68,52,0.049,28,0,0.6724,0.2708,0.1277,0.1667,0.1429,0.2308,0.6549,0.1185,0.0849,0.0931,0.6905,0.7692,484,0,extracted,0.2917,0.087,0.2083,0.0911,0.0458,0.0774
2,123,16,1052,44,68,52,0.049,28,0,0.6724,0.2708,0.1277,0.1667,0.1429,0.2308,0.6549,0.1185,0.0849,0.0931,0.6905,0.7692,484,0,extracted,0.2917,0.087,0.2083,0.0911,0.0458,0.0774
2,123,17,1052,44,68,52,0.049,28,0,0.6724,0.2708,0.1277,0.1667,0.1429,0.2308,0.6549,0.1185,0.0849,0.0931,0.6905,0.7692,484,0,extracted,0.2917,0.087,0.2083,0.0911,0.0458,0.0774
2,123,18,1052,44,68,52,0.049,28,0,0.6724,0.2708,0.1277,0.1667,0.1429,0.2308,0.6549,0.1185,0.0849,0.0931,0.6905,0.7692,484,0,extracted,0.2917,0.087,0.2083,0.0911,0.0458,0.0774
2,123,19,1052,44,90,58,0.055,39,0,0.7111,0.3333,0.16,0.1765,0.1905,0.3077,0.6549,0.1185,0.0849,0.0931,0.6905,0.7692,484,0,extracted,0.3929,0.1481,0.25,0.0911,0.0458,0.0774
2,123,20,1052,44,90,58,0.055,39,0,0.7111,0.3333,0.16,0.1765,0.1905,0.3077,0.6549,0.1185,0.0849,0.0931,0.6905,0.7692,484,0,extracted,0.3929,0.1481,0.25,0.0911,0.0458,0.0774
2,123,21,1052,44,90,58,0.055,39,0,0.7111,0.3333,0.16,0.1765,0.1905,0.3077,0.6549,0.1185,0.0849,0.0931,0.6905,0.7692,484,0,extracted,0.3929,0.1481,0.25,0.0911,0.0458,0.0774
2,123,22,1052,44,90,58,0.055,39,0,0.7111,0.3333,0.16,0.1765,0.1905,0.3077,0.6549,0.1185,0.0849,0.0931,0.6905,0.7692,484,0,extracted,0.3929,0.1481,0.25,0.0911,0.0458,0.0774
2,123,23,1052,44,90,58,0.055,39,0,0.7111,0.3333,0.16,0.1765,0.1905,0.3077,0.6549,0.1185,0.0849,0.0931,0.6905,0.7692,484,0,extracted,0.3929,0.1481,0.25,0.0911,0.0458,0.0774
2,123,24,1052,44,124,75,0.071,53,0,0.708,0.3193,0.188,0.2017,0.2619,0.3846,0.6549,0.1185,0.0849,0.0931,0.6905,0.7692,484,0,extracted,0.3529,0.1818,0.2941,0.0911,0.0458,0.0774
2,123,25,1052,44,124,75,0.071,53,0,0.708,0.3193,0.188,0.2017,0.2619,0.3846,0.6549,0.1185,0.0849,0.0931,0.6905,0.7692,484,0,extracted,0.3529,0.1818,0.2941,0.0911,0.0458,0.0774
2,123,26,1052,44,124,75,0.071,53,0,0.708,0.3193,0.188,0.2017,0.2619,0.3846,0.6549,0.1185,0.0849,0.0931,0.6905,0.7692,484,0,extracted,0.3529,0.1818,0.2941,0.0911,0.0458,0.0774
2,123,27,1052,44,124,75,0.071,53,0,0.708,0.3193,0.188,0.2017,0.2619,0.3846,0.6549,0.1185,0.0849,0.0931,0.6905,0.7692,484,0,extracted,0.3529,0.1818,0.2941,0.0911,0.0458,0.0774
2,123,28,1052,44,124,75,0.071,53,0,0.708,0.3193,0.188,0.2017,0.2619,0.3846,0.6549,0.1185,0.0849,0.0931,0.6905,0.7692,484,0,extracted,0.3529,0.1818,0.2941,0.0911,0.0458,0.0774
2,123,29,1052,44,156,94,0.089,64,0,0.712,0.3043,0.1618,0.2174,0.2619,0.3846,0.6549,0.1185,0.0849,0.0931,0.6905,0.7692,484,0,extracted,0.3333,0.1579,0.2051,0.0911,0.0458,0.0774
2,123,30,1052,44,156,94,0.089,64,0,0.712,0.3043,0.1618,0.2174,0.2619,0.3846,0.6549,0.1185,0.0849,0.0931,0.6905,0.7692,484,0,extracted,0.3333,0.1579,0.2051,0.0911,0.0458,0.0774
2,123,31,1052,44,156,94,0.089,64,0,0.712,0.3043,0.1618,0.2174,0.2619,0.3846,0.6549,0.1185,0.0849,0.0931,0.6905,0.7692,484,0,extracted,0.3333,0.1579,0.2051,0.0911,0.0458,0.0774
2,123,32,1052,44,156,94,0.089,64,0,0.712,0.3043,0.1618,0.2174,0.2619,0.3846,0.6549,0.1185,0.0849,0.0931,0.6905,0.7692,484,0,extracted,0.3333,0.1579,0.2051,0.0911,0.0458,0.0774
2,123,33,1052,44,156,94,0.089,64,0,0.712,0.3043,0.1618,0.2174,0.2619,0.3846,0.6549,0.1185,0.0849,0.0931,0.6905,0.7692,484,0,extracted,0.3333,0.1579,0.2051,0.0911,0.0458,0.0774
2,123,34,1052,44,156,94,0.089,64,0,0.712,0.3043,0.1618,0.2174,0.2619,0.3846,0.6549,0.1185,0.0849,0.0931,0.6905,0.7692,484,0,extracted,0.3333,0.1579,0.2051,0.0911,0.0458,0.0774
2,123,35,1052,44,191,114,0.108,77,0,0.7051,0.2658,0.141,0.1646,0.2619,0.3846,0.6549,0.1185,0.0849,0.0931,0.6905,0.7692,484,0,extracted,0.2766,0.1304,0.2128,0.0911,0.0458,0.0774
2,123,36,1052,44,191,114,0.108,77,0,0.7051,0.2658,0.141,0.1646,0.2619,0.3846,0.6549,0.1185,0.0849,0.0931,0.6905,0.7692,484,0,extracted,0.2766,0.1304,0.2128,0.0911,0.0458,0.0774
2,123,37,1052,44,191,114,0.108,77,0,0.7051,0.2658,0.141,0.1646,0.2619,0.3846,0.6549,0.1185,0.0849,0.0931,0.6905,0.7692,484,0,extracted,0.2766,0.1304,0.2128,0.0911,0.0458,0.0774
2,123,38,1052,44,191,114,0.108,77,0,0.7051,0.2658,0.141,0.1646,0.2619,0.3846,0.6549,0.1185,0.0849,0.0931,0.6905,0.7692,484,0,extracted,0.2766,0.1304,0.2128,0.0911,0.0458,0.0774
2,123,39,1052,44,191,114,0.108,77,0,0.7051,0.2658,0.141,0.1646,0.2619,0.3846,0.6549,0.1185,0.0849,0.0931,0.6905,0.7692,484,0,extracted,0.2766,0.1304,0.2128,0.0911,0.0458,0.0774
2,123,40,1052,44,229,146,0.139,91,0,0.7024,0.2947,0.1809,0.2316,0.4048,0.3846,0.6549,0.1185,0.0849,0.0931,0.6905,0.7692,484,0,extracted,0.2308,0.1373,0.2115,0.0911,0.0458,0.0774
2,123,41,1052,44,229,146,0.139,91,0,0.7024,0.2947,0.1809,0.2316,0.4048,0.3846,0.6549,0.1185,0.0849,0.0931,0.6905,0.7692,484,0,extracted,0.2308,0.1373,0.2115,0.0911,0.0458,0.0774
2,123,42,1052,44,229,146,0.139,91,0,0.7024,0.2947,0.1809,0.2316,0.4048,0.3846,0.6549,0.1185,0.0849,0.0931,0.6905,0.7692,484,0,extracted,0.2308,0.1373,0.2115,0.0911,0.0458,0.0774
2,123,43,1052,44,229,146,0.139,91,0,0.7024,0.2947,0.1809,0.2316,0.4048,0.3846,0.6549,0.1185,0.0849,0.0931,0.6905,0.7692,484,0,extracted,0.2308,0.1373,0.2115,0.0911,0.0458,0.0774
2,123,44,1052,44,229,146,0.139,91,0,0.7024,0.2947,0.1809,0.2316,0.4048,0.3846,0.6549,0.1185,0.0849,0.0931,0.6905,0.7692,484,0,extracted,0.2308,0.1373,0.2115,0.0911,0.0458,0.0774
2,123,45,1052,44,267,162,0.154,105,0,0.7208,0.3107,0.2157,0.2621,0.5238,0.6154,0.6549,0.1185,0.0849,0.0931,0.6905,0.7692,484,0,extracted,0.2667,0.1525,0.2167,0.0911,0.0458,0.0774
2,123,46,1052,44,267,162,0.154,105,0,0.7208,0.3107,0.2157,0.2621,0.5238,0.6154,0.6549,0.1185,0.0849,0.0931,0.6905,0.7692,484,0,extracted,0.2667,0.1525,0.2167,0.0911,0.0458,0.0774
2,123,47,1052,44,267,162,0.154,105,0,0.7208,0.3107,0.2157,0.2621,0.5238,0.6154,0.6549,0.1185,0.0849,0.0931,0.6905,0.7692,484,0,extracted,0.2667,0.1525,0.2167,0.0911,0.0458,0.0774
2,123,48,1052,44,267,162,0.154,105,0,0.7208,0.3107,0.2157,0.2621,0.5238,0.6154,0.6549,0.1185,0.0849,0.0931,0.6905,0.7692,484,0,extracted,0.2667,0.1525,0.2167,0.0911,0.0458,0.0774
2,123,49,1052,44,267,162,0.154,105,0,0.7208,0.3107,0.2157,0.2621,0.5238,0.6154,0.6549,0.1185,0.0849,0.0931,0.6905,0.7692,484,0,extracted,0.2667,0.1525,0.2167,0.0911,0.0458,0.0774
2,123,50,1052,44,314,206,0.196,132,0,0.7025,0.264,0.1613,0.192,0.4762,0.6154,0.6549,0.1185,0.0849,0.0931,0.6905,0.7692,484,0,extracted,0.2192,0.0972,0.1644,0.0911,0.0458,0.0774
2,123,51,1052,44,314,206,0.196,132,0,0.7025,0.264,0.1613,0.192,0.4762,0.6154,0.6549,0.1185,0.0849,0.0931,0.6905,0.7692,484,0,extracted,0.2192,0.0972,0.1644,0.0911,0.0458,0.0774
2,123,52,1052,44,314,206,0.196,132,0,0.7025,0.264,0.1613,0.192,0.4762,0.6154,0.6549,0.1185,0.0849,0.0931,0.6905,0.7692,484,0,extracted,0.2192,0.0972,0.1644,0.0911,0.0458,0.0774
2,123,53,1052,44,314,206,0.196,132,0,0.7025,0.264,0.1613,0.192,0.4762,0.6154,0.6549,0.1185,0.0849,0.0931,0.6905,0.7692,484,0,extracted,0.2192,0.0972,0.1644,0.0911,0.0458,0.0774
2,123,54,1052,44,314,206,0.196,132,0,0.7025,0.264,0.1613,0.192,0.4762,0.6154,0.6549,0.1185,0.0849,0.0931,0.6905,0.7692,484,0,extracted,0.2192,0.0972,0.1644,0.0911,0.0458,0.0774
2,123,55,1052,44,314,206,0.196,132,0,0.7025,0.264,0.1613,0.192,0.4762,0.6154,0.6549,0.1185,0.0849,0.0931,0.6905,0.7692,484,0,extracted,0.2192,0.0972,0.1644,0.0911,0.0458,0.0774
2,123,56,1052,44,351,227,0.216,143,0,0.6829,0.2435,0.1561,0.1771,0.5,0.6154,0.6549,0.1185,0.0849,0.0931,0.6905,0.7692,484,0,extracted,0.2038,0.1032,0.1529,0.0911,0.0458,0.0774
2,123,57,1052,44,351,227,0.216,143,0,0.6829,0.2435,0.1561,0.1771,0.5,0.6154,0.6549,0.1185,0.0849,0.0931,0.6905,0.7692,484,0,extracted,0.2038,0.1032,0.1529,0.0911,0.0458,0.0774
2,123,58,1052,44,351,227,0.216,143,0,0.6829,0.2435,0.1561,0.1771,0.5,0.6154,0.6549,0.1185,0.0849,0.0931,0.6905,0.7692,484,0,extracted,0.2038,0.1032,0.1529,0.0911,0.0458,0.0774
2,123,59,1052,44,351,227,0.216,143,0,0.6829,0.2435,0.1561,0.1771,0.5,0.6154,0.6549,0.1185,0.0849,0.0931,0.6905,0.7692,484,0,extracted,0.2038,0.1032,0.1529,0.0911,0.0458,0.0774
2,123,60,1052,44,351,227,0.216,143,0,0.6829,0.2435,0.1561,0.1771,0.5,0.6154,0.6549,0.1185,0.0849,0.0931,0.6905,0.7692,484,0,extracted,0.2038,0.1032,0.1529,0.0911,0.0458,0.0774
2,123,61,1052,44,395,251,0.239,158,0,0.6817,0.2237,0.1433,0.1763,0.5,0.6154,0.6549,0.1185,0.0849,0.0931,0.6905,0.7692,484,0,extracted,0.1893,0.0958,0.142,0.0911,0.0458,0.0774
2,123,62,1052,44,395,251,0.239,158,0,0.6817,0.2237,0.1433,0.1763,0.5,0.6154,0.6549,0.1185,0.0849,0.0931,0.6905,0.7692,484,0,extracted,0.1893,0.0958,0.142,0.0911,0.0458,0.0774
2,123,63,1052,44,395,251,0.239,158,0,0.6817,0.2237,0.1433,0.1763,0.5,0.6154,0.6549,0.1185,0.0849,0.0931,0.6905,0.7692,484,0,extracted,0.1893,0.0958,0.142,0.0911,0.0458,0.0774
2,123,64,1052,44,395,251,0.239,158,0,0.6817,0.2237,0.1433,0.1763,0.5,0.6154,0.6549,0.1185,0.0849,0.0931,0.6905,0.7692,484,0,extracted,0.1893,0.0958,0.142,0.0911,0.0458,0.0774
2,123,65,1052,44,395,251,0.239,158,0,0.6817,0.2237,0.1433,0.1763,0.5,0.6154,0.6549,0.1185,0.0849,0.0931,0.6905,0.7692,484,0,extracted,0.1893,0.0958,0.142,0.0911,0.0458,0.0774
2,123,66,1052,44,441,277,0.263,178,0,0.6723,0.2063,0.1321,0.1625,0.5,0.6154,0.6549,0.1185,0.0849,0.0931,0.6905,0.7692,484,0,extracted,0.172,0.087,0.129,0.0911,0.0458,0.0774
2,123,67,1052,44,441,277,0.263,178,0,0.6723,0.2063,0.1321,0.1625,0.5,0.6154,0.6549,0.1185,0.0849,0.0931,0.6905,0.7692,484,0,extracted,0.172,0.087,0.129,0.0911,0.0458,0.0774
2,123,68,1052,44,441,277,0.263,178,0,0.6723,0.2063,0.1321,0.1625,0.5,0.6154,0.6549,0.1185,0.0849,0.0931,0.6905,0.7692,484,0,extracted,0.172,0.087,0.129,0.0911,0.0458,0.0774
2,123,69,1052,44,441,277,0.263,178,0,0.6723,0.2063,0.1321,0.1625,0.5,0.6154,0.6549,0.1185,0.0849,0.0931,0.6905,0.7692,484,0,extracted,0.172,0.087,0.129,0.0911,0.0458,0.0774
2,123,70,1052,44,441,277,0.263,178,0,0.6723,0.2063,0.1321,0.1625,0.5,0.6154,0.6549,0.1185,0.0849,0.0931,0.6905,0.7692,484,0,extracted,0.172,0.087,0.129,0.0911,0.0458,0.0774
2,123,71,1052,44,441,277,0.263,178,0,0.6723,0.2063,0.1321,0.1625,0.5,0.6154,0.6549,0.1185,0.0849,0.0931,0.6905,0.7692,484,0,extracted,0.172,0.087,0.129,0.0911,0.0458,0.0774
2,123,72,1052,44,504,316,0.3,207,0,0.6801,0.2111,0.1564,0.1444,0.6667,0.8462,0.6549,0.1185,0.0849,0.0931,0.6905,0.7692,484,0,extracted,0.1801,0.0766,0.1137,0.0911,0.0458,0.0774
2,123,73,1052,44,504,316,0.3,207,0,0.6801,0.2111,0.1564,0.1444,0.6667,0.8462,0.6549,0.1185,0.0849,0.0931,0.6905,0.7692,484,0,extracted,0.1801,0.0766,0.1137,0.0911,0.0458,0.0774
2,123,74,1052,44,504,316,0.3,207,0,0.6801,0.2111,0.1564,0.1444,0.6667,0.8462,0.6549,0.1185,0.0849,0.0931,0.6905,0.7692,484,0,extracted,0.1801,0.0766,0.1137,0.0911,0.0458,0.0774
2,123,75,1052,44,504,316,0.3,207,0,0.6801,0.2111,0.1564,0.1444,0.6667,0.8462,0.6549,0.1185,0.0849,0.0931,0.6905,0.7692,484,0,extracted,0.1801,0.0766,0.1137,0.0911,0.0458,0.0774
2,123,76,1052,44,504,316,0.3,207,0,0.6801,0.2111,0.1564,0.1444,0.6667,0.8462,0.6549,0.1185,0.0849,0.0931,0.6905,0.7692,484,0,extracted,0.1801,0.0766,0.1137,0.0911,0.0458,0.0774
2,123,77,1052,44,557,350,0.333,226,0,0.6757,0.1832,0.1279,0.1476,0.5952,0.6154,0.6549,0.1185,0.0849,0.0931,0.6905,0.7692,484,0,extracted,0.1491,0.0796,0.1316,0.0911,0.0458,0.0774
2,123,78,1052,44,557,350,0.333,226,0,0.6757,0.1832,0.1279,0.1476,0.5952,0.6154,0.6549,0.1185,0.0849,0.0931,0.6905,0.7692,484,0,extracted,0.1491,0.0796,0.1316,0.0911,0.0458,0.0774
2,123,79,1052,44,557,350,0.333,226,0,0.6757,0.1832,0.1279,0.1476,0.5952,0.6154,0.6549,0.1185,0.0849,0.0931,0.6905,0.7692,484,0,extracted,0.1491,0.0796,0.1316,0.0911,0.0458,0.0774
2,123,80,1052,44,557,350,0.333,226,0,0.6757,0.1832,0.1279,0.1476,0.5952,0.6154,0.6549,0.1185,0.0849,0.0931,0.6905,0.7692,484,0,extracted,0.1491,0.0796,0.1316,0.0911,0.0458,0.0774
2,123,81,1052,44,557,350,0.333,226,0,0.6757,0.1832,0.1279,0.1476,0.5952,0.6154,0.6549,0.1185,0.0849,0.0931,0.6905,0.7692,484,0,extracted,0.1491,0.0796,0.1316,0.0911,0.0458,0.0774
2,123,82,1052,44,665,402,0.382,293,0,0.6613,0.1705,0.1065,0.129,0.5476,0.6154,0.6549,0.1185,0.0849,0.0931,0.6905,0.7692,484,0,extracted,0.1388,0.0658,0.1143,0.0911,0.0458,0.0774
2,123,83,1052,44,665,402,0.382,293,0,0.6613,0.1705,0.1065,0.129,0.5476,0.6154,0.6549,0.1185,0.0849,0.0931,0.6905,0.7692,484,0,extracted,0.1388,0.0658,0.1143,0.0911,0.0458,0.0774
2,123,84,1052,44,665,402,0.382,293,0,0.6613,0.1705,0.1065,0.129,0.5476,0.6154,0.6549,0.1185,0.0849,0.0931,0.6905,0.7692,484,0,extracted,0.1388,0.0658,0.1143,0.0911,0.0458,0.0774
2,123,85,1052,44,665,402,0.382,293,0,0.6613,0.1705,0.1065,0.129,0.5476,0.6154,0.6549,0.1185,0.0849,0.0931,0.6905,0.7692,484,0,extracted,0.1388,0.0658,0.1143,0.0911,0.0458,0.0774
2,123,86,1052,44,665,402,0.382,293,0,0.6613,0.1705,0.1065,0.129,0.5476,0.6154,0.6549,0.1185,0.0849,0.0931,0.6905,0.7692,484,0,extracted,0.1388,0.0658,0.1143,0.0911,0.0458,0.0774
2,123,87,1052,44,737,477,0.453,321,0,0.6627,0.1503,0.1161,0.1272,0.7143,0.7692,0.6549,0.1185,0.0849,0.0931,0.6905,0.7692,484,0,extracted,0.1246,0.0726,0.1115,0.0911,0.0458,0.0774
2,123,88,1052,44,737,477,0.453,321,0,0.6627,0.1503,0.1161,0.1272,0.7143,0.7692,0.6549,0.1185,0.0849,0.0931,0.6905,0.7692,484,0,extracted,0.1246,0.0726,0.1115,0.0911,0.0458,0.0774
2,123,89,1052,44,737,477,0.453,321,0,0.6627,0.1503,0.1161,0.1272,0.7143,0.7692,0.6549,0.1185,0.0849,0.0931,0.6905,0.7692,484,0,extracted,0.1246,0.0726,0.1115,0.0911,0.0458,0.0774
2,123,90,1052,44,737,477,0.453,321,0,0.6627,0.1503,0.1161,0.1272,0.7143,0.7692,0.6549,0.1185,0.0849,0.0931,0.6905,0.7692,484,0,extracted,0.1246,0.0726,0.1115,0.0911,0.0458,0.0774
2,123,91,1052,44,737,477,0.453,321,0,0.6627,0.1503,0.1161,0.1272,0.7143,0.7692,0.6549,0.1185,0.0849,0.0931,0.6905,0.7692,484,0,extracted,0.1246,0.0726,0.1115,0.0911,0.0458,0.0774
2,123,92,1052,44,737,477,0.453,321,0,0.6627,0.1503,0.1161,0.1272,0.7143,0.7692,0.6549,0.1185,0.0849,0.0931,0.6905,0.7692,484,0,extracted,0.1246,0.0726,0.1115,0.0911,0.0458,0.0774
2,123,93,1052,44,818,500,0.475,355,0,0.6508,0.1498,0.1053,0.1161,0.6667,0.7692,0.6549,0.1185,0.0849,0.0931,0.6905,0.7692,484,0,extracted,0.1203,0.0573,0.0949,0.0911,0.0458,0.0774
2,123,94,1052,44,818,500,0.475,355,0,0.6508,0.1498,0.1053,0.1161,0.6667,0.7692,0.6549,0.1185,0.0849,0.0931,0.6905,0.7692,484,0,extracted,0.1203,0.0573,0.0949,0.0911,0.0458,0.0774
2,123,95,1052,44,818,500,0.475,355,0,0.6508,0.1498,0.1053,0.1161,0.6667,0.7692,0.6549,0.1185,0.0849,0.0931,0.6905,0.7692,484,0,extracted,0.1203,0.0573,0.0949,0.0911,0.0458,0.0774
2,123,96,1052,44,818,500,0.475,355,0,0.6508,0.1498,0.1053,0.1161,0.6667,0.7692,0.6549,0.1185,0.0849,0.0931,0.6905,0.7692,484,0,extracted,0.1203,0.0573,0.0949,0.0911,0.0458,0.0774
2,123,97,1052,44,818,500,0.475,355,0,0.6508,0.1498,0.1053,0.1161,0.6667,0.7692,0.6549,0.1185,0.0849,0.0931,0.6905,0.7692,484,0,extracted,0.1203,0.0573,0.0949,0.0911,0.0458,0.0774
2,123,98,1052,44,1042,673,0.64,476,0,0.6617,0.1148,0.0843,0.084,0.6905,0.7692,0.6549,0.1185,0.0849,0.0931,0.6905,0.7692,484,0,extracted,0.0884,0.0467,0.0744,0.0911,0.0458,0.0774
2,123,99,1052,44,1042,673,0.64,476,0,0.6617,0.1148,0.0843,0.084,0.6905,0.7692,0.6549,0.1185,0.0849,0.0931,0.6905,0.7692,484,0,extracted,0.0884,0.0467,0.0744,0.0911,0.0458,0.0774
2,123,100,1052,44,1042,673,0.64,476,0,0.6617,0.1148,0.0843,0.084,0.6905,0.7692,0.6549,0.1185,0.0849,0.0931,0.6905,0.7692,484,0,extracted,0.0884,0.0467,0.0744,0.0911,0.0458,0.0774
3,123,1,1073,74,16,16,0.015,13,0,0.6577,0.0444,0.0,0.0444,0.0,0.0,0.6247,0.1657,0.0496,0.0814,0.2143,0.4545,512,1,extracted,0.069,0.0,0.069,0.1258,0.0316,0.0854
3,123,2,1073,74,16,16,0.015,13,0,0.6577,0.0444,0.0,0.0444,0.0,0.0,0.6247,0.1657,0.0496,0.0814,0.2143,0.4545,512,1,extracted,0.069,0.0,0.069,0.1258,0.0316,0.0854
3,123,3,1073,74,16,16,0.015,13,0,0.6577,0.0444,0.0,0.0444,0.0,0.0,0.6247,0.1657,0.0496,0.0814,0.2143,0.4545,512,1,extracted,0.069,0.0,0.069,0.1258,0.0316,0.0854
3,123,4,1073,74,16,16,0.015,13,0,0.6577,0.0444,0.0,0.0444,0.0,0.0,0.6247,0.1657,0.0496,0.0814,0.2143,0.4545,512,1,extracted,0.069,0.0,0.069,0.1258,0.0316,0.0854
3,123,5,1073,74,16,16,0.015,13,0,0.6577,0.0444,0.0,0.0444,0.0,0.0,0.6247,0.1657,0.0496,0.0814,0.2143,0.4545,512,1,extracted,0.069,0.0,0.069,0.1258,0.0316,0.0854
3,123,6,1073,74,16,16,0.015,13,0,0.6577,0.0444,0.0,0.0444,0.0,0.0,0.6247,0.1657,0.0496,0.0814,0.2143,0.4545,512,1,extracted,0.069,0.0,0.069,0.1258,0.0316,0.0854
3,123,7,1073,74,16,16,0.015,13,0,0.6577,0.0444,0.0,0.0444,0.0,0.0,0.6247,0.1657,0.0496,0.0814,0.2143,0.4545,512,1,extracted,0.069,0.0,0.069,0.1258,0.0316,0.0854
3,123,8,1073,74,33,32,0.03,22,0,0.6501,0.1887,0.0192,0.1132,0.0143,0.0,0.6247,0.1657,0.0496,0.0814,0.2143,0.4545,512,1,extracted,0.1739,0.0,0.1159,0.1258,0.0316,0.0854
3,123,9,1073,74,33,32,0.03,22,0,0.6501,0.1887,0.0192,0.1132,0.0143,0.0,0.6247,0.1657,0.0496,0.0814,0.2143,0.4545,512,1,extracted,0.1739,0.0,0.1159,0.1258,0.0316,0.0854
3,123,10,1073,74,33,32,0.03,22,0,0.6501,0.1887,0.0192,0.1132,0.0143,0.0,0.6247,0.1657,0.0496,0.0814,0.2143,0.4545,512,1,extracted,0.1739,0.0,0.1159,0.1258,0.0316,0.0854
3,123,11,1073,74,33,32,0.03,22,0,0.6501,0.1887,0.0192,0.1132,0.0143,0.0,0.6247,0.1657,0.0496,0.0814,0.2143,0.4545,512,1,extracted,0.1739,0.0,0.1159,0.1258,0.0316,0.0854
3,123,12,1073,74,54,36,0.034,31,0,0.657,0.1273,0.0,0.0727,0.0,0.0,0.6247,0.1657,0.0496,0.0814,0.2143,0.4545,512,1,extracted,0.0896,0.0,0.0896,0.1258,0.0316,0.0854
3,123,13,1073,74,54,36,0.034,31,0,0.657,0.1273,0.0,0.0727,0.0,0.0,0.6247,0.1657,0.0496,0.0814,0.2143,0.4545,512,1,extracted,0.0896,0.0,0.0896,0.1258,0.0316,0.0854
3,123,14,1073,74,54,36,0.034,31,0,0.657,0.1273,0.0,0.0727,0.0,0.0,0.6247,0.1657,0.0496,0.0814,0.2143,0.4545,512,1,extracted,0.0896,0.0,0.0896,0.1258,0.0316,0.0854
3,123,15,1073,74,54,36,0.034,31,0,0.657,0.1273,0.0,0.0727,0.0,0.0,0.6247,0.1657,0.0496,0.0814,0.2143,0.4545,512,1,extracted,0.0896,0.0,0.0896,0.1258,0.0316,0.0854
3,123,16,1073,74,54,36,0.034,31,0,0.657,0.1273,0.0,0.0727,0.0,0.0,0.6247,0.1657,0.0496,0.0814,0.2143,0.4545,512,1,extracted,0.0896,0.0,0.0896,0.1258,0.0316,0.0854
3,123,17,1073,74,83,49,0.046,43,0,0.6556,0.1463,0.0331,0.0813,0.0286,0.0455,0.6247,0.1657,0.0496,0.0814,0.2143,0.4545,512,1,extracted,0.1316,0.0541,0.1053,0.1258,0.0316,0.0854
3,123,18,1073,74,83,49,0.046,43,0,0.6556,0.1463,0.0331,0.0813,0.0286,0.0455,0.6247,0.1657,0.0496,0.0814,0.2143,0.4545,512,1,extracted,0.1316,0.0541,0.1053,0.1258,0.0316,0.0854
3,123,19,1073,74,83,49,0.046,43,0,0.6556,0.1463,0.0331,0.0813,0.0286,0.0455,0.6247,0.1657,0.0496,0.0814,0.2143,0.4545,512,1,extracted,0.1316,0.0541,0.1053,0.1258,0.0316,0.0854
3,123,20,1073,74,83,49,0.046,43,0,0.6556,0.1463,0.0331,0.0813,0.0286,0.0455,0.6247,0.1657,0.0496,0.0814,0.2143,0.4545,512,1,extracted,0.1316,0.0541,0.1053,0.1258,0.0316,0.0854
3,123,21,1073,74,83,49,0.046,43,0,0.6556,0.1463,0.0331,0.0813,0.0286,0.0455,0.6247,0.1657,0.0496,0.0814,0.2143,0.4545,512,1,extracted,0.1316,0.0541,0.1053,0.1258,0.0316,0.0854
3,123,22,1073,74,111,70,0.065,58,0,0.6595,0.2083,0.0282,0.125,0.0286,0.0455,0.6247,0.1657,0.0496,0.0814,0.2143,0.4545,512,1,extracted,0.1395,0.0476,0.1395,0.1258,0.0316,0.0854
3,123,23,1073,74,111,70,0.065,58,0,0.6595,0.2083,0.0282,0.125,0.0286,0.0455,0.6247,0.1657,0.0496,0.0814,0.2143,0.4545,512,1,extracted,0.1395,0.0476,0.1395,0.1258,0.0316,0.0854
3,123,24,1073,74,111,70,0.065,58,0,0.6595,0.2083,0.0282,0.125,0.0286,0.0455,0.6247,0.1657,0.0496,0.0814,0.2143,0.4545,512,1,extracted,0.1395,0.0476,0.1395,0.1258,0.0316,0.0854
3,123,25,1073,74,111,70,0.065,58,0,0.6595,0.2083,0.0282,0.125,0.0286,0.0455,0.6247,0.1657,0.0496,0.0814,0.2143,0.4545,512,1,extracted,0.1395,0.0476,0.1395,0.1258,0.0316,0.0854
3,123,26,1073,74,111,70,0.065,58,0,0.6595,0.2083,0.0282,0.125,0.0286,0.0455,0.6247,0.1657,0.0496,0.0814,0.2143,0.4545,512,1,extracted,0.1395,0.0476,0.1395,0.1258,0.0316,0.0854
3,123,27,1073,74,145,88,0.082,71,0,0.6588,0.2963,0.0375,0.1358,0.0429,0.0455,0.6247,0.1657,0.0496,0.0814,0.2143,0.4545,512,1,extracted,0.22,0.0408,0.16,0.1258,0.0316,0.0854
3,123,28,1073,74,145,88,0.082,71,0,0.6588,0.2963,0.0375,0.1358,0.0429,0.0455,0.6247,0.1657,0.0496,0.0814,0.2143,0.4545,512,1,extracted,0.22,0.0408,0.16,0.1258,0.0316,0.0854
3,123,29,1073,74,145,88,0.082,71,0,0.6588,0.2963,0.0375,0.1358,0.0429,0.0455,0.6247,0.1657,0.0496,0.0814,0.2143,0.4545,512,1,extracted,0.22,0.0408,0.16,0.1258,0.0316,0.0854
3,123,30,1073,74,145,88,0.082,71,0,0.6588,0.2963,0.0375,0.1358,0.0429,0.0455,0.6247,0.1657,0.0496,0.0814,0.2143,0.4545,512,1,extracted,0.22,0.0408,0.16,0.1258,0.0316,0.0854
3,123,31,1073,74,183,113,0.105,90,0,0.6483,0.2888,0.0541,0.1497,0.0571,0.0455,0.6247,0.1657,0.0496,0.0814,0.2143,0.4545,512,1,extracted,0.2342,0.0734,0.1802,0.1258,0.0316,0.0854
3,123,32,1073,74,183,113,0.105,90,0,0.6483,0.2888,0.0541,0.1497,0.0571,0.0455,0.6247,0.1657,0.0496,0.0814,0.2143,0.4545,512,1,extracted,0.2342,0.0734,0.1802,0.1258,0.0316,0.0854
3,123,33,1073,74,183,113,0.105,90,0,0.6483,0.2888,0.0541,0.1497,0.0571,0.0455,0.6247,0.1657,0.0496,0.0814,0.2143,0.4545,512,1,extracted,0.2342,0.0734,0.1802,0.1258,0.0316,0.0854
3,123,34,1073,74,183,113,0.105,90,0,0.6483,0.2888,0.0541,0.1497,0.0571,0.0455,0.6247,0.1657,0.0496,0.0814,0.2143,0.4545,512,1,extracted,0.2342,0.0734,0.1802,0.1258,0.0316,0.0854
3,123,35,1073,74,183,113,0.105,90,0,0.6483,0.2888,0.0541,0.1497,0.0571,0.0455,0.6247,0.1657,0.0496,0.0814,0.2143,0.4545,512,1,extracted,0.2342,0.0734,0.1802,0.1258,0.0316,0.0854
3,123,36,1073,74,215,136,0.127,106,0,0.6938,0.3524,0.1635,0.2571,0.2143,0.2727,0.6247,0.1657,0.0496,0.0814,0.2143,0.4545,512,1,extracted,0.3077,0.1562,0.2462,0.1258,0.0316,0.0854
3,123,37,1073,74,215,136,0.127,106,0,0.6938,0.3524,0.1635,0.2571,0.2143,0.2727,0.6247,0.1657,0.0496,0.0814,0.2143,0.4545,512,1,extracted,0.3077,0.1562,0.2462,0.1258,0.0316,0.0854
3,123,38,1073,74,215,136,0.127,106,0,0.6938,0.3524,0.1635,0.2571,0.2143,0.2727,0.6247,0.1657,0.0496,0.0814,0.2143,0.4545,512,1,extracted,0.3077,0.1562,0.2462,0.1258,0.0316,0.0854
3,123,39,1073,74,215,136,0.127,106,0,0.6938,0.3524,0.1635,0.2571,0.2143,0.2727,0.6247,0.1657,0.0496,0.0814,0.2143,0.4545,512,1,extracted,0.3077,0.1562,0.2462,0.1258,0.0316,0.0854
3,123,40,1073,74,215,136,0.127,106,0,0.6938,0.3524,0.1635,0.2571,0.2143,0.2727,0.6247,0.1657,0.0496,0.0814,0.2143,0.4545,512,1,extracted,0.3077,0.1562,0.2462,0.1258,0.0316,0.0854
3,123,41,1073,74,241,150,0.14,122,0,0.6928,0.3661,0.1532,0.2143,0.2143,0.2727,0.6247,0.1657,0.0496,0.0814,0.2143,0.4545,512,1,extracted,0.3358,0.1481,0.1898,0.1258,0.0316,0.0854
3,123,42,1073,74,241,150,0.14,122,0,0.6928,0.3661,0.1532,0.2143,0.2143,0.2727,0.6247,0.1657,0.0496,0.0814,0.2143,0.4545,512,1,extracted,0.3358,0.1481,0.1898,0.1258,0.0316,0.0854
3,123,43,1073,74,241,150,0.14,122,0,0.6928,0.3661,0.1532,0.2143,0.2143,0.2727,0.6247,0.1657,0.0496,0.0814,0.2143,0.4545,512,1,extracted,0.3358,0.1481,0.1898,0.1258,0.0316,0.0854
3,123,44,1073,74,241,150,0.14,122,0,0.6928,0.3661,0.1532,0.2143,0.2143,0.2727,0.6247,0.1657,0.0496,0.0814,0.2143,0.4545,512,1,extracted,0.3358,0.1481,0.1898,0.1258,0.0316,0.0854
3,123,45,1073,74,241,150,0.14,122,0,0.6928,0.3661,0.1532,0.2143,0.2143,0.2727,0.6247,0.1657,0.0496,0.0814,0.2143,0.4545,512,1,extracted,0.3358,0.1481,0.1898,0.1258,0.0316,0.0854
3,123,46,1073,74,278,175,0.163,138,0,0.6852,0.3454,0.1377,0.2329,0.2143,0.2727,0.6247,0.1657,0.0496,0.0814,0.2143,0.4545,512,1,extracted,0.2987,0.1316,0.2208,0.1258,0.0316,0.0854
3,123,47,1073,74,278,175,0.163,138,0,0.6852,0.3454,0.1377,0.2329,0.2143,0.2727,0.6247,0.1657,0.0496,0.0814,0.2143,0.4545,512,1,extracted,0.2987,0.1316,0.2208,0.1258,0.0316,0.0854
3,123,48,1073,74,278,175,0.163,138,0,0.6852,0.3454,0.1377,0.2329,0.2143,0.2727,0.6247,0.1657,0.0496,0.0814,0.2143,0.4545,512,1,extracted,0.2987,0.1316,0.2208,0.1258,0.0316,0.0854
3,123,49,1073,74,278,175,0.163,138,0,0.6852,0.3454,0.1377,0.2329,0.2143,0.2727,0.6247,0.1657,0.0496,0.0814,0.2143,0.4545,512,1,extracted,0.2987,0.1316,0.2208,0.1258,0.0316,0.0854
3,123,50,1073,74,278,175,0.163,138,0,0.6852,0.3454,0.1377,0.2329,0.2143,0.2727,0.6247,0.1657,0.0496,0.0814,0.2143,0.4545,512,1,extracted,0.2987,0.1316,0.2208,0.1258,0.0316,0.0854
3,123,51,1073,74,343,220,0.205,170,0,0.6632,0.3028,0.1064,0.169,0.1857,0.2273,0.6247,0.1657,0.0496,0.0814,0.2143,0.4545,512,1,extracted,0.2838,0.1096,0.1892,0.1258,0.0316,0.0854
3,123,52,1073,74,343,220,0.205,170,0,0.6632,0.3028,0.1064,0.169,0.1857,0.2273,0.6247,0.1657,0.0496,0.0814,0.2143,0.4545,512,1,extracted,0.2838,0.1096,0.1892,0.1258,0.0316,0.0854
3,123,53,1073,74,343,220,0.205,170,0,0.6632,0.3028,0.1064,0.169,0.1857,0.2273,0.6247,0.1657,0.0496,0.0814,0.2143,0.4545,512,1,extracted,0.2838,0.1096,0.1892,0.1258,0.0316,0.0854
3,123,54,1073,74,343,220,0.205,170,0,0.6632,0.3028,0.1064,0.169,0.1857,0.2273,0.6247,0.1657,0.0496,0.0814,0.2143,0.4545,512,1,extracted,0.2838,0.1096,0.1892,0.1258,0.0316,0.0854
3,123,55,1073,74,398,240,0.224,199,0,0.6766,0.3224,0.1258,0.1842,0.2429,0.3636,0.6247,0.1657,0.0496,0.0814,0.2143,0.4545,512,1,extracted,0.3133,0.122,0.1928,0.1258,0.0316,0.0854
3,123,56,1073,74,398,240,0.224,199,0,0.6766,0.3224,0.1258,0.1842,0.2429,0.3636,0.6247,0.1657,0.0496,0.0814,0.2143,0.4545,512,1,extracted,0.3133,0.122,0.1928,0.1258,0.0316,0.0854
3,123,57,1073,74,398,240,0.224,199,0,0.6766,0.3224,0.1258,0.1842,0.2429,0.3636,0.6247,0.1657,0.0496,0.0814,0.2143,0.4545,512,1,extracted,0.3133,0.122,0.1928,0.1258,0.0316,0.0854
3,123,58,1073,74,398,240,0.224,199,0,0.6766,0.3224,0.1258,0.1842,0.2429,0.3636,0.6247,0.1657,0.0496,0.0814,0.2143,0.4545,512,1,extracted,0.3133,0.122,0.1928,0.1258,0.0316,0.0854
3,123,59,1073,74,398,240,0.224,199,0,0.6766,0.3224,0.1258,0.1842,0.2429,0.3636,0.6247,0.1657,0.0496,0.0814,0.2143,0.4545,512,1,extracted,0.3133,0.122,0.1928,0.1258,0.0316,0.0854
3,123,60,1073,74,446,279,0.26,223,0,0.657,0.2741,0.1232,0.1633,0.2857,0.3636,0.6247,0.1657,0.0496,0.0814,0.2143,0.4545,512,1,extracted,0.2421,0.0851,0.1684,0.1258,0.0316,0.0854
3,123,61,1073,74,446,279,0.26,223,0,0.657,0.2741,0.1232,0.1633,0.2857,0.3636,0.6247,0.1657,0.0496,0.0814,0.2143,0.4545,512,1,extracted,0.2421,0.0851,0.1684,0.1258,0.0316,0.0854
3,123,62,1073,74,446,279,0.26,223,0,0.657,0.2741,0.1232,0.1633,0.2857,0.3636,0.6247,0.1657,0.0496,0.0814,0.2143,0.4545,512,1,extracted,0.2421,0.0851,0.1684,0.1258,0.0316,0.0854
3,123,63,1073,74,446,279,0.26,223,0,0.657,0.2741,0.1232,0.1633,0.2857,0.3636,0.6247,0.1657,0.0496,0.0814,0.2143,0.4545,512,1,extracted,0.2421,0.0851,0.1684,0.1258,0.0316,0.0854
3,123,64,1073,74,446,279,0.26,223,0,0.657,0.2741,0.1232,0.1633,0.2857,0.3636,0.6247,0.1657,0.0496,0.0814,0.2143,0.4545,512,1,extracted,0.2421,0.0851,0.1684,0.1258,0.0316,0.0854
3,123,65,1073,74,500,303,0.282,251,0,0.6469,0.2616,0.1096,0.1744,0.2714,0.3182,0.6247,0.1657,0.0496,0.0814,0.2143,0.4545,512,1,extracted,0.2277,0.08,0.1782,0.1258,0.0316,0.0854
3,123,66,1073,74,500,303,0.282,251,0,0.6469,0.2616,0.1096,0.1744,0.2714,0.3182,0.6247,0.1657,0.0496,0.0814,0.2143,0.4545,512,1,extracted,0.2277,0.08,0.1782,0.1258,0.0316,0.0854
3,123,67,1073,74,500,303,0.282,251,0,0.6469,0.2616,0.1096,0.1744,0.2714,0.3182,0.6247,0.1657,0.0496,0.0814,0.2143,0.4545,512,1,extracted,0.2277,0.08,0.1782,0.1258,0.0316,0.0854
3,123,68,1073,74,500,303,0.282,251,0,0.6469,0.2616,0.1096,0.1744,0.2714,0.3182,0.6247,0.1657,0.0496,0.0814,0.2143,0.4545,512,1,extracted,0.2277,0.08,0.1782,0.1258,0.0316,0.0854
3,123,69,1073,74,500,303,0.282,251,0,0.6469,0.2616,0.1096,0.1744,0.2714,0.3182,0.6247,0.1657,0.0496,0.0814,0.2143,0.4545,512,1,extracted,0.2277,0.08,0.1782,0.1258,0.0316,0.0854
3,123,70,1073,74,606,348,0.324,297,0,0.6542,0.2481,0.1197,0.1141,0.3286,0.4545,0.6247,0.1657,0.0496,0.0814,0.2143,0.4545,512,1,extracted,0.25,0.0971,0.1442,0.1258,0.0316,0.0854
3,123,71,1073,74,606,348,0.324,297,0,0.6542,0.2481,0.1197,0.1141,0.3286,0.4545,0.6247,0.1657,0.0496,0.0814,0.2143,0.4545,512,1,extracted,0.25,0.0971,0.1442,0.1258,0.0316,0.0854
3,123,72,1073,74,606,348,0.324,297,0,0.6542,0.2481,0.1197,0.1141,0.3286,0.4545,0.6247,0.1657,0.0496,0.0814,0.2143,0.4545,512,1,extracted,0.25,0.0971,0.1442,0.1258,0.0316,0.0854
3,123,73,1073,74,606,348,0.324,297,0,0.6542,0.2481,0.1197,0.1141,0.3286,0.4545,0.6247,0.1657,0.0496,0.0814,0.2143,0.4545,512,1,extracted,0.25,0.0971,0.1442,0.1258,0.0316,0.0854
3,123,74,1073,74,660,402,0.375,320,0,0.6683,0.2581,0.121,0.1204,0.3857,0.5455,0.6247,0.1657,0.0496,0.0814,0.2143,0.4545,512,1,extracted,0.2222,0.0849,0.1303,0.1258,0.0316,0.0854
3,123,75,1073,74,660,402,0.375,320,0,0.6683,0.2581,0.121,0.1204,0.3857,0.5455,0.6247,0.1657,0.0496,0.0814,0.2143,0.4545,512,1,extracted,0.2222,0.0849,0.1303,0.1258,0.0316,0.0854
3,123,76,1073,74,660,402,0.375,320,0,0.6683,0.2581,0.121,0.1204,0.3857,0.5455,0.6247,0.1657,0.0496,0.0814,0.2143,0.4545,512,1,extracted,0.2222,0.0849,0.1303,0.1258,0.0316,0.0854
3,123,77,1073,74,660,402,0.375,320,0,0.6683,0.2581,0.121,0.1204,0.3857,0.5455,0.6247,0.1657,0.0496,0.0814,0.2143,0.4545,512,1,extracted,0.2222,0.0849,0.1303,0.1258,0.0316,0.0854
3,123,78,1073,74,660,402,0.375,320,0,0.6683,0.2581,0.121,0.1204,0.3857,0.5455,0.6247,0.1657,0.0496,0.0814,0.2143,0.4545,512,1,extracted,0.2222,0.0849,0.1303,0.1258,0.0316,0.0854
3,123,79,1073,74,724,426,0.397,348,0,0.6593,0.2387,0.1033,0.1317,0.3429,0.5455,0.6247,0.1657,0.0496,0.0814,0.2143,0.4545,512,1,extracted,0.1951,0.0702,0.1324,0.1258,0.0316,0.0854
3,123,80,1073,74,724,426,0.397,348,0,0.6593,0.2387,0.1033,0.1317,0.3429,0.5455,0.6247,0.1657,0.0496,0.0814,0.2143,0.4545,512,1,extracted,0.1951,0.0702,0.1324,0.1258,0.0316,0.0854
3,123,81,1073,74,724,426,0.397,348,0,0.6593,0.2387,0.1033,0.1317,0.3429,0.5455,0.6247,0.1657,0.0496,0.0814,0.2143,0.4545,512,1,extracted,0.1951,0.0702,0.1324,0.1258,0.0316,0.0854
3,123,82,1073,74,724,426,0.397,348,0,0.6593,0.2387,0.1033,0.1317,0.3429,0.5455,0.6247,0.1657,0.0496,0.0814,0.2143,0.4545,512,1,extracted,0.1951,0.0702,0.1324,0.1258,0.0316,0.0854
3,123,83,1073,74,724,426,0.397,348,0,0.6593,0.2387,0.1033,0.1317,0.3429,0.5455,0.6247,0.1657,0.0496,0.0814,0.2143,0.4545,512,1,extracted,0.1951,0.0702,0.1324,0.1258,0.0316,0.0854
3,123,84,1073,74,787,475,0.443,371,0,0.6562,0.2111,0.1004,0.1556,0.3571,0.5455,0.6247,0.1657,0.0496,0.0814,0.2143,0.4545,512,1,extracted,0.1893,0.0698,0.1325,0.1258,0.0316,0.0854
3,123,85,1073,74,787,475,0.443,371,0,0.6562,0.2111,0.1004,0.1556,0.3571,0.5455,0.6247,0.1657,0.0496,0.0814,0.2143,0.4545,512,1,extracted,0.1893,0.0698,0.1325,0.1258,0.0316,0.0854
3,123,86,1073,74,787,475,0.443,371,0,0.6562,0.2111,0.1004,0.1556,0.3571,0.5455,0.6247,0.1657,0.0496,0.0814,0.2143,0.4545,512,1,extracted,0.1893,0.0698,0.1325,0.1258,0.0316,0.0854
3,123,87,1073,74,787,475,0.443,371,0,0.6562,0.2111,0.1004,0.1556,0.3571,0.5455,0.6247,0.1657,0.0496,0.0814,0.2143,0.4545,512,1,extracted,0.1893,0.0698,0.1325,0.1258,0.0316,0.0854
3,123,88,1073,74,787,475,0.443,371,0,0.6562,0.2111,0.1004,0.1556,0.3571,0.5455,0.6247,0.1657,0.0496,0.0814,0.2143,0.4545,512,1,extracted,0.1893,0.0698,0.1325,0.1258,0.0316,0.0854
3,123,89,1073,74,839,516,0.481,400,0,0.6596,0.2176,0.1213,0.1174,0.4714,0.6364,0.6247,0.1657,0.0496,0.0814,0.2143,0.4545,512,1,extracted,0.1866,0.0762,0.1108,0.1258,0.0316,0.0854
3,123,90,1073,74,839,516,0.481,400,0,0.6596,0.2176,0.1213,0.1174,0.4714,0.6364,0.6247,0.1657,0.0496,0.0814,0.2143,0.4545,512,1,extracted,0.1866,0.0762,0.1108,0.1258,0.0316,0.0854
3,123,91,1073,74,839,516,0.481,400,0,0.6596,0.2176,0.1213,0.1174,0.4714,0.6364,0.6247,0.1657,0.0496,0.0814,0.2143,0.4545,512,1,extracted,0.1866,0.0762,0.1108,0.1258,0.0316,0.0854
3,123,92,1073,74,839,516,0.481,400,0,0.6596,0.2176,0.1213,0.1174,0.4714,0.6364,0.6247,0.1657,0.0496,0.0814,0.2143,0.4545,512,1,extracted,0.1866,0.0762,0.1108,0.1258,0.0316,0.0854
3,123,93,1073,74,937,583,0.543,452,0,0.6706,0.205,0.1215,0.1056,0.5286,0.6818,0.6247,0.1657,0.0496,0.0814,0.2143,0.4545,512,1,extracted,0.17,0.0905,0.105,0.1258,0.0316,0.0854
3,123,94,1073,74,937,583,0.543,452,0,0.6706,0.205,0.1215,0.1056,0.5286,0.6818,0.6247,0.1657,0.0496,0.0814,0.2143,0.4545,512,1,extracted,0.17,0.0905,0.105,0.1258,0.0316,0.0854
3,123,95,1073,74,937,583,0.543,452,0,0.6706,0.205,0.1215,0.1056,0.5286,0.6818,0.6247,0.1657,0.0496,0.0814,0.2143,0.4545,512,1,extracted,0.17,0.0905,0.105,0.1258,0.0316,0.0854
3,123,96,1073,74,937,583,0.543,452,0,0.6706,0.205,0.1215,0.1056,0.5286,0.6818,0.6247,0.1657,0.0496,0.0814,0.2143,0.4545,512,1,extracted,0.17,0.0905,0.105,0.1258,0.0316,0.0854
3,123,97,1073,74,937,583,0.543,452,0,0.6706,0.205,0.1215,0.1056,0.5286,0.6818,0.6247,0.1657,0.0496,0.0814,0.2143,0.4545,512,1,extracted,0.17,0.0905,0.105,0.1258,0.0316,0.0854
3,123,98,1073,74,1059,620,0.578,512,0,0.6554,0.2009,0.0993,0.1223,0.4571,0.6818,0.6247,0.1657,0.0496,0.0814,0.2143,0.4545,512,1,extracted,0.175,0.0704,0.12,0.1258,0.0316,0.0854
3,123,99,1073,74,1059,620,0.578,512,0,0.6554,0.2009,0.0993,0.1223,0.4571,0.6818,0.6247,0.1657,0.0496,0.0814,0.2143,0.4545,512,1,extracted,0.175,0.0704,0.12,0.1258,0.0316,0.0854
3,123,100,1073,74,1059,620,0.578,512,0,0.6554,0.2009,0.0993,0.1223,0.4571,0.6818,0.6247,0.1657,0.0496,0.0814,0.2143,0.4545,512,1,extracted,0.175,0.0704,0.12,0.1258,0.0316,0.0854
4,123,1,578,40,22,25,0.043,11,0,0.6414,0.1538,0.0317,0.1538,0.0256,0.0,0.6463,0.1271,0.0611,0.105,0.2821,0.4167,272,0,extracted,0.1463,0.0,0.1463,0.1475,0.0465,0.1198
4,123,2,578,40,22,25,0.043,11,0,0.6414,0.1538,0.0317,0.1538,0.0256,0.0,0.6463,0.1271,0.0611,0.105,0.2821,0.4167,272,0,extracted,0.1463,0.0,0.1463,0.1475,0.0465,0.1198
4,123,3,578,40,22,25,0.043,11,0,0.6414,0.1538,0.0317,0.1538,0.0256,0.0,0.6463,0.1271,0.0611,0.105,0.2821,0.4167,272,0,extracted,0.1463,0.0,0.1463,0.1475,0.0465,0.1198
4,123,4,578,40,22,25,0.043,11,0,0.6414,0.1538,0.0317,0.1538,0.0256,0.0,0.6463,0.1271,0.0611,0.105,0.2821,0.4167,272,0,extracted,0.1463,0.0,0.1463,0.1475,0.0465,0.1198
4,123,5,578,40,22,25,0.043,11,0,0.6414,0.1538,0.0317,0.1538,0.0256,0.0,0.6463,0.1271,0.0611,0.105,0.2821,0.4167,272,0,extracted,0.1463,0.0,0.1463,0.1475,0.0465,0.1198
4,123,6,578,40,22,25,0.043,11,0,0.6414,0.1538,0.0317,0.1538,0.0256,0.0,0.6463,0.1271,0.0611,0.105,0.2821,0.4167,272,0,extracted,0.1463,0.0,0.1463,0.1475,0.0465,0.1198
4,123,7,578,40,22,25,0.043,11,0,0.6414,0.1538,0.0317,0.1538,0.0256,0.0,0.6463,0.1271,0.0611,0.105,0.2821,0.4167,272,0,extracted,0.1463,0.0,0.1463,0.1475,0.0465,0.1198
4,123,8,578,40,22,25,0.043,11,0,0.6414,0.1538,0.0317,0.1538,0.0256,0.0,0.6463,0.1271,0.0611,0.105,0.2821,0.4167,272,0,extracted,0.1463,0.0,0.1463,0.1475,0.0465,0.1198
4,123,9,578,40,22,25,0.043,11,0,0.6414,0.1538,0.0317,0.1538,0.0256,0.0,0.6463,0.1271,0.0611,0.105,0.2821,0.4167,272,0,extracted,0.1463,0.0,0.1463,0.1475,0.0465,0.1198
4,123,10,578,40,22,25,0.043,11,0,0.6414,0.1538,0.0317,0.1538,0.0256,0.0,0.6463,0.1271,0.0611,0.105,0.2821,0.4167,272,0,extracted,0.1463,0.0,0.1463,0.1475,0.0465,0.1198
4,123,11,578,40,41,41,0.071,19,0,0.6766,0.2963,0.0759,0.2222,0.0769,0.0833,0.6463,0.1271,0.0611,0.105,0.2821,0.4167,272,0,extracted,0.28,0.0417,0.2,0.1475,0.0465,0.1198
4,123,12,578,40,41,41,0.071,19,0,0.6766,0.2963,0.0759,0.2222,0.0769,0.0833,0.6463,0.1271,0.0611,0.105,0.2821,0.4167,272,0,extracted,0.28,0.0417,0.2,0.1475,0.0465,0.1198
4,123,13,578,40,41,41,0.071,19,0,0.6766,0.2963,0.0759,0.2222,0.0769,0.0833,0.6463,0.1271,0.0611,0.105,0.2821,0.4167,272,0,extracted,0.28,0.0417,0.2,0.1475,0.0465,0.1198
4,123,14,578,40,41,41,0.071,19,0,0.6766,0.2963,0.0759,0.2222,0.0769,0.0833,0.6463,0.1271,0.0611,0.105,0.2821,0.4167,272,0,extracted,0.28,0.0417,0.2,0.1475,0.0465,0.1198
4,123,15,578,40,41,41,0.071,19,0,0.6766,0.2963,0.0759,0.2222,0.0769,0.0833,0.6463,0.1271,0.0611,0.105,0.2821,0.4167,272,0,extracted,0.28,0.0417,0.2,0.1475,0.0465,0.1198
4,123,16,578,40,41,41,0.071,19,0,0.6766,0.2963,0.0759,0.2222,0.0769,0.0833,0.6463,0.1271,0.0611,0.105,0.2821,0.4167,272,0,extracted,0.28,0.0417,0.2,0.1475,0.0465,0.1198
4,123,17,578,40,41,41,0.071,19,0,0.6766,0.2963,0.0759,0.2222,0.0769,0.0833,0.6463,0.1271,0.0611,0.105,0.2821,0.4167,272,0,extracted,0.28,0.0417,0.2,0.1475,0.0465,0.1198
4,123,18,578,40,64,44,0.076,29,0,0.6493,0.2857,0.0732,0.2143,0.0769,0.0833,0.6463,0.1271,0.0611,0.105,0.2821,0.4167,272,0,extracted,0.2745,0.0408,0.1961,0.1475,0.0465,0.1198
4,123,19,578,40,64,44,0.076,29,0,0.6493,0.2857,0.0732,0.2143,0.0769,0.0833,0.6463,0.1271,0.0611,0.105,0.2821,0.4167,272,0,extracted,0.2745,0.0408,0.1961,0.1475,0.0465,0.1198
4,123,20,578,40,64,44,0.076,29,0,0.6493,0.2857,0.0732,0.2143,0.0769,0.0833,0.6463,0.1271,0.0611,0.105,0.2821,0.4167,272,0,extracted,0.2745,0.0408,0.1961,0.1475,0.0465,0.1198
4,123,21,578,40,64,44,0.076,29,0,0.6493,0.2857,0.0732,0.2143,0.0769,0.0833,0.6463,0.1271,0.0611,0.105,0.2821,0.4167,272,0,extracted,0.2745,0.0408,0.1961,0.1475,0.0465,0.1198
4,123,22,578,40,64,44,0.076,29,0,0.6493,0.2857,0.0732,0.2143,0.0769,0.0833,0.6463,0.1271,0.0611,0.105,0.2821,0.4167,272,0,extracted,0.2745,0.0408,0.1961,0.1475,0.0465,0.1198
4,123,23,578,40,64,44,0.076,29,0,0.6493,0.2857,0.0732,0.2143,0.0769,0.0833,0.6463,0.1271,0.0611,0.105,0.2821,0.4167,272,0,extracted,0.2745,0.0408,0.1961,0.1475,0.0465,0.1198
4,123,24,578,40,64,44,0.076,29,0,0.6493,0.2857,0.0732,0.2143,0.0769,0.0833,0.6463,0.1271,0.0611,0.105,0.2821,0.4167,272,0,extracted,0.2745,0.0408,0.1961,0.1475,0.0465,0.1198
4,123,25,578,40,88,48,0.083,43,0,0.6537,0.25,0.0698,0.1818,0.0769,0.0833,0.6463,0.1271,0.0611,0.105,0.2821,0.4167,272,0,extracted,0.2105,0.0364,0.2105,0.1475,0.0465,0.1198
4,123,26,578,40,88,48,0.083,43,0,0.6537,0.25,0.0698,0.1818,0.0769,0.0833,0.6463,0.1271,0.0611,0.105,0.2821,0.4167,272,0,extracted,0.2105,0.0364,0.2105,0.1475,0.0465,0.1198
4,123,27,578,40,88,48,0.083,43,0,0.6537,0.25,0.0698,0.1818,0.0769,0.0833,0.6463,0.1271,0.0611,0.105,0.2821,0.4167,272,0,extracted,0.2105,0.0364,0.2105,0.1475,0.0465,0.1198
4,123,28,578,40,88,48,0.083,43,0,0.6537,0.25,0.0698,0.1818,0.0769,0.0833,0.6463,0.1271,0.0611,0.105,0.2821,0.4167,272,0,extracted,0.2105,0.0364,0.2105,0.1475,0.0465,0.1198
4,123,29,578,40,88,48,0.083,43,0,0.6537,0.25,0.0698,0.1818,0.0769,0.0833,0.6463,0.1271,0.0611,0.105,0.2821,0.4167,272,0,extracted,0.2105,0.0364,0.2105,0.1475,0.0465,0.1198
4,123,30,578,40,88,48,0.083,43,0,0.6537,0.25,0.0698,0.1818,0.0769,0.0833,0.6463,0.1271,0.0611,0.105,0.2821,0.4167,272,0,extracted,0.2105,0.0364,0.2105,0.1475,0.0465,0.1198
4,123,31,578,40,88,48,0.083,43,0,0.6537,0.25,0.0698,0.1818,0.0769,0.0833,0.6463,0.1271,0.0611,0.105,0.2821,0.4167,272,0,extracted,0.2105,0.0364,0.2105,0.1475,0.0465,0.1198
4,123,32,578,40,88,48,0.083,43,0,0.6537,0.25,0.0698,0.1818,0.0769,0.0833,0.6463,0.1271,0.0611,0.105,0.2821,0.4167,272,0,extracted,0.2105,0.0364,0.2105,0.1475,0.0465,0.1198
4,123,33,578,40,125,77,0.133,60,0,0.6551,0.2735,0.087,0.188,0.1282,0.1667,0.6463,0.1271,0.0611,0.105,0.2821,0.4167,272,0,extracted,0.2466,0.0845,0.2192,0.1475,0.0465,0.1198
4,123,34,578,40,125,77,0.133,60,0,0.6551,0.2735,0.087,0.188,0.1282,0.1667,0.6463,0.1271,0.0611,0.105,0.2821,0.4167,272,0,extracted,0.2466,0.0845,0.2192,0.1475,0.0465,0.1198
4,123,35,578,40,125,77,0.133,60,0,0.6551,0.2735,0.087,0.188,0.1282,0.1667,0.6463,0.1271,0.0611,0.105,0.2821,0.4167,272,0,extracted,0.2466,0.0845,0.2192,0.1475,0.0465,0.1198
4,123,36,578,40,125,77,0.133,60,0,0.6551,0.2735,0.087,0.188,0.1282,0.1667,0.6463,0.1271,0.0611,0.105,0.2821,0.4167,272,0,extracted,0.2466,0.0845,0.2192,0.1475,0.0465,0.1198
4,123,37,578,40,125,77,0.133,60,0,0.6551,0.2735,0.087,0.188,0.1282,0.1667,0.6463,0.1271,0.0611,0.105,0.2821,0.4167,272,0,extracted,0.2466,0.0845,0.2192,0.1475,0.0465,0.1198
4,123,38,578,40,125,77,0.133,60,0,0.6551,0.2735,0.087,0.188,0.1282,0.1667,0.6463,0.1271,0.0611,0.105,0.2821,0.4167,272,0,extracted,0.2466,0.0845,0.2192,0.1475,0.0465,0.1198
4,123,39,578,40,125,77,0.133,60,0,0.6551,0.2735,0.087,0.188,0.1282,0.1667,0.6463,0.1271,0.0611,0.105,0.2821,0.4167,272,0,extracted,0.2466,0.0845,0.2192,0.1475,0.0465,0.1198
4,123,40,578,40,147,90,0.156,70,0,0.6471,0.2615,0.0625,0.1538,0.1026,0.25,0.6463,0.1271,0.0611,0.105,0.2821,0.4167,272,0,extracted,0.2439,0.05,0.1707,0.1475,0.0465,0.1198
4,123,41,578,40,147,90,0.156,70,0,0.6471,0.2615,0.0625,0.1538,0.1026,0.25,0.6463,0.1271,0.0611,0.105,0.2821,0.4167,272,0,extracted,0.2439,0.05,0.1707,0.1475,0.0465,0.1198
4,123,42,578,40,147,90,0.156,70,0,0.6471,0.2615,0.0625,0.1538,0.1026,0.25,0.6463,0.1271,0.0611,0.105,0.2821,0.4167,272,0,extracted,0.2439,0.05,0.1707,0.1475,0.0465,0.1198
4,123,43,578,40,147,90,0.156,70,0,0.6471,0.2615,0.0625,0.1538,0.1026,0.25,0.6463,0.1271,0.0611,0.105,0.2821,0.4167,272,0,extracted,0.2439,0.05,0.1707,0.1475,0.0465,0.1198
4,123,44,578,40,147,90,0.156,70,0,0.6471,0.2615,0.0625,0.1538,0.1026,0.25,0.6463,0.1271,0.0611,0.105,0.2821,0.4167,272,0,extracted,0.2439,0.05,0.1707,0.1475,0.0465,0.1198
4,123,45,578,40,147,90,0.156,70,0,0.6471,0.2615,0.0625,0.1538,0.1026,0.25,0.6463,0.1271,0.0611,0.105,0.2821,0.4167,272,0,extracted,0.2439,0.05,0.1707,0.1475,0.0465,0.1198
4,123,46,578,40,147,90,0.156,70,0,0.6471,0.2615,0.0625,0.1538,0.1026,0.25,0.6463,0.1271,0.0611,0.105,0.2821,0.4167,272,0,extracted,0.2439,0.05,0.1707,0.1475,0.0465,0.1198
4,123,47,578,40,174,107,0.185,85,0,0.6579,0.2313,0.069,0.1497,0.1282,0.25,0.6463,0.1271,0.0611,0.105,0.2821,0.4167,272,0,extracted,0.2418,0.0674,0.1538,0.1475,0.0465,0.1198
4,123,48,578,40,174,107,0.185,85,0,0.6579,0.2313,0.069,0.1497,0.1282,0.25,0.6463,0.1271,0.0611,0.105,0.2821,0.4167,272,0,extracted,0.2418,0.0674,0.1538,0.1475,0.0465,0.1198
4,123,49,578,40,174,107,0.185,85,0,0.6579,0.2313,0.069,0.1497,0.1282,0.25,0.6463,0.1271,0.0611,0.105,0.2821,0.4167,272,0,extracted,0.2418,0.0674,0.1538,0.1475,0.0465,0.1198
4,123,50,578,40,174,107,0.185,85,0,0.6579,0.2313,0.069,0.1497,0.1282,0.25,0.6463,0.1271,0.0611,0.105,0.2821,0.4167,272,0,extracted,0.2418,0.0674,0.1538,0.1475,0.0465,0.1198
4,123,51,578,40,174,107,0.185,85,0,0.6579,0.2313,0.069,0.1497,0.1282,0.25,0.6463,0.1271,0.0611,0.105,0.2821,0.4167,272,0,extracted,0.2418,0.0674,0.1538,0.1475,0.0465,0.1198
4,123,52,578,40,174,107,0.185,85,0,0.6579,0.2313,0.069,0.1497,0.1282,0.25,0.6463,0.1271,0.0611,0.105,0.2821,0.4167,272,0,extracted,0.2418,0.0674,0.1538,0.1475,0.0465,0.1198
4,123,53,578,40,174,107,0.185,85,0,0.6579,0.2313,0.069,0.1497,0.1282,0.25,0.6463,0.1271,0.0611,0.105,0.2821,0.4167,272,0,extracted,0.2418,0.0674,0.1538,0.1475,0.0465,0.1198
4,123,54,578,40,213,133,0.23,97,0,0.65,0.2081,0.0702,0.1272,0.1538,0.25,0.6463,0.1271,0.0611,0.105,0.2821,0.4167,272,0,extracted,0.2143,0.0727,0.125,0.1475,0.0465,0.1198
4,123,55,578,40,213,133,0.23,97,0,0.65,0.2081,0.0702,0.1272,0.1538,0.25,0.6463,0.1271,0.0611,0.105,0.2821,0.4167,272,0,extracted,0.2143,0.0727,0.125,0.1475,0.0465,0.1198
4,123,56,578,40,213,133,0.23,97,0,0.65,0.2081,0.0702,0.1272,0.1538,0.25,0.6463,0.1271,0.0611,0.105,0.2821,0.4167,272,0,extracted,0.2143,0.0727,0.125,0.1475,0.0465,0.1198
4,123,57,578,40,213,133,0.23,97,0,0.65,0.2081,0.0702,0.1272,0.1538,0.25,0.6463,0.1271,0.0611,0.105,0.2821,0.4167,272,0,extracted,0.2143,0.0727,0.125,0.1475,0.0465,0.1198
4,123,58,578,40,213,133,0.23,97,0,0.65,0.2081,0.0702,0.1272,0.1538,0.25,0.6463,0.1271,0.0611,0.105,0.2821,0.4167,272,0,extracted,0.2143,0.0727,0.125,0.1475,0.0465,0.1198
4,123,59,578,40,213,133,0.23,97,0,0.65,0.2081,0.0702,0.1272,0.1538,0.25,0.6463,0.1271,0.0611,0.105,0.2821,0.4167,272,0,extracted,0.2143,0.0727,0.125,0.1475,0.0465,0.1198
4,123,60,578,40,213,133,0.23,97,0,0.65,0.2081,0.0702,0.1272,0.1538,0.25,0.6463,0.1271,0.0611,0.105,0.2821,0.4167,272,0,extracted,0.2143,0.0727,0.125,0.1475,0.0465,0.1198
4,123,61,578,40,262,157,0.272,125,0,0.6513,0.1675,0.0635,0.1047,0.1538,0.25,0.6463,0.1271,0.0611,0.105,0.2821,0.4167,272,0,extracted,0.22,0.0816,0.14,0.1475,0.0465,0.1198
4,123,62,578,40,262,157,0.272,125,0,0.6513,0.1675,0.0635,0.1047,0.1538,0.25,0.6463,0.1271,0.0611,0.105,0.2821,0.4167,272,0,extracted,0.22,0.0816,0.14,0.1475,0.0465,0.1198
4,123,63,578,40,262,157,0.272,125,0,0.6513,0.1675,0.0635,0.1047,0.1538,0.25,0.6463,0.1271,0.0611,0.105,0.2821,0.4167,272,0,extracted,0.22,0.0816,0.14,0.1475,0.0465,0.1198
4,123,64,578,40,262,157,0.272,125,0,0.6513,0.1675,0.0635,0.1047,0.1538,0.25,0.6463,0.1271,0.0611,0.105,0.2821,0.4167,272,0,extracted,0.22,0.0816,0.14,0.1475,0.0465,0.1198
4,123,65,578,40,262,157,0.272,125,0,0.6513,0.1675,0.0635,0.1047,0.1538,0.25,0.6463,0.1271,0.0611,0.105,0.2821,0.4167,272,0,extracted,0.22,0.0816,0.14,0.1475,0.0465,0.1198
4,123,66,578,40,262,157,0.272,125,0,0.6513,0.1675,0.0635,0.1047,0.1538,0.25,0.6463,0.1271,0.0611,0.105,0.2821,0.4167,272,0,extracted,0.22,0.0816,0.14,0.1475,0.0465,0.1198
4,123,67,578,40,262,157,0.272,125,0,0.6513,0.1675,0.0635,0.1047,0.1538,0.25,0.6463,0.1271,0.0611,0.105,0.2821,0.4167,272,0,extracted,0.22,0.0816,0.14,0.1475,0.0465,0.1198
4,123,68,578,40,292,182,0.315,140,0,0.6489,0.1622,0.0545,0.1081,0.1538,0.25,0.6463,0.1271,0.0611,0.105,0.2821,0.4167,272,0,extracted,0.1633,0.0552,0.1224,0.1475,0.0465,0.1198
4,123,69,578,40,292,182,0.315,140,0,0.6489,0.1622,0.0545,0.1081,0.1538,0.25,0.6463,0.1271,0.0611,0.105,0.2821,0.4167,272,0,extracted,0.1633,0.0552,0.1224,0.1475,0.0465,0.1198
4,123,70,578,40,292,182,0.315,140,0,0.6489,0.1622,0.0545,0.1081,0.1538,0.25,0.6463,0.1271,0.0611,0.105,0.2821,0.4167,272,0,extracted,0.1633,0.0552,0.1224,0.1475,0.0465,0.1198
4,123,71,578,40,292,182,0.315,140,0,0.6489,0.1622,0.0545,0.1081,0.1538,0.25,0.6463,0.1271,0.0611,0.105,0.2821,0.4167,272,0,extracted,0.1633,0.0552,0.1224,0.1475,0.0465,0.1198
4,123,72,578,40,292,182,0.315,140,0,0.6489,0.1622,0.0545,0.1081,0.1538,0.25,0.6463,0.1271,0.0611,0.105,0.2821,0.4167,272,0,extracted,0.1633,0.0552,0.1224,0.1475,0.0465,0.1198
4,123,73,578,40,292,182,0.315,140,0,0.6489,0.1622,0.0545,0.1081,0.1538,0.25,0.6463,0.1271,0.0611,0.105,0.2821,0.4167,272,0,extracted,0.1633,0.0552,0.1224,0.1475,0.0465,0.1198
4,123,74,578,40,292,182,0.315,140,0,0.6489,0.1622,0.0545,0.1081,0.1538,0.25,0.6463,0.1271,0.0611,0.105,0.2821,0.4167,272,0,extracted,0.1633,0.0552,0.1224,0.1475,0.0465,0.1198
4,123,75,578,40,292,182,0.315,140,0,0.6489,0.1622,0.0545,0.1081,0.1538,0.25,0.6463,0.1271,0.0611,0.105,0.2821,0.4167,272,0,extracted,0.1633,0.0552,0.1224,0.1475,0.0465,0.1198
4,123,76,578,40,385,225,0.389,184,0,0.6448,0.139,0.0467,0.0927,0.1538,0.25,0.6463,0.1271,0.0611,0.105,0.2821,0.4167,272,0,extracted,0.1589,0.0537,0.1192,0.1475,0.0465,0.1198
4,123,77,578,40,385,225,0.389,184,0,0.6448,0.139,0.0467,0.0927,0.1538,0.25,0.6463,0.1271,0.0611,0.105,0.2821,0.4167,272,0,extracted,0.1589,0.0537,0.1192,0.1475,0.0465,0.1198
4,123,78,578,40,385,225,0.389,184,0,0.6448,0.139,0.0467,0.0927,0.1538,0.25,0.6463,0.1271,0.0611,0.105,0.2821,0.4167,272,0,extracted,0.1589,0.0537,0.1192,0.1475,0.0465,0.1198
4,123,79,578,40,385,225,0.389,184,0,0.6448,0.139,0.0467,0.0927,0.1538,0.25,0.6463,0.1271,0.0611,0.105,0.2821,0.4167,272,0,extracted,0.1589,0.0537,0.1192,0.1475,0.0465,0.1198
4,123,80,578,40,385,225,0.389,184,0,0.6448,0.139,0.0467,0.0927,0.1538,0.25,0.6463,0.1271,0.0611,0.105,0.2821,0.4167,272,0,extracted,0.1589,0.0537,0.1192,0.1475,0.0465,0.1198
4,123,81,578,40,385,225,0.389,184,0,0.6448,0.139,0.0467,0.0927,0.1538,0.25,0.6463,0.1271,0.0611,0.105,0.2821,0.4167,272,0,extracted,0.1589,0.0537,0.1192,0.1475,0.0465,0.1198
4,123,82,578,40,385,225,0.389,184,0,0.6448,0.139,0.0467,0.0927,0.1538,0.25,0.6463,0.1271,0.0611,0.105,0.2821,0.4167,272,0,extracted,0.1589,0.0537,0.1192,0.1475,0.0465,0.1198
4,123,83,578,40,447,266,0.46,208,0,0.6544,0.1589,0.08,0.1192,0.3077,0.4167,0.6463,0.1271,0.0611,0.105,0.2821,0.4167,272,0,extracted,0.1604,0.0757,0.139,0.1475,0.0465,0.1198
4,123,84,578,40,447,266,0.46,208,0,0.6544,0.1589,0.08,0.1192,0.3077,0.4167,0.6463,0.1271,0.0611,0.105,0.2821,0.4167,272,0,extracted,0.1604,0.0757,0.139,0.1475,0.0465,0.1198
4,123,85,578,40,447,266,0.46,208,0,0.6544,0.1589,0.08,0.1192,0.3077,0.4167,0.6463,0.1271,0.0611,0.105,0.2821,0.4167,272,0,extracted,0.1604,0.0757,0.139,0.1475,0.0465,0.1198
4,123,86,578,40,447,266,0.46,208,0,0.6544,0.1589,0.08,0.1192,0.3077,0.4167,0.6463,0.1271,0.0611,0.105,0.2821,0.4167,272,0,extracted,0.1604,0.0757,0.139,0.1475,0.0465,0.1198
4,123,87,578,40,447,266,0.46,208,0,0.6544,0.1589,0.08,0.1192,0.3077,0.4167,0.6463,0.1271,0.0611,0.105,0.2821,0.4167,272,0,extracted,0.1604,0.0757,0.139,0.1475,0.0465,0.1198
4,123,88,578,40,447,266,0.46,208,0,0.6544,0.1589,0.08,0.1192,0.3077,0.4167,0.6463,0.1271,0.0611,0.105,0.2821,0.4167,272,0,extracted,0.1604,0.0757,0.139,0.1475,0.0465,0.1198
4,123,89,578,40,447,266,0.46,208,0,0.6544,0.1589,0.08,0.1192,0.3077,0.4167,0.6463,0.1271,0.0611,0.105,0.2821,0.4167,272,0,extracted,0.1604,0.0757,0.139,0.1475,0.0465,0.1198
4,123,90,578,40,506,283,0.49,235,0,0.6408,0.1451,0.0571,0.0883,0.2308,0.3333,0.6463,0.1271,0.0611,0.105,0.2821,0.4167,272,0,extracted,0.1497,0.0541,0.1176,0.1475,0.0465,0.1198
4,123,91,578,40,506,283,0.49,235,0,0.6408,0.1451,0.0571,0.0883,0.2308,0.3333,0.6463,0.1271,0.0611,0.105,0.2821,0.4167,272,0,extracted,0.1497,0.0541,0.1176,0.1475,0.0465,0.1198
4,123,92,578,40,506,283,0.49,235,0,0.6408,0.1451,0.0571,0.0883,0.2308,0.3333,0.6463,0.1271,0.0611,0.105,0.2821,0.4167,272,0,extracted,0.1497,0.0541,0.1176,0.1475,0.0465,0.1198
4,123,93,578,40,506,283,0.49,235,0,0.6408,0.1451,0.0571,0.0883,0.2308,0.3333,0.6463,0.1271,0.0611,0.105,0.2821,0.4167,272,0,extracted,0.1497,0.0541,0.1176,0.1475,0.0465,0.1198
4,123,94,578,40,506,283,0.49,235,0,0.6408,0.1451,0.0571,0.0883,0.2308,0.3333,0.6463,0.1271,0.0611,0.105,0.2821,0.4167,272,0,extracted,0.1497,0.0541,0.1176,0.1475,0.0465,0.1198
4,123,95,578,40,506,283,0.49,235,0,0.6408,0.1451,0.0571,0.0883,0.2308,0.3333,0.6463,0.1271,0.0611,0.105,0.2821,0.4167,272,0,extracted,0.1497,0.0541,0.1176,0.1475,0.0465,0.1198
4,123,96,578,40,506,283,0.49,235,0,0.6408,0.1451,0.0571,0.0883,0.2308,0.3333,0.6463,0.1271,0.0611,0.105,0.2821,0.4167,272,0,extracted,0.1497,0.0541,0.1176,0.1475,0.0465,0.1198
4,123,97,578,40,571,336,0.581,266,0,0.653,0.129,0.0595,0.1022,0.2821,0.4167,0.6463,0.1271,0.0611,0.105,0.2821,0.4167,272,0,extracted,0.1391,0.0526,0.113,0.1475,0.0465,0.1198
4,123,98,578,40,571,336,0.581,266,0,0.653,0.129,0.0595,0.1022,0.2821,0.4167,0.6463,0.1271,0.0611,0.105,0.2821,0.4167,272,0,extracted,0.1391,0.0526,0.113,0.1475,0.0465,0.1198
4,123,99,578,40,571,336,0.581,266,0,0.653,0.129,0.0595,0.1022,0.2821,0.4167,0.6463,0.1271,0.0611,0.105,0.2821,0.4167,272,0,extracted,0.1391,0.0526,0.113,0.1475,0.0465,0.1198
4,123,100,578,40,571,336,0.581,266,0,0.653,0.129,0.0595,0.1022,0.2821,0.4167,0.6463,0.1271,0.0611,0.105,0.2821,0.4167,272,0,extracted,0.1391,0.0526,0.113,0.1475,0.0465,0.1198
5,123,1,699,61,19,22,0.031,10,0,0.6879,0.2651,0.0247,0.1687,0.0175,0.0556,0.7047,0.2294,0.1576,0.1328,0.6842,0.8333,319,0,extracted,0.24,0.0,0.16,0.1908,0.1126,0.125
5,123,2,699,61,19,22,0.031,10,0,0.6879,0.2651,0.0247,0.1687,0.0175,0.0556,0.7047,0.2294,0.1576,0.1328,0.6842,0.8333,319,0,extracted,0.24,0.0,0.16,0.1908,0.1126,0.125
5,123,3,699,61,19,22,0.031,10,0,0.6879,0.2651,0.0247,0.1687,0.0175,0.0556,0.7047,0.2294,0.1576,0.1328,0.6842,0.8333,319,0,extracted,0.24,0.0,0.16,0.1908,0.1126,0.125
5,123,4,699,61,19,22,0.031,10,0,0.6879,0.2651,0.0247,0.1687,0.0175,0.0556,0.7047,0.2294,0.1576,0.1328,0.6842,0.8333,319,0,extracted,0.24,0.0,0.16,0.1908,0.1126,0.125
5,123,5,699,61,19,22,0.031,10,0,0.6879,0.2651,0.0247,0.1687,0.0175,0.0556,0.7047,0.2294,0.1576,0.1328,0.6842,0.8333,319,0,extracted,0.24,0.0,0.16,0.1908,0.1126,0.125
5,123,6,699,61,19,22,0.031,10,0,0.6879,0.2651,0.0247,0.1687,0.0175,0.0556,0.7047,0.2294,0.1576,0.1328,0.6842,0.8333,319,0,extracted,0.24,0.0,0.16,0.1908,0.1126,0.125
5,123,7,699,61,19,22,0.031,10,0,0.6879,0.2651,0.0247,0.1687,0.0175,0.0556,0.7047,0.2294,0.1576,0.1328,0.6842,0.8333,319,0,extracted,0.24,0.0,0.16,0.1908,0.1126,0.125
5,123,8,699,61,19,22,0.031,10,0,0.6879,0.2651,0.0247,0.1687,0.0175,0.0556,0.7047,0.2294,0.1576,0.1328,0.6842,0.8333,319,0,extracted,0.24,0.0,0.16,0.1908,0.1126,0.125
5,123,9,699,61,19,22,0.031,10,0,0.6879,0.2651,0.0247,0.1687,0.0175,0.0556,0.7047,0.2294,0.1576,0.1328,0.6842,0.8333,319,0,extracted,0.24,0.0,0.16,0.1908,0.1126,0.125
5,123,10,699,61,41,29,0.041,21,0,0.7082,0.3333,0.1818,0.2889,0.1404,0.1111,0.7047,0.2294,0.1576,0.1328,0.6842,0.8333,319,0,extracted,0.2745,0.0816,0.2353,0.1908,0.1126,0.125
5,123,11,699,61,41,29,0.041,21,0,0.7082,0.3333,0.1818,0.2889,0.1404,0.1111,0.7047,0.2294,0.1576,0.1328,0.6842,0.8333,319,0,extracted,0.2745,0.0816,0.2353,0.1908,0.1126,0.125
5,123,12,699,61,41,29,0.041,21,0,0.7082,0.3333,0.1818,0.2889,0.1404,0.1111,0.7047,0.2294,0.1576,0.1328,0.6842,0.8333,319,0,extracted,0.2745,0.0816,0.2353,0.1908,0.1126,0.125
5,123,13,699,61,41,29,0.041,21,0,0.7082,0.3333,0.1818,0.2889,0.1404,0.1111,0.7047,0.2294,0.1576,0.1328,0.6842,0.8333,319,0,extracted,0.2745,0.0816,0.2353,0.1908,0.1126,0.125
5,123,14,699,61,41,29,0.041,21,0,0.7082,0.3333,0.1818,0.2889,0.1404,0.1111,0.7047,0.2294,0.1576,0.1328,0.6842,0.8333,319,0,extracted,0.2745,0.0816,0.2353,0.1908,0.1126,0.125
5,123,15,699,61,41,29,0.041,21,0,0.7082,0.3333,0.1818,0.2889,0.1404,0.1111,0.7047,0.2294,0.1576,0.1328,0.6842,0.8333,319,0,extracted,0.2745,0.0816,0.2353,0.1908,0.1126,0.125
5,123,16,699,61,41,29,0.041,21,0,0.7082,0.3333,0.1818,0.2889,0.1404,0.1111,0.7047,0.2294,0.1576,0.1328,0.6842,0.8333,319,0,extracted,0.2745,0.0816,0.2353,0.1908,0.1126,0.125
5,123,17,699,61,70,41,0.059,32,0,0.7337,0.4118,0.18,0.2941,0.1579,0.1667,0.7047,0.2294,0.1576,0.1328,0.6842,0.8333,319,0,extracted,0.3333,0.069,0.2333,0.1908,0.1126,0.125
5,123,18,699,61,70,41,0.059,32,0,0.7337,0.4118,0.18,0.2941,0.1579,0.1667,0.7047,0.2294,0.1576,0.1328,0.6842,0.8333,319,0,extracted,0.3333,0.069,0.2333,0.1908,0.1126,0.125
5,123,19,699,61,70,41,0.059,32,0,0.7337,0.4118,0.18,0.2941,0.1579,0.1667,0.7047,0.2294,0.1576,0.1328,0.6842,0.8333,319,0,extracted,0.3333,0.069,0.2333,0.1908,0.1126,0.125
5,123,20,699,61,70,41,0.059,32,0,0.7337,0.4118,0.18,0.2941,0.1579,0.1667,0.7047,0.2294,0.1576,0.1328,0.6842,0.8333,319,0,extracted,0.3333,0.069,0.2333,0.1908,0.1126,0.125
5,123,21,699,61,70,41,0.059,32,0,0.7337,0.4118,0.18,0.2941,0.1579,0.1667,0.7047,0.2294,0.1576,0.1328,0.6842,0.8333,319,0,extracted,0.3333,0.069,0.2333,0.1908,0.1126,0.125
5,123,22,699,61,70,41,0.059,32,0,0.7337,0.4118,0.18,0.2941,0.1579,0.1667,0.7047,0.2294,0.1576,0.1328,0.6842,0.8333,319,0,extracted,0.3333,0.069,0.2333,0.1908,0.1126,0.125
5,123,23,699,61,70,41,0.059,32,0,0.7337,0.4118,0.18,0.2941,0.1579,0.1667,0.7047,0.2294,0.1576,0.1328,0.6842,0.8333,319,0,extracted,0.3333,0.069,0.2333,0.1908,0.1126,0.125
5,123,24,699,61,93,56,0.08,43,0,0.6855,0.3761,0.1739,0.2051,0.1754,0.1111,0.7047,0.2294,0.1576,0.1328,0.6842,0.8333,319,0,extracted,0.2571,0.0588,0.1429,0.1908,0.1126,0.125
5,123,25,699,61,93,56,0.08,43,0,0.6855,0.3761,0.1739,0.2051,0.1754,0.1111,0.7047,0.2294,0.1576,0.1328,0.6842,0.8333,319,0,extracted,0.2571,0.0588,0.1429,0.1908,0.1126,0.125
5,123,26,699,61,93,56,0.08,43,0,0.6855,0.3761,0.1739,0.2051,0.1754,0.1111,0.7047,0.2294,0.1576,0.1328,0.6842,0.8333,319,0,extracted,0.2571,0.0588,0.1429,0.1908,0.1126,0.125
5,123,27,699,61,93,56,0.08,43,0,0.6855,0.3761,0.1739,0.2051,0.1754,0.1111,0.7047,0.2294,0.1576,0.1328,0.6842,0.8333,319,0,extracted,0.2571,0.0588,0.1429,0.1908,0.1126,0.125
5,123,28,699,61,93,56,0.08,43,0,0.6855,0.3761,0.1739,0.2051,0.1754,0.1111,0.7047,0.2294,0.1576,0.1328,0.6842,0.8333,319,0,extracted,0.2571,0.0588,0.1429,0.1908,0.1126,0.125
5,123,29,699,61,93,56,0.08,43,0,0.6855,0.3761,0.1739,0.2051,0.1754,0.1111,0.7047,0.2294,0.1576,0.1328,0.6842,0.8333,319,0,extracted,0.2571,0.0588,0.1429,0.1908,0.1126,0.125
5,123,30,699,61,93,56,0.08,43,0,0.6855,0.3761,0.1739,0.2051,0.1754,0.1111,0.7047,0.2294,0.1576,0.1328,0.6842,0.8333,319,0,extracted,0.2571,0.0588,0.1429,0.1908,0.1126,0.125
5,123,31,699,61,121,75,0.107,54,0,0.6389,0.25,0.0746,0.1324,0.0877,0.0556,0.7047,0.2294,0.1576,0.1328,0.6842,0.8333,319,0,extracted,0.1951,0.05,0.122,0.1908,0.1126,0.125
5,123,32,699,61,121,75,0.107,54,0,0.6389,0.25,0.0746,0.1324,0.0877,0.0556,0.7047,0.2294,0.1576,0.1328,0.6842,0.8333,319,0,extracted,0.1951,0.05,0.122,0.1908,0.1126,0.125
5,123,33,699,61,121,75,0.107,54,0,0.6389,0.25,0.0746,0.1324,0.0877,0.0556,0.7047,0.2294,0.1576,0.1328,0.6842,0.8333,319,0,extracted,0.1951,0.05,0.122,0.1908,0.1126,0.125
5,123,34,699,61,121,75,0.107,54,0,0.6389,0.25,0.0746,0.1324,0.0877,0.0556,0.7047,0.2294,0.1576,0.1328,0.6842,0.8333,319,0,extracted,0.1951,0.05,0.122,0.1908,0.1126,0.125
5,123,35,699,61,121,75,0.107,54,0,0.6389,0.25,0.0746,0.1324,0.0877,0.0556,0.7047,0.2294,0.1576,0.1328,0.6842,0.8333,319,0,extracted,0.1951,0.05,0.122,0.1908,0.1126,0.125
5,123,36,699,61,121,75,0.107,54,0,0.6389,0.25,0.0746,0.1324,0.0877,0.0556,0.7047,0.2294,0.1576,0.1328,0.6842,0.8333,319,0,extracted,0.1951,0.05,0.122,0.1908,0.1126,0.125
5,123,37,699,61,158,91,0.13,75,0,0.6329,0.2914,0.0671,0.1457,0.0877,0.0556,0.7047,0.2294,0.1576,0.1328,0.6842,0.8333,319,0,extracted,0.2222,0.0455,0.1333,0.1908,0.1126,0.125
5,123,38,699,61,158,91,0.13,75,0,0.6329,0.2914,0.0671,0.1457,0.0877,0.0556,0.7047,0.2294,0.1576,0.1328,0.6842,0.8333,319,0,extracted,0.2222,0.0455,0.1333,0.1908,0.1126,0.125
5,123,39,699,61,158,91,0.13,75,0,0.6329,0.2914,0.0671,0.1457,0.0877,0.0556,0.7047,0.2294,0.1576,0.1328,0.6842,0.8333,319,0,extracted,0.2222,0.0455,0.1333,0.1908,0.1126,0.125
5,123,40,699,61,158,91,0.13,75,0,0.6329,0.2914,0.0671,0.1457,0.0877,0.0556,0.7047,0.2294,0.1576,0.1328,0.6842,0.8333,319,0,extracted,0.2222,0.0455,0.1333,0.1908,0.1126,0.125
5,123,41,699,61,158,91,0.13,75,0,0.6329,0.2914,0.0671,0.1457,0.0877,0.0556,0.7047,0.2294,0.1576,0.1328,0.6842,0.8333,319,0,extracted,0.2222,0.0455,0.1333,0.1908,0.1126,0.125
5,123,42,699,61,158,91,0.13,75,0,0.6329,0.2914,0.0671,0.1457,0.0877,0.0556,0.7047,0.2294,0.1576,0.1328,0.6842,0.8333,319,0,extracted,0.2222,0.0455,0.1333,0.1908,0.1126,0.125
5,123,43,699,61,158,91,0.13,75,0,0.6329,0.2914,0.0671,0.1457,0.0877,0.0556,0.7047,0.2294,0.1576,0.1328,0.6842,0.8333,319,0,extracted,0.2222,0.0455,0.1333,0.1908,0.1126,0.125
5,123,44,699,61,192,116,0.166,93,0,0.653,0.3182,0.1264,0.1477,0.193,0.1667,0.7047,0.2294,0.1576,0.1328,0.6842,0.8333,319,0,extracted,0.25,0.0588,0.1346,0.1908,0.1126,0.125
5,123,45,699,61,192,116,0.166,93,0,0.653,0.3182,0.1264,0.1477,0.193,0.1667,0.7047,0.2294,0.1576,0.1328,0.6842,0.8333,319,0,extracted,0.25,0.0588,0.1346,0.1908,0.1126,0.125
5,123,46,699,61,192,116,0.166,93,0,0.653,0.3182,0.1264,0.1477,0.193,0.1667,0.7047,0.2294,0.1576,0.1328,0.6842,0.8333,319,0,extracted,0.25,0.0588,0.1346,0.1908,0.1126,0.125
5,123,47,699,61,192,116,0.166,93,0,0.653,0.3182,0.1264,0.1477,0.193,0.1667,0.7047,0.2294,0.1576,0.1328,0.6842,0.8333,319,0,extracted,0.25,0.0588,0.1346,0.1908,0.1126,0.125
5,123,48,699,61,192,116,0.166,93,0,0.653,0.3182,0.1264,0.1477,0.193,0.1667,0.7047,0.2294,0.1576,0.1328,0.6842,0.8333,319,0,extracted,0.25,0.0588,0.1346,0.1908,0.1126,0.125
5,123,49,699,61,192,116,0.166,93,0,0.653,0.3182,0.1264,0.1477,0.193,0.1667,0.7047,0.2294,0.1576,0.1328,0.6842,0.8333,319,0,extracted,0.25,0.0588,0.1346,0.1908,0.1126,0.125
5,123,50,699,61,229,134,0.192,109,0,0.6784,0.3608,0.1146,0.1649,0.193,0.2778,0.7047,0.2294,0.1576,0.1328,0.6842,0.8333,319,0,extracted,0.2975,0.084,0.1488,0.1908,0.1126,0.125
5,123,51,699,61,229,134,0.192,109,0,0.6784,0.3608,0.1146,0.1649,0.193,0.2778,0.7047,0.2294,0.1576,0.1328,0.6842,0.8333,319,0,extracted,0.2975,0.084,0.1488,0.1908,0.1126,0.125
5,123,52,699,61,229,134,0.192,109,0,0.6784,0.3608,0.1146,0.1649,0.193,0.2778,0.7047,0.2294,0.1576,0.1328,0.6842,0.8333,319,0,extracted,0.2975,0.084,0.1488,0.1908,0.1126,0.125
5,123,53,699,61,229,134,0.192,109,0,0.6784,0.3608,0.1146,0.1649,0.193,0.2778,0.7047,0.2294,0.1576,0.1328,0.6842,0.8333,319,0,extracted,0.2975,0.084,0.1488,0.1908,0.1126,0.125
5,123,54,699,61,229,134,0.192,109,0,0.6784,0.3608,0.1146,0.1649,0.193,0.2778,0.7047,0.2294,0.1576,0.1328,0.6842,0.8333,319,0,extracted,0.2975,0.084,0.1488,0.1908,0.1126,0.125
5,123,55,699,61,229,134,0.192,109,0,0.6784,0.3608,0.1146,0.1649,0.193,0.2778,0.7047,0.2294,0.1576,0.1328,0.6842,0.8333,319,0,extracted,0.2975,0.084,0.1488,0.1908,0.1126,0.125
5,123,56,699,61,229,134,0.192,109,0,0.6784,0.3608,0.1146,0.1649,0.193,0.2778,0.7047,0.2294,0.1576,0.1328,0.6842,0.8333,319,0,extracted,0.2975,0.084,0.1488,0.1908,0.1126,0.125
5,123,57,699,61,296,179,0.256,137,0,0.702,0.3621,0.1652,0.1552,0.3333,0.4444,0.7047,0.2294,0.1576,0.1328,0.6842,0.8333,319,0,extracted,0.3333,0.1129,0.1905,0.1908,0.1126,0.125
5,123,58,699,61,296,179,0.256,137,0,0.702,0.3621,0.1652,0.1552,0.3333,0.4444,0.7047,0.2294,0.1576,0.1328,0.6842,0.8333,319,0,extracted,0.3333,0.1129,0.1905,0.1908,0.1126,0.125
5,123,59,699,61,296,179,0.256,137,0,0.702,0.3621,0.1652,0.1552,0.3333,0.4444,0.7047,0.2294,0.1576,0.1328,0.6842,0.8333,319,0,extracted,0.3333,0.1129,0.1905,0.1908,0.1126,0.125
5,123,60,699,61,296,179,0.256,137,0,0.702,0.3621,0.1652,0.1552,0.3333,0.4444,0.7047,0.2294,0.1576,0.1328,0.6842,0.8333,319,0,extracted,0.3333,0.1129,0.1905,0.1908,0.1126,0.125
5,123,61,699,61,296,179,0.256,137,0,0.702,0.3621,0.1652,0.1552,0.3333,0.4444,0.7047,0.2294,0.1576,0.1328,0.6842,0.8333,319,0,extracted,0.3333,0.1129,0.1905,0.1908,0.1126,0.125
5,123,62,699,61,296,179,0.256,137,0,0.702,0.3621,0.1652,0.1552,0.3333,0.4444,0.7047,0.2294,0.1576,0.1328,0.6842,0.8333,319,0,extracted,0.3333,0.1129,0.1905,0.1908,0.1126,0.125
5,123,63,699,61,296,179,0.256,137,0,0.702,0.3621,0.1652,0.1552,0.3333,0.4444,0.7047,0.2294,0.1576,0.1328,0.6842,0.8333,319,0,extracted,0.3333,0.1129,0.1905,0.1908,0.1126,0.125
5,123,64,699,61,347,219,0.313,161,0,0.7082,0.3542,0.2007,0.1919,0.4737,0.5556,0.7047,0.2294,0.1576,0.1328,0.6842,0.8333,319,0,extracted,0.2745,0.1192,0.183,0.1908,0.1126,0.125
5,123,65,699,61,347,219,0.313,161,0,0.7082,0.3542,0.2007,0.1919,0.4737,0.5556,0.7047,0.2294,0.1576,0.1328,0.6842,0.8333,319,0,extracted,0.2745,0.1192,0.183,0.1908,0.1126,0.125
5,123,66,699,61,347,219,0.313,161,0,0.7082,0.3542,0.2007,0.1919,0.4737,0.5556,0.7047,0.2294,0.1576,0.1328,0.6842,0.8333,319,0,extracted,0.2745,0.1192,0.183,0.1908,0.1126,0.125
5,123,67,699,61,347,219,0.313,161,0,0.7082,0.3542,0.2007,0.1919,0.4737,0.5556,0.7047,0.2294,0.1576,0.1328,0.6842,0.8333,319,0,extracted,0.2745,0.1192,0.183,0.1908,0.1126,0.125
5,123,68,699,61,347,219,0.313,161,0,0.7082,0.3542,0.2007,0.1919,0.4737,0.5556,0.7047,0.2294,0.1576,0.1328,0.6842,0.8333,319,0,extracted,0.2745,0.1192,0.183,0.1908,0.1126,0.125
5,123,69,699,61,347,219,0.313,161,0,0.7082,0.3542,0.2007,0.1919,0.4737,0.5556,0.7047,0.2294,0.1576,0.1328,0.6842,0.8333,319,0,extracted,0.2745,0.1192,0.183,0.1908,0.1126,0.125
5,123,70,699,61,347,219,0.313,161,0,0.7082,0.3542,0.2007,0.1919,0.4737,0.5556,0.7047,0.2294,0.1576,0.1328,0.6842,0.8333,319,0,extracted,0.2745,0.1192,0.183,0.1908,0.1126,0.125
5,123,71,699,61,398,241,0.345,184,0,0.6958,0.3356,0.2,0.1986,0.4912,0.5556,0.7047,0.2294,0.1576,0.1328,0.6842,0.8333,319,0,extracted,0.2593,0.125,0.1605,0.1908,0.1126,0.125
5,123,72,699,61,398,241,0.345,184,0,0.6958,0.3356,0.2,0.1986,0.4912,0.5556,0.7047,0.2294,0.1576,0.1328,0.6842,0.8333,319,0,extracted,0.2593,0.125,0.1605,0.1908,0.1126,0.125
5,123,73,699,61,398,241,0.345,184,0,0.6958,0.3356,0.2,0.1986,0.4912,0.5556,0.7047,0.2294,0.1576,0.1328,0.6842,0.8333,319,0,extracted,0.2593,0.125,0.1605,0.1908,0.1126,0.125
5,123,74,699,61,398,241,0.345,184,0,0.6958,0.3356,0.2,0.1986,0.4912,0.5556,0.7047,0.2294,0.1576,0.1328,0.6842,0.8333,319,0,extracted,0.2593,0.125,0.1605,0.1908,0.1126,0.125
5,123,75,699,61,398,241,0.345,184,0,0.6958,0.3356,0.2,0.1986,0.4912,0.5556,0.7047,0.2294,0.1576,0.1328,0.6842,0.8333,319,0,extracted,0.2593,0.125,0.1605,0.1908,0.1126,0.125
5,123,76,699,61,398,241,0.345,184,0,0.6958,0.3356,0.2,0.1986,0.4912,0.5556,0.7047,0.2294,0.1576,0.1328,0.6842,0.8333,319,0,extracted,0.2593,0.125,0.1605,0.1908,0.1126,0.125
5,123,77,699,61,470,284,0.406,212,0,0.7084,0.3123,0.1934,0.1502,0.5614,0.7222,0.7047,0.2294,0.1576,0.1328,0.6842,0.8333,319,0,extracted,0.2703,0.1202,0.1405,0.1908,0.1126,0.125
5,123,78,699,61,470,284,0.406,212,0,0.7084,0.3123,0.1934,0.1502,0.5614,0.7222,0.7047,0.2294,0.1576,0.1328,0.6842,0.8333,319,0,extracted,0.2703,0.1202,0.1405,0.1908,0.1126,0.125
5,123,79,699,61,470,284,0.406,212,0,0.7084,0.3123,0.1934,0.1502,0.5614,0.7222,0.7047,0.2294,0.1576,0.1328,0.6842,0.8333,319,0,extracted,0.2703,0.1202,0.1405,0.1908,0.1126,0.125
5,123,80,699,61,470,284,0.406,212,0,0.7084,0.3123,0.1934,0.1502,0.5614,0.7222,0.7047,0.2294,0.1576,0.1328,0.6842,0.8333,319,0,extracted,0.2703,0.1202,0.1405,0.1908,0.1126,0.125
5,123,81,699,61,470,284,0.406,212,0,0.7084,0.3123,0.1934,0.1502,0.5614,0.7222,0.7047,0.2294,0.1576,0.1328,0.6842,0.8333,319,0,extracted,0.2703,0.1202,0.1405,0.1908,0.1126,0.125
5,123,82,699,61,470,284,0.406,212,0,0.7084,0.3123,0.1934,0.1502,0.5614,0.7222,0.7047,0.2294,0.1576,0.1328,0.6842,0.8333,319,0,extracted,0.2703,0.1202,0.1405,0.1908,0.1126,0.125
5,123,83,699,61,470,284,0.406,212,0,0.7084,0.3123,0.1934,0.1502,0.5614,0.7222,0.7047,0.2294,0.1576,0.1328,0.6842,0.8333,319,0,extracted,0.2703,0.1202,0.1405,0.1908,0.1126,0.125
5,123,84,699,61,523,323,0.462,235,0,0.7036,0.2834,0.172,0.1497,0.5614,0.7222,0.7047,0.2294,0.1576,0.1328,0.6842,0.8333,319,0,extracted,0.2464,0.1053,0.1517,0.1908,0.1126,0.125
5,123,85,699,61,523,323,0.462,235,0,0.7036,0.2834,0.172,0.1497,0.5614,0.7222,0.7047,0.2294,0.1576,0.1328,0.6842,0.8333,319,0,extracted,0.2464,0.1053,0.1517,0.1908,0.1126,0.125
5,123,86,699,61,523,323,0.462,235,0,0.7036,0.2834,0.172,0.1497,0.5614,0.7222,0.7047,0.2294,0.1576,0.1328,0.6842,0.8333,319,0,extracted,0.2464,0.1053,0.1517,0.1908,0.1126,0.125
5,123,87,699,61,523,323,0.462,235,0,0.7036,0.2834,0.172,0.1497,0.5614,0.7222,0.7047,0.2294,0.1576,0.1328,0.6842,0.8333,319,0,extracted,0.2464,0.1053,0.1517,0.1908,0.1126,0.125
5,123,88,699,61,523,323,0.462,235,0,0.7036,0.2834,0.172,0.1497,0.5614,0.7222,0.7047,0.2294,0.1576,0.1328,0.6842,0.8333,319,0,extracted,0.2464,0.1053,0.1517,0.1908,0.1126,0.125
5,123,89,699,61,523,323,0.462,235,0,0.7036,0.2834,0.172,0.1497,0.5614,0.7222,0.7047,0.2294,0.1576,0.1328,0.6842,0.8333,319,0,extracted,0.2464,0.1053,0.1517,0.1908,0.1126,0.125
5,123,90,699,61,628,385,0.551,284,0,0.693,0.2523,0.1659,0.1284,0.614,0.7222,0.7047,0.2294,0.1576,0.1328,0.6842,0.8333,319,0,extracted,0.2063,0.096,0.127,0.1908,0.1126,0.125
5,123,91,699,61,628,385,0.551,284,0,0.693,0.2523,0.1659,0.1284,0.614,0.7222,0.7047,0.2294,0.1576,0.1328,0.6842,0.8333,319,0,extracted,0.2063,0.096,0.127,0.1908,0.1126,0.125
5,123,92,699,61,628,385,0.551,284,0,0.693,0.2523,0.1659,0.1284,0.614,0.7222,0.7047,0.2294,0.1576,0.1328,0.6842,0.8333,319,0,extracted,0.2063,0.096,0.127,0.1908,0.1126,0.125
5,123,93,699,61,628,385,0.551,284,0,0.693,0.2523,0.1659,0.1284,0.614,0.7222,0.7047,0.2294,0.1576,0.1328,0.6842,0.8333,319,0,extracted,0.2063,0.096,0.127,0.1908,0.1126,0.125
5,123,94,699,61,628,385,0.551,284,0,0.693,0.2523,0.1659,0.1284,0.614,0.7222,0.7047,0.2294,0.1576,0.1328,0.6842,0.8333,319,0,extracted,0.2063,0.096,0.127,0.1908,0.1126,0.125
5,123,95,699,61,628,385,0.551,284,0,0.693,0.2523,0.1659,0.1284,0.614,0.7222,0.7047,0.2294,0.1576,0.1328,0.6842,0.8333,319,0,extracted,0.2063,0.096,0.127,0.1908,0.1126,0.125
5,123,96,699,61,628,385,0.551,284,0,0.693,0.2523,0.1659,0.1284,0.614,0.7222,0.7047,0.2294,0.1576,0.1328,0.6842,0.8333,319,0,extracted,0.2063,0.096,0.127,0.1908,0.1126,0.125
5,123,97,699,61,691,428,0.612,312,0,0.6924,0.2311,0.1519,0.1176,0.614,0.7222,0.7047,0.2294,0.1576,0.1328,0.6842,0.8333,319,0,extracted,0.1962,0.0913,0.1208,0.1908,0.1126,0.125
5,123,98,699,61,691,428,0.612,312,0,0.6924,0.2311,0.1519,0.1176,0.614,0.7222,0.7047,0.2294,0.1576,0.1328,0.6842,0.8333,319,0,extracted,0.1962,0.0913,0.1208,0.1908,0.1126,0.125
5,123,99,699,61,691,428,0.612,312,0,0.6924,0.2311,0.1519,0.1176,0.614,0.7222,0.7047,0.2294,0.1576,0.1328,0.6842,0.8333,319,0,extracted,0.1962,0.0913,0.1208,0.1908,0.1126,0.125
5,123,100,699,61,691,428,0.612,312,0,0.6924,0.2311,0.1519,0.1176,0.614,0.7222,0.7047,0.2294,0.1576,0.1328,0.6842,0.8333,319,0,extracted,0.1962,0.0913,0.1208,0.1908,0.1126,0.125
6,123,1,981,99,24,24,0.024,13,0,0.741,0.2927,0.1488,0.2114,0.0978,0.16,0.6676,0.243,0.0938,0.1121,0.2935,0.48,488,0,extracted,0.2892,0.1235,0.241,0.2347,0.0769,0.1378
6,123,2,981,99,24,24,0.024,13,0,0.741,0.2927,0.1488,0.2114,0.0978,0.16,0.6676,0.243,0.0938,0.1121,0.2935,0.48,488,0,extracted,0.2892,0.1235,0.241,0.2347,0.0769,0.1378
6,123,3,981,99,24,24,0.024,13,0,0.741,0.2927,0.1488,0.2114,0.0978,0.16,0.6676,0.243,0.0938,0.1121,0.2935,0.48,488,0,extracted,0.2892,0.1235,0.241,0.2347,0.0769,0.1378
6,123,4,981,99,24,24,0.024,13,0,0.741,0.2927,0.1488,0.2114,0.0978,0.16,0.6676,0.243,0.0938,0.1121,0.2935,0.48,488,0,extracted,0.2892,0.1235,0.241,0.2347,0.0769,0.1378
6,123,5,981,99,24,24,0.024,13,0,0.741,0.2927,0.1488,0.2114,0.0978,0.16,0.6676,0.243,0.0938,0.1121,0.2935,0.48,488,0,extracted,0.2892,0.1235,0.241,0.2347,0.0769,0.1378
6,123,6,981,99,24,24,0.024,13,0,0.741,0.2927,0.1488,0.2114,0.0978,0.16,0.6676,0.243,0.0938,0.1121,0.2935,0.48,488,0,extracted,0.2892,0.1235,0.241,0.2347,0.0769,0.1378
6,123,7,981,99,24,24,0.024,13,0,0.741,0.2927,0.1488,0.2114,0.0978,0.16,0.6676,0.243,0.0938,0.1121,0.2935,0.48,488,0,extracted,0.2892,0.1235,0.241,0.2347,0.0769,0.1378
6,123,8,981,99,24,24,0.024,13,0,0.741,0.2927,0.1488,0.2114,0.0978,0.16,0.6676,0.243,0.0938,0.1121,0.2935,0.48,488,0,extracted,0.2892,0.1235,0.241,0.2347,0.0769,0.1378
6,123,9,981,99,58,37,0.038,31,0,0.6764,0.3529,0.0746,0.2059,0.0543,0.2,0.6676,0.243,0.0938,0.1121,0.2935,0.48,488,0,extracted,0.3736,0.0674,0.2198,0.2347,0.0769,0.1378
6,123,10,981,99,58,37,0.038,31,0,0.6764,0.3529,0.0746,0.2059,0.0543,0.2,0.6676,0.243,0.0938,0.1121,0.2935,0.48,488,0,extracted,0.3736,0.0674,0.2198,0.2347,0.0769,0.1378
6,123,11,981,99,58,37,0.038,31,0,0.6764,0.3529,0.0746,0.2059,0.0543,0.2,0.6676,0.243,0.0938,0.1121,0.2935,0.48,488,0,extracted,0.3736,0.0674,0.2198,0.2347,0.0769,0.1378
6,123,12,981,99,58,37,0.038,31,0,0.6764,0.3529,0.0746,0.2059,0.0543,0.2,0.6676,0.243,0.0938,0.1121,0.2935,0.48,488,0,extracted,0.3736,0.0674,0.2198,0.2347,0.0769,0.1378
6,123,13,981,99,58,37,0.038,31,0,0.6764,0.3529,0.0746,0.2059,0.0543,0.2,0.6676,0.243,0.0938,0.1121,0.2935,0.48,488,0,extracted,0.3736,0.0674,0.2198,0.2347,0.0769,0.1378
6,123,14,981,99,58,37,0.038,31,0,0.6764,0.3529,0.0746,0.2059,0.0543,0.2,0.6676,0.243,0.0938,0.1121,0.2935,0.48,488,0,extracted,0.3736,0.0674,0.2198,0.2347,0.0769,0.1378
6,123,15,981,99,88,53,0.054,50,0,0.7188,0.3553,0.1333,0.1974,0.1087,0.2,0.6676,0.243,0.0938,0.1121,0.2935,0.48,488,0,extracted,0.3922,0.1,0.2353,0.2347,0.0769,0.1378
6,123,16,981,99,88,53,0.054,50,0,0.7188,0.3553,0.1333,0.1974,0.1087,0.2,0.6676,0.243,0.0938,0.1121,0.2935,0.48,488,0,extracted,0.3922,0.1,0.2353,0.2347,0.0769,0.1378
6,123,17,981,99,88,53,0.054,50,0,0.7188,0.3553,0.1333,0.1974,0.1087,0.2,0.6676,0.243,0.0938,0.1121,0.2935,0.48,488,0,extracted,0.3922,0.1,0.2353,0.2347,0.0769,0.1378
6,123,18,981,99,88,53,0.054,50,0,0.7188,0.3553,0.1333,0.1974,0.1087,0.2,0.6676,0.243,0.0938,0.1121,0.2935,0.48,488,0,extracted,0.3922,0.1,0.2353,0.2347,0.0769,0.1378
6,123,19,981,99,88,53,0.054,50,0,0.7188,0.3553,0.1333,0.1974,0.1087,0.2,0.6676,0.243,0.0938,0.1121,0.2935,0.48,488,0,extracted,0.3922,0.1,0.2353,0.2347,0.0769,0.1378
6,123,20,981,99,88,53,0.054,50,0,0.7188,0.3553,0.1333,0.1974,0.1087,0.2,0.6676,0.243,0.0938,0.1121,0.2935,0.48,488,0,extracted,0.3922,0.1,0.2353,0.2347,0.0769,0.1378
6,123,21,981,99,128,77,0.078,73,0,0.7376,0.4659,0.2299,0.3295,0.2065,0.28,0.6676,0.243,0.0938,0.1121,0.2935,0.48,488,0,extracted,0.4655,0.1579,0.3276,0.2347,0.0769,0.1378
6,123,22,981,99,128,77,0.078,73,0,0.7376,0.4659,0.2299,0.3295,0.2065,0.28,0.6676,0.243,0.0938,0.1121,0.2935,0.48,488,0,extracted,0.4655,0.1579,0.3276,0.2347,0.0769,0.1378
6,123,23,981,99,128,77,0.078,73,0,0.7376,0.4659,0.2299,0.3295,0.2065,0.28,0.6676,0.243,0.0938,0.1121,0.2935,0.48,488,0,extracted,0.4655,0.1579,0.3276,0.2347,0.0769,0.1378
6,123,24,981,99,128,77,0.078,73,0,0.7376,0.4659,0.2299,0.3295,0.2065,0.28,0.6676,0.243,0.0938,0.1121,0.2935,0.48,488,0,extracted,0.4655,0.1579,0.3276,0.2347,0.0769,0.1378
6,123,25,981,99,128,77,0.078,73,0,0.7376,0.4659,0.2299,0.3295,0.2065,0.28,0.6676,0.243,0.0938,0.1121,0.2935,0.48,488,0,extracted,0.4655,0.1579,0.3276,0.2347,0.0769,0.1378
6,123,26,981,99,128,77,0.078,73,0,0.7376,0.4659,0.2299,0.3295,0.2065,0.28,0.6676,0.243,0.0938,0.1121,0.2935,0.48,488,0,extracted,0.4655,0.1579,0.3276,0.2347,0.0769,0.1378
6,123,27,981,99,162,98,0.1,96,0,0.7548,0.5076,0.2462,0.3655,0.2391,0.28,0.6676,0.243,0.0938,0.1121,0.2935,0.48,488,0,extracted,0.5263,0.1679,0.3759,0.2347,0.0769,0.1378
6,123,28,981,99,162,98,0.1,96,0,0.7548,0.5076,0.2462,0.3655,0.2391,0.28,0.6676,0.243,0.0938,0.1121,0.2935,0.48,488,0,extracted,0.5263,0.1679,0.3759,0.2347,0.0769,0.1378
6,123,29,981,99,162,98,0.1,96,0,0.7548,0.5076,0.2462,0.3655,0.2391,0.28,0.6676,0.243,0.0938,0.1121,0.2935,0.48,488,0,extracted,0.5263,0.1679,0.3759,0.2347,0.0769,0.1378
6,123,30,981,99,162,98,0.1,96,0,0.7548,0.5076,0.2462,0.3655,0.2391,0.28,0.6676,0.243,0.0938,0.1121,0.2935,0.48,488,0,extracted,0.5263,0.1679,0.3759,0.2347,0.0769,0.1378
6,123,31,981,99,162,98,0.1,96,0,0.7548,0.5076,0.2462,0.3655,0.2391,0.28,0.6676,0.243,0.0938,0.1121,0.2935,0.48,488,0,extracted,0.5263,0.1679,0.3759,0.2347,0.0769,0.1378
6,123,32,981,99,162,98,0.1,96,0,0.7548,0.5076,0.2462,0.3655,0.2391,0.28,0.6676,0.243,0.0938,0.1121,0.2935,0.48,488,0,extracted,0.5263,0.1679,0.3759,0.2347,0.0769,0.1378
6,123,33,981,99,234,122,0.124,128,0,0.7422,0.5249,0.2283,0.3258,0.2609,0.36,0.6676,0.243,0.0938,0.1121,0.2935,0.48,488,0,extracted,0.5503,0.1633,0.3356,0.2347,0.0769,0.1378
6,123,34,981,99,234,122,0.124,128,0,0.7422,0.5249,0.2283,0.3258,0.2609,0.36,0.6676,0.243,0.0938,0.1121,0.2935,0.48,488,0,extracted,0.5503,0.1633,0.3356,0.2347,0.0769,0.1378
6,123,35,981,99,234,122,0.124,128,0,0.7422,0.5249,0.2283,0.3258,0.2609,0.36,0.6676,0.243,0.0938,0.1121,0.2935,0.48,488,0,extracted,0.5503,0.1633,0.3356,0.2347,0.0769,0.1378
6,123,36,981,99,234,122,0.124,128,0,0.7422,0.5249,0.2283,0.3258,0.2609,0.36,0.6676,0.243,0.0938,0.1121,0.2935,0.48,488,0,extracted,0.5503,0.1633,0.3356,0.2347,0.0769,0.1378
6,123,37,981,99,234,122,0.124,128,0,0.7422,0.5249,0.2283,0.3258,0.2609,0.36,0.6676,0.243,0.0938,0.1121,0.2935,0.48,488,0,extracted,0.5503,0.1633,0.3356,0.2347,0.0769,0.1378
6,123,38,981,99,234,122,0.124,128,0,0.7422,0.5249,0.2283,0.3258,0.2609,0.36,0.6676,0.243,0.0938,0.1121,0.2935,0.48,488,0,extracted,0.5503,0.1633,0.3356,0.2347,0.0769,0.1378
6,123,39,981,99,275,175,0.178,143,0,0.7121,0.4615,0.1845,0.2711,0.2609,0.36,0.6676,0.243,0.0938,0.1121,0.2935,0.48,488,0,extracted,0.442,0.1341,0.2762,0.2347,0.0769,0.1378
6,123,40,981,99,275,175,0.178,143,0,0.7121,0.4615,0.1845,0.2711,0.2609,0.36,0.6676,0.243,0.0938,0.1121,0.2935,0.48,488,0,extracted,0.442,0.1341,0.2762,0.2347,0.0769,0.1378
6,123,41,981,99,275,175,0.178,143,0,0.7121,0.4615,0.1845,0.2711,0.2609,0.36,0.6676,0.243,0.0938,0.1121,0.2935,0.48,488,0,extracted,0.442,0.1341,0.2762,0.2347,0.0769,0.1378
6,123,42,981,99,275,175,0.178,143,0,0.7121,0.4615,0.1845,0.2711,0.2609,0.36,0.6676,0.243,0.0938,0.1121,0.2935,0.48,488,0,extracted,0.442,0.1341,0.2762,0.2347,0.0769,0.1378
6,123,43,981,99,275,175,0.178,143,0,0.7121,0.4615,0.1845,0.2711,0.2609,0.36,0.6676,0.243,0.0938,0.1121,0.2935,0.48,488,0,extracted,0.442,0.1341,0.2762,0.2347,0.0769,0.1378
6,123,44,981,99,275,175,0.178,143,0,0.7121,0.4615,0.1845,0.2711,0.2609,0.36,0.6676,0.243,0.0938,0.1121,0.2935,0.48,488,0,extracted,0.442,0.1341,0.2762,0.2347,0.0769,0.1378
6,123,45,981,99,329,210,0.214,170,0,0.7171,0.4481,0.1699,0.2468,0.2717,0.44,0.6676,0.243,0.0938,0.1121,0.2935,0.48,488,0,extracted,0.4264,0.1231,0.264,0.2347,0.0769,0.1378
6,123,46,981,99,329,210,0.214,170,0,0.7171,0.4481,0.1699,0.2468,0.2717,0.44,0.6676,0.243,0.0938,0.1121,0.2935,0.48,488,0,extracted,0.4264,0.1231,0.264,0.2347,0.0769,0.1378
6,123,47,981,99,329,210,0.214,170,0,0.7171,0.4481,0.1699,0.2468,0.2717,0.44,0.6676,0.243,0.0938,0.1121,0.2935,0.48,488,0,extracted,0.4264,0.1231,0.264,0.2347,0.0769,0.1378
6,123,48,981,99,329,210,0.214,170,0,0.7171,0.4481,0.1699,0.2468,0.2717,0.44,0.6676,0.243,0.0938,0.1121,0.2935,0.48,488,0,extracted,0.4264,0.1231,0.264,0.2347,0.0769,0.1378
6,123,49,981,99,329,210,0.214,170,0,0.7171,0.4481,0.1699,0.2468,0.2717,0.44,0.6676,0.243,0.0938,0.1121,0.2935,0.48,488,0,extracted,0.4264,0.1231,0.264,0.2347,0.0769,0.1378
6,123,50,981,99,329,210,0.214,170,0,0.7171,0.4481,0.1699,0.2468,0.2717,0.44,0.6676,0.243,0.0938,0.1121,0.2935,0.48,488,0,extracted,0.4264,0.1231,0.264,0.2347,0.0769,0.1378
6,123,51,981,99,369,236,0.241,186,0,0.7138,0.4371,0.1867,0.2395,0.3152,0.44,0.6676,0.243,0.0938,0.1121,0.2935,0.48,488,0,extracted,0.4186,0.1502,0.2698,0.2347,0.0769,0.1378
6,123,52,981,99,369,236,0.241,186,0,0.7138,0.4371,0.1867,0.2395,0.3152,0.44,0.6676,0.243,0.0938,0.1121,0.2935,0.48,488,0,extracted,0.4186,0.1502,0.2698,0.2347,0.0769,0.1378
6,123,53,981,99,369,236,0.241,186,0,0.7138,0.4371,0.1867,0.2395,0.3152,0.44,0.6676,0.243,0.0938,0.1121,0.2935,0.48,488,0,extracted,0.4186,0.1502,0.2698,0.2347,0.0769,0.1378
6,123,54,981,99,369,236,0.241,186,0,0.7138,0.4371,0.1867,0.2395,0.3152,0.44,0.6676,0.243,0.0938,0.1121,0.2935,0.48,488,0,extracted,0.4186,0.1502,0.2698,0.2347,0.0769,0.1378
6,123,55,981,99,369,236,0.241,186,0,0.7138,0.4371,0.1867,0.2395,0.3152,0.44,0.6676,0.243,0.0938,0.1121,0.2935,0.48,488,0,extracted,0.4186,0.1502,0.2698,0.2347,0.0769,0.1378
6,123,56,981,99,410,229,0.233,203,0,0.712,0.3875,0.1698,0.2313,0.2717,0.36,0.6676,0.243,0.0938,0.1121,0.2935,0.48,488,0,extracted,0.4135,0.1165,0.25,0.2347,0.0769,0.1378
6,123,57,981,99,410,229,0.233,203,0,0.712,0.3875,0.1698,0.2313,0.2717,0.36,0.6676,0.243,0.0938,0.1121,0.2935,0.48,488,0,extracted,0.4135,0.1165,0.25,0.2347,0.0769,0.1378
6,123,58,981,99,410,229,0.233,203,0,0.712,0.3875,0.1698,0.2313,0.2717,0.36,0.6676,0.243,0.0938,0.1121,0.2935,0.48,488,0,extracted,0.4135,0.1165,0.25,0.2347,0.0769,0.1378
6,123,59,981,99,410,229,0.233,203,0,0.712,0.3875,0.1698,0.2313,0.2717,0.36,0.6676,0.243,0.0938,0.1121,0.2935,0.48,488,0,extracted,0.4135,0.1165,0.25,0.2347,0.0769,0.1378
6,123,60,981,99,410,229,0.233,203,0,0.712,0.3875,0.1698,0.2313,0.2717,0.36,0.6676,0.243,0.0938,0.1121,0.2935,0.48,488,0,extracted,0.4135,0.1165,0.25,0.2347,0.0769,0.1378
6,123,61,981,99,410,229,0.233,203,0,0.712,0.3875,0.1698,0.2313,0.2717,0.36,0.6676,0.243,0.0938,0.1121,0.2935,0.48,488,0,extracted,0.4135,0.1165,0.25,0.2347,0.0769,0.1378
6,123,62,981,99,456,283,0.288,225,0,0.7099,0.3832,0.1689,0.2257,0.3152,0.44,0.6676,0.243,0.0938,0.1121,0.2935,0.48,488,0,extracted,0.3659,0.1311,0.252,0.2347,0.0769,0.1378
6,123,63,981,99,456,283,0.288,225,0,0.7099,0.3832,0.1689,0.2257,0.3152,0.44,0.6676,0.243,0.0938,0.1121,0.2935,0.48,488,0,extracted,0.3659,0.1311,0.252,0.2347,0.0769,0.1378
6,123,64,981,99,456,283,0.288,225,0,0.7099,0.3832,0.1689,0.2257,0.3152,0.44,0.6676,0.243,0.0938,0.1121,0.2935,0.48,488,0,extracted,0.3659,0.1311,0.252,0.2347,0.0769,0.1378
6,123,65,981,99,456,283,0.288,225,0,0.7099,0.3832,0.1689,0.2257,0.3152,0.44,0.6676,0.243,0.0938,0.1121,0.2935,0.48,488,0,extracted,0.3659,0.1311,0.252,0.2347,0.0769,0.1378
6,123,66,981,99,456,283,0.288,225,0,0.7099,0.3832,0.1689,0.2257,0.3152,0.44,0.6676,0.243,0.0938,0.1121,0.2935,0.48,488,0,extracted,0.3659,0.1311,0.252,0.2347,0.0769,0.1378
6,123,67,981,99,456,283,0.288,225,0,0.7099,0.3832,0.1689,0.2257,0.3152,0.44,0.6676,0.243,0.0938,0.1121,0.2935,0.48,488,0,extracted,0.3659,0.1311,0.252,0.2347,0.0769,0.1378
6,123,68,981,99,505,303,0.309,245,0,0.7011,0.3791,0.1504,0.1696,0.2935,0.4,0.6676,0.243,0.0938,0.1121,0.2935,0.48,488,0,extracted,0.3492,0.112,0.1984,0.2347,0.0769,0.1378
6,123,69,981,99,505,303,0.309,245,0,0.7011,0.3791,0.1504,0.1696,0.2935,0.4,0.6676,0.243,0.0938,0.1121,0.2935,0.48,488,0,extracted,0.3492,0.112,0.1984,0.2347,0.0769,0.1378
6,123,70,981,99,505,303,0.309,245,0,0.7011,0.3791,0.1504,0.1696,0.2935,0.4,0.6676,0.243,0.0938,0.1121,0.2935,0.48,488,0,extracted,0.3492,0.112,0.1984,0.2347,0.0769,0.1378
6,123,71,981,99,505,303,0.309,245,0,0.7011,0.3791,0.1504,0.1696,0.2935,0.4,0.6676,0.243,0.0938,0.1121,0.2935,0.48,488,0,extracted,0.3492,0.112,0.1984,0.2347,0.0769,0.1378
6,123,72,981,99,505,303,0.309,245,0,0.7011,0.3791,0.1504,0.1696,0.2935,0.4,0.6676,0.243,0.0938,0.1121,0.2935,0.48,488,0,extracted,0.3492,0.112,0.1984,0.2347,0.0769,0.1378
6,123,73,981,99,505,303,0.309,245,0,0.7011,0.3791,0.1504,0.1696,0.2935,0.4,0.6676,0.243,0.0938,0.1121,0.2935,0.48,488,0,extracted,0.3492,0.112,0.1984,0.2347,0.0769,0.1378
6,123,74,981,99,585,348,0.355,282,0,0.697,0.3281,0.1309,0.1618,0.2826,0.4,0.6676,0.243,0.0938,0.1121,0.2935,0.48,488,0,extracted,0.3071,0.0719,0.1786,0.2347,0.0769,0.1378
6,123,75,981,99,585,348,0.355,282,0,0.697,0.3281,0.1309,0.1618,0.2826,0.4,0.6676,0.243,0.0938,0.1121,0.2935,0.48,488,0,extracted,0.3071,0.0719,0.1786,0.2347,0.0769,0.1378
6,123,76,981,99,585,348,0.355,282,0,0.697,0.3281,0.1309,0.1618,0.2826,0.4,0.6676,0.243,0.0938,0.1121,0.2935,0.48,488,0,extracted,0.3071,0.0719,0.1786,0.2347,0.0769,0.1378
6,123,77,981,99,585,348,0.355,282,0,0.697,0.3281,0.1309,0.1618,0.2826,0.4,0.6676,0.243,0.0938,0.1121,0.2935,0.48,488,0,extracted,0.3071,0.0719,0.1786,0.2347,0.0769,0.1378
6,123,78,981,99,585,348,0.355,282,0,0.697,0.3281,0.1309,0.1618,0.2826,0.4,0.6676,0.243,0.0938,0.1121,0.2935,0.48,488,0,extracted,0.3071,0.0719,0.1786,0.2347,0.0769,0.1378
6,123,79,981,99,585,348,0.355,282,0,0.697,0.3281,0.1309,0.1618,0.2826,0.4,0.6676,0.243,0.0938,0.1121,0.2935,0.48,488,0,extracted,0.3071,0.0719,0.1786,0.2347,0.0769,0.1378
6,123,80,981,99,652,400,0.408,319,0,0.7029,0.3226,0.1296,0.1532,0.3152,0.48,0.6676,0.243,0.0938,0.1121,0.2935,0.48,488,0,extracted,0.3208,0.11,0.1775,0.2347,0.0769,0.1378
6,123,81,981,99,652,400,0.408,319,0,0.7029,0.3226,0.1296,0.1532,0.3152,0.48,0.6676,0.243,0.0938,0.1121,0.2935,0.48,488,0,extracted,0.3208,0.11,0.1775,0.2347,0.0769,0.1378
6,123,82,981,99,652,400,0.408,319,0,0.7029,0.3226,0.1296,0.1532,0.3152,0.48,0.6676,0.243,0.0938,0.1121,0.2935,0.48,488,0,extracted,0.3208,0.11,0.1775,0.2347,0.0769,0.1378
6,123,83,981,99,652,400,0.408,319,0,0.7029,0.3226,0.1296,0.1532,0.3152,0.48,0.6676,0.243,0.0938,0.1121,0.2935,0.48,488,0,extracted,0.3208,0.11,0.1775,0.2347,0.0769,0.1378
6,123,84,981,99,652,400,0.408,319,0,0.7029,0.3226,0.1296,0.1532,0.3152,0.48,0.6676,0.243,0.0938,0.1121,0.2935,0.48,488,0,extracted,0.3208,0.11,0.1775,0.2347,0.0769,0.1378
6,123,85,981,99,652,400,0.408,319,0,0.7029,0.3226,0.1296,0.1532,0.3152,0.48,0.6676,0.243,0.0938,0.1121,0.2935,0.48,488,0,extracted,0.3208,0.11,0.1775,0.2347,0.0769,0.1378
6,123,86,981,99,735,441,0.45,356,0,0.6971,0.2987,0.1176,0.1512,0.3043,0.48,0.6676,0.243,0.0938,0.1121,0.2935,0.48,488,0,extracted,0.2894,0.0841,0.1865,0.2347,0.0769,0.1378
6,123,87,981,99,735,441,0.45,356,0,0.6971,0.2987,0.1176,0.1512,0.3043,0.48,0.6676,0.243,0.0938,0.1121,0.2935,0.48,488,0,extracted,0.2894,0.0841,0.1865,0.2347,0.0769,0.1378
6,123,88,981,99,735,441,0.45,356,0,0.6971,0.2987,0.1176,0.1512,0.3043,0.48,0.6676,0.243,0.0938,0.1121,0.2935,0.48,488,0,extracted,0.2894,0.0841,0.1865,0.2347,0.0769,0.1378
6,123,89,981,99,735,441,0.45,356,0,0.6971,0.2987,0.1176,0.1512,0.3043,0.48,0.6676,0.243,0.0938,0.1121,0.2935,0.48,488,0,extracted,0.2894,0.0841,0.1865,0.2347,0.0769,0.1378
6,123,90,981,99,735,441,0.45,356,0,0.6971,0.2987,0.1176,0.1512,0.3043,0.48,0.6676,0.243,0.0938,0.1121,0.2935,0.48,488,0,extracted,0.2894,0.0841,0.1865,0.2347,0.0769,0.1378
6,123,91,981,99,735,441,0.45,356,0,0.6971,0.2987,0.1176,0.1512,0.3043,0.48,0.6676,0.243,0.0938,0.1121,0.2935,0.48,488,0,extracted,0.2894,0.0841,0.1865,0.2347,0.0769,0.1378
6,123,92,981,99,847,521,0.531,414,0,0.6901,0.2717,0.1248,0.1408,0.3804,0.56,0.6676,0.243,0.0938,0.1121,0.2935,0.48,488,0,extracted,0.2526,0.0933,0.134,0.2347,0.0769,0.1378
6,123,93,981,99,847,521,0.531,414,0,0.6901,0.2717,0.1248,0.1408,0.3804,0.56,0.6676,0.243,0.0938,0.1121,0.2935,0.48,488,0,extracted,0.2526,0.0933,0.134,0.2347,0.0769,0.1378
6,123,94,981,99,847,521,0.531,414,0,0.6901,0.2717,0.1248,0.1408,0.3804,0.56,0.6676,0.243,0.0938,0.1121,0.2935,0.48,488,0,extracted,0.2526,0.0933,0.134,0.2347,0.0769,0.1378
6,123,95,981,99,847,521,0.531,414,0,0.6901,0.2717,0.1248,0.1408,0.3804,0.56,0.6676,0.243,0.0938,0.1121,0.2935,0.48,488,0,extracted,0.2526,0.0933,0.134,0.2347,0.0769,0.1378
6,123,96,981,99,847,521,0.531,414,0,0.6901,0.2717,0.1248,0.1408,0.3804,0.56,0.6676,0.243,0.0938,0.1121,0.2935,0.48,488,0,extracted,0.2526,0.0933,0.134,0.2347,0.0769,0.1378
6,123,97,981,99,847,521,0.531,414,0,0.6901,0.2717,0.1248,0.1408,0.3804,0.56,0.6676,0.243,0.0938,0.1121,0.2935,0.48,488,0,extracted,0.2526,0.0933,0.134,0.2347,0.0769,0.1378
6,123,98,981,99,970,570,0.581,479,0,0.6729,0.2481,0.0941,0.121,0.3043,0.52,0.6676,0.243,0.0938,0.1121,0.2935,0.48,488,0,extracted,0.2327,0.0746,0.1436,0.2347,0.0769,0.1378
6,123,99,981,99,970,570,0.581,479,0,0.6729,0.2481,0.0941,0.121,0.3043,0.52,0.6676,0.243,0.0938,0.1121,0.2935,0.48,488,0,extracted,0.2327,0.0746,0.1436,0.2347,0.0769,0.1378
6,123,100,981,99,970,570,0.581,479,0,0.6729,0.2481,0.0941,0.121,0.3043,0.52,0.6676,0.243,0.0938,0.1121,0.2935,0.48,488,0,extracted,0.2327,0.0746,0.1436,0.2347,0.0769,0.1378
7,123,1,1064,101,23,23,0.022,14,0,0.6544,0.1803,0.0833,0.1148,0.0602,0.087,0.6482,0.2368,0.1027,0.1312,0.3614,0.4348,512,1,extracted,0.2078,0.08,0.1558,0.2253,0.105,0.1374
7,123,2,1064,101,23,23,0.022,14,0,0.6544,0.1803,0.0833,0.1148,0.0602,0.087,0.6482,0.2368,0.1027,0.1312,0.3614,0.4348,512,1,extracted,0.2078,0.08,0.1558,0.2253,0.105,0.1374
7,123,3,1064,101,23,23,0.022,14,0,0.6544,0.1803,0.0833,0.1148,0.0602,0.087,0.6482,0.2368,0.1027,0.1312,0.3614,0.4348,512,1,extracted,0.2078,0.08,0.1558,0.2253,0.105,0.1374
7,123,4,1064,101,23,23,0.022,14,0,0.6544,0.1803,0.0833,0.1148,0.0602,0.087,0.6482,0.2368,0.1027,0.1312,0.3614,0.4348,512,1,extracted,0.2078,0.08,0.1558,0.2253,0.105,0.1374
7,123,5,1064,101,23,23,0.022,14,0,0.6544,0.1803,0.0833,0.1148,0.0602,0.087,0.6482,0.2368,0.1027,0.1312,0.3614,0.4348,512,1,extracted,0.2078,0.08,0.1558,0.2253,0.105,0.1374
7,123,6,1064,101,23,23,0.022,14,0,0.6544,0.1803,0.0833,0.1148,0.0602,0.087,0.6482,0.2368,0.1027,0.1312,0.3614,0.4348,512,1,extracted,0.2078,0.08,0.1558,0.2253,0.105,0.1374
7,123,7,1064,101,23,23,0.022,14,0,0.6544,0.1803,0.0833,0.1148,0.0602,0.087,0.6482,0.2368,0.1027,0.1312,0.3614,0.4348,512,1,extracted,0.2078,0.08,0.1558,0.2253,0.105,0.1374
7,123,8,1064,101,23,23,0.022,14,0,0.6544,0.1803,0.0833,0.1148,0.0602,0.087,0.6482,0.2368,0.1027,0.1312,0.3614,0.4348,512,1,extracted,0.2078,0.08,0.1558,0.2253,0.105,0.1374
7,123,9,1064,101,69,37,0.035,42,0,0.6809,0.2941,0.1194,0.1471,0.0964,0.1739,0.6482,0.2368,0.1027,0.1312,0.3614,0.4348,512,1,extracted,0.321,0.1266,0.1975,0.2253,0.105,0.1374
7,123,10,1064,101,69,37,0.035,42,0,0.6809,0.2941,0.1194,0.1471,0.0964,0.1739,0.6482,0.2368,0.1027,0.1312,0.3614,0.4348,512,1,extracted,0.321,0.1266,0.1975,0.2253,0.105,0.1374
7,123,11,1064,101,69,37,0.035,42,0,0.6809,0.2941,0.1194,0.1471,0.0964,0.1739,0.6482,0.2368,0.1027,0.1312,0.3614,0.4348,512,1,extracted,0.321,0.1266,0.1975,0.2253,0.105,0.1374
7,123,12,1064,101,69,37,0.035,42,0,0.6809,0.2941,0.1194,0.1471,0.0964,0.1739,0.6482,0.2368,0.1027,0.1312,0.3614,0.4348,512,1,extracted,0.321,0.1266,0.1975,0.2253,0.105,0.1374
7,123,13,1064,101,69,37,0.035,42,0,0.6809,0.2941,0.1194,0.1471,0.0964,0.1739,0.6482,0.2368,0.1027,0.1312,0.3614,0.4348,512,1,extracted,0.321,0.1266,0.1975,0.2253,0.105,0.1374
7,123,14,1064,101,69,37,0.035,42,0,0.6809,0.2941,0.1194,0.1471,0.0964,0.1739,0.6482,0.2368,0.1027,0.1312,0.3614,0.4348,512,1,extracted,0.321,0.1266,0.1975,0.2253,0.105,0.1374
7,123,15,1064,101,99,55,0.052,56,0,0.6741,0.3247,0.1184,0.1558,0.1084,0.1739,0.6482,0.2368,0.1027,0.1312,0.3614,0.4348,512,1,extracted,0.3696,0.1333,0.2174,0.2253,0.105,0.1374
7,123,16,1064,101,99,55,0.052,56,0,0.6741,0.3247,0.1184,0.1558,0.1084,0.1739,0.6482,0.2368,0.1027,0.1312,0.3614,0.4348,512,1,extracted,0.3696,0.1333,0.2174,0.2253,0.105,0.1374
7,123,17,1064,101,99,55,0.052,56,0,0.6741,0.3247,0.1184,0.1558,0.1084,0.1739,0.6482,0.2368,0.1027,0.1312,0.3614,0.4348,512,1,extracted,0.3696,0.1333,0.2174,0.2253,0.105,0.1374
7,123,18,1064,101,99,55,0.052,56,0,0.6741,0.3247,0.1184,0.1558,0.1084,0.1739,0.6482,0.2368,0.1027,0.1312,0.3614,0.4348,512,1,extracted,0.3696,0.1333,0.2174,0.2253,0.105,0.1374
7,123,19,1064,101,99,55,0.052,56,0,0.6741,0.3247,0.1184,0.1558,0.1084,0.1739,0.6482,0.2368,0.1027,0.1312,0.3614,0.4348,512,1,extracted,0.3696,0.1333,0.2174,0.2253,0.105,0.1374
7,123,20,1064,101,99,55,0.052,56,0,0.6741,0.3247,0.1184,0.1558,0.1084,0.1739,0.6482,0.2368,0.1027,0.1312,0.3614,0.4348,512,1,extracted,0.3696,0.1333,0.2174,0.2253,0.105,0.1374
7,123,21,1064,101,151,85,0.08,82,0,0.6859,0.413,0.1538,0.2174,0.1687,0.3043,0.6482,0.2368,0.1027,0.1312,0.3614,0.4348,512,1,extracted,0.4696,0.1416,0.2435,0.2253,0.105,0.1374
7,123,22,1064,101,151,85,0.08,82,0,0.6859,0.413,0.1538,0.2174,0.1687,0.3043,0.6482,0.2368,0.1027,0.1312,0.3614,0.4348,512,1,extracted,0.4696,0.1416,0.2435,0.2253,0.105,0.1374
7,123,23,1064,101,151,85,0.08,82,0,0.6859,0.413,0.1538,0.2174,0.1687,0.3043,0.6482,0.2368,0.1027,0.1312,0.3614,0.4348,512,1,extracted,0.4696,0.1416,0.2435,0.2253,0.105,0.1374
7,123,24,1064,101,151,85,0.08,82,0,0.6859,0.413,0.1538,0.2174,0.1687,0.3043,0.6482,0.2368,0.1027,0.1312,0.3614,0.4348,512,1,extracted,0.4696,0.1416,0.2435,0.2253,0.105,0.1374
7,123,25,1064,101,151,85,0.08,82,0,0.6859,0.413,0.1538,0.2174,0.1687,0.3043,0.6482,0.2368,0.1027,0.1312,0.3614,0.4348,512,1,extracted,0.4696,0.1416,0.2435,0.2253,0.105,0.1374
7,123,26,1064,101,151,85,0.08,82,0,0.6859,0.413,0.1538,0.2174,0.1687,0.3043,0.6482,0.2368,0.1027,0.1312,0.3614,0.4348,512,1,extracted,0.4696,0.1416,0.2435,0.2253,0.105,0.1374
7,123,27,1064,101,186,109,0.102,93,0,0.6755,0.4135,0.165,0.2019,0.2048,0.3043,0.6482,0.2368,0.1027,0.1312,0.3614,0.4348,512,1,extracted,0.4531,0.1429,0.2188,0.2253,0.105,0.1374
7,123,28,1064,101,186,109,0.102,93,0,0.6755,0.4135,0.165,0.2019,0.2048,0.3043,0.6482,0.2368,0.1027,0.1312,0.3614,0.4348,512,1,extracted,0.4531,0.1429,0.2188,0.2253,0.105,0.1374
7,123,29,1064,101,186,109,0.102,93,0,0.6755,0.4135,0.165,0.2019,0.2048,0.3043,0.6482,0.2368,0.1027,0.1312,0.3614,0.4348,512,1,extracted,0.4531,0.1429,0.2188,0.2253,0.105,0.1374
7,123,30,1064,101,186,109,0.102,93,0,0.6755,0.4135,0.165,0.2019,0.2048,0.3043,0.6482,0.2368,0.1027,0.1312,0.3614,0.4348,512,1,extracted,0.4531,0.1429,0.2188,0.2253,0.105,0.1374
7,123,31,1064,101,186,109,0.102,93,0,0.6755,0.4135,0.165,0.2019,0.2048,0.3043,0.6482,0.2368,0.1027,0.1312,0.3614,0.4348,512,1,extracted,0.4531,0.1429,0.2188,0.2253,0.105,0.1374
7,123,32,1064,101,186,109,0.102,93,0,0.6755,0.4135,0.165,0.2019,0.2048,0.3043,0.6482,0.2368,0.1027,0.1312,0.3614,0.4348,512,1,extracted,0.4531,0.1429,0.2188,0.2253,0.105,0.1374
7,123,33,1064,101,239,142,0.133,118,0,0.6825,0.4398,0.159,0.1909,0.2289,0.3043,0.6482,0.2368,0.1027,0.1312,0.3614,0.4348,512,1,extracted,0.4225,0.1,0.2113,0.2253,0.105,0.1374
7,123,34,1064,101,239,142,0.133,118,0,0.6825,0.4398,0.159,0.1909,0.2289,0.3043,0.6482,0.2368,0.1027,0.1312,0.3614,0.4348,512,1,extracted,0.4225,0.1,0.2113,0.2253,0.105,0.1374
7,123,35,1064,101,239,142,0.133,118,0,0.6825,0.4398,0.159,0.1909,0.2289,0.3043,0.6482,0.2368,0.1027,0.1312,0.3614,0.4348,512,1,extracted,0.4225,0.1,0.2113,0.2253,0.105,0.1374
7,123,36,1064,101,239,142,0.133,118,0,0.6825,0.4398,0.159,0.1909,0.2289,0.3043,0.6482,0.2368,0.1027,0.1312,0.3614,0.4348,512,1,extracted,0.4225,0.1,0.2113,0.2253,0.105,0.1374
7,123,37,1064,101,239,142,0.133,118,0,0.6825,0.4398,0.159,0.1909,0.2289,0.3043,0.6482,0.2368,0.1027,0.1312,0.3614,0.4348,512,1,extracted,0.4225,0.1,0.2113,0.2253,0.105,0.1374
7,123,38,1064,101,239,142,0.133,118,0,0.6825,0.4398,0.159,0.1909,0.2289,0.3043,0.6482,0.2368,0.1027,0.1312,0.3614,0.4348,512,1,extracted,0.4225,0.1,0.2113,0.2253,0.105,0.1374
7,123,39,1064,101,272,164,0.154,134,0,0.673,0.4106,0.1533,0.2053,0.241,0.3043,0.6482,0.2368,0.1027,0.1312,0.3614,0.4348,512,1,extracted,0.4099,0.1006,0.2484,0.2253,0.105,0.1374
7,123,40,1064,101,272,164,0.154,134,0,0.673,0.4106,0.1533,0.2053,0.241,0.3043,0.6482,0.2368,0.1027,0.1312,0.3614,0.4348,512,1,extracted,0.4099,0.1006,0.2484,0.2253,0.105,0.1374
7,123,41,1064,101,272,164,0.154,134,0,0.673,0.4106,0.1533,0.2053,0.241,0.3043,0.6482,0.2368,0.1027,0.1312,0.3614,0.4348,512,1,extracted,0.4099,0.1006,0.2484,0.2253,0.105,0.1374
7,123,42,1064,101,272,164,0.154,134,0,0.673,0.4106,0.1533,0.2053,0.241,0.3043,0.6482,0.2368,0.1027,0.1312,0.3614,0.4348,512,1,extracted,0.4099,0.1006,0.2484,0.2253,0.105,0.1374
7,123,43,1064,101,272,164,0.154,134,0,0.673,0.4106,0.1533,0.2053,0.241,0.3043,0.6482,0.2368,0.1027,0.1312,0.3614,0.4348,512,1,extracted,0.4099,0.1006,0.2484,0.2253,0.105,0.1374
7,123,44,1064,101,272,164,0.154,134,0,0.673,0.4106,0.1533,0.2053,0.241,0.3043,0.6482,0.2368,0.1027,0.1312,0.3614,0.4348,512,1,extracted,0.4099,0.1006,0.2484,0.2253,0.105,0.1374
7,123,45,1064,101,306,183,0.172,149,0,0.6792,0.4113,0.1786,0.1773,0.3012,0.3913,0.6482,0.2368,0.1027,0.1312,0.3614,0.4348,512,1,extracted,0.4138,0.1279,0.2184,0.2253,0.105,0.1374
7,123,46,1064,101,306,183,0.172,149,0,0.6792,0.4113,0.1786,0.1773,0.3012,0.3913,0.6482,0.2368,0.1027,0.1312,0.3614,0.4348,512,1,extracted,0.4138,0.1279,0.2184,0.2253,0.105,0.1374
7,123,47,1064,101,306,183,0.172,149,0,0.6792,0.4113,0.1786,0.1773,0.3012,0.3913,0.6482,0.2368,0.1027,0.1312,0.3614,0.4348,512,1,extracted,0.4138,0.1279,0.2184,0.2253,0.105,0.1374
7,123,48,1064,101,306,183,0.172,149,0,0.6792,0.4113,0.1786,0.1773,0.3012,0.3913,0.6482,0.2368,0.1027,0.1312,0.3614,0.4348,512,1,extracted,0.4138,0.1279,0.2184,0.2253,0.105,0.1374
7,123,49,1064,101,306,183,0.172,149,0,0.6792,0.4113,0.1786,0.1773,0.3012,0.3913,0.6482,0.2368,0.1027,0.1312,0.3614,0.4348,512,1,extracted,0.4138,0.1279,0.2184,0.2253,0.105,0.1374
7,123,50,1064,101,306,183,0.172,149,0,0.6792,0.4113,0.1786,0.1773,0.3012,0.3913,0.6482,0.2368,0.1027,0.1312,0.3614,0.4348,512,1,extracted,0.4138,0.1279,0.2184,0.2253,0.105,0.1374
7,123,51,1064,101,351,213,0.2,169,0,0.6647,0.3846,0.1677,0.1731,0.3133,0.4348,0.6482,0.2368,0.1027,0.1312,0.3614,0.4348,512,1,extracted,0.3874,0.1164,0.199,0.2253,0.105,0.1374
7,123,52,1064,101,351,213,0.2,169,0,0.6647,0.3846,0.1677,0.1731,0.3133,0.4348,0.6482,0.2368,0.1027,0.1312,0.3614,0.4348,512,1,extracted,0.3874,0.1164,0.199,0.2253,0.105,0.1374
7,123,53,1064,101,351,213,0.2,169,0,0.6647,0.3846,0.1677,0.1731,0.3133,0.4348,0.6482,0.2368,0.1027,0.1312,0.3614,0.4348,512,1,extracted,0.3874,0.1164,0.199,0.2253,0.105,0.1374
7,123,54,1064,101,351,213,0.2,169,0,0.6647,0.3846,0.1677,0.1731,0.3133,0.4348,0.6482,0.2368,0.1027,0.1312,0.3614,0.4348,512,1,extracted,0.3874,0.1164,0.199,0.2253,0.105,0.1374
7,123,55,1064,101,351,213,0.2,169,0,0.6647,0.3846,0.1677,0.1731,0.3133,0.4348,0.6482,0.2368,0.1027,0.1312,0.3614,0.4348,512,1,extracted,0.3874,0.1164,0.199,0.2253,0.105,0.1374
7,123,56,1064,101,406,247,0.232,198,0,0.6636,0.3642,0.1628,0.1734,0.3133,0.3913,0.6482,0.2368,0.1027,0.1312,0.3614,0.4348,512,1,extracted,0.3611,0.1215,0.1944,0.2253,0.105,0.1374
7,123,57,1064,101,406,247,0.232,198,0,0.6636,0.3642,0.1628,0.1734,0.3133,0.3913,0.6482,0.2368,0.1027,0.1312,0.3614,0.4348,512,1,extracted,0.3611,0.1215,0.1944,0.2253,0.105,0.1374
7,123,58,1064,101,406,247,0.232,198,0,0.6636,0.3642,0.1628,0.1734,0.3133,0.3913,0.6482,0.2368,0.1027,0.1312,0.3614,0.4348,512,1,extracted,0.3611,0.1215,0.1944,0.2253,0.105,0.1374
7,123,59,1064,101,406,247,0.232,198,0,0.6636,0.3642,0.1628,0.1734,0.3133,0.3913,0.6482,0.2368,0.1027,0.1312,0.3614,0.4348,512,1,extracted,0.3611,0.1215,0.1944,0.2253,0.105,0.1374
7,123,60,1064,101,406,247,0.232,198,0,0.6636,0.3642,0.1628,0.1734,0.3133,0.3913,0.6482,0.2368,0.1027,0.1312,0.3614,0.4348,512,1,extracted,0.3611,0.1215,0.1944,0.2253,0.105,0.1374
7,123,61,1064,101,406,247,0.232,198,0,0.6636,0.3642,0.1628,0.1734,0.3133,0.3913,0.6482,0.2368,0.1027,0.1312,0.3614,0.4348,512,1,extracted,0.3611,0.1215,0.1944,0.2253,0.105,0.1374
7,123,62,1064,101,488,290,0.273,234,0,0.6644,0.3393,0.1499,0.1954,0.3373,0.4783,0.6482,0.2368,0.1027,0.1312,0.3614,0.4348,512,1,extracted,0.321,0.1079,0.1811,0.2253,0.105,0.1374
7,123,63,1064,101,488,290,0.273,234,0,0.6644,0.3393,0.1499,0.1954,0.3373,0.4783,0.6482,0.2368,0.1027,0.1312,0.3614,0.4348,512,1,extracted,0.321,0.1079,0.1811,0.2253,0.105,0.1374
7,123,64,1064,101,488,290,0.273,234,0,0.6644,0.3393,0.1499,0.1954,0.3373,0.4783,0.6482,0.2368,0.1027,0.1312,0.3614,0.4348,512,1,extracted,0.321,0.1079,0.1811,0.2253,0.105,0.1374
7,123,65,1064,101,488,290,0.273,234,0,0.6644,0.3393,0.1499,0.1954,0.3373,0.4783,0.6482,0.2368,0.1027,0.1312,0.3614,0.4348,512,1,extracted,0.321,0.1079,0.1811,0.2253,0.105,0.1374
7,123,66,1064,101,488,290,0.273,234,0,0.6644,0.3393,0.1499,0.1954,0.3373,0.4783,0.6482,0.2368,0.1027,0.1312,0.3614,0.4348,512,1,extracted,0.321,0.1079,0.1811,0.2253,0.105,0.1374
7,123,67,1064,101,488,290,0.273,234,0,0.6644,0.3393,0.1499,0.1954,0.3373,0.4783,0.6482,0.2368,0.1027,0.1312,0.3614,0.4348,512,1,extracted,0.321,0.1079,0.1811,0.2253,0.105,0.1374
7,123,68,1064,101,564,342,0.321,266,0,0.6625,0.3401,0.164,0.1587,0.4096,0.5652,0.6482,0.2368,0.1027,0.1312,0.3614,0.4348,512,1,extracted,0.3094,0.1232,0.1655,0.2253,0.105,0.1374
7,123,69,1064,101,564,342,0.321,266,0,0.6625,0.3401,0.164,0.1587,0.4096,0.5652,0.6482,0.2368,0.1027,0.1312,0.3614,0.4348,512,1,extracted,0.3094,0.1232,0.1655,0.2253,0.105,0.1374
7,123,70,1064,101,564,342,0.321,266,0,0.6625,0.3401,0.164,0.1587,0.4096,0.5652,0.6482,0.2368,0.1027,0.1312,0.3614,0.4348,512,1,extracted,0.3094,0.1232,0.1655,0.2253,0.105,0.1374
7,123,71,1064,101,564,342,0.321,266,0,0.6625,0.3401,0.164,0.1587,0.4096,0.5652,0.6482,0.2368,0.1027,0.1312,0.3614,0.4348,512,1,extracted,0.3094,0.1232,0.1655,0.2253,0.105,0.1374
7,123,72,1064,101,564,342,0.321,266,0,0.6625,0.3401,0.164,0.1587,0.4096,0.5652,0.6482,0.2368,0.1027,0.1312,0.3614,0.4348,512,1,extracted,0.3094,0.1232,0.1655,0.2253,0.105,0.1374
7,123,73,1064,101,564,342,0.321,266,0,0.6625,0.3401,0.164,0.1587,0.4096,0.5652,0.6482,0.2368,0.1027,0.1312,0.3614,0.4348,512,1,extracted,0.3094,0.1232,0.1655,0.2253,0.105,0.1374
7,123,74,1064,101,614,360,0.338,292,0,0.6531,0.3097,0.1422,0.1726,0.3614,0.4783,0.6482,0.2368,0.1027,0.1312,0.3614,0.4348,512,1,extracted,0.3094,0.1232,0.1799,0.2253,0.105,0.1374
7,123,75,1064,101,614,360,0.338,292,0,0.6531,0.3097,0.1422,0.1726,0.3614,0.4783,0.6482,0.2368,0.1027,0.1312,0.3614,0.4348,512,1,extracted,0.3094,0.1232,0.1799,0.2253,0.105,0.1374
7,123,76,1064,101,614,360,0.338,292,0,0.6531,0.3097,0.1422,0.1726,0.3614,0.4783,0.6482,0.2368,0.1027,0.1312,0.3614,0.4348,512,1,extracted,0.3094,0.1232,0.1799,0.2253,0.105,0.1374
7,123,77,1064,101,614,360,0.338,292,0,0.6531,0.3097,0.1422,0.1726,0.3614,0.4783,0.6482,0.2368,0.1027,0.1312,0.3614,0.4348,512,1,extracted,0.3094,0.1232,0.1799,0.2253,0.105,0.1374
7,123,78,1064,101,614,360,0.338,292,0,0.6531,0.3097,0.1422,0.1726,0.3614,0.4783,0.6482,0.2368,0.1027,0.1312,0.3614,0.4348,512,1,extracted,0.3094,0.1232,0.1799,0.2253,0.105,0.1374
7,123,79,1064,101,614,360,0.338,292,0,0.6531,0.3097,0.1422,0.1726,0.3614,0.4783,0.6482,0.2368,0.1027,0.1312,0.3614,0.4348,512,1,extracted,0.3094,0.1232,0.1799,0.2253,0.105,0.1374
7,123,80,1064,101,741,426,0.4,347,0,0.6469,0.2835,0.1423,0.1609,0.3976,0.4783,0.6482,0.2368,0.1027,0.1312,0.3614,0.4348,512,1,extracted,0.2627,0.1081,0.1672,0.2253,0.105,0.1374
7,123,81,1064,101,741,426,0.4,347,0,0.6469,0.2835,0.1423,0.1609,0.3976,0.4783,0.6482,0.2368,0.1027,0.1312,0.3614,0.4348,512,1,extracted,0.2627,0.1081,0.1672,0.2253,0.105,0.1374
7,123,82,1064,101,741,426,0.4,347,0,0.6469,0.2835,0.1423,0.1609,0.3976,0.4783,0.6482,0.2368,0.1027,0.1312,0.3614,0.4348,512,1,extracted,0.2627,0.1081,0.1672,0.2253,0.105,0.1374
7,123,83,1064,101,741,426,0.4,347,0,0.6469,0.2835,0.1423,0.1609,0.3976,0.4783,0.6482,0.2368,0.1027,0.1312,0.3614,0.4348,512,1,extracted,0.2627,0.1081,0.1672,0.2253,0.105,0.1374
7,123,84,1064,101,741,426,0.4,347,0,0.6469,0.2835,0.1423,0.1609,0.3976,0.4783,0.6482,0.2368,0.1027,0.1312,0.3614,0.4348,512,1,extracted,0.2627,0.1081,0.1672,0.2253,0.105,0.1374
7,123,85,1064,101,741,426,0.4,347,0,0.6469,0.2835,0.1423,0.1609,0.3976,0.4783,0.6482,0.2368,0.1027,0.1312,0.3614,0.4348,512,1,extracted,0.2627,0.1081,0.1672,0.2253,0.105,0.1374
7,123,86,1064,101,827,440,0.414,382,0,0.636,0.2719,0.1346,0.1378,0.4096,0.4348,0.6482,0.2368,0.1027,0.1312,0.3614,0.4348,512,1,extracted,0.2529,0.1006,0.1529,0.2253,0.105,0.1374
7,123,87,1064,101,827,440,0.414,382,0,0.636,0.2719,0.1346,0.1378,0.4096,0.4348,0.6482,0.2368,0.1027,0.1312,0.3614,0.4348,512,1,extracted,0.2529,0.1006,0.1529,0.2253,0.105,0.1374
7,123,88,1064,101,827,440,0.414,382,0,0.636,0.2719,0.1346,0.1378,0.4096,0.4348,0.6482,0.2368,0.1027,0.1312,0.3614,0.4348,512,1,extracted,0.2529,0.1006,0.1529,0.2253,0.105,0.1374
7,123,89,1064,101,827,440,0.414,382,0,0.636,0.2719,0.1346,0.1378,0.4096,0.4348,0.6482,0.2368,0.1027,0.1312,0.3614,0.4348,512,1,extracted,0.2529,0.1006,0.1529,0.2253,0.105,0.1374
7,123,90,1064,101,827,440,0.414,382,0,0.636,0.2719,0.1346,0.1378,0.4096,0.4348,0.6482,0.2368,0.1027,0.1312,0.3614,0.4348,512,1,extracted,0.2529,0.1006,0.1529,0.2253,0.105,0.1374
7,123,91,1064,101,827,440,0.414,382,0,0.636,0.2719,0.1346,0.1378,0.4096,0.4348,0.6482,0.2368,0.1027,0.1312,0.3614,0.4348,512,1,extracted,0.2529,0.1006,0.1529,0.2253,0.105,0.1374
7,123,92,1064,101,940,461,0.433,451,0,0.6389,0.2635,0.0968,0.1113,0.3012,0.3913,0.6482,0.2368,0.1027,0.1312,0.3614,0.4348,512,1,extracted,0.2131,0.0714,0.1257,0.2253,0.105,0.1374
7,123,93,1064,101,940,461,0.433,451,0,0.6389,0.2635,0.0968,0.1113,0.3012,0.3913,0.6482,0.2368,0.1027,0.1312,0.3614,0.4348,512,1,extracted,0.2131,0.0714,0.1257,0.2253,0.105,0.1374
7,123,94,1064,101,940,461,0.433,451,0,0.6389,0.2635,0.0968,0.1113,0.3012,0.3913,0.6482,0.2368,0.1027,0.1312,0.3614,0.4348,512,1,extracted,0.2131,0.0714,0.1257,0.2253,0.105,0.1374
7,123,95,1064,101,940,461,0.433,451,0,0.6389,0.2635,0.0968,0.1113,0.3012,0.3913,0.6482,0.2368,0.1027,0.1312,0.3614,0.4348,512,1,extracted,0.2131,0.0714,0.1257,0.2253,0.105,0.1374
7,123,96,1064,101,940,461,0.433,451,0,0.6389,0.2635,0.0968,0.1113,0.3012,0.3913,0.6482,0.2368,0.1027,0.1312,0.3614,0.4348,512,1,extracted,0.2131,0.0714,0.1257,0.2253,0.105,0.1374
7,123,97,1064,101,940,461,0.433,451,0,0.6389,0.2635,0.0968,0.1113,0.3012,0.3913,0.6482,0.2368,0.1027,0.1312,0.3614,0.4348,512,1,extracted,0.2131,0.0714,0.1257,0.2253,0.105,0.1374
7,123,98,1064,101,1051,603,0.567,506,0,0.6464,0.2346,0.1119,0.1144,0.4337,0.6087,0.6482,0.2368,0.1027,0.1312,0.3614,0.4348,512,1,extracted,0.2195,0.1103,0.1247,0.2253,0.105,0.1374
7,123,99,1064,101,1051,603,0.567,506,0,0.6464,0.2346,0.1119,0.1144,0.4337,0.6087,0.6482,0.2368,0.1027,0.1312,0.3614,0.4348,512,1,extracted,0.2195,0.1103,0.1247,0.2253,0.105,0.1374
7,123,100,1064,101,1051,603,0.567,506,0,0.6464,0.2346,0.1119,0.1144,0.4337,0.6087,0.6482,0.2368,0.1027,0.1312,0.3614,0.4348,512,1,extracted,0.2195,0.1103,0.1247,0.2253,0.105,0.1374
8,123,1,1048,138,25,30,0.029,11,0,0.6698,0.2651,0.1829,0.1928,0.1,0.1,0.6873,0.3097,0.158,0.1709,0.39,0.4667,466,0,extracted,0.2376,0.101,0.1584,0.2706,0.1062,0.1564
8,123,2,1048,138,25,30,0.029,11,0,0.6698,0.2651,0.1829,0.1928,0.1,0.1,0.6873,0.3097,0.158,0.1709,0.39,0.4667,466,0,extracted,0.2376,0.101,0.1584,0.2706,0.1062,0.1564
8,123,3,1048,138,25,30,0.029,11,0,0.6698,0.2651,0.1829,0.1928,0.1,0.1,0.6873,0.3097,0.158,0.1709,0.39,0.4667,466,0,extracted,0.2376,0.101,0.1584,0.2706,0.1062,0.1564
8,123,4,1048,138,25,30,0.029,11,0,0.6698,0.2651,0.1829,0.1928,0.1,0.1,0.6873,0.3097,0.158,0.1709,0.39,0.4667,466,0,extracted,0.2376,0.101,0.1584,0.2706,0.1062,0.1564
8,123,5,1048,138,25,30,0.029,11,0,0.6698,0.2651,0.1829,0.1928,0.1,0.1,0.6873,0.3097,0.158,0.1709,0.39,0.4667,466,0,extracted,0.2376,0.101,0.1584,0.2706,0.1062,0.1564
8,123,6,1048,138,25,30,0.029,11,0,0.6698,0.2651,0.1829,0.1928,0.1,0.1,0.6873,0.3097,0.158,0.1709,0.39,0.4667,466,0,extracted,0.2376,0.101,0.1584,0.2706,0.1062,0.1564
8,123,7,1048,138,25,30,0.029,11,0,0.6698,0.2651,0.1829,0.1928,0.1,0.1,0.6873,0.3097,0.158,0.1709,0.39,0.4667,466,0,extracted,0.2376,0.101,0.1584,0.2706,0.1062,0.1564
8,123,8,1048,138,54,43,0.041,25,0,0.692,0.3596,0.2045,0.2472,0.15,0.1333,0.6873,0.3097,0.158,0.1709,0.39,0.4667,466,0,extracted,0.2593,0.0943,0.1852,0.2706,0.1062,0.1564
8,123,9,1048,138,54,43,0.041,25,0,0.692,0.3596,0.2045,0.2472,0.15,0.1333,0.6873,0.3097,0.158,0.1709,0.39,0.4667,466,0,extracted,0.2593,0.0943,0.1852,0.2706,0.1062,0.1564
8,123,10,1048,138,54,43,0.041,25,0,0.692,0.3596,0.2045,0.2472,0.15,0.1333,0.6873,0.3097,0.158,0.1709,0.39,0.4667,466,0,extracted,0.2593,0.0943,0.1852,0.2706,0.1062,0.1564
8,123,11,1048,138,54,43,0.041,25,0,0.692,0.3596,0.2045,0.2472,0.15,0.1333,0.6873,0.3097,0.158,0.1709,0.39,0.4667,466,0,extracted,0.2593,0.0943,0.1852,0.2706,0.1062,0.1564
8,123,12,1048,138,54,43,0.041,25,0,0.692,0.3596,0.2045,0.2472,0.15,0.1333,0.6873,0.3097,0.158,0.1709,0.39,0.4667,466,0,extracted,0.2593,0.0943,0.1852,0.2706,0.1062,0.1564
8,123,13,1048,138,54,43,0.041,25,0,0.692,0.3596,0.2045,0.2472,0.15,0.1333,0.6873,0.3097,0.158,0.1709,0.39,0.4667,466,0,extracted,0.2593,0.0943,0.1852,0.2706,0.1062,0.1564
8,123,14,1048,138,83,48,0.046,38,0,0.6902,0.3607,0.1989,0.2514,0.15,0.1333,0.6873,0.3097,0.158,0.1709,0.39,0.4667,466,0,extracted,0.2703,0.0917,0.1982,0.2706,0.1062,0.1564
8,123,15,1048,138,83,48,0.046,38,0,0.6902,0.3607,0.1989,0.2514,0.15,0.1333,0.6873,0.3097,0.158,0.1709,0.39,0.4667,466,0,extracted,0.2703,0.0917,0.1982,0.2706,0.1062,0.1564
8,123,16,1048,138,83,48,0.046,38,0,0.6902,0.3607,0.1989,0.2514,0.15,0.1333,0.6873,0.3097,0.158,0.1709,0.39,0.4667,466,0,extracted,0.2703,0.0917,0.1982,0.2706,0.1062,0.1564
8,123,17,1048,138,83,48,0.046,38,0,0.6902,0.3607,0.1989,0.2514,0.15,0.1333,0.6873,0.3097,0.158,0.1709,0.39,0.4667,466,0,extracted,0.2703,0.0917,0.1982,0.2706,0.1062,0.1564
8,123,18,1048,138,83,48,0.046,38,0,0.6902,0.3607,0.1989,0.2514,0.15,0.1333,0.6873,0.3097,0.158,0.1709,0.39,0.4667,466,0,extracted,0.2703,0.0917,0.1982,0.2706,0.1062,0.1564
8,123,19,1048,138,118,70,0.067,51,0,0.6844,0.4078,0.2549,0.2718,0.21,0.2333,0.6873,0.3097,0.158,0.1709,0.39,0.4667,466,0,extracted,0.4062,0.1905,0.2656,0.2706,0.1062,0.1564
8,123,20,1048,138,118,70,0.067,51,0,0.6844,0.4078,0.2549,0.2718,0.21,0.2333,0.6873,0.3097,0.158,0.1709,0.39,0.4667,466,0,extracted,0.4062,0.1905,0.2656,0.2706,0.1062,0.1564
8,123,21,1048,138,118,70,0.067,51,0,0.6844,0.4078,0.2549,0.2718,0.21,0.2333,0.6873,0.3097,0.158,0.1709,0.39,0.4667,466,0,extracted,0.4062,0.1905,0.2656,0.2706,0.1062,0.1564
8,123,22,1048,138,118,70,0.067,51,0,0.6844,0.4078,0.2549,0.2718,0.21,0.2333,0.6873,0.3097,0.158,0.1709,0.39,0.4667,466,0,extracted,0.4062,0.1905,0.2656,0.2706,0.1062,0.1564
8,123,23,1048,138,118,70,0.067,51,0,0.6844,0.4078,0.2549,0.2718,0.21,0.2333,0.6873,0.3097,0.158,0.1709,0.39,0.4667,466,0,extracted,0.4062,0.1905,0.2656,0.2706,0.1062,0.1564
8,123,24,1048,138,176,103,0.098,81,0,0.6807,0.4407,0.2308,0.2627,0.2,0.2333,0.6873,0.3097,0.158,0.1709,0.39,0.4667,466,0,extracted,0.3768,0.1324,0.2464,0.2706,0.1062,0.1564
8,123,25,1048,138,176,103,0.098,81,0,0.6807,0.4407,0.2308,0.2627,0.2,0.2333,0.6873,0.3097,0.158,0.1709,0.39,0.4667,466,0,extracted,0.3768,0.1324,0.2464,0.2706,0.1062,0.1564
8,123,26,1048,138,176,103,0.098,81,0,0.6807,0.4407,0.2308,0.2627,0.2,0.2333,0.6873,0.3097,0.158,0.1709,0.39,0.4667,466,0,extracted,0.3768,0.1324,0.2464,0.2706,0.1062,0.1564
8,123,27,1048,138,176,103,0.098,81,0,0.6807,0.4407,0.2308,0.2627,0.2,0.2333,0.6873,0.3097,0.158,0.1709,0.39,0.4667,466,0,extracted,0.3768,0.1324,0.2464,0.2706,0.1062,0.1564
8,123,28,1048,138,176,103,0.098,81,0,0.6807,0.4407,0.2308,0.2627,0.2,0.2333,0.6873,0.3097,0.158,0.1709,0.39,0.4667,466,0,extracted,0.3768,0.1324,0.2464,0.2706,0.1062,0.1564
8,123,29,1048,138,226,136,0.13,104,0,0.6996,0.391,0.1894,0.2256,0.24,0.2667,0.6873,0.3097,0.158,0.1709,0.39,0.4667,466,0,extracted,0.3919,0.1644,0.2568,0.2706,0.1062,0.1564
8,123,30,1048,138,226,136,0.13,104,0,0.6996,0.391,0.1894,0.2256,0.24,0.2667,0.6873,0.3097,0.158,0.1709,0.39,0.4667,466,0,extracted,0.3919,0.1644,0.2568,0.2706,0.1062,0.1564
8,123,31,1048,138,226,136,0.13,104,0,0.6996,0.391,0.1894,0.2256,0.24,0.2667,0.6873,0.3097,0.158,0.1709,0.39,0.4667,466,0,extracted,0.3919,0.1644,0.2568,0.2706,0.1062,0.1564
8,123,32,1048,138,226,136,0.13,104,0,0.6996,0.391,0.1894,0.2256,0.24,0.2667,0.6873,0.3097,0.158,0.1709,0.39,0.4667,466,0,extracted,0.3919,0.1644,0.2568,0.2706,0.1062,0.1564
8,123,33,1048,138,226,136,0.13,104,0,0.6996,0.391,0.1894,0.2256,0.24,0.2667,0.6873,0.3097,0.158,0.1709,0.39,0.4667,466,0,extracted,0.3919,0.1644,0.2568,0.2706,0.1062,0.1564
8,123,34,1048,138,226,136,0.13,104,0,0.6996,0.391,0.1894,0.2256,0.24,0.2667,0.6873,0.3097,0.158,0.1709,0.39,0.4667,466,0,extracted,0.3919,0.1644,0.2568,0.2706,0.1062,0.1564
8,123,35,1048,138,265,157,0.15,123,0,0.7063,0.4828,0.2569,0.269,0.3,0.3333,0.6873,0.3097,0.158,0.1709,0.39,0.4667,466,0,extracted,0.48,0.2197,0.2629,0.2706,0.1062,0.1564
8,123,36,1048,138,265,157,0.15,123,0,0.7063,0.4828,0.2569,0.269,0.3,0.3333,0.6873,0.3097,0.158,0.1709,0.39,0.4667,466,0,extracted,0.48,0.2197,0.2629,0.2706,0.1062,0.1564
8,123,37,1048,138,265,157,0.15,123,0,0.7063,0.4828,0.2569,0.269,0.3,0.3333,0.6873,0.3097,0.158,0.1709,0.39,0.4667,466,0,extracted,0.48,0.2197,0.2629,0.2706,0.1062,0.1564
8,123,38,1048,138,265,157,0.15,123,0,0.7063,0.4828,0.2569,0.269,0.3,0.3333,0.6873,0.3097,0.158,0.1709,0.39,0.4667,466,0,extracted,0.48,0.2197,0.2629,0.2706,0.1062,0.1564
8,123,39,1048,138,265,157,0.15,123,0,0.7063,0.4828,0.2569,0.269,0.3,0.3333,0.6873,0.3097,0.158,0.1709,0.39,0.4667,466,0,extracted,0.48,0.2197,0.2629,0.2706,0.1062,0.1564
8,123,40,1048,138,324,196,0.187,149,0,0.7011,0.4554,0.2353,0.2277,0.29,0.3333,0.6873,0.3097,0.158,0.1709,0.39,0.4667,466,0,extracted,0.4494,0.1818,0.2472,0.2706,0.1062,0.1564
8,123,41,1048,138,324,196,0.187,149,0,0.7011,0.4554,0.2353,0.2277,0.29,0.3333,0.6873,0.3097,0.158,0.1709,0.39,0.4667,466,0,extracted,0.4494,0.1818,0.2472,0.2706,0.1062,0.1564
8,123,42,1048,138,324,196,0.187,149,0,0.7011,0.4554,0.2353,0.2277,0.29,0.3333,0.6873,0.3097,0.158,0.1709,0.39,0.4667,466,0,extracted,0.4494,0.1818,0.2472,0.2706,0.1062,0.1564
8,123,43,1048,138,324,196,0.187,149,0,0.7011,0.4554,0.2353,0.2277,0.29,0.3333,0.6873,0.3097,0.158,0.1709,0.39,0.4667,466,0,extracted,0.4494,0.1818,0.2472,0.2706,0.1062,0.1564
8,123,44,1048,138,324,196,0.187,149,0,0.7011,0.4554,0.2353,0.2277,0.29,0.3333,0.6873,0.3097,0.158,0.1709,0.39,0.4667,466,0,extracted,0.4494,0.1818,0.2472,0.2706,0.1062,0.1564
8,123,45,1048,138,372,226,0.216,169,0,0.7023,0.4719,0.2429,0.2416,0.36,0.3667,0.6873,0.3097,0.158,0.1709,0.39,0.4667,466,0,extracted,0.4272,0.1667,0.2427,0.2706,0.1062,0.1564
8,123,46,1048,138,372,226,0.216,169,0,0.7023,0.4719,0.2429,0.2416,0.36,0.3667,0.6873,0.3097,0.158,0.1709,0.39,0.4667,466,0,extracted,0.4272,0.1667,0.2427,0.2706,0.1062,0.1564
8,123,47,1048,138,372,226,0.216,169,0,0.7023,0.4719,0.2429,0.2416,0.36,0.3667,0.6873,0.3097,0.158,0.1709,0.39,0.4667,466,0,extracted,0.4272,0.1667,0.2427,0.2706,0.1062,0.1564
8,123,48,1048,138,372,226,0.216,169,0,0.7023,0.4719,0.2429,0.2416,0.36,0.3667,0.6873,0.3097,0.158,0.1709,0.39,0.4667,466,0,extracted,0.4272,0.1667,0.2427,0.2706,0.1062,0.1564
8,123,49,1048,138,372,226,0.216,169,0,0.7023,0.4719,0.2429,0.2416,0.36,0.3667,0.6873,0.3097,0.158,0.1709,0.39,0.4667,466,0,extracted,0.4272,0.1667,0.2427,0.2706,0.1062,0.1564
8,123,50,1048,138,431,270,0.258,193,0,0.7011,0.4532,0.2426,0.2365,0.39,0.5333,0.6873,0.3097,0.158,0.1709,0.39,0.4667,466,0,extracted,0.4032,0.1707,0.2258,0.2706,0.1062,0.1564
8,123,51,1048,138,431,270,0.258,193,0,0.7011,0.4532,0.2426,0.2365,0.39,0.5333,0.6873,0.3097,0.158,0.1709,0.39,0.4667,466,0,extracted,0.4032,0.1707,0.2258,0.2706,0.1062,0.1564
8,123,52,1048,138,431,270,0.258,193,0,0.7011,0.4532,0.2426,0.2365,0.39,0.5333,0.6873,0.3097,0.158,0.1709,0.39,0.4667,466,0,extracted,0.4032,0.1707,0.2258,0.2706,0.1062,0.1564
8,123,53,1048,138,431,270,0.258,193,0,0.7011,0.4532,0.2426,0.2365,0.39,0.5333,0.6873,0.3097,0.158,0.1709,0.39,0.4667,466,0,extracted,0.4032,0.1707,0.2258,0.2706,0.1062,0.1564
8,123,54,1048,138,431,270,0.258,193,0,0.7011,0.4532,0.2426,0.2365,0.39,0.5333,0.6873,0.3097,0.158,0.1709,0.39,0.4667,466,0,extracted,0.4032,0.1707,0.2258,0.2706,0.1062,0.1564
8,123,55,1048,138,431,270,0.258,193,0,0.7011,0.4532,0.2426,0.2365,0.39,0.5333,0.6873,0.3097,0.158,0.1709,0.39,0.4667,466,0,extracted,0.4032,0.1707,0.2258,0.2706,0.1062,0.1564
8,123,56,1048,138,479,297,0.283,213,0,0.6973,0.4388,0.2274,0.2263,0.39,0.5333,0.6873,0.3097,0.158,0.1709,0.39,0.4667,466,0,extracted,0.3774,0.1597,0.2189,0.2706,0.1062,0.1564
8,123,57,1048,138,479,297,0.283,213,0,0.6973,0.4388,0.2274,0.2263,0.39,0.5333,0.6873,0.3097,0.158,0.1709,0.39,0.4667,466,0,extracted,0.3774,0.1597,0.2189,0.2706,0.1062,0.1564
8,123,58,1048,138,479,297,0.283,213,0,0.6973,0.4388,0.2274,0.2263,0.39,0.5333,0.6873,0.3097,0.158,0.1709,0.39,0.4667,466,0,extracted,0.3774,0.1597,0.2189,0.2706,0.1062,0.1564
8,123,59,1048,138,479,297,0.283,213,0,0.6973,0.4388,0.2274,0.2263,0.39,0.5333,0.6873,0.3097,0.158,0.1709,0.39,0.4667,466,0,extracted,0.3774,0.1597,0.2189,0.2706,0.1062,0.1564
8,123,60,1048,138,479,297,0.283,213,0,0.6973,0.4388,0.2274,0.2263,0.39,0.5333,0.6873,0.3097,0.158,0.1709,0.39,0.4667,466,0,extracted,0.3774,0.1597,0.2189,0.2706,0.1062,0.1564
8,123,61,1048,138,551,333,0.318,249,0,0.6971,0.452,0.2355,0.2047,0.4,0.5333,0.6873,0.3097,0.158,0.1709,0.39,0.4667,466,0,extracted,0.4083,0.1742,0.2076,0.2706,0.1062,0.1564
8,123,62,1048,138,551,333,0.318,249,0,0.6971,0.452,0.2355,0.2047,0.4,0.5333,0.6873,0.3097,0.158,0.1709,0.39,0.4667,466,0,extracted,0.4083,0.1742,0.2076,0.2706,0.1062,0.1564
8,123,63,1048,138,551,333,0.318,249,0,0.6971,0.452,0.2355,0.2047,0.4,0.5333,0.6873,0.3097,0.158,0.1709,0.39,0.4667,466,0,extracted,0.4083,0.1742,0.2076,0.2706,0.1062,0.1564
8,123,64,1048,138,551,333,0.318,249,0,0.6971,0.452,0.2355,0.2047,0.4,0.5333,0.6873,0.3097,0.158,0.1709,0.39,0.4667,466,0,extracted,0.4083,0.1742,0.2076,0.2706,0.1062,0.1564
8,123,65,1048,138,551,333,0.318,249,0,0.6971,0.452,0.2355,0.2047,0.4,0.5333,0.6873,0.3097,0.158,0.1709,0.39,0.4667,466,0,extracted,0.4083,0.1742,0.2076,0.2706,0.1062,0.1564
8,123,66,1048,138,601,381,0.364,272,0,0.6961,0.3946,0.1864,0.1741,0.39,0.5333,0.6873,0.3097,0.158,0.1709,0.39,0.4667,466,0,extracted,0.3533,0.1333,0.1703,0.2706,0.1062,0.1564
8,123,67,1048,138,601,381,0.364,272,0,0.6961,0.3946,0.1864,0.1741,0.39,0.5333,0.6873,0.3097,0.158,0.1709,0.39,0.4667,466,0,extracted,0.3533,0.1333,0.1703,0.2706,0.1062,0.1564
8,123,68,1048,138,601,381,0.364,272,0,0.6961,0.3946,0.1864,0.1741,0.39,0.5333,0.6873,0.3097,0.158,0.1709,0.39,0.4667,466,0,extracted,0.3533,0.1333,0.1703,0.2706,0.1062,0.1564
8,123,69,1048,138,601,381,0.364,272,0,0.6961,0.3946,0.1864,0.1741,0.39,0.5333,0.6873,0.3097,0.158,0.1709,0.39,0.4667,466,0,extracted,0.3533,0.1333,0.1703,0.2706,0.1062,0.1564
8,123,70,1048,138,601,381,0.364,272,0,0.6961,0.3946,0.1864,0.1741,0.39,0.5333,0.6873,0.3097,0.158,0.1709,0.39,0.4667,466,0,extracted,0.3533,0.1333,0.1703,0.2706,0.1062,0.1564
8,123,71,1048,138,601,381,0.364,272,0,0.6961,0.3946,0.1864,0.1741,0.39,0.5333,0.6873,0.3097,0.158,0.1709,0.39,0.4667,466,0,extracted,0.3533,0.1333,0.1703,0.2706,0.1062,0.1564
8,123,72,1048,138,656,398,0.38,296,0,0.7003,0.4143,0.2193,0.1808,0.41,0.4333,0.6873,0.3097,0.158,0.1709,0.39,0.4667,466,0,extracted,0.3547,0.1477,0.1835,0.2706,0.1062,0.1564
8,123,73,1048,138,656,398,0.38,296,0,0.7003,0.4143,0.2193,0.1808,0.41,0.4333,0.6873,0.3097,0.158,0.1709,0.39,0.4667,466,0,extracted,0.3547,0.1477,0.1835,0.2706,0.1062,0.1564
8,123,74,1048,138,656,398,0.38,296,0,0.7003,0.4143,0.2193,0.1808,0.41,0.4333,0.6873,0.3097,0.158,0.1709,0.39,0.4667,466,0,extracted,0.3547,0.1477,0.1835,0.2706,0.1062,0.1564
8,123,75,1048,138,656,398,0.38,296,0,0.7003,0.4143,0.2193,0.1808,0.41,0.4333,0.6873,0.3097,0.158,0.1709,0.39,0.4667,466,0,extracted,0.3547,0.1477,0.1835,0.2706,0.1062,0.1564
8,123,76,1048,138,656,398,0.38,296,0,0.7003,0.4143,0.2193,0.1808,0.41,0.4333,0.6873,0.3097,0.158,0.1709,0.39,0.4667,466,0,extracted,0.3547,0.1477,0.1835,0.2706,0.1062,0.1564
8,123,77,1048,138,720,417,0.398,322,0,0.6937,0.3993,0.1985,0.1868,0.38,0.4333,0.6873,0.3097,0.158,0.1709,0.39,0.4667,466,0,extracted,0.3642,0.1415,0.1981,0.2706,0.1062,0.1564
8,123,78,1048,138,720,417,0.398,322,0,0.6937,0.3993,0.1985,0.1868,0.38,0.4333,0.6873,0.3097,0.158,0.1709,0.39,0.4667,466,0,extracted,0.3642,0.1415,0.1981,0.2706,0.1062,0.1564
8,123,79,1048,138,720,417,0.398,322,0,0.6937,0.3993,0.1985,0.1868,0.38,0.4333,0.6873,0.3097,0.158,0.1709,0.39,0.4667,466,0,extracted,0.3642,0.1415,0.1981,0.2706,0.1062,0.1564
8,123,80,1048,138,720,417,0.398,322,0,0.6937,0.3993,0.1985,0.1868,0.38,0.4333,0.6873,0.3097,0.158,0.1709,0.39,0.4667,466,0,extracted,0.3642,0.1415,0.1981,0.2706,0.1062,0.1564
8,123,81,1048,138,720,417,0.398,322,0,0.6937,0.3993,0.1985,0.1868,0.38,0.4333,0.6873,0.3097,0.158,0.1709,0.39,0.4667,466,0,extracted,0.3642,0.1415,0.1981,0.2706,0.1062,0.1564
8,123,82,1048,138,800,491,0.469,351,0,0.6944,0.3509,0.1824,0.1754,0.4,0.5333,0.6873,0.3097,0.158,0.1709,0.39,0.4667,466,0,extracted,0.3185,0.1207,0.1775,0.2706,0.1062,0.1564
8,123,83,1048,138,800,491,0.469,351,0,0.6944,0.3509,0.1824,0.1754,0.4,0.5333,0.6873,0.3097,0.158,0.1709,0.39,0.4667,466,0,extracted,0.3185,0.1207,0.1775,0.2706,0.1062,0.1564
8,123,84,1048,138,800,491,0.469,351,0,0.6944,0.3509,0.1824,0.1754,0.4,0.5333,0.6873,0.3097,0.158,0.1709,0.39,0.4667,466,0,extracted,0.3185,0.1207,0.1775,0.2706,0.1062,0.1564
8,123,85,1048,138,800,491,0.469,351,0,0.6944,0.3509,0.1824,0.1754,0.4,0.5333,0.6873,0.3097,0.158,0.1709,0.39,0.4667,466,0,extracted,0.3185,0.1207,0.1775,0.2706,0.1062,0.1564
8,123,86,1048,138,800,491,0.469,351,0,0.6944,0.3509,0.1824,0.1754,0.4,0.5333,0.6873,0.3097,0.158,0.1709,0.39,0.4667,466,0,extracted,0.3185,0.1207,0.1775,0.2706,0.1062,0.1564
8,123,87,1048,138,891,531,0.507,397,0,0.6849,0.3515,0.1793,0.1667,0.41,0.4667,0.6873,0.3097,0.158,0.1709,0.39,0.4667,466,0,extracted,0.3204,0.1403,0.1705,0.2706,0.1062,0.1564
8,123,88,1048,138,891,531,0.507,397,0,0.6849,0.3515,0.1793,0.1667,0.41,0.4667,0.6873,0.3097,0.158,0.1709,0.39,0.4667,466,0,extracted,0.3204,0.1403,0.1705,0.2706,0.1062,0.1564
8,123,89,1048,138,891,531,0.507,397,0,0.6849,0.3515,0.1793,0.1667,0.41,0.4667,0.6873,0.3097,0.158,0.1709,0.39,0.4667,466,0,extracted,0.3204,0.1403,0.1705,0.2706,0.1062,0.1564
8,123,90,1048,138,891,531,0.507,397,0,0.6849,0.3515,0.1793,0.1667,0.41,0.4667,0.6873,0.3097,0.158,0.1709,0.39,0.4667,466,0,extracted,0.3204,0.1403,0.1705,0.2706,0.1062,0.1564
8,123,91,1048,138,891,531,0.507,397,0,0.6849,0.3515,0.1793,0.1667,0.41,0.4667,0.6873,0.3097,0.158,0.1709,0.39,0.4667,466,0,extracted,0.3204,0.1403,0.1705,0.2706,0.1062,0.1564
8,123,92,1048,138,891,531,0.507,397,0,0.6849,0.3515,0.1793,0.1667,0.41,0.4667,0.6873,0.3097,0.158,0.1709,0.39,0.4667,466,0,extracted,0.3204,0.1403,0.1705,0.2706,0.1062,0.1564
8,123,93,1048,138,953,561,0.535,419,0,0.6887,0.3329,0.1698,0.1607,0.4,0.4333,0.6873,0.3097,0.158,0.1709,0.39,0.4667,466,0,extracted,0.2798,0.1198,0.1606,0.2706,0.1062,0.1564
8,123,94,1048,138,953,561,0.535,419,0,0.6887,0.3329,0.1698,0.1607,0.4,0.4333,0.6873,0.3097,0.158,0.1709,0.39,0.4667,466,0,extracted,0.2798,0.1198,0.1606,0.2706,0.1062,0.1564
8,123,95,1048,138,953,561,0.535,419,0,0.6887,0.3329,0.1698,0.1607,0.4,0.4333,0.6873,0.3097,0.158,0.1709,0.39,0.4667,466,0,extracted,0.2798,0.1198,0.1606,0.2706,0.1062,0.1564
8,123,96,1048,138,953,561,0.535,419,0,0.6887,0.3329,0.1698,0.1607,0.4,0.4333,0.6873,0.3097,0.158,0.1709,0.39,0.4667,466,0,extracted,0.2798,0.1198,0.1606,0.2706,0.1062,0.1564
8,123,97,1048,138,953,561,0.535,419,0,0.6887,0.3329,0.1698,0.1607,0.4,0.4333,0.6873,0.3097,0.158,0.1709,0.39,0.4667,466,0,extracted,0.2798,0.1198,0.1606,0.2706,0.1062,0.1564
8,123,98,1048,138,1035,611,0.583,456,0,0.6752,0.3209,0.1637,0.1521,0.39,0.4333,0.6873,0.3097,0.158,0.1709,0.39,0.4667,466,0,extracted,0.2825,0.1098,0.1503,0.2706,0.1062,0.1564
8,123,99,1048,138,1035,611,0.583,456,0,0.6752,0.3209,0.1637,0.1521,0.39,0.4333,0.6873,0.3097,0.158,0.1709,0.39,0.4667,466,0,extracted,0.2825,0.1098,0.1503,0.2706,0.1062,0.1564
8,123,100,1048,138,1035,611,0.583,456,0,0.6752,0.3209,0.1637,0.1521,0.39,0.4333,0.6873,0.3097,0.158,0.1709,0.39,0.4667,466,0,extracted,0.2825,0.1098,0.1503,0.2706,0.1062,0.1564
9,123,1,1000,107,32,32,0.032,17,0,0.671,0.1871,0.0146,0.1151,0.01,0.0417,0.6693,0.2471,0.1327,0.1206,0.44,0.5417,505,0,extracted,0.1798,0.023,0.1124,0.2268,0.0881,0.1237
9,123,2,1000,107,32,32,0.032,17,0,0.671,0.1871,0.0146,0.1151,0.01,0.0417,0.6693,0.2471,0.1327,0.1206,0.44,0.5417,505,0,extracted,0.1798,0.023,0.1124,0.2268,0.0881,0.1237
9,123,3,1000,107,32,32,0.032,17,0,0.671,0.1871,0.0146,0.1151,0.01,0.0417,0.6693,0.2471,0.1327,0.1206,0.44,0.5417,505,0,extracted,0.1798,0.023,0.1124,0.2268,0.0881,0.1237
9,123,4,1000,107,32,32,0.032,17,0,0.671,0.1871,0.0146,0.1151,0.01,0.0417,0.6693,0.2471,0.1327,0.1206,0.44,0.5417,505,0,extracted,0.1798,0.023,0.1124,0.2268,0.0881,0.1237
9,123,5,1000,107,32,32,0.032,17,0,0.671,0.1871,0.0146,0.1151,0.01,0.0417,0.6693,0.2471,0.1327,0.1206,0.44,0.5417,505,0,extracted,0.1798,0.023,0.1124,0.2268,0.0881,0.1237
9,123,6,1000,107,32,32,0.032,17,0,0.671,0.1871,0.0146,0.1151,0.01,0.0417,0.6693,0.2471,0.1327,0.1206,0.44,0.5417,505,0,extracted,0.1798,0.023,0.1124,0.2268,0.0881,0.1237
9,123,7,1000,107,32,32,0.032,17,0,0.671,0.1871,0.0146,0.1151,0.01,0.0417,0.6693,0.2471,0.1327,0.1206,0.44,0.5417,505,0,extracted,0.1798,0.023,0.1124,0.2268,0.0881,0.1237
9,123,8,1000,107,32,32,0.032,17,0,0.671,0.1871,0.0146,0.1151,0.01,0.0417,0.6693,0.2471,0.1327,0.1206,0.44,0.5417,505,0,extracted,0.1798,0.023,0.1124,0.2268,0.0881,0.1237
9,123,9,1000,107,32,32,0.032,17,0,0.671,0.1871,0.0146,0.1151,0.01,0.0417,0.6693,0.2471,0.1327,0.1206,0.44,0.5417,505,0,extracted,0.1798,0.023,0.1124,0.2268,0.0881,0.1237
9,123,10,1000,107,78,47,0.047,38,0,0.6711,0.2857,0.0526,0.1039,0.04,0.125,0.6693,0.2471,0.1327,0.1206,0.44,0.5417,505,0,extracted,0.2828,0.0412,0.1212,0.2268,0.0881,0.1237
9,123,11,1000,107,78,47,0.047,38,0,0.6711,0.2857,0.0526,0.1039,0.04,0.125,0.6693,0.2471,0.1327,0.1206,0.44,0.5417,505,0,extracted,0.2828,0.0412,0.1212,0.2268,0.0881,0.1237
9,123,12,1000,107,78,47,0.047,38,0,0.6711,0.2857,0.0526,0.1039,0.04,0.125,0.6693,0.2471,0.1327,0.1206,0.44,0.5417,505,0,extracted,0.2828,0.0412,0.1212,0.2268,0.0881,0.1237
9,123,13,1000,107,78,47,0.047,38,0,0.6711,0.2857,0.0526,0.1039,0.04,0.125,0.6693,0.2471,0.1327,0.1206,0.44,0.5417,505,0,extracted,0.2828,0.0412,0.1212,0.2268,0.0881,0.1237
9,123,14,1000,107,78,47,0.047,38,0,0.6711,0.2857,0.0526,0.1039,0.04,0.125,0.6693,0.2471,0.1327,0.1206,0.44,0.5417,505,0,extracted,0.2828,0.0412,0.1212,0.2268,0.0881,0.1237
9,123,15,1000,107,78,47,0.047,38,0,0.6711,0.2857,0.0526,0.1039,0.04,0.125,0.6693,0.2471,0.1327,0.1206,0.44,0.5417,505,0,extracted,0.2828,0.0412,0.1212,0.2268,0.0881,0.1237
9,123,16,1000,107,111,64,0.064,57,0,0.7007,0.3392,0.1183,0.1988,0.1,0.125,0.6693,0.2471,0.1327,0.1206,0.44,0.5417,505,0,extracted,0.2936,0.0935,0.1835,0.2268,0.0881,0.1237
9,123,17,1000,107,111,64,0.064,57,0,0.7007,0.3392,0.1183,0.1988,0.1,0.125,0.6693,0.2471,0.1327,0.1206,0.44,0.5417,505,0,extracted,0.2936,0.0935,0.1835,0.2268,0.0881,0.1237
9,123,18,1000,107,111,64,0.064,57,0,0.7007,0.3392,0.1183,0.1988,0.1,0.125,0.6693,0.2471,0.1327,0.1206,0.44,0.5417,505,0,extracted,0.2936,0.0935,0.1835,0.2268,0.0881,0.1237
9,123,19,1000,107,111,64,0.064,57,0,0.7007,0.3392,0.1183,0.1988,0.1,0.125,0.6693,0.2471,0.1327,0.1206,0.44,0.5417,505,0,extracted,0.2936,0.0935,0.1835,0.2268,0.0881,0.1237
9,123,20,1000,107,111,64,0.064,57,0,0.7007,0.3392,0.1183,0.1988,0.1,0.125,0.6693,0.2471,0.1327,0.1206,0.44,0.5417,505,0,extracted,0.2936,0.0935,0.1835,0.2268,0.0881,0.1237
9,123,21,1000,107,111,64,0.064,57,0,0.7007,0.3392,0.1183,0.1988,0.1,0.125,0.6693,0.2471,0.1327,0.1206,0.44,0.5417,505,0,extracted,0.2936,0.0935,0.1835,0.2268,0.0881,0.1237
9,123,22,1000,107,147,96,0.096,70,0,0.6441,0.3153,0.0498,0.1773,0.05,0.125,0.6693,0.2471,0.1327,0.1206,0.44,0.5417,505,0,extracted,0.3231,0.0469,0.2154,0.2268,0.0881,0.1237
9,123,23,1000,107,147,96,0.096,70,0,0.6441,0.3153,0.0498,0.1773,0.05,0.125,0.6693,0.2471,0.1327,0.1206,0.44,0.5417,505,0,extracted,0.3231,0.0469,0.2154,0.2268,0.0881,0.1237
9,123,24,1000,107,147,96,0.096,70,0,0.6441,0.3153,0.0498,0.1773,0.05,0.125,0.6693,0.2471,0.1327,0.1206,0.44,0.5417,505,0,extracted,0.3231,0.0469,0.2154,0.2268,0.0881,0.1237
9,123,25,1000,107,147,96,0.096,70,0,0.6441,0.3153,0.0498,0.1773,0.05,0.125,0.6693,0.2471,0.1327,0.1206,0.44,0.5417,505,0,extracted,0.3231,0.0469,0.2154,0.2268,0.0881,0.1237
9,123,26,1000,107,147,96,0.096,70,0,0.6441,0.3153,0.0498,0.1773,0.05,0.125,0.6693,0.2471,0.1327,0.1206,0.44,0.5417,505,0,extracted,0.3231,0.0469,0.2154,0.2268,0.0881,0.1237
9,123,27,1000,107,147,96,0.096,70,0,0.6441,0.3153,0.0498,0.1773,0.05,0.125,0.6693,0.2471,0.1327,0.1206,0.44,0.5417,505,0,extracted,0.3231,0.0469,0.2154,0.2268,0.0881,0.1237
9,123,28,1000,107,147,96,0.096,70,0,0.6441,0.3153,0.0498,0.1773,0.05,0.125,0.6693,0.2471,0.1327,0.1206,0.44,0.5417,505,0,extracted,0.3231,0.0469,0.2154,0.2268,0.0881,0.1237
9,123,29,1000,107,220,122,0.122,109,0,0.6984,0.4298,0.2124,0.2544,0.24,0.25,0.6693,0.2471,0.1327,0.1206,0.44,0.5417,505,0,extracted,0.3235,0.0896,0.1765,0.2268,0.0881,0.1237
9,123,30,1000,107,220,122,0.122,109,0,0.6984,0.4298,0.2124,0.2544,0.24,0.25,0.6693,0.2471,0.1327,0.1206,0.44,0.5417,505,0,extracted,0.3235,0.0896,0.1765,0.2268,0.0881,0.1237
9,123,31,1000,107,220,122,0.122,109,0,0.6984,0.4298,0.2124,0.2544,0.24,0.25,0.6693,0.2471,0.1327,0.1206,0.44,0.5417,505,0,extracted,0.3235,0.0896,0.1765,0.2268,0.0881,0.1237
9,123,32,1000,107,220,122,0.122,109,0,0.6984,0.4298,0.2124,0.2544,0.24,0.25,0.6693,0.2471,0.1327,0.1206,0.44,0.5417,505,0,extracted,0.3235,0.0896,0.1765,0.2268,0.0881,0.1237
9,123,33,1000,107,220,122,0.122,109,0,0.6984,0.4298,0.2124,0.2544,0.24,0.25,0.6693,0.2471,0.1327,0.1206,0.44,0.5417,505,0,extracted,0.3235,0.0896,0.1765,0.2268,0.0881,0.1237
9,123,34,1000,107,220,122,0.122,109,0,0.6984,0.4298,0.2124,0.2544,0.24,0.25,0.6693,0.2471,0.1327,0.1206,0.44,0.5417,505,0,extracted,0.3235,0.0896,0.1765,0.2268,0.0881,0.1237
9,123,35,1000,107,279,165,0.165,137,0,0.6844,0.3911,0.171,0.2214,0.23,0.2083,0.6693,0.2471,0.1327,0.1206,0.44,0.5417,505,0,extracted,0.3333,0.0964,0.2024,0.2268,0.0881,0.1237
9,123,36,1000,107,279,165,0.165,137,0,0.6844,0.3911,0.171,0.2214,0.23,0.2083,0.6693,0.2471,0.1327,0.1206,0.44,0.5417,505,0,extracted,0.3333,0.0964,0.2024,0.2268,0.0881,0.1237
9,123,37,1000,107,279,165,0.165,137,0,0.6844,0.3911,0.171,0.2214,0.23,0.2083,0.6693,0.2471,0.1327,0.1206,0.44,0.5417,505,0,extracted,0.3333,0.0964,0.2024,0.2268,0.0881,0.1237
9,123,38,1000,107,279,165,0.165,137,0,0.6844,0.3911,0.171,0.2214,0.23,0.2083,0.6693,0.2471,0.1327,0.1206,0.44,0.5417,505,0,extracted,0.3333,0.0964,0.2024,0.2268,0.0881,0.1237
9,123,39,1000,107,279,165,0.165,137,0,0.6844,0.3911,0.171,0.2214,0.23,0.2083,0.6693,0.2471,0.1327,0.1206,0.44,0.5417,505,0,extracted,0.3333,0.0964,0.2024,0.2268,0.0881,0.1237
9,123,40,1000,107,279,165,0.165,137,0,0.6844,0.3911,0.171,0.2214,0.23,0.2083,0.6693,0.2471,0.1327,0.1206,0.44,0.5417,505,0,extracted,0.3333,0.0964,0.2024,0.2268,0.0881,0.1237
9,123,41,1000,107,325,190,0.19,158,0,0.6852,0.4054,0.1633,0.2027,0.24,0.2917,0.6693,0.2471,0.1327,0.1206,0.44,0.5417,505,0,extracted,0.324,0.0678,0.1453,0.2268,0.0881,0.1237
9,123,42,1000,107,325,190,0.19,158,0,0.6852,0.4054,0.1633,0.2027,0.24,0.2917,0.6693,0.2471,0.1327,0.1206,0.44,0.5417,505,0,extracted,0.324,0.0678,0.1453,0.2268,0.0881,0.1237
9,123,43,1000,107,325,190,0.19,158,0,0.6852,0.4054,0.1633,0.2027,0.24,0.2917,0.6693,0.2471,0.1327,0.1206,0.44,0.5417,505,0,extracted,0.324,0.0678,0.1453,0.2268,0.0881,0.1237
9,123,44,1000,107,325,190,0.19,158,0,0.6852,0.4054,0.1633,0.2027,0.24,0.2917,0.6693,0.2471,0.1327,0.1206,0.44,0.5417,505,0,extracted,0.324,0.0678,0.1453,0.2268,0.0881,0.1237
9,123,45,1000,107,325,190,0.19,158,0,0.6852,0.4054,0.1633,0.2027,0.24,0.2917,0.6693,0.2471,0.1327,0.1206,0.44,0.5417,505,0,extracted,0.324,0.0678,0.1453,0.2268,0.0881,0.1237
9,123,46,1000,107,325,190,0.19,158,0,0.6852,0.4054,0.1633,0.2027,0.24,0.2917,0.6693,0.2471,0.1327,0.1206,0.44,0.5417,505,0,extracted,0.324,0.0678,0.1453,0.2268,0.0881,0.1237
9,123,47,1000,107,369,223,0.223,180,0,0.6785,0.3526,0.1346,0.1824,0.22,0.2083,0.6693,0.2471,0.1327,0.1206,0.44,0.5417,505,0,extracted,0.2871,0.06,0.1485,0.2268,0.0881,0.1237
9,123,48,1000,107,369,223,0.223,180,0,0.6785,0.3526,0.1346,0.1824,0.22,0.2083,0.6693,0.2471,0.1327,0.1206,0.44,0.5417,505,0,extracted,0.2871,0.06,0.1485,0.2268,0.0881,0.1237
9,123,49,1000,107,369,223,0.223,180,0,0.6785,0.3526,0.1346,0.1824,0.22,0.2083,0.6693,0.2471,0.1327,0.1206,0.44,0.5417,505,0,extracted,0.2871,0.06,0.1485,0.2268,0.0881,0.1237
9,123,50,1000,107,369,223,0.223,180,0,0.6785,0.3526,0.1346,0.1824,0.22,0.2083,0.6693,0.2471,0.1327,0.1206,0.44,0.5417,505,0,extracted,0.2871,0.06,0.1485,0.2268,0.0881,0.1237
9,123,51,1000,107,369,223,0.223,180,0,0.6785,0.3526,0.1346,0.1824,0.22,0.2083,0.6693,0.2471,0.1327,0.1206,0.44,0.5417,505,0,extracted,0.2871,0.06,0.1485,0.2268,0.0881,0.1237
9,123,52,1000,107,369,223,0.223,180,0,0.6785,0.3526,0.1346,0.1824,0.22,0.2083,0.6693,0.2471,0.1327,0.1206,0.44,0.5417,505,0,extracted,0.2871,0.06,0.1485,0.2268,0.0881,0.1237
9,123,53,1000,107,369,223,0.223,180,0,0.6785,0.3526,0.1346,0.1824,0.22,0.2083,0.6693,0.2471,0.1327,0.1206,0.44,0.5417,505,0,extracted,0.2871,0.06,0.1485,0.2268,0.0881,0.1237
9,123,54,1000,107,414,237,0.237,204,0,0.6974,0.4315,0.1877,0.1749,0.32,0.375,0.6693,0.2471,0.1327,0.1206,0.44,0.5417,505,0,extracted,0.3541,0.087,0.1531,0.2268,0.0881,0.1237
9,123,55,1000,107,414,237,0.237,204,0,0.6974,0.4315,0.1877,0.1749,0.32,0.375,0.6693,0.2471,0.1327,0.1206,0.44,0.5417,505,0,extracted,0.3541,0.087,0.1531,0.2268,0.0881,0.1237
9,123,56,1000,107,414,237,0.237,204,0,0.6974,0.4315,0.1877,0.1749,0.32,0.375,0.6693,0.2471,0.1327,0.1206,0.44,0.5417,505,0,extracted,0.3541,0.087,0.1531,0.2268,0.0881,0.1237
9,123,57,1000,107,414,237,0.237,204,0,0.6974,0.4315,0.1877,0.1749,0.32,0.375,0.6693,0.2471,0.1327,0.1206,0.44,0.5417,505,0,extracted,0.3541,0.087,0.1531,0.2268,0.0881,0.1237
9,123,58,1000,107,414,237,0.237,204,0,0.6974,0.4315,0.1877,0.1749,0.32,0.375,0.6693,0.2471,0.1327,0.1206,0.44,0.5417,505,0,extracted,0.3541,0.087,0.1531,0.2268,0.0881,0.1237
9,123,59,1000,107,414,237,0.237,204,0,0.6974,0.4315,0.1877,0.1749,0.32,0.375,0.6693,0.2471,0.1327,0.1206,0.44,0.5417,505,0,extracted,0.3541,0.087,0.1531,0.2268,0.0881,0.1237
9,123,60,1000,107,468,271,0.271,230,0,0.6937,0.3979,0.1973,0.2334,0.36,0.4167,0.6693,0.2471,0.1327,0.1206,0.44,0.5417,505,0,extracted,0.3347,0.1181,0.1925,0.2268,0.0881,0.1237
9,123,61,1000,107,468,271,0.271,230,0,0.6937,0.3979,0.1973,0.2334,0.36,0.4167,0.6693,0.2471,0.1327,0.1206,0.44,0.5417,505,0,extracted,0.3347,0.1181,0.1925,0.2268,0.0881,0.1237
9,123,62,1000,107,468,271,0.271,230,0,0.6937,0.3979,0.1973,0.2334,0.36,0.4167,0.6693,0.2471,0.1327,0.1206,0.44,0.5417,505,0,extracted,0.3347,0.1181,0.1925,0.2268,0.0881,0.1237
9,123,63,1000,107,468,271,0.271,230,0,0.6937,0.3979,0.1973,0.2334,0.36,0.4167,0.6693,0.2471,0.1327,0.1206,0.44,0.5417,505,0,extracted,0.3347,0.1181,0.1925,0.2268,0.0881,0.1237
9,123,64,1000,107,468,271,0.271,230,0,0.6937,0.3979,0.1973,0.2334,0.36,0.4167,0.6693,0.2471,0.1327,0.1206,0.44,0.5417,505,0,extracted,0.3347,0.1181,0.1925,0.2268,0.0881,0.1237
9,123,65,1000,107,468,271,0.271,230,0,0.6937,0.3979,0.1973,0.2334,0.36,0.4167,0.6693,0.2471,0.1327,0.1206,0.44,0.5417,505,0,extracted,0.3347,0.1181,0.1925,0.2268,0.0881,0.1237
9,123,66,1000,107,525,312,0.312,257,0,0.6985,0.3405,0.1783,0.1679,0.36,0.375,0.6693,0.2471,0.1327,0.1206,0.44,0.5417,505,0,extracted,0.2902,0.1186,0.1647,0.2268,0.0881,0.1237
9,123,67,1000,107,525,312,0.312,257,0,0.6985,0.3405,0.1783,0.1679,0.36,0.375,0.6693,0.2471,0.1327,0.1206,0.44,0.5417,505,0,extracted,0.2902,0.1186,0.1647,0.2268,0.0881,0.1237
9,123,68,1000,107,525,312,0.312,257,0,0.6985,0.3405,0.1783,0.1679,0.36,0.375,0.6693,0.2471,0.1327,0.1206,0.44,0.5417,505,0,extracted,0.2902,0.1186,0.1647,0.2268,0.0881,0.1237
9,123,69,1000,107,525,312,0.312,257,0,0.6985,0.3405,0.1783,0.1679,0.36,0.375,0.6693,0.2471,0.1327,0.1206,0.44,0.5417,505,0,extracted,0.2902,0.1186,0.1647,0.2268,0.0881,0.1237
9,123,70,1000,107,525,312,0.312,257,0,0.6985,0.3405,0.1783,0.1679,0.36,0.375,0.6693,0.2471,0.1327,0.1206,0.44,0.5417,505,0,extracted,0.2902,0.1186,0.1647,0.2268,0.0881,0.1237
9,123,71,1000,107,525,312,0.312,257,0,0.6985,0.3405,0.1783,0.1679,0.36,0.375,0.6693,0.2471,0.1327,0.1206,0.44,0.5417,505,0,extracted,0.2902,0.1186,0.1647,0.2268,0.0881,0.1237
9,123,72,1000,107,584,343,0.343,286,0,0.6748,0.3022,0.125,0.12,0.27,0.4167,0.6693,0.2471,0.1327,0.1206,0.44,0.5417,505,0,extracted,0.2808,0.0966,0.137,0.2268,0.0881,0.1237
9,123,73,1000,107,584,343,0.343,286,0,0.6748,0.3022,0.125,0.12,0.27,0.4167,0.6693,0.2471,0.1327,0.1206,0.44,0.5417,505,0,extracted,0.2808,0.0966,0.137,0.2268,0.0881,0.1237
9,123,74,1000,107,584,343,0.343,286,0,0.6748,0.3022,0.125,0.12,0.27,0.4167,0.6693,0.2471,0.1327,0.1206,0.44,0.5417,505,0,extracted,0.2808,0.0966,0.137,0.2268,0.0881,0.1237
9,123,75,1000,107,584,343,0.343,286,0,0.6748,0.3022,0.125,0.12,0.27,0.4167,0.6693,0.2471,0.1327,0.1206,0.44,0.5417,505,0,extracted,0.2808,0.0966,0.137,0.2268,0.0881,0.1237
9,123,76,1000,107,584,343,0.343,286,0,0.6748,0.3022,0.125,0.12,0.27,0.4167,0.6693,0.2471,0.1327,0.1206,0.44,0.5417,505,0,extracted,0.2808,0.0966,0.137,0.2268,0.0881,0.1237
9,123,77,1000,107,584,343,0.343,286,0,0.6748,0.3022,0.125,0.12,0.27,0.4167,0.6693,0.2471,0.1327,0.1206,0.44,0.5417,505,0,extracted,0.2808,0.0966,0.137,0.2268,0.0881,0.1237
9,123,78,1000,107,584,343,0.343,286,0,0.6748,0.3022,0.125,0.12,0.27,0.4167,0.6693,0.2471,0.1327,0.1206,0.44,0.5417,505,0,extracted,0.2808,0.0966,0.137,0.2268,0.0881,0.1237
9,123,79,1000,107,684,400,0.4,338,0,0.6718,0.2927,0.1224,0.1138,0.3,0.375,0.6693,0.2471,0.1327,0.1206,0.44,0.5417,505,0,extracted,0.2695,0.0786,0.1277,0.2268,0.0881,0.1237
9,123,80,1000,107,684,400,0.4,338,0,0.6718,0.2927,0.1224,0.1138,0.3,0.375,0.6693,0.2471,0.1327,0.1206,0.44,0.5417,505,0,extracted,0.2695,0.0786,0.1277,0.2268,0.0881,0.1237
9,123,81,1000,107,684,400,0.4,338,0,0.6718,0.2927,0.1224,0.1138,0.3,0.375,0.6693,0.2471,0.1327,0.1206,0.44,0.5417,505,0,extracted,0.2695,0.0786,0.1277,0.2268,0.0881,0.1237
9,123,82,1000,107,684,400,0.4,338,0,0.6718,0.2927,0.1224,0.1138,0.3,0.375,0.6693,0.2471,0.1327,0.1206,0.44,0.5417,505,0,extracted,0.2695,0.0786,0.1277,0.2268,0.0881,0.1237
9,123,83,1000,107,684,400,0.4,338,0,0.6718,0.2927,0.1224,0.1138,0.3,0.375,0.6693,0.2471,0.1327,0.1206,0.44,0.5417,505,0,extracted,0.2695,0.0786,0.1277,0.2268,0.0881,0.1237
9,123,84,1000,107,684,400,0.4,338,0,0.6718,0.2927,0.1224,0.1138,0.3,0.375,0.6693,0.2471,0.1327,0.1206,0.44,0.5417,505,0,extracted,0.2695,0.0786,0.1277,0.2268,0.0881,0.1237
9,123,85,1000,107,775,474,0.474,384,0,0.6719,0.2583,0.1261,0.1361,0.33,0.375,0.6693,0.2471,0.1327,0.1206,0.44,0.5417,505,0,extracted,0.2184,0.0751,0.1379,0.2268,0.0881,0.1237
9,123,86,1000,107,775,474,0.474,384,0,0.6719,0.2583,0.1261,0.1361,0.33,0.375,0.6693,0.2471,0.1327,0.1206,0.44,0.5417,505,0,extracted,0.2184,0.0751,0.1379,0.2268,0.0881,0.1237
9,123,87,1000,107,775,474,0.474,384,0,0.6719,0.2583,0.1261,0.1361,0.33,0.375,0.6693,0.2471,0.1327,0.1206,0.44,0.5417,505,0,extracted,0.2184,0.0751,0.1379,0.2268,0.0881,0.1237
9,123,88,1000,107,775,474,0.474,384,0,0.6719,0.2583,0.1261,0.1361,0.33,0.375,0.6693,0.2471,0.1327,0.1206,0.44,0.5417,505,0,extracted,0.2184,0.0751,0.1379,0.2268,0.0881,0.1237
9,123,89,1000,107,775,474,0.474,384,0,0.6719,0.2583,0.1261,0.1361,0.33,0.375,0.6693,0.2471,0.1327,0.1206,0.44,0.5417,505,0,extracted,0.2184,0.0751,0.1379,0.2268,0.0881,0.1237
9,123,90,1000,107,775,474,0.474,384,0,0.6719,0.2583,0.1261,0.1361,0.33,0.375,0.6693,0.2471,0.1327,0.1206,0.44,0.5417,505,0,extracted,0.2184,0.0751,0.1379,0.2268,0.0881,0.1237
9,123,91,1000,107,854,514,0.514,422,0,0.68,0.2545,0.126,0.1455,0.36,0.375,0.6693,0.2471,0.1327,0.1206,0.44,0.5417,505,0,extracted,0.2143,0.0718,0.1484,0.2268,0.0881,0.1237
9,123,92,1000,107,854,514,0.514,422,0,0.68,0.2545,0.126,0.1455,0.36,0.375,0.6693,0.2471,0.1327,0.1206,0.44,0.5417,505,0,extracted,0.2143,0.0718,0.1484,0.2268,0.0881,0.1237
9,123,93,1000,107,854,514,0.514,422,0,0.68,0.2545,0.126,0.1455,0.36,0.375,0.6693,0.2471,0.1327,0.1206,0.44,0.5417,505,0,extracted,0.2143,0.0718,0.1484,0.2268,0.0881,0.1237
9,123,94,1000,107,854,514,0.514,422,0,0.68,0.2545,0.126,0.1455,0.36,0.375,0.6693,0.2471,0.1327,0.1206,0.44,0.5417,505,0,extracted,0.2143,0.0718,0.1484,0.2268,0.0881,0.1237
9,123,95,1000,107,854,514,0.514,422,0,0.68,0.2545,0.126,0.1455,0.36,0.375,0.6693,0.2471,0.1327,0.1206,0.44,0.5417,505,0,extracted,0.2143,0.0718,0.1484,0.2268,0.0881,0.1237
9,123,96,1000,107,854,514,0.514,422,0,0.68,0.2545,0.126,0.1455,0.36,0.375,0.6693,0.2471,0.1327,0.1206,0.44,0.5417,505,0,extracted,0.2143,0.0718,0.1484,0.2268,0.0881,0.1237
9,123,97,1000,107,987,571,0.571,492,0,0.6613,0.2481,0.1349,0.1315,0.43,0.4583,0.6693,0.2471,0.1327,0.1206,0.44,0.5417,505,0,extracted,0.2295,0.0879,0.1202,0.2268,0.0881,0.1237
9,123,98,1000,107,987,571,0.571,492,0,0.6613,0.2481,0.1349,0.1315,0.43,0.4583,0.6693,0.2471,0.1327,0.1206,0.44,0.5417,505,0,extracted,0.2295,0.0879,0.1202,0.2268,0.0881,0.1237
9,123,99,1000,107,987,571,0.571,492,0,0.6613,0.2481,0.1349,0.1315,0.43,0.4583,0.6693,0.2471,0.1327,0.1206,0.44,0.5417,505,0,extracted,0.2295,0.0879,0.1202,0.2268,0.0881,0.1237
9,123,100,1000,107,987,571,0.571,492,0,0.6613,0.2481,0.1349,0.1315,0.43,0.4583,0.6693,0.2471,0.1327,0.1206,0.44,0.5417,505,0,extracted,0.2295,0.0879,0.1202,0.2268,0.0881,0.1237
10,123,1,1141,70,13,21,0.018,7,0,0.5893,0.1099,0.0,0.0879,0.0,0.0,0.6329,0.1497,0.0652,0.1017,0.3134,0.5556,512,1,extracted,0.0784,0.0,0.0784,0.1081,0.0317,0.0811
10,123,2,1141,70,13,21,0.018,7,0,0.5893,0.1099,0.0,0.0879,0.0,0.0,0.6329,0.1497,0.0652,0.1017,0.3134,0.5556,512,1,extracted,0.0784,0.0,0.0784,0.1081,0.0317,0.0811
10,123,3,1141,70,13,21,0.018,7,0,0.5893,0.1099,0.0,0.0879,0.0,0.0,0.6329,0.1497,0.0652,0.1017,0.3134,0.5556,512,1,extracted,0.0784,0.0,0.0784,0.1081,0.0317,0.0811
10,123,4,1141,70,13,21,0.018,7,0,0.5893,0.1099,0.0,0.0879,0.0,0.0,0.6329,0.1497,0.0652,0.1017,0.3134,0.5556,512,1,extracted,0.0784,0.0,0.0784,0.1081,0.0317,0.0811
10,123,5,1141,70,13,21,0.018,7,0,0.5893,0.1099,0.0,0.0879,0.0,0.0,0.6329,0.1497,0.0652,0.1017,0.3134,0.5556,512,1,extracted,0.0784,0.0,0.0784,0.1081,0.0317,0.0811
10,123,6,1141,70,31,31,0.027,14,0,0.5878,0.198,0.0202,0.1188,0.0149,0.0556,0.6329,0.1497,0.0652,0.1017,0.3134,0.5556,512,1,extracted,0.1379,0.0,0.1034,0.1081,0.0317,0.0811
10,123,7,1141,70,31,31,0.027,14,0,0.5878,0.198,0.0202,0.1188,0.0149,0.0556,0.6329,0.1497,0.0652,0.1017,0.3134,0.5556,512,1,extracted,0.1379,0.0,0.1034,0.1081,0.0317,0.0811
10,123,8,1141,70,31,31,0.027,14,0,0.5878,0.198,0.0202,0.1188,0.0149,0.0556,0.6329,0.1497,0.0652,0.1017,0.3134,0.5556,512,1,extracted,0.1379,0.0,0.1034,0.1081,0.0317,0.0811
10,123,9,1141,70,31,31,0.027,14,0,0.5878,0.198,0.0202,0.1188,0.0149,0.0556,0.6329,0.1497,0.0652,0.1017,0.3134,0.5556,512,1,extracted,0.1379,0.0,0.1034,0.1081,0.0317,0.0811
10,123,10,1141,70,50,49,0.043,22,0,0.5915,0.2521,0.0171,0.1345,0.0149,0.0556,0.6329,0.1497,0.0652,0.1017,0.3134,0.5556,512,1,extracted,0.1429,0.0,0.0857,0.1081,0.0317,0.0811
10,123,11,1141,70,50,49,0.043,22,0,0.5915,0.2521,0.0171,0.1345,0.0149,0.0556,0.6329,0.1497,0.0652,0.1017,0.3134,0.5556,512,1,extracted,0.1429,0.0,0.0857,0.1081,0.0317,0.0811
10,123,12,1141,70,50,49,0.043,22,0,0.5915,0.2521,0.0171,0.1345,0.0149,0.0556,0.6329,0.1497,0.0652,0.1017,0.3134,0.5556,512,1,extracted,0.1429,0.0,0.0857,0.1081,0.0317,0.0811
10,123,13,1141,70,50,49,0.043,22,0,0.5915,0.2521,0.0171,0.1345,0.0149,0.0556,0.6329,0.1497,0.0652,0.1017,0.3134,0.5556,512,1,extracted,0.1429,0.0,0.0857,0.1081,0.0317,0.0811
10,123,14,1141,70,71,40,0.035,33,0,0.5887,0.1273,0.0,0.0727,0.0,0.0,0.6329,0.1497,0.0652,0.1017,0.3134,0.5556,512,1,extracted,0.1212,0.0,0.1212,0.1081,0.0317,0.0811
10,123,15,1141,70,71,40,0.035,33,0,0.5887,0.1273,0.0,0.0727,0.0,0.0,0.6329,0.1497,0.0652,0.1017,0.3134,0.5556,512,1,extracted,0.1212,0.0,0.1212,0.1081,0.0317,0.0811
10,123,16,1141,70,71,40,0.035,33,0,0.5887,0.1273,0.0,0.0727,0.0,0.0,0.6329,0.1497,0.0652,0.1017,0.3134,0.5556,512,1,extracted,0.1212,0.0,0.1212,0.1081,0.0317,0.0811
10,123,17,1141,70,71,40,0.035,33,0,0.5887,0.1273,0.0,0.0727,0.0,0.0,0.6329,0.1497,0.0652,0.1017,0.3134,0.5556,512,1,extracted,0.1212,0.0,0.1212,0.1081,0.0317,0.0811
10,123,18,1141,70,97,54,0.047,43,0,0.592,0.2097,0.0,0.0968,0.0,0.0,0.6329,0.1497,0.0652,0.1017,0.3134,0.5556,512,1,extracted,0.2162,0.0,0.1081,0.1081,0.0317,0.0811
10,123,19,1141,70,97,54,0.047,43,0,0.592,0.2097,0.0,0.0968,0.0,0.0,0.6329,0.1497,0.0652,0.1017,0.3134,0.5556,512,1,extracted,0.2162,0.0,0.1081,0.1081,0.0317,0.0811
10,123,20,1141,70,97,54,0.047,43,0,0.592,0.2097,0.0,0.0968,0.0,0.0,0.6329,0.1497,0.0652,0.1017,0.3134,0.5556,512,1,extracted,0.2162,0.0,0.1081,0.1081,0.0317,0.0811
10,123,21,1141,70,97,54,0.047,43,0,0.592,0.2097,0.0,0.0968,0.0,0.0,0.6329,0.1497,0.0652,0.1017,0.3134,0.5556,512,1,extracted,0.2162,0.0,0.1081,0.1081,0.0317,0.0811
10,123,22,1141,70,124,78,0.068,57,0,0.5885,0.2838,0.0411,0.1216,0.0448,0.0556,0.6329,0.1497,0.0652,0.1017,0.3134,0.5556,512,1,extracted,0.2444,0.0227,0.1333,0.1081,0.0317,0.0811
10,123,23,1141,70,124,78,0.068,57,0,0.5885,0.2838,0.0411,0.1216,0.0448,0.0556,0.6329,0.1497,0.0652,0.1017,0.3134,0.5556,512,1,extracted,0.2444,0.0227,0.1333,0.1081,0.0317,0.0811
10,123,24,1141,70,124,78,0.068,57,0,0.5885,0.2838,0.0411,0.1216,0.0448,0.0556,0.6329,0.1497,0.0652,0.1017,0.3134,0.5556,512,1,extracted,0.2444,0.0227,0.1333,0.1081,0.0317,0.0811
10,123,25,1141,70,124,78,0.068,57,0,0.5885,0.2838,0.0411,0.1216,0.0448,0.0556,0.6329,0.1497,0.0652,0.1017,0.3134,0.5556,512,1,extracted,0.2444,0.0227,0.1333,0.1081,0.0317,0.0811
10,123,26,1141,70,151,94,0.082,69,0,0.6046,0.2927,0.0494,0.1463,0.0448,0.0,0.6329,0.1497,0.0652,0.1017,0.3134,0.5556,512,1,extracted,0.2128,0.0217,0.1489,0.1081,0.0317,0.0811
10,123,27,1141,70,151,94,0.082,69,0,0.6046,0.2927,0.0494,0.1463,0.0448,0.0,0.6329,0.1497,0.0652,0.1017,0.3134,0.5556,512,1,extracted,0.2128,0.0217,0.1489,0.1081,0.0317,0.0811
10,123,28,1141,70,151,94,0.082,69,0,0.6046,0.2927,0.0494,0.1463,0.0448,0.0,0.6329,0.1497,0.0652,0.1017,0.3134,0.5556,512,1,extracted,0.2128,0.0217,0.1489,0.1081,0.0317,0.0811
10,123,29,1141,70,188,108,0.095,89,0,0.6287,0.3034,0.0455,0.1461,0.0597,0.1111,0.6329,0.1497,0.0652,0.1017,0.3134,0.5556,512,1,extracted,0.2115,0.0196,0.1538,0.1081,0.0317,0.0811
10,123,30,1141,70,188,108,0.095,89,0,0.6287,0.3034,0.0455,0.1461,0.0597,0.1111,0.6329,0.1497,0.0652,0.1017,0.3134,0.5556,512,1,extracted,0.2115,0.0196,0.1538,0.1081,0.0317,0.0811
10,123,31,1141,70,188,108,0.095,89,0,0.6287,0.3034,0.0455,0.1461,0.0597,0.1111,0.6329,0.1497,0.0652,0.1017,0.3134,0.5556,512,1,extracted,0.2115,0.0196,0.1538,0.1081,0.0317,0.0811
10,123,32,1141,70,188,108,0.095,89,0,0.6287,0.3034,0.0455,0.1461,0.0597,0.1111,0.6329,0.1497,0.0652,0.1017,0.3134,0.5556,512,1,extracted,0.2115,0.0196,0.1538,0.1081,0.0317,0.0811
10,123,33,1141,70,221,128,0.112,108,0,0.6167,0.303,0.051,0.1515,0.0746,0.1111,0.6329,0.1497,0.0652,0.1017,0.3134,0.5556,512,1,extracted,0.2051,0.0348,0.1538,0.1081,0.0317,0.0811
10,123,34,1141,70,221,128,0.112,108,0,0.6167,0.303,0.051,0.1515,0.0746,0.1111,0.6329,0.1497,0.0652,0.1017,0.3134,0.5556,512,1,extracted,0.2051,0.0348,0.1538,0.1081,0.0317,0.0811
10,123,35,1141,70,221,128,0.112,108,0,0.6167,0.303,0.051,0.1515,0.0746,0.1111,0.6329,0.1497,0.0652,0.1017,0.3134,0.5556,512,1,extracted,0.2051,0.0348,0.1538,0.1081,0.0317,0.0811
10,123,36,1141,70,221,128,0.112,108,0,0.6167,0.303,0.051,0.1515,0.0746,0.1111,0.6329,0.1497,0.0652,0.1017,0.3134,0.5556,512,1,extracted,0.2051,0.0348,0.1538,0.1081,0.0317,0.0811
10,123,37,1141,70,257,150,0.131,125,0,0.6518,0.3273,0.1009,0.1455,0.1642,0.2778,0.6329,0.1497,0.0652,0.1017,0.3134,0.5556,512,1,extracted,0.2406,0.0458,0.1504,0.1081,0.0317,0.0811
10,123,38,1141,70,257,150,0.131,125,0,0.6518,0.3273,0.1009,0.1455,0.1642,0.2778,0.6329,0.1497,0.0652,0.1017,0.3134,0.5556,512,1,extracted,0.2406,0.0458,0.1504,0.1081,0.0317,0.0811
10,123,39,1141,70,257,150,0.131,125,0,0.6518,0.3273,0.1009,0.1455,0.1642,0.2778,0.6329,0.1497,0.0652,0.1017,0.3134,0.5556,512,1,extracted,0.2406,0.0458,0.1504,0.1081,0.0317,0.0811
10,123,40,1141,70,257,150,0.131,125,0,0.6518,0.3273,0.1009,0.1455,0.1642,0.2778,0.6329,0.1497,0.0652,0.1017,0.3134,0.5556,512,1,extracted,0.2406,0.0458,0.1504,0.1081,0.0317,0.0811
10,123,41,1141,70,292,179,0.157,142,0,0.6321,0.3052,0.1053,0.1526,0.194,0.2778,0.6329,0.1497,0.0652,0.1017,0.3134,0.5556,512,1,extracted,0.2162,0.0411,0.1216,0.1081,0.0317,0.0811
10,123,42,1141,70,292,179,0.157,142,0,0.6321,0.3052,0.1053,0.1526,0.194,0.2778,0.6329,0.1497,0.0652,0.1017,0.3134,0.5556,512,1,extracted,0.2162,0.0411,0.1216,0.1081,0.0317,0.0811
10,123,43,1141,70,292,179,0.157,142,0,0.6321,0.3052,0.1053,0.1526,0.194,0.2778,0.6329,0.1497,0.0652,0.1017,0.3134,0.5556,512,1,extracted,0.2162,0.0411,0.1216,0.1081,0.0317,0.0811
10,123,44,1141,70,292,179,0.157,142,0,0.6321,0.3052,0.1053,0.1526,0.194,0.2778,0.6329,0.1497,0.0652,0.1017,0.3134,0.5556,512,1,extracted,0.2162,0.0411,0.1216,0.1081,0.0317,0.0811
10,123,45,1141,70,336,195,0.171,161,0,0.6312,0.3245,0.1217,0.1358,0.2388,0.3889,0.6329,0.1497,0.0652,0.1017,0.3134,0.5556,512,1,extracted,0.2375,0.0633,0.1125,0.1081,0.0317,0.0811
10,123,46,1141,70,336,195,0.171,161,0,0.6312,0.3245,0.1217,0.1358,0.2388,0.3889,0.6329,0.1497,0.0652,0.1017,0.3134,0.5556,512,1,extracted,0.2375,0.0633,0.1125,0.1081,0.0317,0.0811
10,123,47,1141,70,336,195,0.171,161,0,0.6312,0.3245,0.1217,0.1358,0.2388,0.3889,0.6329,0.1497,0.0652,0.1017,0.3134,0.5556,512,1,extracted,0.2375,0.0633,0.1125,0.1081,0.0317,0.0811
10,123,48,1141,70,336,195,0.171,161,0,0.6312,0.3245,0.1217,0.1358,0.2388,0.3889,0.6329,0.1497,0.0652,0.1017,0.3134,0.5556,512,1,extracted,0.2375,0.0633,0.1125,0.1081,0.0317,0.0811
10,123,49,1141,70,378,233,0.204,185,0,0.6353,0.3102,0.1262,0.132,0.2687,0.3889,0.6329,0.1497,0.0652,0.1017,0.3134,0.5556,512,1,extracted,0.2247,0.0568,0.1124,0.1081,0.0317,0.0811
10,123,50,1141,70,378,233,0.204,185,0,0.6353,0.3102,0.1262,0.132,0.2687,0.3889,0.6329,0.1497,0.0652,0.1017,0.3134,0.5556,512,1,extracted,0.2247,0.0568,0.1124,0.1081,0.0317,0.0811
10,123,51,1141,70,378,233,0.204,185,0,0.6353,0.3102,0.1262,0.132,0.2687,0.3889,0.6329,0.1497,0.0652,0.1017,0.3134,0.5556,512,1,extracted,0.2247,0.0568,0.1124,0.1081,0.0317,0.0811
10,123,52,1141,70,408,247,0.216,198,0,0.6305,0.2965,0.1079,0.1262,0.2388,0.3333,0.6329,0.1497,0.0652,0.1017,0.3134,0.5556,512,1,extracted,0.1935,0.0435,0.1075,0.1081,0.0317,0.0811
10,123,53,1141,70,408,247,0.216,198,0,0.6305,0.2965,0.1079,0.1262,0.2388,0.3333,0.6329,0.1497,0.0652,0.1017,0.3134,0.5556,512,1,extracted,0.1935,0.0435,0.1075,0.1081,0.0317,0.0811
10,123,54,1141,70,408,247,0.216,198,0,0.6305,0.2965,0.1079,0.1262,0.2388,0.3333,0.6329,0.1497,0.0652,0.1017,0.3134,0.5556,512,1,extracted,0.1935,0.0435,0.1075,0.1081,0.0317,0.0811
10,123,55,1141,70,408,247,0.216,198,0,0.6305,0.2965,0.1079,0.1262,0.2388,0.3333,0.6329,0.1497,0.0652,0.1017,0.3134,0.5556,512,1,extracted,0.1935,0.0435,0.1075,0.1081,0.0317,0.0811
10,123,56,1141,70,467,287,0.252,228,0,0.6278,0.2743,0.0977,0.12,0.2388,0.3333,0.6329,0.1497,0.0652,0.1017,0.3134,0.5556,512,1,extracted,0.1905,0.0428,0.1058,0.1081,0.0317,0.0811
10,123,57,1141,70,467,287,0.252,228,0,0.6278,0.2743,0.0977,0.12,0.2388,0.3333,0.6329,0.1497,0.0652,0.1017,0.3134,0.5556,512,1,extracted,0.1905,0.0428,0.1058,0.1081,0.0317,0.0811
10,123,58,1141,70,467,287,0.252,228,0,0.6278,0.2743,0.0977,0.12,0.2388,0.3333,0.6329,0.1497,0.0652,0.1017,0.3134,0.5556,512,1,extracted,0.1905,0.0428,0.1058,0.1081,0.0317,0.0811
10,123,59,1141,70,467,287,0.252,228,0,0.6278,0.2743,0.0977,0.12,0.2388,0.3333,0.6329,0.1497,0.0652,0.1017,0.3134,0.5556,512,1,extracted,0.1905,0.0428,0.1058,0.1081,0.0317,0.0811
10,123,60,1141,70,508,305,0.267,249,0,0.6559,0.2678,0.1264,0.1311,0.3433,0.5,0.6329,0.1497,0.0652,0.1017,0.3134,0.5556,512,1,extracted,0.2132,0.0513,0.1117,0.1081,0.0317,0.0811
10,123,61,1141,70,508,305,0.267,249,0,0.6559,0.2678,0.1264,0.1311,0.3433,0.5,0.6329,0.1497,0.0652,0.1017,0.3134,0.5556,512,1,extracted,0.2132,0.0513,0.1117,0.1081,0.0317,0.0811
10,123,62,1141,70,508,305,0.267,249,0,0.6559,0.2678,0.1264,0.1311,0.3433,0.5,0.6329,0.1497,0.0652,0.1017,0.3134,0.5556,512,1,extracted,0.2132,0.0513,0.1117,0.1081,0.0317,0.0811
10,123,63,1141,70,508,305,0.267,249,0,0.6559,0.2678,0.1264,0.1311,0.3433,0.5,0.6329,0.1497,0.0652,0.1017,0.3134,0.5556,512,1,extracted,0.2132,0.0513,0.1117,0.1081,0.0317,0.0811
10,123,64,1141,70,546,328,0.287,274,0,0.637,0.2211,0.0982,0.1028,0.2687,0.3889,0.6329,0.1497,0.0652,0.1017,0.3134,0.5556,512,1,extracted,0.1651,0.0463,0.1101,0.1081,0.0317,0.0811
10,123,65,1141,70,546,328,0.287,274,0,0.637,0.2211,0.0982,0.1028,0.2687,0.3889,0.6329,0.1497,0.0652,0.1017,0.3134,0.5556,512,1,extracted,0.1651,0.0463,0.1101,0.1081,0.0317,0.0811
10,123,66,1141,70,546,328,0.287,274,0,0.637,0.2211,0.0982,0.1028,0.2687,0.3889,0.6329,0.1497,0.0652,0.1017,0.3134,0.5556,512,1,extracted,0.1651,0.0463,0.1101,0.1081,0.0317,0.0811
10,123,67,1141,70,546,328,0.287,274,0,0.637,0.2211,0.0982,0.1028,0.2687,0.3889,0.6329,0.1497,0.0652,0.1017,0.3134,0.5556,512,1,extracted,0.1651,0.0463,0.1101,0.1081,0.0317,0.0811
10,123,68,1141,70,580,346,0.303,289,0,0.6437,0.2162,0.0938,0.1376,0.2687,0.3889,0.6329,0.1497,0.0652,0.1017,0.3134,0.5556,512,1,extracted,0.1674,0.0533,0.1145,0.1081,0.0317,0.0811
10,123,69,1141,70,580,346,0.303,289,0,0.6437,0.2162,0.0938,0.1376,0.2687,0.3889,0.6329,0.1497,0.0652,0.1017,0.3134,0.5556,512,1,extracted,0.1674,0.0533,0.1145,0.1081,0.0317,0.0811
10,123,70,1141,70,580,346,0.303,289,0,0.6437,0.2162,0.0938,0.1376,0.2687,0.3889,0.6329,0.1497,0.0652,0.1017,0.3134,0.5556,512,1,extracted,0.1674,0.0533,0.1145,0.1081,0.0317,0.0811
10,123,71,1141,70,580,346,0.303,289,0,0.6437,0.2162,0.0938,0.1376,0.2687,0.3889,0.6329,0.1497,0.0652,0.1017,0.3134,0.5556,512,1,extracted,0.1674,0.0533,0.1145,0.1081,0.0317,0.0811
10,123,72,1141,70,617,370,0.324,301,0,0.631,0.2367,0.1119,0.1392,0.3284,0.5,0.6329,0.1497,0.0652,0.1017,0.3134,0.5556,512,1,extracted,0.1857,0.0596,0.1013,0.1081,0.0317,0.0811
10,123,73,1141,70,617,370,0.324,301,0,0.631,0.2367,0.1119,0.1392,0.3284,0.5,0.6329,0.1497,0.0652,0.1017,0.3134,0.5556,512,1,extracted,0.1857,0.0596,0.1013,0.1081,0.0317,0.0811
10,123,74,1141,70,617,370,0.324,301,0,0.631,0.2367,0.1119,0.1392,0.3284,0.5,0.6329,0.1497,0.0652,0.1017,0.3134,0.5556,512,1,extracted,0.1857,0.0596,0.1013,0.1081,0.0317,0.0811
10,123,75,1141,70,706,415,0.364,352,0,0.6597,0.2316,0.1184,0.1263,0.3881,0.5556,0.6329,0.1497,0.0652,0.1017,0.3134,0.5556,512,1,extracted,0.1679,0.0515,0.1168,0.1081,0.0317,0.0811
10,123,76,1141,70,706,415,0.364,352,0,0.6597,0.2316,0.1184,0.1263,0.3881,0.5556,0.6329,0.1497,0.0652,0.1017,0.3134,0.5556,512,1,extracted,0.1679,0.0515,0.1168,0.1081,0.0317,0.0811
10,123,77,1141,70,706,415,0.364,352,0,0.6597,0.2316,0.1184,0.1263,0.3881,0.5556,0.6329,0.1497,0.0652,0.1017,0.3134,0.5556,512,1,extracted,0.1679,0.0515,0.1168,0.1081,0.0317,0.0811
10,123,78,1141,70,706,415,0.364,352,0,0.6597,0.2316,0.1184,0.1263,0.3881,0.5556,0.6329,0.1497,0.0652,0.1017,0.3134,0.5556,512,1,extracted,0.1679,0.0515,0.1168,0.1081,0.0317,0.0811
10,123,79,1141,70,795,458,0.401,389,0,0.645,0.2038,0.1042,0.1115,0.3731,0.5556,0.6329,0.1497,0.0652,0.1017,0.3134,0.5556,512,1,extracted,0.1503,0.0461,0.1111,0.1081,0.0317,0.0811
10,123,80,1141,70,795,458,0.401,389,0,0.645,0.2038,0.1042,0.1115,0.3731,0.5556,0.6329,0.1497,0.0652,0.1017,0.3134,0.5556,512,1,extracted,0.1503,0.0461,0.1111,0.1081,0.0317,0.0811
10,123,81,1141,70,795,458,0.401,389,0,0.645,0.2038,0.1042,0.1115,0.3731,0.5556,0.6329,0.1497,0.0652,0.1017,0.3134,0.5556,512,1,extracted,0.1503,0.0461,0.1111,0.1081,0.0317,0.0811
10,123,82,1141,70,795,458,0.401,389,0,0.645,0.2038,0.1042,0.1115,0.3731,0.5556,0.6329,0.1497,0.0652,0.1017,0.3134,0.5556,512,1,extracted,0.1503,0.0461,0.1111,0.1081,0.0317,0.0811
10,123,83,1141,70,847,470,0.412,408,0,0.6331,0.2075,0.1061,0.117,0.3881,0.5556,0.6329,0.1497,0.0652,0.1017,0.3134,0.5556,512,1,extracted,0.1494,0.0458,0.1169,0.1081,0.0317,0.0811
10,123,84,1141,70,847,470,0.412,408,0,0.6331,0.2075,0.1061,0.117,0.3881,0.5556,0.6329,0.1497,0.0652,0.1017,0.3134,0.5556,512,1,extracted,0.1494,0.0458,0.1169,0.1081,0.0317,0.0811
10,123,85,1141,70,847,470,0.412,408,0,0.6331,0.2075,0.1061,0.117,0.3881,0.5556,0.6329,0.1497,0.0652,0.1017,0.3134,0.5556,512,1,extracted,0.1494,0.0458,0.1169,0.1081,0.0317,0.0811
10,123,86,1141,70,847,470,0.412,408,0,0.6331,0.2075,0.1061,0.117,0.3881,0.5556,0.6329,0.1497,0.0652,0.1017,0.3134,0.5556,512,1,extracted,0.1494,0.0458,0.1169,0.1081,0.0317,0.0811
10,123,87,1141,70,900,537,0.471,425,0,0.6422,0.1917,0.0896,0.1157,0.3731,0.6111,0.6329,0.1497,0.0652,0.1017,0.3134,0.5556,512,1,extracted,0.1301,0.0327,0.0976,0.1081,0.0317,0.0811
10,123,88,1141,70,900,537,0.471,425,0,0.6422,0.1917,0.0896,0.1157,0.3731,0.6111,0.6329,0.1497,0.0652,0.1017,0.3134,0.5556,512,1,extracted,0.1301,0.0327,0.0976,0.1081,0.0317,0.0811
10,123,89,1141,70,900,537,0.471,425,0,0.6422,0.1917,0.0896,0.1157,0.3731,0.6111,0.6329,0.1497,0.0652,0.1017,0.3134,0.5556,512,1,extracted,0.1301,0.0327,0.0976,0.1081,0.0317,0.0811
10,123,90,1141,70,900,537,0.471,425,0,0.6422,0.1917,0.0896,0.1157,0.3731,0.6111,0.6329,0.1497,0.0652,0.1017,0.3134,0.5556,512,1,extracted,0.1301,0.0327,0.0976,0.1081,0.0317,0.0811
10,123,91,1141,70,985,566,0.496,464,0,0.6457,0.1798,0.0823,0.1104,0.3582,0.5556,0.6329,0.1497,0.0652,0.1017,0.3134,0.5556,512,1,extracted,0.1231,0.0309,0.0923,0.1081,0.0317,0.0811
10,123,92,1141,70,985,566,0.496,464,0,0.6457,0.1798,0.0823,0.1104,0.3582,0.5556,0.6329,0.1497,0.0652,0.1017,0.3134,0.5556,512,1,extracted,0.1231,0.0309,0.0923,0.1081,0.0317,0.0811
10,123,93,1141,70,985,566,0.496,464,0,0.6457,0.1798,0.0823,0.1104,0.3582,0.5556,0.6329,0.1497,0.0652,0.1017,0.3134,0.5556,512,1,extracted,0.1231,0.0309,0.0923,0.1081,0.0317,0.0811
10,123,94,1141,70,985,566,0.496,464,0,0.6457,0.1798,0.0823,0.1104,0.3582,0.5556,0.6329,0.1497,0.0652,0.1017,0.3134,0.5556,512,1,extracted,0.1231,0.0309,0.0923,0.1081,0.0317,0.0811
10,123,95,1141,70,1047,587,0.514,495,0,0.6539,0.1616,0.0948,0.1006,0.4328,0.6111,0.6329,0.1497,0.0652,0.1017,0.3134,0.5556,512,1,extracted,0.1202,0.0435,0.0913,0.1081,0.0317,0.0811
10,123,96,1141,70,1047,587,0.514,495,0,0.6539,0.1616,0.0948,0.1006,0.4328,0.6111,0.6329,0.1497,0.0652,0.1017,0.3134,0.5556,512,1,extracted,0.1202,0.0435,0.0913,0.1081,0.0317,0.0811
10,123,97,1141,70,1047,587,0.514,495,0,0.6539,0.1616,0.0948,0.1006,0.4328,0.6111,0.6329,0.1497,0.0652,0.1017,0.3134,0.5556,512,1,extracted,0.1202,0.0435,0.0913,0.1081,0.0317,0.0811
10,123,98,1141,70,1047,587,0.514,495,0,0.6539,0.1616,0.0948,0.1006,0.4328,0.6111,0.6329,0.1497,0.0652,0.1017,0.3134,0.5556,512,1,extracted,0.1202,0.0435,0.0913,0.1081,0.0317,0.0811
10,123,99,1141,70,1130,583,0.511,512,1,0.645,0.1564,0.08,0.1043,0.3582,0.5556,0.6329,0.1497,0.0652,0.1017,0.3134,0.5556,512,1,extracted,0.1154,0.0483,0.0962,0.1081,0.0317,0.0811
10,123,100,1141,70,1130,583,0.511,512,1,0.645,0.1564,0.08,0.1043,0.3582,0.5556,0.6329,0.1497,0.0652,0.1017,0.3134,0.5556,512,1,extracted,0.1154,0.0483,0.0962,0.1081,0.0317,0.0811
11,123,1,1130,54,21,23,0.02,11,0,0.6929,0.3117,0.1067,0.2338,0.0755,0.1176,0.6602,0.151,0.0773,0.0863,0.4717,0.6471,512,1,extracted,0.36,0.0833,0.28,0.1412,0.052,0.0847
11,123,2,1130,54,21,23,0.02,11,0,0.6929,0.3117,0.1067,0.2338,0.0755,0.1176,0.6602,0.151,0.0773,0.0863,0.4717,0.6471,512,1,extracted,0.36,0.0833,0.28,0.1412,0.052,0.0847
11,123,3,1130,54,21,23,0.02,11,0,0.6929,0.3117,0.1067,0.2338,0.0755,0.1176,0.6602,0.151,0.0773,0.0863,0.4717,0.6471,512,1,extracted,0.36,0.0833,0.28,0.1412,0.052,0.0847
11,123,4,1130,54,21,23,0.02,11,0,0.6929,0.3117,0.1067,0.2338,0.0755,0.1176,0.6602,0.151,0.0773,0.0863,0.4717,0.6471,512,1,extracted,0.36,0.0833,0.28,0.1412,0.052,0.0847
11,123,5,1130,54,21,23,0.02,11,0,0.6929,0.3117,0.1067,0.2338,0.0755,0.1176,0.6602,0.151,0.0773,0.0863,0.4717,0.6471,512,1,extracted,0.36,0.0833,0.28,0.1412,0.052,0.0847
11,123,6,1130,54,21,23,0.02,11,0,0.6929,0.3117,0.1067,0.2338,0.0755,0.1176,0.6602,0.151,0.0773,0.0863,0.4717,0.6471,512,1,extracted,0.36,0.0833,0.28,0.1412,0.052,0.0847
11,123,7,1130,54,21,23,0.02,11,0,0.6929,0.3117,0.1067,0.2338,0.0755,0.1176,0.6602,0.151,0.0773,0.0863,0.4717,0.6471,512,1,extracted,0.36,0.0833,0.28,0.1412,0.052,0.0847
11,123,8,1130,54,47,41,0.036,23,0,0.6763,0.3368,0.1075,0.1895,0.0943,0.1176,0.6602,0.151,0.0773,0.0863,0.4717,0.6471,512,1,extracted,0.3871,0.0667,0.2258,0.1412,0.052,0.0847
11,123,9,1130,54,47,41,0.036,23,0,0.6763,0.3368,0.1075,0.1895,0.0943,0.1176,0.6602,0.151,0.0773,0.0863,0.4717,0.6471,512,1,extracted,0.3871,0.0667,0.2258,0.1412,0.052,0.0847
11,123,10,1130,54,47,41,0.036,23,0,0.6763,0.3368,0.1075,0.1895,0.0943,0.1176,0.6602,0.151,0.0773,0.0863,0.4717,0.6471,512,1,extracted,0.3871,0.0667,0.2258,0.1412,0.052,0.0847
11,123,11,1130,54,47,41,0.036,23,0,0.6763,0.3368,0.1075,0.1895,0.0943,0.1176,0.6602,0.151,0.0773,0.0863,0.4717,0.6471,512,1,extracted,0.3871,0.0667,0.2258,0.1412,0.052,0.0847
11,123,12,1130,54,47,41,0.036,23,0,0.6763,0.3368,0.1075,0.1895,0.0943,0.1176,0.6602,0.151,0.0773,0.0863,0.4717,0.6471,512,1,extracted,0.3871,0.0667,0.2258,0.1412,0.052,0.0847
11,123,13,1130,54,74,45,0.04,36,0,0.6745,0.303,0.0825,0.1818,0.0755,0.1176,0.6602,0.151,0.0773,0.0863,0.4717,0.6471,512,1,extracted,0.3529,0.0606,0.2059,0.1412,0.052,0.0847
11,123,14,1130,54,74,45,0.04,36,0,0.6745,0.303,0.0825,0.1818,0.0755,0.1176,0.6602,0.151,0.0773,0.0863,0.4717,0.6471,512,1,extracted,0.3529,0.0606,0.2059,0.1412,0.052,0.0847
11,123,15,1130,54,74,45,0.04,36,0,0.6745,0.303,0.0825,0.1818,0.0755,0.1176,0.6602,0.151,0.0773,0.0863,0.4717,0.6471,512,1,extracted,0.3529,0.0606,0.2059,0.1412,0.052,0.0847
11,123,16,1130,54,74,45,0.04,36,0,0.6745,0.303,0.0825,0.1818,0.0755,0.1176,0.6602,0.151,0.0773,0.0863,0.4717,0.6471,512,1,extracted,0.3529,0.0606,0.2059,0.1412,0.052,0.0847
11,123,17,1130,54,74,45,0.04,36,0,0.6745,0.303,0.0825,0.1818,0.0755,0.1176,0.6602,0.151,0.0773,0.0863,0.4717,0.6471,512,1,extracted,0.3529,0.0606,0.2059,0.1412,0.052,0.0847
11,123,18,1130,54,107,64,0.057,51,0,0.6717,0.3559,0.1207,0.1356,0.1321,0.2353,0.6602,0.151,0.0773,0.0863,0.4717,0.6471,512,1,extracted,0.3659,0.075,0.1463,0.1412,0.052,0.0847
11,123,19,1130,54,107,64,0.057,51,0,0.6717,0.3559,0.1207,0.1356,0.1321,0.2353,0.6602,0.151,0.0773,0.0863,0.4717,0.6471,512,1,extracted,0.3659,0.075,0.1463,0.1412,0.052,0.0847
11,123,20,1130,54,107,64,0.057,51,0,0.6717,0.3559,0.1207,0.1356,0.1321,0.2353,0.6602,0.151,0.0773,0.0863,0.4717,0.6471,512,1,extracted,0.3659,0.075,0.1463,0.1412,0.052,0.0847
11,123,21,1130,54,107,64,0.057,51,0,0.6717,0.3559,0.1207,0.1356,0.1321,0.2353,0.6602,0.151,0.0773,0.0863,0.4717,0.6471,512,1,extracted,0.3659,0.075,0.1463,0.1412,0.052,0.0847
11,123,22,1130,54,107,64,0.057,51,0,0.6717,0.3559,0.1207,0.1356,0.1321,0.2353,0.6602,0.151,0.0773,0.0863,0.4717,0.6471,512,1,extracted,0.3659,0.075,0.1463,0.1412,0.052,0.0847
11,123,23,1130,54,160,94,0.083,78,0,0.7016,0.3673,0.1241,0.1633,0.1698,0.2941,0.6602,0.151,0.0773,0.0863,0.4717,0.6471,512,1,extracted,0.3564,0.0808,0.198,0.1412,0.052,0.0847
11,123,24,1130,54,160,94,0.083,78,0,0.7016,0.3673,0.1241,0.1633,0.1698,0.2941,0.6602,0.151,0.0773,0.0863,0.4717,0.6471,512,1,extracted,0.3564,0.0808,0.198,0.1412,0.052,0.0847
11,123,25,1130,54,160,94,0.083,78,0,0.7016,0.3673,0.1241,0.1633,0.1698,0.2941,0.6602,0.151,0.0773,0.0863,0.4717,0.6471,512,1,extracted,0.3564,0.0808,0.198,0.1412,0.052,0.0847
11,123,26,1130,54,160,94,0.083,78,0,0.7016,0.3673,0.1241,0.1633,0.1698,0.2941,0.6602,0.151,0.0773,0.0863,0.4717,0.6471,512,1,extracted,0.3564,0.0808,0.198,0.1412,0.052,0.0847
11,123,27,1130,54,160,94,0.083,78,0,0.7016,0.3673,0.1241,0.1633,0.1698,0.2941,0.6602,0.151,0.0773,0.0863,0.4717,0.6471,512,1,extracted,0.3564,0.0808,0.198,0.1412,0.052,0.0847
11,123,28,1130,54,192,117,0.104,95,0,0.6961,0.3415,0.1235,0.1463,0.1887,0.3529,0.6602,0.151,0.0773,0.0863,0.4717,0.6471,512,1,extracted,0.4124,0.1053,0.2062,0.1412,0.052,0.0847
11,123,29,1130,54,192,117,0.104,95,0,0.6961,0.3415,0.1235,0.1463,0.1887,0.3529,0.6602,0.151,0.0773,0.0863,0.4717,0.6471,512,1,extracted,0.4124,0.1053,0.2062,0.1412,0.052,0.0847
11,123,30,1130,54,192,117,0.104,95,0,0.6961,0.3415,0.1235,0.1463,0.1887,0.3529,0.6602,0.151,0.0773,0.0863,0.4717,0.6471,512,1,extracted,0.4124,0.1053,0.2062,0.1412,0.052,0.0847
11,123,31,1130,54,192,117,0.104,95,0,0.6961,0.3415,0.1235,0.1463,0.1887,0.3529,0.6602,0.151,0.0773,0.0863,0.4717,0.6471,512,1,extracted,0.4124,0.1053,0.2062,0.1412,0.052,0.0847
11,123,32,1130,54,192,117,0.104,95,0,0.6961,0.3415,0.1235,0.1463,0.1887,0.3529,0.6602,0.151,0.0773,0.0863,0.4717,0.6471,512,1,extracted,0.4124,0.1053,0.2062,0.1412,0.052,0.0847
11,123,33,1130,54,243,147,0.13,117,0,0.7098,0.33,0.1212,0.12,0.2264,0.4118,0.6602,0.151,0.0773,0.0863,0.4717,0.6471,512,1,extracted,0.3158,0.0763,0.1654,0.1412,0.052,0.0847
11,123,34,1130,54,243,147,0.13,117,0,0.7098,0.33,0.1212,0.12,0.2264,0.4118,0.6602,0.151,0.0773,0.0863,0.4717,0.6471,512,1,extracted,0.3158,0.0763,0.1654,0.1412,0.052,0.0847
11,123,35,1130,54,243,147,0.13,117,0,0.7098,0.33,0.1212,0.12,0.2264,0.4118,0.6602,0.151,0.0773,0.0863,0.4717,0.6471,512,1,extracted,0.3158,0.0763,0.1654,0.1412,0.052,0.0847
11,123,36,1130,54,243,147,0.13,117,0,0.7098,0.33,0.1212,0.12,0.2264,0.4118,0.6602,0.151,0.0773,0.0863,0.4717,0.6471,512,1,extracted,0.3158,0.0763,0.1654,0.1412,0.052,0.0847
11,123,37,1130,54,243,147,0.13,117,0,0.7098,0.33,0.1212,0.12,0.2264,0.4118,0.6602,0.151,0.0773,0.0863,0.4717,0.6471,512,1,extracted,0.3158,0.0763,0.1654,0.1412,0.052,0.0847
11,123,38,1130,54,296,178,0.158,151,0,0.6789,0.24,0.1076,0.1511,0.2264,0.3529,0.6602,0.151,0.0773,0.0863,0.4717,0.6471,512,1,extracted,0.2985,0.0909,0.194,0.1412,0.052,0.0847
11,123,39,1130,54,296,178,0.158,151,0,0.6789,0.24,0.1076,0.1511,0.2264,0.3529,0.6602,0.151,0.0773,0.0863,0.4717,0.6471,512,1,extracted,0.2985,0.0909,0.194,0.1412,0.052,0.0847
11,123,40,1130,54,296,178,0.158,151,0,0.6789,0.24,0.1076,0.1511,0.2264,0.3529,0.6602,0.151,0.0773,0.0863,0.4717,0.6471,512,1,extracted,0.2985,0.0909,0.194,0.1412,0.052,0.0847
11,123,41,1130,54,296,178,0.158,151,0,0.6789,0.24,0.1076,0.1511,0.2264,0.3529,0.6602,0.151,0.0773,0.0863,0.4717,0.6471,512,1,extracted,0.2985,0.0909,0.194,0.1412,0.052,0.0847
11,123,42,1130,54,296,178,0.158,151,0,0.6789,0.24,0.1076,0.1511,0.2264,0.3529,0.6602,0.151,0.0773,0.0863,0.4717,0.6471,512,1,extracted,0.2985,0.0909,0.194,0.1412,0.052,0.0847
11,123,43,1130,54,339,215,0.19,169,0,0.7052,0.29,0.1124,0.1636,0.283,0.4706,0.6602,0.151,0.0773,0.0863,0.4717,0.6471,512,1,extracted,0.2652,0.067,0.1547,0.1412,0.052,0.0847
11,123,44,1130,54,339,215,0.19,169,0,0.7052,0.29,0.1124,0.1636,0.283,0.4706,0.6602,0.151,0.0773,0.0863,0.4717,0.6471,512,1,extracted,0.2652,0.067,0.1547,0.1412,0.052,0.0847
11,123,45,1130,54,339,215,0.19,169,0,0.7052,0.29,0.1124,0.1636,0.283,0.4706,0.6602,0.151,0.0773,0.0863,0.4717,0.6471,512,1,extracted,0.2652,0.067,0.1547,0.1412,0.052,0.0847
11,123,46,1130,54,339,215,0.19,169,0,0.7052,0.29,0.1124,0.1636,0.283,0.4706,0.6602,0.151,0.0773,0.0863,0.4717,0.6471,512,1,extracted,0.2652,0.067,0.1547,0.1412,0.052,0.0847
11,123,47,1130,54,339,215,0.19,169,0,0.7052,0.29,0.1124,0.1636,0.283,0.4706,0.6602,0.151,0.0773,0.0863,0.4717,0.6471,512,1,extracted,0.2652,0.067,0.1547,0.1412,0.052,0.0847
11,123,48,1130,54,428,257,0.227,213,0,0.6951,0.2452,0.1299,0.1419,0.3774,0.4706,0.6602,0.151,0.0773,0.0863,0.4717,0.6471,512,1,extracted,0.2341,0.0985,0.1463,0.1412,0.052,0.0847
11,123,49,1130,54,428,257,0.227,213,0,0.6951,0.2452,0.1299,0.1419,0.3774,0.4706,0.6602,0.151,0.0773,0.0863,0.4717,0.6471,512,1,extracted,0.2341,0.0985,0.1463,0.1412,0.052,0.0847
11,123,50,1130,54,428,257,0.227,213,0,0.6951,0.2452,0.1299,0.1419,0.3774,0.4706,0.6602,0.151,0.0773,0.0863,0.4717,0.6471,512,1,extracted,0.2341,0.0985,0.1463,0.1412,0.052,0.0847
11,123,51,1130,54,428,257,0.227,213,0,0.6951,0.2452,0.1299,0.1419,0.3774,0.4706,0.6602,0.151,0.0773,0.0863,0.4717,0.6471,512,1,extracted,0.2341,0.0985,0.1463,0.1412,0.052,0.0847
11,123,52,1130,54,428,257,0.227,213,0,0.6951,0.2452,0.1299,0.1419,0.3774,0.4706,0.6602,0.151,0.0773,0.0863,0.4717,0.6471,512,1,extracted,0.2341,0.0985,0.1463,0.1412,0.052,0.0847
11,123,53,1130,54,466,277,0.245,238,0,0.6866,0.2303,0.122,0.1273,0.3774,0.4706,0.6602,0.151,0.0773,0.0863,0.4717,0.6471,512,1,extracted,0.2192,0.0922,0.137,0.1412,0.052,0.0847
11,123,54,1130,54,466,277,0.245,238,0,0.6866,0.2303,0.122,0.1273,0.3774,0.4706,0.6602,0.151,0.0773,0.0863,0.4717,0.6471,512,1,extracted,0.2192,0.0922,0.137,0.1412,0.052,0.0847
11,123,55,1130,54,466,277,0.245,238,0,0.6866,0.2303,0.122,0.1273,0.3774,0.4706,0.6602,0.151,0.0773,0.0863,0.4717,0.6471,512,1,extracted,0.2192,0.0922,0.137,0.1412,0.052,0.0847
11,123,56,1130,54,466,277,0.245,238,0,0.6866,0.2303,0.122,0.1273,0.3774,0.4706,0.6602,0.151,0.0773,0.0863,0.4717,0.6471,512,1,extracted,0.2192,0.0922,0.137,0.1412,0.052,0.0847
11,123,57,1130,54,466,277,0.245,238,0,0.6866,0.2303,0.122,0.1273,0.3774,0.4706,0.6602,0.151,0.0773,0.0863,0.4717,0.6471,512,1,extracted,0.2192,0.0922,0.137,0.1412,0.052,0.0847
11,123,58,1130,54,511,302,0.267,262,0,0.686,0.2141,0.1246,0.1352,0.4151,0.5294,0.6602,0.151,0.0773,0.0863,0.4717,0.6471,512,1,extracted,0.2041,0.0905,0.1306,0.1412,0.052,0.0847
11,123,59,1130,54,511,302,0.267,262,0,0.686,0.2141,0.1246,0.1352,0.4151,0.5294,0.6602,0.151,0.0773,0.0863,0.4717,0.6471,512,1,extracted,0.2041,0.0905,0.1306,0.1412,0.052,0.0847
11,123,60,1130,54,511,302,0.267,262,0,0.686,0.2141,0.1246,0.1352,0.4151,0.5294,0.6602,0.151,0.0773,0.0863,0.4717,0.6471,512,1,extracted,0.2041,0.0905,0.1306,0.1412,0.052,0.0847
11,123,61,1130,54,511,302,0.267,262,0,0.686,0.2141,0.1246,0.1352,0.4151,0.5294,0.6602,0.151,0.0773,0.0863,0.4717,0.6471,512,1,extracted,0.2041,0.0905,0.1306,0.1412,0.052,0.0847
11,123,62,1130,54,511,302,0.267,262,0,0.686,0.2141,0.1246,0.1352,0.4151,0.5294,0.6602,0.151,0.0773,0.0863,0.4717,0.6471,512,1,extracted,0.2041,0.0905,0.1306,0.1412,0.052,0.0847
11,123,63,1130,54,567,338,0.299,287,0,0.679,0.1995,0.1183,0.1279,0.434,0.5882,0.6602,0.151,0.0773,0.0863,0.4717,0.6471,512,1,extracted,0.1992,0.0849,0.1226,0.1412,0.052,0.0847
11,123,64,1130,54,567,338,0.299,287,0,0.679,0.1995,0.1183,0.1279,0.434,0.5882,0.6602,0.151,0.0773,0.0863,0.4717,0.6471,512,1,extracted,0.1992,0.0849,0.1226,0.1412,0.052,0.0847
11,123,65,1130,54,567,338,0.299,287,0,0.679,0.1995,0.1183,0.1279,0.434,0.5882,0.6602,0.151,0.0773,0.0863,0.4717,0.6471,512,1,extracted,0.1992,0.0849,0.1226,0.1412,0.052,0.0847
11,123,66,1130,54,567,338,0.299,287,0,0.679,0.1995,0.1183,0.1279,0.434,0.5882,0.6602,0.151,0.0773,0.0863,0.4717,0.6471,512,1,extracted,0.1992,0.0849,0.1226,0.1412,0.052,0.0847
11,123,67,1130,54,567,338,0.299,287,0,0.679,0.1995,0.1183,0.1279,0.434,0.5882,0.6602,0.151,0.0773,0.0863,0.4717,0.6471,512,1,extracted,0.1992,0.0849,0.1226,0.1412,0.052,0.0847
11,123,68,1130,54,634,383,0.339,317,0,0.6772,0.1869,0.0986,0.0981,0.3962,0.5294,0.6602,0.151,0.0773,0.0863,0.4717,0.6471,512,1,extracted,0.1949,0.0727,0.1083,0.1412,0.052,0.0847
11,123,69,1130,54,634,383,0.339,317,0,0.6772,0.1869,0.0986,0.0981,0.3962,0.5294,0.6602,0.151,0.0773,0.0863,0.4717,0.6471,512,1,extracted,0.1949,0.0727,0.1083,0.1412,0.052,0.0847
11,123,70,1130,54,634,383,0.339,317,0,0.6772,0.1869,0.0986,0.0981,0.3962,0.5294,0.6602,0.151,0.0773,0.0863,0.4717,0.6471,512,1,extracted,0.1949,0.0727,0.1083,0.1412,0.052,0.0847
11,123,71,1130,54,634,383,0.339,317,0,0.6772,0.1869,0.0986,0.0981,0.3962,0.5294,0.6602,0.151,0.0773,0.0863,0.4717,0.6471,512,1,extracted,0.1949,0.0727,0.1083,0.1412,0.052,0.0847
11,123,72,1130,54,634,383,0.339,317,0,0.6772,0.1869,0.0986,0.0981,0.3962,0.5294,0.6602,0.151,0.0773,0.0863,0.4717,0.6471,512,1,extracted,0.1949,0.0727,0.1083,0.1412,0.052,0.0847
11,123,73,1130,54,718,426,0.377,359,0,0.664,0.175,0.0962,0.1042,0.434,0.5882,0.6602,0.151,0.0773,0.0863,0.4717,0.6471,512,1,extracted,0.1767,0.0698,0.1073,0.1412,0.052,0.0847
11,123,74,1130,54,718,426,0.377,359,0,0.664,0.175,0.0962,0.1042,0.434,0.5882,0.6602,0.151,0.0773,0.0863,0.4717,0.6471,512,1,extracted,0.1767,0.0698,0.1073,0.1412,0.052,0.0847
11,123,75,1130,54,718,426,0.377,359,0,0.664,0.175,0.0962,0.1042,0.434,0.5882,0.6602,0.151,0.0773,0.0863,0.4717,0.6471,512,1,extracted,0.1767,0.0698,0.1073,0.1412,0.052,0.0847
11,123,76,1130,54,718,426,0.377,359,0,0.664,0.175,0.0962,0.1042,0.434,0.5882,0.6602,0.151,0.0773,0.0863,0.4717,0.6471,512,1,extracted,0.1767,0.0698,0.1073,0.1412,0.052,0.0847
11,123,77,1130,54,718,426,0.377,359,0,0.664,0.175,0.0962,0.1042,0.434,0.5882,0.6602,0.151,0.0773,0.0863,0.4717,0.6471,512,1,extracted,0.1767,0.0698,0.1073,0.1412,0.052,0.0847
11,123,78,1130,54,786,475,0.42,396,0,0.6654,0.155,0.0911,0.0832,0.4528,0.5882,0.6602,0.151,0.0773,0.0863,0.4717,0.6471,512,1,extracted,0.1605,0.0634,0.0917,0.1412,0.052,0.0847
11,123,79,1130,54,786,475,0.42,396,0,0.6654,0.155,0.0911,0.0832,0.4528,0.5882,0.6602,0.151,0.0773,0.0863,0.4717,0.6471,512,1,extracted,0.1605,0.0634,0.0917,0.1412,0.052,0.0847
11,123,80,1130,54,786,475,0.42,396,0,0.6654,0.155,0.0911,0.0832,0.4528,0.5882,0.6602,0.151,0.0773,0.0863,0.4717,0.6471,512,1,extracted,0.1605,0.0634,0.0917,0.1412,0.052,0.0847
11,123,81,1130,54,786,475,0.42,396,0,0.6654,0.155,0.0911,0.0832,0.4528,0.5882,0.6602,0.151,0.0773,0.0863,0.4717,0.6471,512,1,extracted,0.1605,0.0634,0.0917,0.1412,0.052,0.0847
11,123,82,1130,54,786,475,0.42,396,0,0.6654,0.155,0.0911,0.0832,0.4528,0.5882,0.6602,0.151,0.0773,0.0863,0.4717,0.6471,512,1,extracted,0.1605,0.0634,0.0917,0.1412,0.052,0.0847
11,123,83,1130,54,842,511,0.452,422,0,0.6599,0.1277,0.0534,0.078,0.283,0.4118,0.6602,0.151,0.0773,0.0863,0.4717,0.6471,512,1,extracted,0.1273,0.0427,0.0902,0.1412,0.052,0.0847
11,123,84,1130,54,842,511,0.452,422,0,0.6599,0.1277,0.0534,0.078,0.283,0.4118,0.6602,0.151,0.0773,0.0863,0.4717,0.6471,512,1,extracted,0.1273,0.0427,0.0902,0.1412,0.052,0.0847
11,123,85,1130,54,842,511,0.452,422,0,0.6599,0.1277,0.0534,0.078,0.283,0.4118,0.6602,0.151,0.0773,0.0863,0.4717,0.6471,512,1,extracted,0.1273,0.0427,0.0902,0.1412,0.052,0.0847
11,123,86,1130,54,842,511,0.452,422,0,0.6599,0.1277,0.0534,0.078,0.283,0.4118,0.6602,0.151,0.0773,0.0863,0.4717,0.6471,512,1,extracted,0.1273,0.0427,0.0902,0.1412,0.052,0.0847
11,123,87,1130,54,842,511,0.452,422,0,0.6599,0.1277,0.0534,0.078,0.283,0.4118,0.6602,0.151,0.0773,0.0863,0.4717,0.6471,512,1,extracted,0.1273,0.0427,0.0902,0.1412,0.052,0.0847
11,123,88,1130,54,937,558,0.494,468,0,0.6639,0.1342,0.0591,0.0753,0.3396,0.5294,0.6602,0.151,0.0773,0.0863,0.4717,0.6471,512,1,extracted,0.129,0.0449,0.0794,0.1412,0.052,0.0847
11,123,89,1130,54,937,558,0.494,468,0,0.6639,0.1342,0.0591,0.0753,0.3396,0.5294,0.6602,0.151,0.0773,0.0863,0.4717,0.6471,512,1,extracted,0.129,0.0449,0.0794,0.1412,0.052,0.0847
11,123,90,1130,54,937,558,0.494,468,0,0.6639,0.1342,0.0591,0.0753,0.3396,0.5294,0.6602,0.151,0.0773,0.0863,0.4717,0.6471,512,1,extracted,0.129,0.0449,0.0794,0.1412,0.052,0.0847
11,123,91,1130,54,937,558,0.494,468,0,0.6639,0.1342,0.0591,0.0753,0.3396,0.5294,0.6602,0.151,0.0773,0.0863,0.4717,0.6471,512,1,extracted,0.129,0.0449,0.0794,0.1412,0.052,0.0847
11,123,92,1130,54,937,558,0.494,468,0,0.6639,0.1342,0.0591,0.0753,0.3396,0.5294,0.6602,0.151,0.0773,0.0863,0.4717,0.6471,512,1,extracted,0.129,0.0449,0.0794,0.1412,0.052,0.0847
11,123,93,1130,54,1019,487,0.431,506,0,0.6441,0.1405,0.0705,0.0813,0.3585,0.4706,0.6602,0.151,0.0773,0.0863,0.4717,0.6471,512,1,extracted,0.1417,0.0548,0.0817,0.1412,0.052,0.0847
11,123,94,1130,54,1019,487,0.431,506,0,0.6441,0.1405,0.0705,0.0813,0.3585,0.4706,0.6602,0.151,0.0773,0.0863,0.4717,0.6471,512,1,extracted,0.1417,0.0548,0.0817,0.1412,0.052,0.0847
11,123,95,1130,54,1019,487,0.431,506,0,0.6441,0.1405,0.0705,0.0813,0.3585,0.4706,0.6602,0.151,0.0773,0.0863,0.4717,0.6471,512,1,extracted,0.1417,0.0548,0.0817,0.1412,0.052,0.0847
11,123,96,1130,54,1019,487,0.431,506,0,0.6441,0.1405,0.0705,0.0813,0.3585,0.4706,0.6602,0.151,0.0773,0.0863,0.4717,0.6471,512,1,extracted,0.1417,0.0548,0.0817,0.1412,0.052,0.0847
11,123,97,1130,54,1019,487,0.431,506,0,0.6441,0.1405,0.0705,0.0813,0.3585,0.4706,0.6602,0.151,0.0773,0.0863,0.4717,0.6471,512,1,extracted,0.1417,0.0548,0.0817,0.1412,0.052,0.0847
11,123,98,1130,54,1117,608,0.538,512,1,0.6528,0.112,0.0516,0.0666,0.3208,0.4118,0.6602,0.151,0.0773,0.0863,0.4717,0.6471,512,1,extracted,0.1139,0.0366,0.0683,0.1412,0.052,0.0847
11,123,99,1130,54,1117,608,0.538,512,1,0.6528,0.112,0.0516,0.0666,0.3208,0.4118,0.6602,0.151,0.0773,0.0863,0.4717,0.6471,512,1,extracted,0.1139,0.0366,0.0683,0.1412,0.052,0.0847
11,123,100,1130,54,1117,608,0.538,512,1,0.6528,0.112,0.0516,0.0666,0.3208,0.4118,0.6602,0.151,0.0773,0.0863,0.4717,0.6471,512,1,extracted,0.1139,0.0366,0.0683,0.1412,0.052,0.0847
12,123,1,859,87,19,19,0.022,14,0,0.6883,0.2264,0.0577,0.1887,0.038,0.08,0.672,0.2504,0.1396,0.1357,0.443,0.68,372,0,extracted,0.1935,0.0,0.1935,0.2324,0.08,0.1468
12,123,2,859,87,19,19,0.022,14,0,0.6883,0.2264,0.0577,0.1887,0.038,0.08,0.672,0.2504,0.1396,0.1357,0.443,0.68,372,0,extracted,0.1935,0.0,0.1935,0.2324,0.08,0.1468
12,123,3,859,87,19,19,0.022,14,0,0.6883,0.2264,0.0577,0.1887,0.038,0.08,0.672,0.2504,0.1396,0.1357,0.443,0.68,372,0,extracted,0.1935,0.0,0.1935,0.2324,0.08,0.1468
12,123,4,859,87,19,19,0.022,14,0,0.6883,0.2264,0.0577,0.1887,0.038,0.08,0.672,0.2504,0.1396,0.1357,0.443,0.68,372,0,extracted,0.1935,0.0,0.1935,0.2324,0.08,0.1468
12,123,5,859,87,19,19,0.022,14,0,0.6883,0.2264,0.0577,0.1887,0.038,0.08,0.672,0.2504,0.1396,0.1357,0.443,0.68,372,0,extracted,0.1935,0.0,0.1935,0.2324,0.08,0.1468
12,123,6,859,87,19,19,0.022,14,0,0.6883,0.2264,0.0577,0.1887,0.038,0.08,0.672,0.2504,0.1396,0.1357,0.443,0.68,372,0,extracted,0.1935,0.0,0.1935,0.2324,0.08,0.1468
12,123,7,859,87,19,19,0.022,14,0,0.6883,0.2264,0.0577,0.1887,0.038,0.08,0.672,0.2504,0.1396,0.1357,0.443,0.68,372,0,extracted,0.1935,0.0,0.1935,0.2324,0.08,0.1468
12,123,8,859,87,19,19,0.022,14,0,0.6883,0.2264,0.0577,0.1887,0.038,0.08,0.672,0.2504,0.1396,0.1357,0.443,0.68,372,0,extracted,0.1935,0.0,0.1935,0.2324,0.08,0.1468
12,123,9,859,87,19,19,0.022,14,0,0.6883,0.2264,0.0577,0.1887,0.038,0.08,0.672,0.2504,0.1396,0.1357,0.443,0.68,372,0,extracted,0.1935,0.0,0.1935,0.2324,0.08,0.1468
12,123,10,859,87,19,19,0.022,14,0,0.6883,0.2264,0.0577,0.1887,0.038,0.08,0.672,0.2504,0.1396,0.1357,0.443,0.68,372,0,extracted,0.1935,0.0,0.1935,0.2324,0.08,0.1468
12,123,11,859,87,50,32,0.037,28,0,0.6843,0.2689,0.0855,0.1681,0.0633,0.12,0.672,0.2504,0.1396,0.1357,0.443,0.68,372,0,extracted,0.2609,0.0299,0.1739,0.2324,0.08,0.1468
12,123,12,859,87,50,32,0.037,28,0,0.6843,0.2689,0.0855,0.1681,0.0633,0.12,0.672,0.2504,0.1396,0.1357,0.443,0.68,372,0,extracted,0.2609,0.0299,0.1739,0.2324,0.08,0.1468
12,123,13,859,87,50,32,0.037,28,0,0.6843,0.2689,0.0855,0.1681,0.0633,0.12,0.672,0.2504,0.1396,0.1357,0.443,0.68,372,0,extracted,0.2609,0.0299,0.1739,0.2324,0.08,0.1468
12,123,14,859,87,50,32,0.037,28,0,0.6843,0.2689,0.0855,0.1681,0.0633,0.12,0.672,0.2504,0.1396,0.1357,0.443,0.68,372,0,extracted,0.2609,0.0299,0.1739,0.2324,0.08,0.1468
12,123,15,859,87,50,32,0.037,28,0,0.6843,0.2689,0.0855,0.1681,0.0633,0.12,0.672,0.2504,0.1396,0.1357,0.443,0.68,372,0,extracted,0.2609,0.0299,0.1739,0.2324,0.08,0.1468
12,123,16,859,87,50,32,0.037,28,0,0.6843,0.2689,0.0855,0.1681,0.0633,0.12,0.672,0.2504,0.1396,0.1357,0.443,0.68,372,0,extracted,0.2609,0.0299,0.1739,0.2324,0.08,0.1468
12,123,17,859,87,50,32,0.037,28,0,0.6843,0.2689,0.0855,0.1681,0.0633,0.12,0.672,0.2504,0.1396,0.1357,0.443,0.68,372,0,extracted,0.2609,0.0299,0.1739,0.2324,0.08,0.1468
12,123,18,859,87,86,50,0.058,46,0,0.6626,0.219,0.0593,0.1314,0.0506,0.12,0.672,0.2504,0.1396,0.1357,0.443,0.68,372,0,extracted,0.2963,0.0253,0.1975,0.2324,0.08,0.1468
12,123,19,859,87,86,50,0.058,46,0,0.6626,0.219,0.0593,0.1314,0.0506,0.12,0.672,0.2504,0.1396,0.1357,0.443,0.68,372,0,extracted,0.2963,0.0253,0.1975,0.2324,0.08,0.1468
12,123,20,859,87,86,50,0.058,46,0,0.6626,0.219,0.0593,0.1314,0.0506,0.12,0.672,0.2504,0.1396,0.1357,0.443,0.68,372,0,extracted,0.2963,0.0253,0.1975,0.2324,0.08,0.1468
12,123,21,859,87,86,50,0.058,46,0,0.6626,0.219,0.0593,0.1314,0.0506,0.12,0.672,0.2504,0.1396,0.1357,0.443,0.68,372,0,extracted,0.2963,0.0253,0.1975,0.2324,0.08,0.1468
12,123,22,859,87,86,50,0.058,46,0,0.6626,0.219,0.0593,0.1314,0.0506,0.12,0.672,0.2504,0.1396,0.1357,0.443,0.68,372,0,extracted,0.2963,0.0253,0.1975,0.2324,0.08,0.1468
12,123,23,859,87,86,50,0.058,46,0,0.6626,0.219,0.0593,0.1314,0.0506,0.12,0.672,0.2504,0.1396,0.1357,0.443,0.68,372,0,extracted,0.2963,0.0253,0.1975,0.2324,0.08,0.1468
12,123,24,859,87,86,50,0.058,46,0,0.6626,0.219,0.0593,0.1314,0.0506,0.12,0.672,0.2504,0.1396,0.1357,0.443,0.68,372,0,extracted,0.2963,0.0253,0.1975,0.2324,0.08,0.1468
12,123,25,859,87,141,77,0.09,69,0,0.6646,0.3049,0.0864,0.1463,0.0886,0.2,0.672,0.2504,0.1396,0.1357,0.443,0.68,372,0,extracted,0.34,0.0204,0.2,0.2324,0.08,0.1468
12,123,26,859,87,141,77,0.09,69,0,0.6646,0.3049,0.0864,0.1463,0.0886,0.2,0.672,0.2504,0.1396,0.1357,0.443,0.68,372,0,extracted,0.34,0.0204,0.2,0.2324,0.08,0.1468
12,123,27,859,87,141,77,0.09,69,0,0.6646,0.3049,0.0864,0.1463,0.0886,0.2,0.672,0.2504,0.1396,0.1357,0.443,0.68,372,0,extracted,0.34,0.0204,0.2,0.2324,0.08,0.1468
12,123,28,859,87,141,77,0.09,69,0,0.6646,0.3049,0.0864,0.1463,0.0886,0.2,0.672,0.2504,0.1396,0.1357,0.443,0.68,372,0,extracted,0.34,0.0204,0.2,0.2324,0.08,0.1468
12,123,29,859,87,141,77,0.09,69,0,0.6646,0.3049,0.0864,0.1463,0.0886,0.2,0.672,0.2504,0.1396,0.1357,0.443,0.68,372,0,extracted,0.34,0.0204,0.2,0.2324,0.08,0.1468
12,123,30,859,87,141,77,0.09,69,0,0.6646,0.3049,0.0864,0.1463,0.0886,0.2,0.672,0.2504,0.1396,0.1357,0.443,0.68,372,0,extracted,0.34,0.0204,0.2,0.2324,0.08,0.1468
12,123,31,859,87,141,77,0.09,69,0,0.6646,0.3049,0.0864,0.1463,0.0886,0.2,0.672,0.2504,0.1396,0.1357,0.443,0.68,372,0,extracted,0.34,0.0204,0.2,0.2324,0.08,0.1468
12,123,32,859,87,141,77,0.09,69,0,0.6646,0.3049,0.0864,0.1463,0.0886,0.2,0.672,0.2504,0.1396,0.1357,0.443,0.68,372,0,extracted,0.34,0.0204,0.2,0.2324,0.08,0.1468
12,123,33,859,87,203,124,0.144,96,0,0.6727,0.3697,0.0861,0.1896,0.1013,0.16,0.672,0.2504,0.1396,0.1357,0.443,0.68,372,0,extracted,0.3175,0.0323,0.2063,0.2324,0.08,0.1468
12,123,34,859,87,203,124,0.144,96,0,0.6727,0.3697,0.0861,0.1896,0.1013,0.16,0.672,0.2504,0.1396,0.1357,0.443,0.68,372,0,extracted,0.3175,0.0323,0.2063,0.2324,0.08,0.1468
12,123,35,859,87,203,124,0.144,96,0,0.6727,0.3697,0.0861,0.1896,0.1013,0.16,0.672,0.2504,0.1396,0.1357,0.443,0.68,372,0,extracted,0.3175,0.0323,0.2063,0.2324,0.08,0.1468
12,123,36,859,87,203,124,0.144,96,0,0.6727,0.3697,0.0861,0.1896,0.1013,0.16,0.672,0.2504,0.1396,0.1357,0.443,0.68,372,0,extracted,0.3175,0.0323,0.2063,0.2324,0.08,0.1468
12,123,37,859,87,203,124,0.144,96,0,0.6727,0.3697,0.0861,0.1896,0.1013,0.16,0.672,0.2504,0.1396,0.1357,0.443,0.68,372,0,extracted,0.3175,0.0323,0.2063,0.2324,0.08,0.1468
12,123,38,859,87,203,124,0.144,96,0,0.6727,0.3697,0.0861,0.1896,0.1013,0.16,0.672,0.2504,0.1396,0.1357,0.443,0.68,372,0,extracted,0.3175,0.0323,0.2063,0.2324,0.08,0.1468
12,123,39,859,87,203,124,0.144,96,0,0.6727,0.3697,0.0861,0.1896,0.1013,0.16,0.672,0.2504,0.1396,0.1357,0.443,0.68,372,0,extracted,0.3175,0.0323,0.2063,0.2324,0.08,0.1468
12,123,40,859,87,249,136,0.158,119,0,0.6727,0.3587,0.0724,0.1345,0.1013,0.24,0.672,0.2504,0.1396,0.1357,0.443,0.68,372,0,extracted,0.3182,0.0154,0.1667,0.2324,0.08,0.1468
12,123,41,859,87,249,136,0.158,119,0,0.6727,0.3587,0.0724,0.1345,0.1013,0.24,0.672,0.2504,0.1396,0.1357,0.443,0.68,372,0,extracted,0.3182,0.0154,0.1667,0.2324,0.08,0.1468
12,123,42,859,87,249,136,0.158,119,0,0.6727,0.3587,0.0724,0.1345,0.1013,0.24,0.672,0.2504,0.1396,0.1357,0.443,0.68,372,0,extracted,0.3182,0.0154,0.1667,0.2324,0.08,0.1468
12,123,43,859,87,249,136,0.158,119,0,0.6727,0.3587,0.0724,0.1345,0.1013,0.24,0.672,0.2504,0.1396,0.1357,0.443,0.68,372,0,extracted,0.3182,0.0154,0.1667,0.2324,0.08,0.1468
12,123,44,859,87,249,136,0.158,119,0,0.6727,0.3587,0.0724,0.1345,0.1013,0.24,0.672,0.2504,0.1396,0.1357,0.443,0.68,372,0,extracted,0.3182,0.0154,0.1667,0.2324,0.08,0.1468
12,123,45,859,87,249,136,0.158,119,0,0.6727,0.3587,0.0724,0.1345,0.1013,0.24,0.672,0.2504,0.1396,0.1357,0.443,0.68,372,0,extracted,0.3182,0.0154,0.1667,0.2324,0.08,0.1468
12,123,46,859,87,249,136,0.158,119,0,0.6727,0.3587,0.0724,0.1345,0.1013,0.24,0.672,0.2504,0.1396,0.1357,0.443,0.68,372,0,extracted,0.3182,0.0154,0.1667,0.2324,0.08,0.1468
12,123,47,859,87,310,170,0.198,149,0,0.6695,0.3187,0.0964,0.1275,0.1519,0.28,0.672,0.2504,0.1396,0.1357,0.443,0.68,372,0,extracted,0.2899,0.0294,0.1739,0.2324,0.08,0.1468
12,123,48,859,87,310,170,0.198,149,0,0.6695,0.3187,0.0964,0.1275,0.1519,0.28,0.672,0.2504,0.1396,0.1357,0.443,0.68,372,0,extracted,0.2899,0.0294,0.1739,0.2324,0.08,0.1468
12,123,49,859,87,310,170,0.198,149,0,0.6695,0.3187,0.0964,0.1275,0.1519,0.28,0.672,0.2504,0.1396,0.1357,0.443,0.68,372,0,extracted,0.2899,0.0294,0.1739,0.2324,0.08,0.1468
12,123,50,859,87,310,170,0.198,149,0,0.6695,0.3187,0.0964,0.1275,0.1519,0.28,0.672,0.2504,0.1396,0.1357,0.443,0.68,372,0,extracted,0.2899,0.0294,0.1739,0.2324,0.08,0.1468
12,123,51,859,87,310,170,0.198,149,0,0.6695,0.3187,0.0964,0.1275,0.1519,0.28,0.672,0.2504,0.1396,0.1357,0.443,0.68,372,0,extracted,0.2899,0.0294,0.1739,0.2324,0.08,0.1468
12,123,52,859,87,310,170,0.198,149,0,0.6695,0.3187,0.0964,0.1275,0.1519,0.28,0.672,0.2504,0.1396,0.1357,0.443,0.68,372,0,extracted,0.2899,0.0294,0.1739,0.2324,0.08,0.1468
12,123,53,859,87,310,170,0.198,149,0,0.6695,0.3187,0.0964,0.1275,0.1519,0.28,0.672,0.2504,0.1396,0.1357,0.443,0.68,372,0,extracted,0.2899,0.0294,0.1739,0.2324,0.08,0.1468
12,123,54,859,87,400,229,0.267,186,0,0.6725,0.356,0.1173,0.1748,0.1772,0.28,0.672,0.2504,0.1396,0.1357,0.443,0.68,372,0,extracted,0.3158,0.0473,0.152,0.2324,0.08,0.1468
12,123,55,859,87,400,229,0.267,186,0,0.6725,0.356,0.1173,0.1748,0.1772,0.28,0.672,0.2504,0.1396,0.1357,0.443,0.68,372,0,extracted,0.3158,0.0473,0.152,0.2324,0.08,0.1468
12,123,56,859,87,400,229,0.267,186,0,0.6725,0.356,0.1173,0.1748,0.1772,0.28,0.672,0.2504,0.1396,0.1357,0.443,0.68,372,0,extracted,0.3158,0.0473,0.152,0.2324,0.08,0.1468
12,123,57,859,87,400,229,0.267,186,0,0.6725,0.356,0.1173,0.1748,0.1772,0.28,0.672,0.2504,0.1396,0.1357,0.443,0.68,372,0,extracted,0.3158,0.0473,0.152,0.2324,0.08,0.1468
12,123,58,859,87,400,229,0.267,186,0,0.6725,0.356,0.1173,0.1748,0.1772,0.28,0.672,0.2504,0.1396,0.1357,0.443,0.68,372,0,extracted,0.3158,0.0473,0.152,0.2324,0.08,0.1468
12,123,59,859,87,400,229,0.267,186,0,0.6725,0.356,0.1173,0.1748,0.1772,0.28,0.672,0.2504,0.1396,0.1357,0.443,0.68,372,0,extracted,0.3158,0.0473,0.152,0.2324,0.08,0.1468
12,123,60,859,87,400,229,0.267,186,0,0.6725,0.356,0.1173,0.1748,0.1772,0.28,0.672,0.2504,0.1396,0.1357,0.443,0.68,372,0,extracted,0.3158,0.0473,0.152,0.2324,0.08,0.1468
12,123,61,859,87,484,285,0.332,220,0,0.6621,0.3224,0.1099,0.1749,0.2152,0.32,0.672,0.2504,0.1396,0.1357,0.443,0.68,372,0,extracted,0.266,0.0398,0.1576,0.2324,0.08,0.1468
12,123,62,859,87,484,285,0.332,220,0,0.6621,0.3224,0.1099,0.1749,0.2152,0.32,0.672,0.2504,0.1396,0.1357,0.443,0.68,372,0,extracted,0.266,0.0398,0.1576,0.2324,0.08,0.1468
12,123,63,859,87,484,285,0.332,220,0,0.6621,0.3224,0.1099,0.1749,0.2152,0.32,0.672,0.2504,0.1396,0.1357,0.443,0.68,372,0,extracted,0.266,0.0398,0.1576,0.2324,0.08,0.1468
12,123,64,859,87,484,285,0.332,220,0,0.6621,0.3224,0.1099,0.1749,0.2152,0.32,0.672,0.2504,0.1396,0.1357,0.443,0.68,372,0,extracted,0.266,0.0398,0.1576,0.2324,0.08,0.1468
12,123,65,859,87,484,285,0.332,220,0,0.6621,0.3224,0.1099,0.1749,0.2152,0.32,0.672,0.2504,0.1396,0.1357,0.443,0.68,372,0,extracted,0.266,0.0398,0.1576,0.2324,0.08,0.1468
12,123,66,859,87,484,285,0.332,220,0,0.6621,0.3224,0.1099,0.1749,0.2152,0.32,0.672,0.2504,0.1396,0.1357,0.443,0.68,372,0,extracted,0.266,0.0398,0.1576,0.2324,0.08,0.1468
12,123,67,859,87,484,285,0.332,220,0,0.6621,0.3224,0.1099,0.1749,0.2152,0.32,0.672,0.2504,0.1396,0.1357,0.443,0.68,372,0,extracted,0.266,0.0398,0.1576,0.2324,0.08,0.1468
12,123,68,859,87,561,329,0.383,250,0,0.6796,0.3325,0.1229,0.1711,0.2658,0.44,0.672,0.2504,0.1396,0.1357,0.443,0.68,372,0,extracted,0.2672,0.0609,0.1552,0.2324,0.08,0.1468
12,123,69,859,87,561,329,0.383,250,0,0.6796,0.3325,0.1229,0.1711,0.2658,0.44,0.672,0.2504,0.1396,0.1357,0.443,0.68,372,0,extracted,0.2672,0.0609,0.1552,0.2324,0.08,0.1468
12,123,70,859,87,561,329,0.383,250,0,0.6796,0.3325,0.1229,0.1711,0.2658,0.44,0.672,0.2504,0.1396,0.1357,0.443,0.68,372,0,extracted,0.2672,0.0609,0.1552,0.2324,0.08,0.1468
12,123,71,859,87,561,329,0.383,250,0,0.6796,0.3325,0.1229,0.1711,0.2658,0.44,0.672,0.2504,0.1396,0.1357,0.443,0.68,372,0,extracted,0.2672,0.0609,0.1552,0.2324,0.08,0.1468
12,123,72,859,87,561,329,0.383,250,0,0.6796,0.3325,0.1229,0.1711,0.2658,0.44,0.672,0.2504,0.1396,0.1357,0.443,0.68,372,0,extracted,0.2672,0.0609,0.1552,0.2324,0.08,0.1468
12,123,73,859,87,561,329,0.383,250,0,0.6796,0.3325,0.1229,0.1711,0.2658,0.44,0.672,0.2504,0.1396,0.1357,0.443,0.68,372,0,extracted,0.2672,0.0609,0.1552,0.2324,0.08,0.1468
12,123,74,859,87,561,329,0.383,250,0,0.6796,0.3325,0.1229,0.1711,0.2658,0.44,0.672,0.2504,0.1396,0.1357,0.443,0.68,372,0,extracted,0.2672,0.0609,0.1552,0.2324,0.08,0.1468
12,123,75,859,87,561,329,0.383,250,0,0.6796,0.3325,0.1229,0.1711,0.2658,0.44,0.672,0.2504,0.1396,0.1357,0.443,0.68,372,0,extracted,0.2672,0.0609,0.1552,0.2324,0.08,0.1468
12,123,76,859,87,613,340,0.396,268,0,0.6737,0.319,0.134,0.1667,0.3038,0.48,0.672,0.2504,0.1396,0.1357,0.443,0.68,372,0,extracted,0.2616,0.0596,0.1603,0.2324,0.08,0.1468
12,123,77,859,87,613,340,0.396,268,0,0.6737,0.319,0.134,0.1667,0.3038,0.48,0.672,0.2504,0.1396,0.1357,0.443,0.68,372,0,extracted,0.2616,0.0596,0.1603,0.2324,0.08,0.1468
12,123,78,859,87,613,340,0.396,268,0,0.6737,0.319,0.134,0.1667,0.3038,0.48,0.672,0.2504,0.1396,0.1357,0.443,0.68,372,0,extracted,0.2616,0.0596,0.1603,0.2324,0.08,0.1468
12,123,79,859,87,613,340,0.396,268,0,0.6737,0.319,0.134,0.1667,0.3038,0.48,0.672,0.2504,0.1396,0.1357,0.443,0.68,372,0,extracted,0.2616,0.0596,0.1603,0.2324,0.08,0.1468
12,123,80,859,87,613,340,0.396,268,0,0.6737,0.319,0.134,0.1667,0.3038,0.48,0.672,0.2504,0.1396,0.1357,0.443,0.68,372,0,extracted,0.2616,0.0596,0.1603,0.2324,0.08,0.1468
12,123,81,859,87,613,340,0.396,268,0,0.6737,0.319,0.134,0.1667,0.3038,0.48,0.672,0.2504,0.1396,0.1357,0.443,0.68,372,0,extracted,0.2616,0.0596,0.1603,0.2324,0.08,0.1468
12,123,82,859,87,613,340,0.396,268,0,0.6737,0.319,0.134,0.1667,0.3038,0.48,0.672,0.2504,0.1396,0.1357,0.443,0.68,372,0,extracted,0.2616,0.0596,0.1603,0.2324,0.08,0.1468
12,123,83,859,87,664,383,0.446,287,0,0.6787,0.2888,0.1342,0.1638,0.3418,0.52,0.672,0.2504,0.1396,0.1357,0.443,0.68,372,0,extracted,0.2615,0.0698,0.1615,0.2324,0.08,0.1468
12,123,84,859,87,664,383,0.446,287,0,0.6787,0.2888,0.1342,0.1638,0.3418,0.52,0.672,0.2504,0.1396,0.1357,0.443,0.68,372,0,extracted,0.2615,0.0698,0.1615,0.2324,0.08,0.1468
12,123,85,859,87,664,383,0.446,287,0,0.6787,0.2888,0.1342,0.1638,0.3418,0.52,0.672,0.2504,0.1396,0.1357,0.443,0.68,372,0,extracted,0.2615,0.0698,0.1615,0.2324,0.08,0.1468
12,123,86,859,87,664,383,0.446,287,0,0.6787,0.2888,0.1342,0.1638,0.3418,0.52,0.672,0.2504,0.1396,0.1357,0.443,0.68,372,0,extracted,0.2615,0.0698,0.1615,0.2324,0.08,0.1468
12,123,87,859,87,664,383,0.446,287,0,0.6787,0.2888,0.1342,0.1638,0.3418,0.52,0.672,0.2504,0.1396,0.1357,0.443,0.68,372,0,extracted,0.2615,0.0698,0.1615,0.2324,0.08,0.1468
12,123,88,859,87,664,383,0.446,287,0,0.6787,0.2888,0.1342,0.1638,0.3418,0.52,0.672,0.2504,0.1396,0.1357,0.443,0.68,372,0,extracted,0.2615,0.0698,0.1615,0.2324,0.08,0.1468
12,123,89,859,87,664,383,0.446,287,0,0.6787,0.2888,0.1342,0.1638,0.3418,0.52,0.672,0.2504,0.1396,0.1357,0.443,0.68,372,0,extracted,0.2615,0.0698,0.1615,0.2324,0.08,0.1468
12,123,90,859,87,780,449,0.523,338,0,0.6791,0.2576,0.1331,0.1553,0.3797,0.56,0.672,0.2504,0.1396,0.1357,0.443,0.68,372,0,extracted,0.2392,0.0736,0.1395,0.2324,0.08,0.1468
12,123,91,859,87,780,449,0.523,338,0,0.6791,0.2576,0.1331,0.1553,0.3797,0.56,0.672,0.2504,0.1396,0.1357,0.443,0.68,372,0,extracted,0.2392,0.0736,0.1395,0.2324,0.08,0.1468
12,123,92,859,87,780,449,0.523,338,0,0.6791,0.2576,0.1331,0.1553,0.3797,0.56,0.672,0.2504,0.1396,0.1357,0.443,0.68,372,0,extracted,0.2392,0.0736,0.1395,0.2324,0.08,0.1468
12,123,93,859,87,780,449,0.523,338,0,0.6791,0.2576,0.1331,0.1553,0.3797,0.56,0.672,0.2504,0.1396,0.1357,0.443,0.68,372,0,extracted,0.2392,0.0736,0.1395,0.2324,0.08,0.1468
12,123,94,859,87,780,449,0.523,338,0,0.6791,0.2576,0.1331,0.1553,0.3797,0.56,0.672,0.2504,0.1396,0.1357,0.443,0.68,372,0,extracted,0.2392,0.0736,0.1395,0.2324,0.08,0.1468
12,123,95,859,87,780,449,0.523,338,0,0.6791,0.2576,0.1331,0.1553,0.3797,0.56,0.672,0.2504,0.1396,0.1357,0.443,0.68,372,0,extracted,0.2392,0.0736,0.1395,0.2324,0.08,0.1468
12,123,96,859,87,780,449,0.523,338,0,0.6791,0.2576,0.1331,0.1553,0.3797,0.56,0.672,0.2504,0.1396,0.1357,0.443,0.68,372,0,extracted,0.2392,0.0736,0.1395,0.2324,0.08,0.1468
12,123,97,859,87,850,468,0.545,364,0,0.6746,0.2555,0.1245,0.1533,0.3797,0.64,0.672,0.2504,0.1396,0.1357,0.443,0.68,372,0,extracted,0.2308,0.0581,0.141,0.2324,0.08,0.1468
12,123,98,859,87,850,468,0.545,364,0,0.6746,0.2555,0.1245,0.1533,0.3797,0.64,0.672,0.2504,0.1396,0.1357,0.443,0.68,372,0,extracted,0.2308,0.0581,0.141,0.2324,0.08,0.1468
12,123,99,859,87,850,468,0.545,364,0,0.6746,0.2555,0.1245,0.1533,0.3797,0.64,0.672,0.2504,0.1396,0.1357,0.443,0.68,372,0,extracted,0.2308,0.0581,0.141,0.2324,0.08,0.1468
12,123,100,859,87,850,468,0.545,364,0,0.6746,0.2555,0.1245,0.1533,0.3797,0.64,0.672,0.2504,0.1396,0.1357,0.443,0.68,372,0,extracted,0.2308,0.0581,0.141,0.2324,0.08,0.1468
13,123,1,949,79,27,27,0.028,18,0,0.6123,0.1509,0.0385,0.1509,0.0282,0.0,0.6877,0.2043,0.1149,0.1207,0.4507,0.65,424,0,extracted,0.2059,0.0303,0.1765,0.1688,0.0771,0.1176
13,123,2,949,79,27,27,0.028,18,0,0.6123,0.1509,0.0385,0.1509,0.0282,0.0,0.6877,0.2043,0.1149,0.1207,0.4507,0.65,424,0,extracted,0.2059,0.0303,0.1765,0.1688,0.0771,0.1176
13,123,3,949,79,27,27,0.028,18,0,0.6123,0.1509,0.0385,0.1509,0.0282,0.0,0.6877,0.2043,0.1149,0.1207,0.4507,0.65,424,0,extracted,0.2059,0.0303,0.1765,0.1688,0.0771,0.1176
13,123,4,949,79,27,27,0.028,18,0,0.6123,0.1509,0.0385,0.1509,0.0282,0.0,0.6877,0.2043,0.1149,0.1207,0.4507,0.65,424,0,extracted,0.2059,0.0303,0.1765,0.1688,0.0771,0.1176
13,123,5,949,79,27,27,0.028,18,0,0.6123,0.1509,0.0385,0.1509,0.0282,0.0,0.6877,0.2043,0.1149,0.1207,0.4507,0.65,424,0,extracted,0.2059,0.0303,0.1765,0.1688,0.0771,0.1176
13,123,6,949,79,27,27,0.028,18,0,0.6123,0.1509,0.0385,0.1509,0.0282,0.0,0.6877,0.2043,0.1149,0.1207,0.4507,0.65,424,0,extracted,0.2059,0.0303,0.1765,0.1688,0.0771,0.1176
13,123,7,949,79,27,27,0.028,18,0,0.6123,0.1509,0.0385,0.1509,0.0282,0.0,0.6877,0.2043,0.1149,0.1207,0.4507,0.65,424,0,extracted,0.2059,0.0303,0.1765,0.1688,0.0771,0.1176
13,123,8,949,79,27,27,0.028,18,0,0.6123,0.1509,0.0385,0.1509,0.0282,0.0,0.6877,0.2043,0.1149,0.1207,0.4507,0.65,424,0,extracted,0.2059,0.0303,0.1765,0.1688,0.0771,0.1176
13,123,9,949,79,49,33,0.035,27,0,0.5832,0.1786,0.0364,0.1429,0.0282,0.0,0.6877,0.2043,0.1149,0.1207,0.4507,0.65,424,0,extracted,0.1944,0.0286,0.1667,0.1688,0.0771,0.1176
13,123,10,949,79,49,33,0.035,27,0,0.5832,0.1786,0.0364,0.1429,0.0282,0.0,0.6877,0.2043,0.1149,0.1207,0.4507,0.65,424,0,extracted,0.1944,0.0286,0.1667,0.1688,0.0771,0.1176
13,123,11,949,79,49,33,0.035,27,0,0.5832,0.1786,0.0364,0.1429,0.0282,0.0,0.6877,0.2043,0.1149,0.1207,0.4507,0.65,424,0,extracted,0.1944,0.0286,0.1667,0.1688,0.0771,0.1176
13,123,12,949,79,49,33,0.035,27,0,0.5832,0.1786,0.0364,0.1429,0.0282,0.0,0.6877,0.2043,0.1149,0.1207,0.4507,0.65,424,0,extracted,0.1944,0.0286,0.1667,0.1688,0.0771,0.1176
13,123,13,949,79,49,33,0.035,27,0,0.5832,0.1786,0.0364,0.1429,0.0282,0.0,0.6877,0.2043,0.1149,0.1207,0.4507,0.65,424,0,extracted,0.1944,0.0286,0.1667,0.1688,0.0771,0.1176
13,123,14,949,79,78,37,0.039,38,0,0.5727,0.1897,0.0351,0.1379,0.0282,0.0,0.6877,0.2043,0.1149,0.1207,0.4507,0.65,424,0,extracted,0.2133,0.0274,0.16,0.1688,0.0771,0.1176
13,123,15,949,79,78,37,0.039,38,0,0.5727,0.1897,0.0351,0.1379,0.0282,0.0,0.6877,0.2043,0.1149,0.1207,0.4507,0.65,424,0,extracted,0.2133,0.0274,0.16,0.1688,0.0771,0.1176
13,123,16,949,79,78,37,0.039,38,0,0.5727,0.1897,0.0351,0.1379,0.0282,0.0,0.6877,0.2043,0.1149,0.1207,0.4507,0.65,424,0,extracted,0.2133,0.0274,0.16,0.1688,0.0771,0.1176
13,123,17,949,79,78,37,0.039,38,0,0.5727,0.1897,0.0351,0.1379,0.0282,0.0,0.6877,0.2043,0.1149,0.1207,0.4507,0.65,424,0,extracted,0.2133,0.0274,0.16,0.1688,0.0771,0.1176
13,123,18,949,79,78,37,0.039,38,0,0.5727,0.1897,0.0351,0.1379,0.0282,0.0,0.6877,0.2043,0.1149,0.1207,0.4507,0.65,424,0,extracted,0.2133,0.0274,0.16,0.1688,0.0771,0.1176
13,123,19,949,79,78,37,0.039,38,0,0.5727,0.1897,0.0351,0.1379,0.0282,0.0,0.6877,0.2043,0.1149,0.1207,0.4507,0.65,424,0,extracted,0.2133,0.0274,0.16,0.1688,0.0771,0.1176
13,123,20,949,79,104,53,0.056,52,0,0.624,0.2121,0.0308,0.1667,0.0282,0.0,0.6877,0.2043,0.1149,0.1207,0.4507,0.65,424,0,extracted,0.2143,0.0244,0.1905,0.1688,0.0771,0.1176
13,123,21,949,79,104,53,0.056,52,0,0.624,0.2121,0.0308,0.1667,0.0282,0.0,0.6877,0.2043,0.1149,0.1207,0.4507,0.65,424,0,extracted,0.2143,0.0244,0.1905,0.1688,0.0771,0.1176
13,123,22,949,79,104,53,0.056,52,0,0.624,0.2121,0.0308,0.1667,0.0282,0.0,0.6877,0.2043,0.1149,0.1207,0.4507,0.65,424,0,extracted,0.2143,0.0244,0.1905,0.1688,0.0771,0.1176
13,123,23,949,79,104,53,0.056,52,0,0.624,0.2121,0.0308,0.1667,0.0282,0.0,0.6877,0.2043,0.1149,0.1207,0.4507,0.65,424,0,extracted,0.2143,0.0244,0.1905,0.1688,0.0771,0.1176
13,123,24,949,79,104,53,0.056,52,0,0.624,0.2121,0.0308,0.1667,0.0282,0.0,0.6877,0.2043,0.1149,0.1207,0.4507,0.65,424,0,extracted,0.2143,0.0244,0.1905,0.1688,0.0771,0.1176
13,123,25,949,79,104,53,0.056,52,0,0.624,0.2121,0.0308,0.1667,0.0282,0.0,0.6877,0.2043,0.1149,0.1207,0.4507,0.65,424,0,extracted,0.2143,0.0244,0.1905,0.1688,0.0771,0.1176
13,123,26,949,79,141,85,0.09,66,0,0.6448,0.3049,0.1235,0.2195,0.1408,0.15,0.6877,0.2043,0.1149,0.1207,0.4507,0.65,424,0,extracted,0.28,0.0408,0.2,0.1688,0.0771,0.1176
13,123,27,949,79,141,85,0.09,66,0,0.6448,0.3049,0.1235,0.2195,0.1408,0.15,0.6877,0.2043,0.1149,0.1207,0.4507,0.65,424,0,extracted,0.28,0.0408,0.2,0.1688,0.0771,0.1176
13,123,28,949,79,141,85,0.09,66,0,0.6448,0.3049,0.1235,0.2195,0.1408,0.15,0.6877,0.2043,0.1149,0.1207,0.4507,0.65,424,0,extracted,0.28,0.0408,0.2,0.1688,0.0771,0.1176
13,123,29,949,79,141,85,0.09,66,0,0.6448,0.3049,0.1235,0.2195,0.1408,0.15,0.6877,0.2043,0.1149,0.1207,0.4507,0.65,424,0,extracted,0.28,0.0408,0.2,0.1688,0.0771,0.1176
13,123,30,949,79,141,85,0.09,66,0,0.6448,0.3049,0.1235,0.2195,0.1408,0.15,0.6877,0.2043,0.1149,0.1207,0.4507,0.65,424,0,extracted,0.28,0.0408,0.2,0.1688,0.0771,0.1176
13,123,31,949,79,168,103,0.109,80,0,0.6365,0.2747,0.1111,0.2088,0.1408,0.15,0.6877,0.2043,0.1149,0.1207,0.4507,0.65,424,0,extracted,0.2478,0.036,0.1947,0.1688,0.0771,0.1176
13,123,32,949,79,168,103,0.109,80,0,0.6365,0.2747,0.1111,0.2088,0.1408,0.15,0.6877,0.2043,0.1149,0.1207,0.4507,0.65,424,0,extracted,0.2478,0.036,0.1947,0.1688,0.0771,0.1176
13,123,33,949,79,168,103,0.109,80,0,0.6365,0.2747,0.1111,0.2088,0.1408,0.15,0.6877,0.2043,0.1149,0.1207,0.4507,0.65,424,0,extracted,0.2478,0.036,0.1947,0.1688,0.0771,0.1176
13,123,34,949,79,168,103,0.109,80,0,0.6365,0.2747,0.1111,0.2088,0.1408,0.15,0.6877,0.2043,0.1149,0.1207,0.4507,0.65,424,0,extracted,0.2478,0.036,0.1947,0.1688,0.0771,0.1176
13,123,35,949,79,168,103,0.109,80,0,0.6365,0.2747,0.1111,0.2088,0.1408,0.15,0.6877,0.2043,0.1149,0.1207,0.4507,0.65,424,0,extracted,0.2478,0.036,0.1947,0.1688,0.0771,0.1176
13,123,36,949,79,168,103,0.109,80,0,0.6365,0.2747,0.1111,0.2088,0.1408,0.15,0.6877,0.2043,0.1149,0.1207,0.4507,0.65,424,0,extracted,0.2478,0.036,0.1947,0.1688,0.0771,0.1176
13,123,37,949,79,217,133,0.14,102,0,0.6462,0.2736,0.0952,0.1792,0.1408,0.15,0.6877,0.2043,0.1149,0.1207,0.4507,0.65,424,0,extracted,0.2171,0.0315,0.1395,0.1688,0.0771,0.1176
13,123,38,949,79,217,133,0.14,102,0,0.6462,0.2736,0.0952,0.1792,0.1408,0.15,0.6877,0.2043,0.1149,0.1207,0.4507,0.65,424,0,extracted,0.2171,0.0315,0.1395,0.1688,0.0771,0.1176
13,123,39,949,79,217,133,0.14,102,0,0.6462,0.2736,0.0952,0.1792,0.1408,0.15,0.6877,0.2043,0.1149,0.1207,0.4507,0.65,424,0,extracted,0.2171,0.0315,0.1395,0.1688,0.0771,0.1176
13,123,40,949,79,217,133,0.14,102,0,0.6462,0.2736,0.0952,0.1792,0.1408,0.15,0.6877,0.2043,0.1149,0.1207,0.4507,0.65,424,0,extracted,0.2171,0.0315,0.1395,0.1688,0.0771,0.1176
13,123,41,949,79,217,133,0.14,102,0,0.6462,0.2736,0.0952,0.1792,0.1408,0.15,0.6877,0.2043,0.1149,0.1207,0.4507,0.65,424,0,extracted,0.2171,0.0315,0.1395,0.1688,0.0771,0.1176
13,123,42,949,79,271,156,0.164,127,0,0.6594,0.2638,0.1116,0.1787,0.1831,0.2,0.6877,0.2043,0.1149,0.1207,0.4507,0.65,424,0,extracted,0.2055,0.0417,0.137,0.1688,0.0771,0.1176
13,123,43,949,79,271,156,0.164,127,0,0.6594,0.2638,0.1116,0.1787,0.1831,0.2,0.6877,0.2043,0.1149,0.1207,0.4507,0.65,424,0,extracted,0.2055,0.0417,0.137,0.1688,0.0771,0.1176
13,123,44,949,79,271,156,0.164,127,0,0.6594,0.2638,0.1116,0.1787,0.1831,0.2,0.6877,0.2043,0.1149,0.1207,0.4507,0.65,424,0,extracted,0.2055,0.0417,0.137,0.1688,0.0771,0.1176
13,123,45,949,79,271,156,0.164,127,0,0.6594,0.2638,0.1116,0.1787,0.1831,0.2,0.6877,0.2043,0.1149,0.1207,0.4507,0.65,424,0,extracted,0.2055,0.0417,0.137,0.1688,0.0771,0.1176
13,123,46,949,79,271,156,0.164,127,0,0.6594,0.2638,0.1116,0.1787,0.1831,0.2,0.6877,0.2043,0.1149,0.1207,0.4507,0.65,424,0,extracted,0.2055,0.0417,0.137,0.1688,0.0771,0.1176
13,123,47,949,79,271,156,0.164,127,0,0.6594,0.2638,0.1116,0.1787,0.1831,0.2,0.6877,0.2043,0.1149,0.1207,0.4507,0.65,424,0,extracted,0.2055,0.0417,0.137,0.1688,0.0771,0.1176
13,123,48,949,79,311,192,0.202,144,0,0.6481,0.2348,0.0992,0.1212,0.1831,0.2,0.6877,0.2043,0.1149,0.1207,0.4507,0.65,424,0,extracted,0.2078,0.0395,0.1299,0.1688,0.0771,0.1176
13,123,49,949,79,311,192,0.202,144,0,0.6481,0.2348,0.0992,0.1212,0.1831,0.2,0.6877,0.2043,0.1149,0.1207,0.4507,0.65,424,0,extracted,0.2078,0.0395,0.1299,0.1688,0.0771,0.1176
13,123,50,949,79,311,192,0.202,144,0,0.6481,0.2348,0.0992,0.1212,0.1831,0.2,0.6877,0.2043,0.1149,0.1207,0.4507,0.65,424,0,extracted,0.2078,0.0395,0.1299,0.1688,0.0771,0.1176
13,123,51,949,79,311,192,0.202,144,0,0.6481,0.2348,0.0992,0.1212,0.1831,0.2,0.6877,0.2043,0.1149,0.1207,0.4507,0.65,424,0,extracted,0.2078,0.0395,0.1299,0.1688,0.0771,0.1176
13,123,52,949,79,311,192,0.202,144,0,0.6481,0.2348,0.0992,0.1212,0.1831,0.2,0.6877,0.2043,0.1149,0.1207,0.4507,0.65,424,0,extracted,0.2078,0.0395,0.1299,0.1688,0.0771,0.1176
13,123,53,949,79,354,217,0.229,164,0,0.6477,0.2768,0.1394,0.1453,0.2817,0.35,0.6877,0.2043,0.1149,0.1207,0.4507,0.65,424,0,extracted,0.2588,0.0833,0.1529,0.1688,0.0771,0.1176
13,123,54,949,79,354,217,0.229,164,0,0.6477,0.2768,0.1394,0.1453,0.2817,0.35,0.6877,0.2043,0.1149,0.1207,0.4507,0.65,424,0,extracted,0.2588,0.0833,0.1529,0.1688,0.0771,0.1176
13,123,55,949,79,354,217,0.229,164,0,0.6477,0.2768,0.1394,0.1453,0.2817,0.35,0.6877,0.2043,0.1149,0.1207,0.4507,0.65,424,0,extracted,0.2588,0.0833,0.1529,0.1688,0.0771,0.1176
13,123,56,949,79,354,217,0.229,164,0,0.6477,0.2768,0.1394,0.1453,0.2817,0.35,0.6877,0.2043,0.1149,0.1207,0.4507,0.65,424,0,extracted,0.2588,0.0833,0.1529,0.1688,0.0771,0.1176
13,123,57,949,79,354,217,0.229,164,0,0.6477,0.2768,0.1394,0.1453,0.2817,0.35,0.6877,0.2043,0.1149,0.1207,0.4507,0.65,424,0,extracted,0.2588,0.0833,0.1529,0.1688,0.0771,0.1176
13,123,58,949,79,354,217,0.229,164,0,0.6477,0.2768,0.1394,0.1453,0.2817,0.35,0.6877,0.2043,0.1149,0.1207,0.4507,0.65,424,0,extracted,0.2588,0.0833,0.1529,0.1688,0.0771,0.1176
13,123,59,949,79,395,233,0.246,179,0,0.6359,0.2353,0.0987,0.1176,0.2113,0.25,0.6877,0.2043,0.1149,0.1207,0.4507,0.65,424,0,extracted,0.2,0.0449,0.1333,0.1688,0.0771,0.1176
13,123,60,949,79,395,233,0.246,179,0,0.6359,0.2353,0.0987,0.1176,0.2113,0.25,0.6877,0.2043,0.1149,0.1207,0.4507,0.65,424,0,extracted,0.2,0.0449,0.1333,0.1688,0.0771,0.1176
13,123,61,949,79,395,233,0.246,179,0,0.6359,0.2353,0.0987,0.1176,0.2113,0.25,0.6877,0.2043,0.1149,0.1207,0.4507,0.65,424,0,extracted,0.2,0.0449,0.1333,0.1688,0.0771,0.1176
13,123,62,949,79,395,233,0.246,179,0,0.6359,0.2353,0.0987,0.1176,0.2113,0.25,0.6877,0.2043,0.1149,0.1207,0.4507,0.65,424,0,extracted,0.2,0.0449,0.1333,0.1688,0.0771,0.1176
13,123,63,949,79,395,233,0.246,179,0,0.6359,0.2353,0.0987,0.1176,0.2113,0.25,0.6877,0.2043,0.1149,0.1207,0.4507,0.65,424,0,extracted,0.2,0.0449,0.1333,0.1688,0.0771,0.1176
13,123,64,949,79,447,269,0.283,202,0,0.6386,0.2287,0.1121,0.1525,0.2394,0.25,0.6877,0.2043,0.1149,0.1207,0.4507,0.65,424,0,extracted,0.1942,0.0784,0.1553,0.1688,0.0771,0.1176
13,123,65,949,79,447,269,0.283,202,0,0.6386,0.2287,0.1121,0.1525,0.2394,0.25,0.6877,0.2043,0.1149,0.1207,0.4507,0.65,424,0,extracted,0.1942,0.0784,0.1553,0.1688,0.0771,0.1176
13,123,66,949,79,447,269,0.283,202,0,0.6386,0.2287,0.1121,0.1525,0.2394,0.25,0.6877,0.2043,0.1149,0.1207,0.4507,0.65,424,0,extracted,0.1942,0.0784,0.1553,0.1688,0.0771,0.1176
13,123,67,949,79,447,269,0.283,202,0,0.6386,0.2287,0.1121,0.1525,0.2394,0.25,0.6877,0.2043,0.1149,0.1207,0.4507,0.65,424,0,extracted,0.1942,0.0784,0.1553,0.1688,0.0771,0.1176
13,123,68,949,79,447,269,0.283,202,0,0.6386,0.2287,0.1121,0.1525,0.2394,0.25,0.6877,0.2043,0.1149,0.1207,0.4507,0.65,424,0,extracted,0.1942,0.0784,0.1553,0.1688,0.0771,0.1176
13,123,69,949,79,447,269,0.283,202,0,0.6386,0.2287,0.1121,0.1525,0.2394,0.25,0.6877,0.2043,0.1149,0.1207,0.4507,0.65,424,0,extracted,0.1942,0.0784,0.1553,0.1688,0.0771,0.1176
13,123,70,949,79,504,302,0.318,225,0,0.6419,0.2246,0.0914,0.139,0.2394,0.3,0.6877,0.2043,0.1149,0.1207,0.4507,0.65,424,0,extracted,0.1892,0.0545,0.1351,0.1688,0.0771,0.1176
13,123,71,949,79,504,302,0.318,225,0,0.6419,0.2246,0.0914,0.139,0.2394,0.3,0.6877,0.2043,0.1149,0.1207,0.4507,0.65,424,0,extracted,0.1892,0.0545,0.1351,0.1688,0.0771,0.1176
13,123,72,949,79,504,302,0.318,225,0,0.6419,0.2246,0.0914,0.139,0.2394,0.3,0.6877,0.2043,0.1149,0.1207,0.4507,0.65,424,0,extracted,0.1892,0.0545,0.1351,0.1688,0.0771,0.1176
13,123,73,949,79,504,302,0.318,225,0,0.6419,0.2246,0.0914,0.139,0.2394,0.3,0.6877,0.2043,0.1149,0.1207,0.4507,0.65,424,0,extracted,0.1892,0.0545,0.1351,0.1688,0.0771,0.1176
13,123,74,949,79,504,302,0.318,225,0,0.6419,0.2246,0.0914,0.139,0.2394,0.3,0.6877,0.2043,0.1149,0.1207,0.4507,0.65,424,0,extracted,0.1892,0.0545,0.1351,0.1688,0.0771,0.1176
13,123,75,949,79,578,347,0.366,260,0,0.61,0.1934,0.0711,0.1132,0.1972,0.2,0.6877,0.2043,0.1149,0.1207,0.4507,0.65,424,0,extracted,0.1418,0.0376,0.1119,0.1688,0.0771,0.1176
13,123,76,949,79,578,347,0.366,260,0,0.61,0.1934,0.0711,0.1132,0.1972,0.2,0.6877,0.2043,0.1149,0.1207,0.4507,0.65,424,0,extracted,0.1418,0.0376,0.1119,0.1688,0.0771,0.1176
13,123,77,949,79,578,347,0.366,260,0,0.61,0.1934,0.0711,0.1132,0.1972,0.2,0.6877,0.2043,0.1149,0.1207,0.4507,0.65,424,0,extracted,0.1418,0.0376,0.1119,0.1688,0.0771,0.1176
13,123,78,949,79,578,347,0.366,260,0,0.61,0.1934,0.0711,0.1132,0.1972,0.2,0.6877,0.2043,0.1149,0.1207,0.4507,0.65,424,0,extracted,0.1418,0.0376,0.1119,0.1688,0.0771,0.1176
13,123,79,949,79,578,347,0.366,260,0,0.61,0.1934,0.0711,0.1132,0.1972,0.2,0.6877,0.2043,0.1149,0.1207,0.4507,0.65,424,0,extracted,0.1418,0.0376,0.1119,0.1688,0.0771,0.1176
13,123,80,949,79,578,347,0.366,260,0,0.61,0.1934,0.0711,0.1132,0.1972,0.2,0.6877,0.2043,0.1149,0.1207,0.4507,0.65,424,0,extracted,0.1418,0.0376,0.1119,0.1688,0.0771,0.1176
13,123,81,949,79,636,382,0.403,285,0,0.6139,0.181,0.0665,0.1015,0.1972,0.2,0.6877,0.2043,0.1149,0.1207,0.4507,0.65,424,0,extracted,0.1413,0.0375,0.1041,0.1688,0.0771,0.1176
13,123,82,949,79,636,382,0.403,285,0,0.6139,0.181,0.0665,0.1015,0.1972,0.2,0.6877,0.2043,0.1149,0.1207,0.4507,0.65,424,0,extracted,0.1413,0.0375,0.1041,0.1688,0.0771,0.1176
13,123,83,949,79,636,382,0.403,285,0,0.6139,0.181,0.0665,0.1015,0.1972,0.2,0.6877,0.2043,0.1149,0.1207,0.4507,0.65,424,0,extracted,0.1413,0.0375,0.1041,0.1688,0.0771,0.1176
13,123,84,949,79,636,382,0.403,285,0,0.6139,0.181,0.0665,0.1015,0.1972,0.2,0.6877,0.2043,0.1149,0.1207,0.4507,0.65,424,0,extracted,0.1413,0.0375,0.1041,0.1688,0.0771,0.1176
13,123,85,949,79,636,382,0.403,285,0,0.6139,0.181,0.0665,0.1015,0.1972,0.2,0.6877,0.2043,0.1149,0.1207,0.4507,0.65,424,0,extracted,0.1413,0.0375,0.1041,0.1688,0.0771,0.1176
13,123,86,949,79,636,382,0.403,285,0,0.6139,0.181,0.0665,0.1015,0.1972,0.2,0.6877,0.2043,0.1149,0.1207,0.4507,0.65,424,0,extracted,0.1413,0.0375,0.1041,0.1688,0.0771,0.1176
13,123,87,949,79,689,417,0.439,308,0,0.6203,0.1766,0.0784,0.1191,0.2394,0.25,0.6877,0.2043,0.1149,0.1207,0.4507,0.65,424,0,extracted,0.1443,0.0554,0.1237,0.1688,0.0771,0.1176
13,123,88,949,79,689,417,0.439,308,0,0.6203,0.1766,0.0784,0.1191,0.2394,0.25,0.6877,0.2043,0.1149,0.1207,0.4507,0.65,424,0,extracted,0.1443,0.0554,0.1237,0.1688,0.0771,0.1176
13,123,89,949,79,689,417,0.439,308,0,0.6203,0.1766,0.0784,0.1191,0.2394,0.25,0.6877,0.2043,0.1149,0.1207,0.4507,0.65,424,0,extracted,0.1443,0.0554,0.1237,0.1688,0.0771,0.1176
13,123,90,949,79,689,417,0.439,308,0,0.6203,0.1766,0.0784,0.1191,0.2394,0.25,0.6877,0.2043,0.1149,0.1207,0.4507,0.65,424,0,extracted,0.1443,0.0554,0.1237,0.1688,0.0771,0.1176
13,123,91,949,79,689,417,0.439,308,0,0.6203,0.1766,0.0784,0.1191,0.2394,0.25,0.6877,0.2043,0.1149,0.1207,0.4507,0.65,424,0,extracted,0.1443,0.0554,0.1237,0.1688,0.0771,0.1176
13,123,92,949,79,807,475,0.501,354,0,0.6169,0.1752,0.0806,0.1095,0.2817,0.3,0.6877,0.2043,0.1149,0.1207,0.4507,0.65,424,0,extracted,0.1325,0.0667,0.1024,0.1688,0.0771,0.1176
13,123,93,949,79,807,475,0.501,354,0,0.6169,0.1752,0.0806,0.1095,0.2817,0.3,0.6877,0.2043,0.1149,0.1207,0.4507,0.65,424,0,extracted,0.1325,0.0667,0.1024,0.1688,0.0771,0.1176
13,123,94,949,79,807,475,0.501,354,0,0.6169,0.1752,0.0806,0.1095,0.2817,0.3,0.6877,0.2043,0.1149,0.1207,0.4507,0.65,424,0,extracted,0.1325,0.0667,0.1024,0.1688,0.0771,0.1176
13,123,95,949,79,807,475,0.501,354,0,0.6169,0.1752,0.0806,0.1095,0.2817,0.3,0.6877,0.2043,0.1149,0.1207,0.4507,0.65,424,0,extracted,0.1325,0.0667,0.1024,0.1688,0.0771,0.1176
13,123,96,949,79,807,475,0.501,354,0,0.6169,0.1752,0.0806,0.1095,0.2817,0.3,0.6877,0.2043,0.1149,0.1207,0.4507,0.65,424,0,extracted,0.1325,0.0667,0.1024,0.1688,0.0771,0.1176
13,123,97,949,79,807,475,0.501,354,0,0.6169,0.1752,0.0806,0.1095,0.2817,0.3,0.6877,0.2043,0.1149,0.1207,0.4507,0.65,424,0,extracted,0.1325,0.0667,0.1024,0.1688,0.0771,0.1176
13,123,98,949,79,940,556,0.586,417,0,0.6795,0.1888,0.1188,0.1472,0.4648,0.6,0.6877,0.2043,0.1149,0.1207,0.4507,0.65,424,0,extracted,0.1675,0.0947,0.1414,0.1688,0.0771,0.1176
13,123,99,949,79,940,556,0.586,417,0,0.6795,0.1888,0.1188,0.1472,0.4648,0.6,0.6877,0.2043,0.1149,0.1207,0.4507,0.65,424,0,extracted,0.1675,0.0947,0.1414,0.1688,0.0771,0.1176
13,123,100,949,79,940,556,0.586,417,0,0.6795,0.1888,0.1188,0.1472,0.4648,0.6,0.6877,0.2043,0.1149,0.1207,0.4507,0.65,424,0,extracted,0.1675,0.0947,0.1414,0.1688,0.0771,0.1176
14,123,1,898,85,17,20,0.022,10,0,0.6501,0.2476,0.0583,0.1524,0.038,0.05,0.65,0.2135,0.0626,0.0952,0.2278,0.3,443,0,extracted,0.2388,0.0615,0.209,0.1768,0.0609,0.1111
14,123,2,898,85,17,20,0.022,10,0,0.6501,0.2476,0.0583,0.1524,0.038,0.05,0.65,0.2135,0.0626,0.0952,0.2278,0.3,443,0,extracted,0.2388,0.0615,0.209,0.1768,0.0609,0.1111
14,123,3,898,85,17,20,0.022,10,0,0.6501,0.2476,0.0583,0.1524,0.038,0.05,0.65,0.2135,0.0626,0.0952,0.2278,0.3,443,0,extracted,0.2388,0.0615,0.209,0.1768,0.0609,0.1111
14,123,4,898,85,17,20,0.022,10,0,0.6501,0.2476,0.0583,0.1524,0.038,0.05,0.65,0.2135,0.0626,0.0952,0.2278,0.3,443,0,extracted,0.2388,0.0615,0.209,0.1768,0.0609,0.1111
14,123,5,898,85,17,20,0.022,10,0,0.6501,0.2476,0.0583,0.1524,0.038,0.05,0.65,0.2135,0.0626,0.0952,0.2278,0.3,443,0,extracted,0.2388,0.0615,0.209,0.1768,0.0609,0.1111
14,123,6,898,85,17,20,0.022,10,0,0.6501,0.2476,0.0583,0.1524,0.038,0.05,0.65,0.2135,0.0626,0.0952,0.2278,0.3,443,0,extracted,0.2388,0.0615,0.209,0.1768,0.0609,0.1111
14,123,7,898,85,17,20,0.022,10,0,0.6501,0.2476,0.0583,0.1524,0.038,0.05,0.65,0.2135,0.0626,0.0952,0.2278,0.3,443,0,extracted,0.2388,0.0615,0.209,0.1768,0.0609,0.1111
14,123,8,898,85,17,20,0.022,10,0,0.6501,0.2476,0.0583,0.1524,0.038,0.05,0.65,0.2135,0.0626,0.0952,0.2278,0.3,443,0,extracted,0.2388,0.0615,0.209,0.1768,0.0609,0.1111
14,123,9,898,85,43,37,0.041,24,0,0.6648,0.2951,0.05,0.1639,0.038,0.05,0.65,0.2135,0.0626,0.0952,0.2278,0.3,443,0,extracted,0.24,0.0548,0.1867,0.1768,0.0609,0.1111
14,123,10,898,85,43,37,0.041,24,0,0.6648,0.2951,0.05,0.1639,0.038,0.05,0.65,0.2135,0.0626,0.0952,0.2278,0.3,443,0,extracted,0.24,0.0548,0.1867,0.1768,0.0609,0.1111
14,123,11,898,85,43,37,0.041,24,0,0.6648,0.2951,0.05,0.1639,0.038,0.05,0.65,0.2135,0.0626,0.0952,0.2278,0.3,443,0,extracted,0.24,0.0548,0.1867,0.1768,0.0609,0.1111
14,123,12,898,85,43,37,0.041,24,0,0.6648,0.2951,0.05,0.1639,0.038,0.05,0.65,0.2135,0.0626,0.0952,0.2278,0.3,443,0,extracted,0.24,0.0548,0.1867,0.1768,0.0609,0.1111
14,123,13,898,85,43,37,0.041,24,0,0.6648,0.2951,0.05,0.1639,0.038,0.05,0.65,0.2135,0.0626,0.0952,0.2278,0.3,443,0,extracted,0.24,0.0548,0.1867,0.1768,0.0609,0.1111
14,123,14,898,85,43,37,0.041,24,0,0.6648,0.2951,0.05,0.1639,0.038,0.05,0.65,0.2135,0.0626,0.0952,0.2278,0.3,443,0,extracted,0.24,0.0548,0.1867,0.1768,0.0609,0.1111
14,123,15,898,85,69,45,0.05,35,0,0.7088,0.4308,0.1406,0.2154,0.1139,0.1,0.65,0.2135,0.0626,0.0952,0.2278,0.3,443,0,extracted,0.2821,0.0526,0.2051,0.1768,0.0609,0.1111
14,123,16,898,85,69,45,0.05,35,0,0.7088,0.4308,0.1406,0.2154,0.1139,0.1,0.65,0.2135,0.0626,0.0952,0.2278,0.3,443,0,extracted,0.2821,0.0526,0.2051,0.1768,0.0609,0.1111
14,123,17,898,85,69,45,0.05,35,0,0.7088,0.4308,0.1406,0.2154,0.1139,0.1,0.65,0.2135,0.0626,0.0952,0.2278,0.3,443,0,extracted,0.2821,0.0526,0.2051,0.1768,0.0609,0.1111
14,123,18,898,85,69,45,0.05,35,0,0.7088,0.4308,0.1406,0.2154,0.1139,0.1,0.65,0.2135,0.0626,0.0952,0.2278,0.3,443,0,extracted,0.2821,0.0526,0.2051,0.1768,0.0609,0.1111
14,123,19,898,85,69,45,0.05,35,0,0.7088,0.4308,0.1406,0.2154,0.1139,0.1,0.65,0.2135,0.0626,0.0952,0.2278,0.3,443,0,extracted,0.2821,0.0526,0.2051,0.1768,0.0609,0.1111
14,123,20,898,85,69,45,0.05,35,0,0.7088,0.4308,0.1406,0.2154,0.1139,0.1,0.65,0.2135,0.0626,0.0952,0.2278,0.3,443,0,extracted,0.2821,0.0526,0.2051,0.1768,0.0609,0.1111
14,123,21,898,85,126,73,0.081,65,0,0.7058,0.5063,0.1282,0.2278,0.1139,0.15,0.65,0.2135,0.0626,0.0952,0.2278,0.3,443,0,extracted,0.4554,0.1212,0.2574,0.1768,0.0609,0.1111
14,123,22,898,85,126,73,0.081,65,0,0.7058,0.5063,0.1282,0.2278,0.1139,0.15,0.65,0.2135,0.0626,0.0952,0.2278,0.3,443,0,extracted,0.4554,0.1212,0.2574,0.1768,0.0609,0.1111
14,123,23,898,85,126,73,0.081,65,0,0.7058,0.5063,0.1282,0.2278,0.1139,0.15,0.65,0.2135,0.0626,0.0952,0.2278,0.3,443,0,extracted,0.4554,0.1212,0.2574,0.1768,0.0609,0.1111
14,123,24,898,85,126,73,0.081,65,0,0.7058,0.5063,0.1282,0.2278,0.1139,0.15,0.65,0.2135,0.0626,0.0952,0.2278,0.3,443,0,extracted,0.4554,0.1212,0.2574,0.1768,0.0609,0.1111
14,123,25,898,85,126,73,0.081,65,0,0.7058,0.5063,0.1282,0.2278,0.1139,0.15,0.65,0.2135,0.0626,0.0952,0.2278,0.3,443,0,extracted,0.4554,0.1212,0.2574,0.1768,0.0609,0.1111
14,123,26,898,85,126,73,0.081,65,0,0.7058,0.5063,0.1282,0.2278,0.1139,0.15,0.65,0.2135,0.0626,0.0952,0.2278,0.3,443,0,extracted,0.4554,0.1212,0.2574,0.1768,0.0609,0.1111
14,123,27,898,85,184,102,0.114,93,0,0.6992,0.4706,0.1189,0.1711,0.1266,0.2,0.65,0.2135,0.0626,0.0952,0.2278,0.3,443,0,extracted,0.4274,0.1217,0.2051,0.1768,0.0609,0.1111
14,123,28,898,85,184,102,0.114,93,0,0.6992,0.4706,0.1189,0.1711,0.1266,0.2,0.65,0.2135,0.0626,0.0952,0.2278,0.3,443,0,extracted,0.4274,0.1217,0.2051,0.1768,0.0609,0.1111
14,123,29,898,85,184,102,0.114,93,0,0.6992,0.4706,0.1189,0.1711,0.1266,0.2,0.65,0.2135,0.0626,0.0952,0.2278,0.3,443,0,extracted,0.4274,0.1217,0.2051,0.1768,0.0609,0.1111
14,123,30,898,85,184,102,0.114,93,0,0.6992,0.4706,0.1189,0.1711,0.1266,0.2,0.65,0.2135,0.0626,0.0952,0.2278,0.3,443,0,extracted,0.4274,0.1217,0.2051,0.1768,0.0609,0.1111
14,123,31,898,85,184,102,0.114,93,0,0.6992,0.4706,0.1189,0.1711,0.1266,0.2,0.65,0.2135,0.0626,0.0952,0.2278,0.3,443,0,extracted,0.4274,0.1217,0.2051,0.1768,0.0609,0.1111
14,123,32,898,85,184,102,0.114,93,0,0.6992,0.4706,0.1189,0.1711,0.1266,0.2,0.65,0.2135,0.0626,0.0952,0.2278,0.3,443,0,extracted,0.4274,0.1217,0.2051,0.1768,0.0609,0.1111
14,123,33,898,85,223,126,0.14,108,0,0.6872,0.3941,0.0995,0.1773,0.1139,0.15,0.65,0.2135,0.0626,0.0952,0.2278,0.3,443,0,extracted,0.3833,0.1017,0.2167,0.1768,0.0609,0.1111
14,123,34,898,85,223,126,0.14,108,0,0.6872,0.3941,0.0995,0.1773,0.1139,0.15,0.65,0.2135,0.0626,0.0952,0.2278,0.3,443,0,extracted,0.3833,0.1017,0.2167,0.1768,0.0609,0.1111
14,123,35,898,85,223,126,0.14,108,0,0.6872,0.3941,0.0995,0.1773,0.1139,0.15,0.65,0.2135,0.0626,0.0952,0.2278,0.3,443,0,extracted,0.3833,0.1017,0.2167,0.1768,0.0609,0.1111
14,123,36,898,85,223,126,0.14,108,0,0.6872,0.3941,0.0995,0.1773,0.1139,0.15,0.65,0.2135,0.0626,0.0952,0.2278,0.3,443,0,extracted,0.3833,0.1017,0.2167,0.1768,0.0609,0.1111
14,123,37,898,85,223,126,0.14,108,0,0.6872,0.3941,0.0995,0.1773,0.1139,0.15,0.65,0.2135,0.0626,0.0952,0.2278,0.3,443,0,extracted,0.3833,0.1017,0.2167,0.1768,0.0609,0.1111
14,123,38,898,85,223,126,0.14,108,0,0.6872,0.3941,0.0995,0.1773,0.1139,0.15,0.65,0.2135,0.0626,0.0952,0.2278,0.3,443,0,extracted,0.3833,0.1017,0.2167,0.1768,0.0609,0.1111
14,123,39,898,85,260,156,0.174,126,0,0.6959,0.3621,0.0957,0.1466,0.1139,0.2,0.65,0.2135,0.0626,0.0952,0.2278,0.3,443,0,extracted,0.3636,0.0993,0.1678,0.1768,0.0609,0.1111
14,123,40,898,85,260,156,0.174,126,0,0.6959,0.3621,0.0957,0.1466,0.1139,0.2,0.65,0.2135,0.0626,0.0952,0.2278,0.3,443,0,extracted,0.3636,0.0993,0.1678,0.1768,0.0609,0.1111
14,123,41,898,85,260,156,0.174,126,0,0.6959,0.3621,0.0957,0.1466,0.1139,0.2,0.65,0.2135,0.0626,0.0952,0.2278,0.3,443,0,extracted,0.3636,0.0993,0.1678,0.1768,0.0609,0.1111
14,123,42,898,85,260,156,0.174,126,0,0.6959,0.3621,0.0957,0.1466,0.1139,0.2,0.65,0.2135,0.0626,0.0952,0.2278,0.3,443,0,extracted,0.3636,0.0993,0.1678,0.1768,0.0609,0.1111
14,123,43,898,85,260,156,0.174,126,0,0.6959,0.3621,0.0957,0.1466,0.1139,0.2,0.65,0.2135,0.0626,0.0952,0.2278,0.3,443,0,extracted,0.3636,0.0993,0.1678,0.1768,0.0609,0.1111
14,123,44,898,85,260,156,0.174,126,0,0.6959,0.3621,0.0957,0.1466,0.1139,0.2,0.65,0.2135,0.0626,0.0952,0.2278,0.3,443,0,extracted,0.3636,0.0993,0.1678,0.1768,0.0609,0.1111
14,123,45,898,85,301,169,0.188,146,0,0.7004,0.4049,0.1061,0.17,0.1519,0.2,0.65,0.2135,0.0626,0.0952,0.2278,0.3,443,0,extracted,0.3571,0.1014,0.2143,0.1768,0.0609,0.1111
14,123,46,898,85,301,169,0.188,146,0,0.7004,0.4049,0.1061,0.17,0.1519,0.2,0.65,0.2135,0.0626,0.0952,0.2278,0.3,443,0,extracted,0.3571,0.1014,0.2143,0.1768,0.0609,0.1111
14,123,47,898,85,301,169,0.188,146,0,0.7004,0.4049,0.1061,0.17,0.1519,0.2,0.65,0.2135,0.0626,0.0952,0.2278,0.3,443,0,extracted,0.3571,0.1014,0.2143,0.1768,0.0609,0.1111
14,123,48,898,85,301,169,0.188,146,0,0.7004,0.4049,0.1061,0.17,0.1519,0.2,0.65,0.2135,0.0626,0.0952,0.2278,0.3,443,0,extracted,0.3571,0.1014,0.2143,0.1768,0.0609,0.1111
14,123,49,898,85,301,169,0.188,146,0,0.7004,0.4049,0.1061,0.17,0.1519,0.2,0.65,0.2135,0.0626,0.0952,0.2278,0.3,443,0,extracted,0.3571,0.1014,0.2143,0.1768,0.0609,0.1111
14,123,50,898,85,301,169,0.188,146,0,0.7004,0.4049,0.1061,0.17,0.1519,0.2,0.65,0.2135,0.0626,0.0952,0.2278,0.3,443,0,extracted,0.3571,0.1014,0.2143,0.1768,0.0609,0.1111
14,123,51,898,85,350,224,0.249,166,0,0.6916,0.3333,0.1208,0.1733,0.2152,0.35,0.65,0.2135,0.0626,0.0952,0.2278,0.3,443,0,extracted,0.3258,0.0909,0.191,0.1768,0.0609,0.1111
14,123,52,898,85,350,224,0.249,166,0,0.6916,0.3333,0.1208,0.1733,0.2152,0.35,0.65,0.2135,0.0626,0.0952,0.2278,0.3,443,0,extracted,0.3258,0.0909,0.191,0.1768,0.0609,0.1111
14,123,53,898,85,350,224,0.249,166,0,0.6916,0.3333,0.1208,0.1733,0.2152,0.35,0.65,0.2135,0.0626,0.0952,0.2278,0.3,443,0,extracted,0.3258,0.0909,0.191,0.1768,0.0609,0.1111
14,123,54,898,85,350,224,0.249,166,0,0.6916,0.3333,0.1208,0.1733,0.2152,0.35,0.65,0.2135,0.0626,0.0952,0.2278,0.3,443,0,extracted,0.3258,0.0909,0.191,0.1768,0.0609,0.1111
14,123,55,898,85,350,224,0.249,166,0,0.6916,0.3333,0.1208,0.1733,0.2152,0.35,0.65,0.2135,0.0626,0.0952,0.2278,0.3,443,0,extracted,0.3258,0.0909,0.191,0.1768,0.0609,0.1111
14,123,56,898,85,402,241,0.268,188,0,0.6878,0.3155,0.1079,0.1388,0.2025,0.25,0.65,0.2135,0.0626,0.0952,0.2278,0.3,443,0,extracted,0.2995,0.0649,0.1818,0.1768,0.0609,0.1111
14,123,57,898,85,402,241,0.268,188,0,0.6878,0.3155,0.1079,0.1388,0.2025,0.25,0.65,0.2135,0.0626,0.0952,0.2278,0.3,443,0,extracted,0.2995,0.0649,0.1818,0.1768,0.0609,0.1111
14,123,58,898,85,402,241,0.268,188,0,0.6878,0.3155,0.1079,0.1388,0.2025,0.25,0.65,0.2135,0.0626,0.0952,0.2278,0.3,443,0,extracted,0.2995,0.0649,0.1818,0.1768,0.0609,0.1111
14,123,59,898,85,402,241,0.268,188,0,0.6878,0.3155,0.1079,0.1388,0.2025,0.25,0.65,0.2135,0.0626,0.0952,0.2278,0.3,443,0,extracted,0.2995,0.0649,0.1818,0.1768,0.0609,0.1111
14,123,60,898,85,402,241,0.268,188,0,0.6878,0.3155,0.1079,0.1388,0.2025,0.25,0.65,0.2135,0.0626,0.0952,0.2278,0.3,443,0,extracted,0.2995,0.0649,0.1818,0.1768,0.0609,0.1111
14,123,61,898,85,402,241,0.268,188,0,0.6878,0.3155,0.1079,0.1388,0.2025,0.25,0.65,0.2135,0.0626,0.0952,0.2278,0.3,443,0,extracted,0.2995,0.0649,0.1818,0.1768,0.0609,0.1111
14,123,62,898,85,453,267,0.297,214,0,0.6803,0.3207,0.1056,0.1574,0.2152,0.3,0.65,0.2135,0.0626,0.0952,0.2278,0.3,443,0,extracted,0.2956,0.0597,0.1675,0.1768,0.0609,0.1111
14,123,63,898,85,453,267,0.297,214,0,0.6803,0.3207,0.1056,0.1574,0.2152,0.3,0.65,0.2135,0.0626,0.0952,0.2278,0.3,443,0,extracted,0.2956,0.0597,0.1675,0.1768,0.0609,0.1111
14,123,64,898,85,453,267,0.297,214,0,0.6803,0.3207,0.1056,0.1574,0.2152,0.3,0.65,0.2135,0.0626,0.0952,0.2278,0.3,443,0,extracted,0.2956,0.0597,0.1675,0.1768,0.0609,0.1111
14,123,65,898,85,453,267,0.297,214,0,0.6803,0.3207,0.1056,0.1574,0.2152,0.3,0.65,0.2135,0.0626,0.0952,0.2278,0.3,443,0,extracted,0.2956,0.0597,0.1675,0.1768,0.0609,0.1111
14,123,66,898,85,453,267,0.297,214,0,0.6803,0.3207,0.1056,0.1574,0.2152,0.3,0.65,0.2135,0.0626,0.0952,0.2278,0.3,443,0,extracted,0.2956,0.0597,0.1675,0.1768,0.0609,0.1111
14,123,67,898,85,453,267,0.297,214,0,0.6803,0.3207,0.1056,0.1574,0.2152,0.3,0.65,0.2135,0.0626,0.0952,0.2278,0.3,443,0,extracted,0.2956,0.0597,0.1675,0.1768,0.0609,0.1111
14,123,68,898,85,529,318,0.354,254,0,0.7017,0.335,0.1378,0.1675,0.3165,0.4,0.65,0.2135,0.0626,0.0952,0.2278,0.3,443,0,extracted,0.2941,0.1102,0.1849,0.1768,0.0609,0.1111
14,123,69,898,85,529,318,0.354,254,0,0.7017,0.335,0.1378,0.1675,0.3165,0.4,0.65,0.2135,0.0626,0.0952,0.2278,0.3,443,0,extracted,0.2941,0.1102,0.1849,0.1768,0.0609,0.1111
14,123,70,898,85,529,318,0.354,254,0,0.7017,0.335,0.1378,0.1675,0.3165,0.4,0.65,0.2135,0.0626,0.0952,0.2278,0.3,443,0,extracted,0.2941,0.1102,0.1849,0.1768,0.0609,0.1111
14,123,71,898,85,529,318,0.354,254,0,0.7017,0.335,0.1378,0.1675,0.3165,0.4,0.65,0.2135,0.0626,0.0952,0.2278,0.3,443,0,extracted,0.2941,0.1102,0.1849,0.1768,0.0609,0.1111
14,123,72,898,85,529,318,0.354,254,0,0.7017,0.335,0.1378,0.1675,0.3165,0.4,0.65,0.2135,0.0626,0.0952,0.2278,0.3,443,0,extracted,0.2941,0.1102,0.1849,0.1768,0.0609,0.1111
14,123,73,898,85,529,318,0.354,254,0,0.7017,0.335,0.1378,0.1675,0.3165,0.4,0.65,0.2135,0.0626,0.0952,0.2278,0.3,443,0,extracted,0.2941,0.1102,0.1849,0.1768,0.0609,0.1111
14,123,74,898,85,610,354,0.394,294,0,0.6767,0.293,0.1121,0.1349,0.3038,0.3,0.65,0.2135,0.0626,0.0952,0.2278,0.3,443,0,extracted,0.2672,0.0923,0.1679,0.1768,0.0609,0.1111
14,123,75,898,85,610,354,0.394,294,0,0.6767,0.293,0.1121,0.1349,0.3038,0.3,0.65,0.2135,0.0626,0.0952,0.2278,0.3,443,0,extracted,0.2672,0.0923,0.1679,0.1768,0.0609,0.1111
14,123,76,898,85,610,354,0.394,294,0,0.6767,0.293,0.1121,0.1349,0.3038,0.3,0.65,0.2135,0.0626,0.0952,0.2278,0.3,443,0,extracted,0.2672,0.0923,0.1679,0.1768,0.0609,0.1111
14,123,77,898,85,610,354,0.394,294,0,0.6767,0.293,0.1121,0.1349,0.3038,0.3,0.65,0.2135,0.0626,0.0952,0.2278,0.3,443,0,extracted,0.2672,0.0923,0.1679,0.1768,0.0609,0.1111
14,123,78,898,85,610,354,0.394,294,0,0.6767,0.293,0.1121,0.1349,0.3038,0.3,0.65,0.2135,0.0626,0.0952,0.2278,0.3,443,0,extracted,0.2672,0.0923,0.1679,0.1768,0.0609,0.1111
14,123,79,898,85,610,354,0.394,294,0,0.6767,0.293,0.1121,0.1349,0.3038,0.3,0.65,0.2135,0.0626,0.0952,0.2278,0.3,443,0,extracted,0.2672,0.0923,0.1679,0.1768,0.0609,0.1111
14,123,80,898,85,678,407,0.453,329,0,0.6839,0.2774,0.1123,0.1284,0.3165,0.35,0.65,0.2135,0.0626,0.0952,0.2278,0.3,443,0,extracted,0.2432,0.0748,0.1486,0.1768,0.0609,0.1111
14,123,81,898,85,678,407,0.453,329,0,0.6839,0.2774,0.1123,0.1284,0.3165,0.35,0.65,0.2135,0.0626,0.0952,0.2278,0.3,443,0,extracted,0.2432,0.0748,0.1486,0.1768,0.0609,0.1111
14,123,82,898,85,678,407,0.453,329,0,0.6839,0.2774,0.1123,0.1284,0.3165,0.35,0.65,0.2135,0.0626,0.0952,0.2278,0.3,443,0,extracted,0.2432,0.0748,0.1486,0.1768,0.0609,0.1111
14,123,83,898,85,678,407,0.453,329,0,0.6839,0.2774,0.1123,0.1284,0.3165,0.35,0.65,0.2135,0.0626,0.0952,0.2278,0.3,443,0,extracted,0.2432,0.0748,0.1486,0.1768,0.0609,0.1111
14,123,84,898,85,678,407,0.453,329,0,0.6839,0.2774,0.1123,0.1284,0.3165,0.35,0.65,0.2135,0.0626,0.0952,0.2278,0.3,443,0,extracted,0.2432,0.0748,0.1486,0.1768,0.0609,0.1111
14,123,85,898,85,678,407,0.453,329,0,0.6839,0.2774,0.1123,0.1284,0.3165,0.35,0.65,0.2135,0.0626,0.0952,0.2278,0.3,443,0,extracted,0.2432,0.0748,0.1486,0.1768,0.0609,0.1111
14,123,86,898,85,743,452,0.503,361,0,0.6805,0.2538,0.1103,0.1439,0.3418,0.3,0.65,0.2135,0.0626,0.0952,0.2278,0.3,443,0,extracted,0.2154,0.0805,0.1477,0.1768,0.0609,0.1111
14,123,87,898,85,743,452,0.503,361,0,0.6805,0.2538,0.1103,0.1439,0.3418,0.3,0.65,0.2135,0.0626,0.0952,0.2278,0.3,443,0,extracted,0.2154,0.0805,0.1477,0.1768,0.0609,0.1111
14,123,88,898,85,743,452,0.503,361,0,0.6805,0.2538,0.1103,0.1439,0.3418,0.3,0.65,0.2135,0.0626,0.0952,0.2278,0.3,443,0,extracted,0.2154,0.0805,0.1477,0.1768,0.0609,0.1111
14,123,89,898,85,743,452,0.503,361,0,0.6805,0.2538,0.1103,0.1439,0.3418,0.3,0.65,0.2135,0.0626,0.0952,0.2278,0.3,443,0,extracted,0.2154,0.0805,0.1477,0.1768,0.0609,0.1111
14,123,90,898,85,743,452,0.503,361,0,0.6805,0.2538,0.1103,0.1439,0.3418,0.3,0.65,0.2135,0.0626,0.0952,0.2278,0.3,443,0,extracted,0.2154,0.0805,0.1477,0.1768,0.0609,0.1111
14,123,91,898,85,743,452,0.503,361,0,0.6805,0.2538,0.1103,0.1439,0.3418,0.3,0.65,0.2135,0.0626,0.0952,0.2278,0.3,443,0,extracted,0.2154,0.0805,0.1477,0.1768,0.0609,0.1111
14,123,92,898,85,817,491,0.547,403,0,0.6868,0.2535,0.1185,0.1354,0.3924,0.45,0.65,0.2135,0.0626,0.0952,0.2278,0.3,443,0,extracted,0.2161,0.078,0.144,0.1768,0.0609,0.1111
14,123,93,898,85,817,491,0.547,403,0,0.6868,0.2535,0.1185,0.1354,0.3924,0.45,0.65,0.2135,0.0626,0.0952,0.2278,0.3,443,0,extracted,0.2161,0.078,0.144,0.1768,0.0609,0.1111
14,123,94,898,85,817,491,0.547,403,0,0.6868,0.2535,0.1185,0.1354,0.3924,0.45,0.65,0.2135,0.0626,0.0952,0.2278,0.3,443,0,extracted,0.2161,0.078,0.144,0.1768,0.0609,0.1111
14,123,95,898,85,817,491,0.547,403,0,0.6868,0.2535,0.1185,0.1354,0.3924,0.45,0.65,0.2135,0.0626,0.0952,0.2278,0.3,443,0,extracted,0.2161,0.078,0.144,0.1768,0.0609,0.1111
14,123,96,898,85,817,491,0.547,403,0,0.6868,0.2535,0.1185,0.1354,0.3924,0.45,0.65,0.2135,0.0626,0.0952,0.2278,0.3,443,0,extracted,0.2161,0.078,0.144,0.1768,0.0609,0.1111
14,123,97,898,85,817,491,0.547,403,0,0.6868,0.2535,0.1185,0.1354,0.3924,0.45,0.65,0.2135,0.0626,0.0952,0.2278,0.3,443,0,extracted,0.2161,0.078,0.144,0.1768,0.0609,0.1111
14,123,98,898,85,887,541,0.602,434,0,0.6694,0.23,0.1154,0.1086,0.4177,0.45,0.65,0.2135,0.0626,0.0952,0.2278,0.3,443,0,extracted,0.199,0.0667,0.1327,0.1768,0.0609,0.1111
14,123,99,898,85,887,541,0.602,434,0,0.6694,0.23,0.1154,0.1086,0.4177,0.45,0.65,0.2135,0.0626,0.0952,0.2278,0.3,443,0,extracted,0.199,0.0667,0.1327,0.1768,0.0609,0.1111
14,123,100,898,85,887,541,0.602,434,0,0.6694,0.23,0.1154,0.1086,0.4177,0.45,0.65,0.2135,0.0626,0.0952,0.2278,0.3,443,0,extracted,0.199,0.0667,0.1327,0.1768,0.0609,0.1111
15,123,1,992,77,14,19,0.019,9,0,0.6318,0.125,0.0213,0.1042,0.0145,0.0,0.7016,0.2003,0.1485,0.1248,0.6377,0.6471,465,0,extracted,0.1356,0.0351,0.1356,0.1865,0.1146,0.1192
15,123,2,992,77,14,19,0.019,9,0,0.6318,0.125,0.0213,0.1042,0.0145,0.0,0.7016,0.2003,0.1485,0.1248,0.6377,0.6471,465,0,extracted,0.1356,0.0351,0.1356,0.1865,0.1146,0.1192
15,123,3,992,77,14,19,0.019,9,0,0.6318,0.125,0.0213,0.1042,0.0145,0.0,0.7016,0.2003,0.1485,0.1248,0.6377,0.6471,465,0,extracted,0.1356,0.0351,0.1356,0.1865,0.1146,0.1192
15,123,4,992,77,14,19,0.019,9,0,0.6318,0.125,0.0213,0.1042,0.0145,0.0,0.7016,0.2003,0.1485,0.1248,0.6377,0.6471,465,0,extracted,0.1356,0.0351,0.1356,0.1865,0.1146,0.1192
15,123,5,992,77,14,19,0.019,9,0,0.6318,0.125,0.0213,0.1042,0.0145,0.0,0.7016,0.2003,0.1485,0.1248,0.6377,0.6471,465,0,extracted,0.1356,0.0351,0.1356,0.1865,0.1146,0.1192
15,123,6,992,77,14,19,0.019,9,0,0.6318,0.125,0.0213,0.1042,0.0145,0.0,0.7016,0.2003,0.1485,0.1248,0.6377,0.6471,465,0,extracted,0.1356,0.0351,0.1356,0.1865,0.1146,0.1192
15,123,7,992,77,14,19,0.019,9,0,0.6318,0.125,0.0213,0.1042,0.0145,0.0,0.7016,0.2003,0.1485,0.1248,0.6377,0.6471,465,0,extracted,0.1356,0.0351,0.1356,0.1865,0.1146,0.1192
15,123,8,992,77,14,19,0.019,9,0,0.6318,0.125,0.0213,0.1042,0.0145,0.0,0.7016,0.2003,0.1485,0.1248,0.6377,0.6471,465,0,extracted,0.1356,0.0351,0.1356,0.1865,0.1146,0.1192
15,123,9,992,77,36,36,0.036,21,0,0.6849,0.2478,0.0541,0.177,0.0435,0.0588,0.7016,0.2003,0.1485,0.1248,0.6377,0.6471,465,0,extracted,0.2424,0.0625,0.1818,0.1865,0.1146,0.1192
15,123,10,992,77,36,36,0.036,21,0,0.6849,0.2478,0.0541,0.177,0.0435,0.0588,0.7016,0.2003,0.1485,0.1248,0.6377,0.6471,465,0,extracted,0.2424,0.0625,0.1818,0.1865,0.1146,0.1192
15,123,11,992,77,36,36,0.036,21,0,0.6849,0.2478,0.0541,0.177,0.0435,0.0588,0.7016,0.2003,0.1485,0.1248,0.6377,0.6471,465,0,extracted,0.2424,0.0625,0.1818,0.1865,0.1146,0.1192
15,123,12,992,77,36,36,0.036,21,0,0.6849,0.2478,0.0541,0.177,0.0435,0.0588,0.7016,0.2003,0.1485,0.1248,0.6377,0.6471,465,0,extracted,0.2424,0.0625,0.1818,0.1865,0.1146,0.1192
15,123,13,992,77,36,36,0.036,21,0,0.6849,0.2478,0.0541,0.177,0.0435,0.0588,0.7016,0.2003,0.1485,0.1248,0.6377,0.6471,465,0,extracted,0.2424,0.0625,0.1818,0.1865,0.1146,0.1192
15,123,14,992,77,36,36,0.036,21,0,0.6849,0.2478,0.0541,0.177,0.0435,0.0588,0.7016,0.2003,0.1485,0.1248,0.6377,0.6471,465,0,extracted,0.2424,0.0625,0.1818,0.1865,0.1146,0.1192
15,123,15,992,77,60,37,0.037,31,0,0.6779,0.2105,0.0536,0.1404,0.0435,0.0588,0.7016,0.2003,0.1485,0.1248,0.6377,0.6471,465,0,extracted,0.2424,0.0625,0.1818,0.1865,0.1146,0.1192
15,123,16,992,77,60,37,0.037,31,0,0.6779,0.2105,0.0536,0.1404,0.0435,0.0588,0.7016,0.2003,0.1485,0.1248,0.6377,0.6471,465,0,extracted,0.2424,0.0625,0.1818,0.1865,0.1146,0.1192
15,123,17,992,77,60,37,0.037,31,0,0.6779,0.2105,0.0536,0.1404,0.0435,0.0588,0.7016,0.2003,0.1485,0.1248,0.6377,0.6471,465,0,extracted,0.2424,0.0625,0.1818,0.1865,0.1146,0.1192
15,123,18,992,77,60,37,0.037,31,0,0.6779,0.2105,0.0536,0.1404,0.0435,0.0588,0.7016,0.2003,0.1485,0.1248,0.6377,0.6471,465,0,extracted,0.2424,0.0625,0.1818,0.1865,0.1146,0.1192
15,123,19,992,77,60,37,0.037,31,0,0.6779,0.2105,0.0536,0.1404,0.0435,0.0588,0.7016,0.2003,0.1485,0.1248,0.6377,0.6471,465,0,extracted,0.2424,0.0625,0.1818,0.1865,0.1146,0.1192
15,123,20,992,77,60,37,0.037,31,0,0.6779,0.2105,0.0536,0.1404,0.0435,0.0588,0.7016,0.2003,0.1485,0.1248,0.6377,0.6471,465,0,extracted,0.2424,0.0625,0.1818,0.1865,0.1146,0.1192
15,123,21,992,77,117,71,0.072,60,0,0.6536,0.1528,0.0282,0.1111,0.029,0.0588,0.7016,0.2003,0.1485,0.1248,0.6377,0.6471,465,0,extracted,0.2368,0.027,0.1579,0.1865,0.1146,0.1192
15,123,22,992,77,117,71,0.072,60,0,0.6536,0.1528,0.0282,0.1111,0.029,0.0588,0.7016,0.2003,0.1485,0.1248,0.6377,0.6471,465,0,extracted,0.2368,0.027,0.1579,0.1865,0.1146,0.1192
15,123,23,992,77,117,71,0.072,60,0,0.6536,0.1528,0.0282,0.1111,0.029,0.0588,0.7016,0.2003,0.1485,0.1248,0.6377,0.6471,465,0,extracted,0.2368,0.027,0.1579,0.1865,0.1146,0.1192
15,123,24,992,77,117,71,0.072,60,0,0.6536,0.1528,0.0282,0.1111,0.029,0.0588,0.7016,0.2003,0.1485,0.1248,0.6377,0.6471,465,0,extracted,0.2368,0.027,0.1579,0.1865,0.1146,0.1192
15,123,25,992,77,117,71,0.072,60,0,0.6536,0.1528,0.0282,0.1111,0.029,0.0588,0.7016,0.2003,0.1485,0.1248,0.6377,0.6471,465,0,extracted,0.2368,0.027,0.1579,0.1865,0.1146,0.1192
15,123,26,992,77,117,71,0.072,60,0,0.6536,0.1528,0.0282,0.1111,0.029,0.0588,0.7016,0.2003,0.1485,0.1248,0.6377,0.6471,465,0,extracted,0.2368,0.027,0.1579,0.1865,0.1146,0.1192
15,123,27,992,77,162,88,0.089,88,0,0.6862,0.3902,0.0741,0.2439,0.087,0.0588,0.7016,0.2003,0.1485,0.1248,0.6377,0.6471,465,0,extracted,0.3333,0.0682,0.2444,0.1865,0.1146,0.1192
15,123,28,992,77,162,88,0.089,88,0,0.6862,0.3902,0.0741,0.2439,0.087,0.0588,0.7016,0.2003,0.1485,0.1248,0.6377,0.6471,465,0,extracted,0.3333,0.0682,0.2444,0.1865,0.1146,0.1192
15,123,29,992,77,162,88,0.089,88,0,0.6862,0.3902,0.0741,0.2439,0.087,0.0588,0.7016,0.2003,0.1485,0.1248,0.6377,0.6471,465,0,extracted,0.3333,0.0682,0.2444,0.1865,0.1146,0.1192
15,123,30,992,77,162,88,0.089,88,0,0.6862,0.3902,0.0741,0.2439,0.087,0.0588,0.7016,0.2003,0.1485,0.1248,0.6377,0.6471,465,0,extracted,0.3333,0.0682,0.2444,0.1865,0.1146,0.1192
15,123,31,992,77,162,88,0.089,88,0,0.6862,0.3902,0.0741,0.2439,0.087,0.0588,0.7016,0.2003,0.1485,0.1248,0.6377,0.6471,465,0,extracted,0.3333,0.0682,0.2444,0.1865,0.1146,0.1192
15,123,32,992,77,162,88,0.089,88,0,0.6862,0.3902,0.0741,0.2439,0.087,0.0588,0.7016,0.2003,0.1485,0.1248,0.6377,0.6471,465,0,extracted,0.3333,0.0682,0.2444,0.1865,0.1146,0.1192
15,123,33,992,77,193,106,0.107,100,0,0.6818,0.3204,0.067,0.2099,0.087,0.0588,0.7016,0.2003,0.1485,0.1248,0.6377,0.6471,465,0,extracted,0.3333,0.0638,0.2292,0.1865,0.1146,0.1192
15,123,34,992,77,193,106,0.107,100,0,0.6818,0.3204,0.067,0.2099,0.087,0.0588,0.7016,0.2003,0.1485,0.1248,0.6377,0.6471,465,0,extracted,0.3333,0.0638,0.2292,0.1865,0.1146,0.1192
15,123,35,992,77,193,106,0.107,100,0,0.6818,0.3204,0.067,0.2099,0.087,0.0588,0.7016,0.2003,0.1485,0.1248,0.6377,0.6471,465,0,extracted,0.3333,0.0638,0.2292,0.1865,0.1146,0.1192
15,123,36,992,77,193,106,0.107,100,0,0.6818,0.3204,0.067,0.2099,0.087,0.0588,0.7016,0.2003,0.1485,0.1248,0.6377,0.6471,465,0,extracted,0.3333,0.0638,0.2292,0.1865,0.1146,0.1192
15,123,37,992,77,193,106,0.107,100,0,0.6818,0.3204,0.067,0.2099,0.087,0.0588,0.7016,0.2003,0.1485,0.1248,0.6377,0.6471,465,0,extracted,0.3333,0.0638,0.2292,0.1865,0.1146,0.1192
15,123,38,992,77,193,106,0.107,100,0,0.6818,0.3204,0.067,0.2099,0.087,0.0588,0.7016,0.2003,0.1485,0.1248,0.6377,0.6471,465,0,extracted,0.3333,0.0638,0.2292,0.1865,0.1146,0.1192
15,123,39,992,77,240,150,0.151,122,0,0.6895,0.2922,0.1198,0.137,0.1884,0.2353,0.7016,0.2003,0.1485,0.1248,0.6377,0.6471,465,0,extracted,0.2835,0.08,0.1732,0.1865,0.1146,0.1192
15,123,40,992,77,240,150,0.151,122,0,0.6895,0.2922,0.1198,0.137,0.1884,0.2353,0.7016,0.2003,0.1485,0.1248,0.6377,0.6471,465,0,extracted,0.2835,0.08,0.1732,0.1865,0.1146,0.1192
15,123,41,992,77,240,150,0.151,122,0,0.6895,0.2922,0.1198,0.137,0.1884,0.2353,0.7016,0.2003,0.1485,0.1248,0.6377,0.6471,465,0,extracted,0.2835,0.08,0.1732,0.1865,0.1146,0.1192
15,123,42,992,77,240,150,0.151,122,0,0.6895,0.2922,0.1198,0.137,0.1884,0.2353,0.7016,0.2003,0.1485,0.1248,0.6377,0.6471,465,0,extracted,0.2835,0.08,0.1732,0.1865,0.1146,0.1192
15,123,43,992,77,240,150,0.151,122,0,0.6895,0.2922,0.1198,0.137,0.1884,0.2353,0.7016,0.2003,0.1485,0.1248,0.6377,0.6471,465,0,extracted,0.2835,0.08,0.1732,0.1865,0.1146,0.1192
15,123,44,992,77,240,150,0.151,122,0,0.6895,0.2922,0.1198,0.137,0.1884,0.2353,0.7016,0.2003,0.1485,0.1248,0.6377,0.6471,465,0,extracted,0.2835,0.08,0.1732,0.1865,0.1146,0.1192
15,123,45,992,77,285,172,0.173,141,0,0.6767,0.3347,0.1152,0.2286,0.2029,0.1765,0.7016,0.2003,0.1485,0.1248,0.6377,0.6471,465,0,extracted,0.3175,0.0645,0.2222,0.1865,0.1146,0.1192
15,123,46,992,77,285,172,0.173,141,0,0.6767,0.3347,0.1152,0.2286,0.2029,0.1765,0.7016,0.2003,0.1485,0.1248,0.6377,0.6471,465,0,extracted,0.3175,0.0645,0.2222,0.1865,0.1146,0.1192
15,123,47,992,77,285,172,0.173,141,0,0.6767,0.3347,0.1152,0.2286,0.2029,0.1765,0.7016,0.2003,0.1485,0.1248,0.6377,0.6471,465,0,extracted,0.3175,0.0645,0.2222,0.1865,0.1146,0.1192
15,123,48,992,77,285,172,0.173,141,0,0.6767,0.3347,0.1152,0.2286,0.2029,0.1765,0.7016,0.2003,0.1485,0.1248,0.6377,0.6471,465,0,extracted,0.3175,0.0645,0.2222,0.1865,0.1146,0.1192
15,123,49,992,77,285,172,0.173,141,0,0.6767,0.3347,0.1152,0.2286,0.2029,0.1765,0.7016,0.2003,0.1485,0.1248,0.6377,0.6471,465,0,extracted,0.3175,0.0645,0.2222,0.1865,0.1146,0.1192
15,123,50,992,77,285,172,0.173,141,0,0.6767,0.3347,0.1152,0.2286,0.2029,0.1765,0.7016,0.2003,0.1485,0.1248,0.6377,0.6471,465,0,extracted,0.3175,0.0645,0.2222,0.1865,0.1146,0.1192
15,123,51,992,77,331,208,0.21,157,0,0.7098,0.3719,0.1908,0.2456,0.3768,0.3529,0.7016,0.2003,0.1485,0.1248,0.6377,0.6471,465,0,extracted,0.3694,0.1677,0.242,0.1865,0.1146,0.1192
15,123,52,992,77,331,208,0.21,157,0,0.7098,0.3719,0.1908,0.2456,0.3768,0.3529,0.7016,0.2003,0.1485,0.1248,0.6377,0.6471,465,0,extracted,0.3694,0.1677,0.242,0.1865,0.1146,0.1192
15,123,53,992,77,331,208,0.21,157,0,0.7098,0.3719,0.1908,0.2456,0.3768,0.3529,0.7016,0.2003,0.1485,0.1248,0.6377,0.6471,465,0,extracted,0.3694,0.1677,0.242,0.1865,0.1146,0.1192
15,123,54,992,77,331,208,0.21,157,0,0.7098,0.3719,0.1908,0.2456,0.3768,0.3529,0.7016,0.2003,0.1485,0.1248,0.6377,0.6471,465,0,extracted,0.3694,0.1677,0.242,0.1865,0.1146,0.1192
15,123,55,992,77,331,208,0.21,157,0,0.7098,0.3719,0.1908,0.2456,0.3768,0.3529,0.7016,0.2003,0.1485,0.1248,0.6377,0.6471,465,0,extracted,0.3694,0.1677,0.242,0.1865,0.1146,0.1192
15,123,56,992,77,371,216,0.218,179,0,0.7131,0.3891,0.2062,0.273,0.4203,0.3529,0.7016,0.2003,0.1485,0.1248,0.6377,0.6471,465,0,extracted,0.3681,0.1366,0.2454,0.1865,0.1146,0.1192
15,123,57,992,77,371,216,0.218,179,0,0.7131,0.3891,0.2062,0.273,0.4203,0.3529,0.7016,0.2003,0.1485,0.1248,0.6377,0.6471,465,0,extracted,0.3681,0.1366,0.2454,0.1865,0.1146,0.1192
15,123,58,992,77,371,216,0.218,179,0,0.7131,0.3891,0.2062,0.273,0.4203,0.3529,0.7016,0.2003,0.1485,0.1248,0.6377,0.6471,465,0,extracted,0.3681,0.1366,0.2454,0.1865,0.1146,0.1192
15,123,59,992,77,371,216,0.218,179,0,0.7131,0.3891,0.2062,0.273,0.4203,0.3529,0.7016,0.2003,0.1485,0.1248,0.6377,0.6471,465,0,extracted,0.3681,0.1366,0.2454,0.1865,0.1146,0.1192
15,123,60,992,77,371,216,0.218,179,0,0.7131,0.3891,0.2062,0.273,0.4203,0.3529,0.7016,0.2003,0.1485,0.1248,0.6377,0.6471,465,0,extracted,0.3681,0.1366,0.2454,0.1865,0.1146,0.1192
15,123,61,992,77,371,216,0.218,179,0,0.7131,0.3891,0.2062,0.273,0.4203,0.3529,0.7016,0.2003,0.1485,0.1248,0.6377,0.6471,465,0,extracted,0.3681,0.1366,0.2454,0.1865,0.1146,0.1192
15,123,62,992,77,424,260,0.262,207,0,0.7007,0.3095,0.1557,0.2024,0.3623,0.2941,0.7016,0.2003,0.1485,0.1248,0.6377,0.6471,465,0,extracted,0.3141,0.1376,0.2199,0.1865,0.1146,0.1192
15,123,63,992,77,424,260,0.262,207,0,0.7007,0.3095,0.1557,0.2024,0.3623,0.2941,0.7016,0.2003,0.1485,0.1248,0.6377,0.6471,465,0,extracted,0.3141,0.1376,0.2199,0.1865,0.1146,0.1192
15,123,64,992,77,424,260,0.262,207,0,0.7007,0.3095,0.1557,0.2024,0.3623,0.2941,0.7016,0.2003,0.1485,0.1248,0.6377,0.6471,465,0,extracted,0.3141,0.1376,0.2199,0.1865,0.1146,0.1192
15,123,65,992,77,424,260,0.262,207,0,0.7007,0.3095,0.1557,0.2024,0.3623,0.2941,0.7016,0.2003,0.1485,0.1248,0.6377,0.6471,465,0,extracted,0.3141,0.1376,0.2199,0.1865,0.1146,0.1192
15,123,66,992,77,424,260,0.262,207,0,0.7007,0.3095,0.1557,0.2024,0.3623,0.2941,0.7016,0.2003,0.1485,0.1248,0.6377,0.6471,465,0,extracted,0.3141,0.1376,0.2199,0.1865,0.1146,0.1192
15,123,67,992,77,424,260,0.262,207,0,0.7007,0.3095,0.1557,0.2024,0.3623,0.2941,0.7016,0.2003,0.1485,0.1248,0.6377,0.6471,465,0,extracted,0.3141,0.1376,0.2199,0.1865,0.1146,0.1192
15,123,68,992,77,477,286,0.288,229,0,0.7209,0.3565,0.2577,0.2117,0.5652,0.4706,0.7016,0.2003,0.1485,0.1248,0.6377,0.6471,465,0,extracted,0.3492,0.1818,0.2011,0.1865,0.1146,0.1192
15,123,69,992,77,477,286,0.288,229,0,0.7209,0.3565,0.2577,0.2117,0.5652,0.4706,0.7016,0.2003,0.1485,0.1248,0.6377,0.6471,465,0,extracted,0.3492,0.1818,0.2011,0.1865,0.1146,0.1192
15,123,70,992,77,477,286,0.288,229,0,0.7209,0.3565,0.2577,0.2117,0.5652,0.4706,0.7016,0.2003,0.1485,0.1248,0.6377,0.6471,465,0,extracted,0.3492,0.1818,0.2011,0.1865,0.1146,0.1192
15,123,71,992,77,477,286,0.288,229,0,0.7209,0.3565,0.2577,0.2117,0.5652,0.4706,0.7016,0.2003,0.1485,0.1248,0.6377,0.6471,465,0,extracted,0.3492,0.1818,0.2011,0.1865,0.1146,0.1192
15,123,72,992,77,477,286,0.288,229,0,0.7209,0.3565,0.2577,0.2117,0.5652,0.4706,0.7016,0.2003,0.1485,0.1248,0.6377,0.6471,465,0,extracted,0.3492,0.1818,0.2011,0.1865,0.1146,0.1192
15,123,73,992,77,477,286,0.288,229,0,0.7209,0.3565,0.2577,0.2117,0.5652,0.4706,0.7016,0.2003,0.1485,0.1248,0.6377,0.6471,465,0,extracted,0.3492,0.1818,0.2011,0.1865,0.1146,0.1192
15,123,74,992,77,540,328,0.331,258,0,0.6984,0.3062,0.1787,0.2173,0.4203,0.4118,0.7016,0.2003,0.1485,0.1248,0.6377,0.6471,465,0,extracted,0.2771,0.0873,0.1991,0.1865,0.1146,0.1192
15,123,75,992,77,540,328,0.331,258,0,0.6984,0.3062,0.1787,0.2173,0.4203,0.4118,0.7016,0.2003,0.1485,0.1248,0.6377,0.6471,465,0,extracted,0.2771,0.0873,0.1991,0.1865,0.1146,0.1192
15,123,76,992,77,540,328,0.331,258,0,0.6984,0.3062,0.1787,0.2173,0.4203,0.4118,0.7016,0.2003,0.1485,0.1248,0.6377,0.6471,465,0,extracted,0.2771,0.0873,0.1991,0.1865,0.1146,0.1192
15,123,77,992,77,540,328,0.331,258,0,0.6984,0.3062,0.1787,0.2173,0.4203,0.4118,0.7016,0.2003,0.1485,0.1248,0.6377,0.6471,465,0,extracted,0.2771,0.0873,0.1991,0.1865,0.1146,0.1192
15,123,78,992,77,540,328,0.331,258,0,0.6984,0.3062,0.1787,0.2173,0.4203,0.4118,0.7016,0.2003,0.1485,0.1248,0.6377,0.6471,465,0,extracted,0.2771,0.0873,0.1991,0.1865,0.1146,0.1192
15,123,79,992,77,540,328,0.331,258,0,0.6984,0.3062,0.1787,0.2173,0.4203,0.4118,0.7016,0.2003,0.1485,0.1248,0.6377,0.6471,465,0,extracted,0.2771,0.0873,0.1991,0.1865,0.1146,0.1192
15,123,80,992,77,626,353,0.356,289,0,0.6914,0.2744,0.1402,0.1767,0.4203,0.5294,0.7016,0.2003,0.1485,0.1248,0.6377,0.6471,465,0,extracted,0.2531,0.0905,0.1714,0.1865,0.1146,0.1192
15,123,81,992,77,626,353,0.356,289,0,0.6914,0.2744,0.1402,0.1767,0.4203,0.5294,0.7016,0.2003,0.1485,0.1248,0.6377,0.6471,465,0,extracted,0.2531,0.0905,0.1714,0.1865,0.1146,0.1192
15,123,82,992,77,626,353,0.356,289,0,0.6914,0.2744,0.1402,0.1767,0.4203,0.5294,0.7016,0.2003,0.1485,0.1248,0.6377,0.6471,465,0,extracted,0.2531,0.0905,0.1714,0.1865,0.1146,0.1192
15,123,83,992,77,626,353,0.356,289,0,0.6914,0.2744,0.1402,0.1767,0.4203,0.5294,0.7016,0.2003,0.1485,0.1248,0.6377,0.6471,465,0,extracted,0.2531,0.0905,0.1714,0.1865,0.1146,0.1192
15,123,84,992,77,626,353,0.356,289,0,0.6914,0.2744,0.1402,0.1767,0.4203,0.5294,0.7016,0.2003,0.1485,0.1248,0.6377,0.6471,465,0,extracted,0.2531,0.0905,0.1714,0.1865,0.1146,0.1192
15,123,85,992,77,626,353,0.356,289,0,0.6914,0.2744,0.1402,0.1767,0.4203,0.5294,0.7016,0.2003,0.1485,0.1248,0.6377,0.6471,465,0,extracted,0.2531,0.0905,0.1714,0.1865,0.1146,0.1192
15,123,86,992,77,724,463,0.467,334,0,0.7119,0.2444,0.1859,0.1778,0.6232,0.5882,0.7016,0.2003,0.1485,0.1248,0.6377,0.6471,465,0,extracted,0.2273,0.1438,0.1558,0.1865,0.1146,0.1192
15,123,87,992,77,724,463,0.467,334,0,0.7119,0.2444,0.1859,0.1778,0.6232,0.5882,0.7016,0.2003,0.1485,0.1248,0.6377,0.6471,465,0,extracted,0.2273,0.1438,0.1558,0.1865,0.1146,0.1192
15,123,88,992,77,724,463,0.467,334,0,0.7119,0.2444,0.1859,0.1778,0.6232,0.5882,0.7016,0.2003,0.1485,0.1248,0.6377,0.6471,465,0,extracted,0.2273,0.1438,0.1558,0.1865,0.1146,0.1192
15,123,89,992,77,724,463,0.467,334,0,0.7119,0.2444,0.1859,0.1778,0.6232,0.5882,0.7016,0.2003,0.1485,0.1248,0.6377,0.6471,465,0,extracted,0.2273,0.1438,0.1558,0.1865,0.1146,0.1192
15,123,90,992,77,724,463,0.467,334,0,0.7119,0.2444,0.1859,0.1778,0.6232,0.5882,0.7016,0.2003,0.1485,0.1248,0.6377,0.6471,465,0,extracted,0.2273,0.1438,0.1558,0.1865,0.1146,0.1192
15,123,91,992,77,724,463,0.467,334,0,0.7119,0.2444,0.1859,0.1778,0.6232,0.5882,0.7016,0.2003,0.1485,0.1248,0.6377,0.6471,465,0,extracted,0.2273,0.1438,0.1558,0.1865,0.1146,0.1192
15,123,92,992,77,853,522,0.526,395,0,0.7021,0.2241,0.1745,0.1538,0.6522,0.5882,0.7016,0.2003,0.1485,0.1248,0.6377,0.6471,465,0,extracted,0.2124,0.1365,0.1357,0.1865,0.1146,0.1192
15,123,93,992,77,853,522,0.526,395,0,0.7021,0.2241,0.1745,0.1538,0.6522,0.5882,0.7016,0.2003,0.1485,0.1248,0.6377,0.6471,465,0,extracted,0.2124,0.1365,0.1357,0.1865,0.1146,0.1192
15,123,94,992,77,853,522,0.526,395,0,0.7021,0.2241,0.1745,0.1538,0.6522,0.5882,0.7016,0.2003,0.1485,0.1248,0.6377,0.6471,465,0,extracted,0.2124,0.1365,0.1357,0.1865,0.1146,0.1192
15,123,95,992,77,853,522,0.526,395,0,0.7021,0.2241,0.1745,0.1538,0.6522,0.5882,0.7016,0.2003,0.1485,0.1248,0.6377,0.6471,465,0,extracted,0.2124,0.1365,0.1357,0.1865,0.1146,0.1192
15,123,96,992,77,853,522,0.526,395,0,0.7021,0.2241,0.1745,0.1538,0.6522,0.5882,0.7016,0.2003,0.1485,0.1248,0.6377,0.6471,465,0,extracted,0.2124,0.1365,0.1357,0.1865,0.1146,0.1192
15,123,97,992,77,853,522,0.526,395,0,0.7021,0.2241,0.1745,0.1538,0.6522,0.5882,0.7016,0.2003,0.1485,0.1248,0.6377,0.6471,465,0,extracted,0.2124,0.1365,0.1357,0.1865,0.1146,0.1192
15,123,98,992,77,980,594,0.599,454,0,0.6645,0.2009,0.1221,0.1339,0.4783,0.5294,0.7016,0.2003,0.1485,0.1248,0.6377,0.6471,465,0,extracted,0.1878,0.0889,0.116,0.1865,0.1146,0.1192
15,123,99,992,77,980,594,0.599,454,0,0.6645,0.2009,0.1221,0.1339,0.4783,0.5294,0.7016,0.2003,0.1485,0.1248,0.6377,0.6471,465,0,extracted,0.1878,0.0889,0.116,0.1865,0.1146,0.1192
15,123,100,992,77,980,594,0.599,454,0,0.6645,0.2009,0.1221,0.1339,0.4783,0.5294,0.7016,0.2003,0.1485,0.1248,0.6377,0.6471,465,0,extracted,0.1878,0.0889,0.116,0.1865,0.1146,0.1192
16,123,1,895,100,29,29,0.032,14,0,0.6686,0.2326,0.0315,0.155,0.0204,0.0714,0.6549,0.1994,0.0862,0.1074,0.2755,0.3571,395,0,extracted,0.1667,0.0244,0.1429,0.202,0.0693,0.1281
16,123,2,895,100,29,29,0.032,14,0,0.6686,0.2326,0.0315,0.155,0.0204,0.0714,0.6549,0.1994,0.0862,0.1074,0.2755,0.3571,395,0,extracted,0.1667,0.0244,0.1429,0.202,0.0693,0.1281
16,123,3,895,100,29,29,0.032,14,0,0.6686,0.2326,0.0315,0.155,0.0204,0.0714,0.6549,0.1994,0.0862,0.1074,0.2755,0.3571,395,0,extracted,0.1667,0.0244,0.1429,0.202,0.0693,0.1281
16,123,4,895,100,29,29,0.032,14,0,0.6686,0.2326,0.0315,0.155,0.0204,0.0714,0.6549,0.1994,0.0862,0.1074,0.2755,0.3571,395,0,extracted,0.1667,0.0244,0.1429,0.202,0.0693,0.1281
16,123,5,895,100,29,29,0.032,14,0,0.6686,0.2326,0.0315,0.155,0.0204,0.0714,0.6549,0.1994,0.0862,0.1074,0.2755,0.3571,395,0,extracted,0.1667,0.0244,0.1429,0.202,0.0693,0.1281
16,123,6,895,100,29,29,0.032,14,0,0.6686,0.2326,0.0315,0.155,0.0204,0.0714,0.6549,0.1994,0.0862,0.1074,0.2755,0.3571,395,0,extracted,0.1667,0.0244,0.1429,0.202,0.0693,0.1281
16,123,7,895,100,29,29,0.032,14,0,0.6686,0.2326,0.0315,0.155,0.0204,0.0714,0.6549,0.1994,0.0862,0.1074,0.2755,0.3571,395,0,extracted,0.1667,0.0244,0.1429,0.202,0.0693,0.1281
16,123,8,895,100,29,29,0.032,14,0,0.6686,0.2326,0.0315,0.155,0.0204,0.0714,0.6549,0.1994,0.0862,0.1074,0.2755,0.3571,395,0,extracted,0.1667,0.0244,0.1429,0.202,0.0693,0.1281
16,123,9,895,100,29,29,0.032,14,0,0.6686,0.2326,0.0315,0.155,0.0204,0.0714,0.6549,0.1994,0.0862,0.1074,0.2755,0.3571,395,0,extracted,0.1667,0.0244,0.1429,0.202,0.0693,0.1281
16,123,10,895,100,57,43,0.048,27,0,0.6559,0.2657,0.0709,0.1259,0.051,0.1429,0.6549,0.1994,0.0862,0.1074,0.2755,0.3571,395,0,extracted,0.2609,0.0667,0.1739,0.202,0.0693,0.1281
16,123,11,895,100,57,43,0.048,27,0,0.6559,0.2657,0.0709,0.1259,0.051,0.1429,0.6549,0.1994,0.0862,0.1074,0.2755,0.3571,395,0,extracted,0.2609,0.0667,0.1739,0.202,0.0693,0.1281
16,123,12,895,100,57,43,0.048,27,0,0.6559,0.2657,0.0709,0.1259,0.051,0.1429,0.6549,0.1994,0.0862,0.1074,0.2755,0.3571,395,0,extracted,0.2609,0.0667,0.1739,0.202,0.0693,0.1281
16,123,13,895,100,57,43,0.048,27,0,0.6559,0.2657,0.0709,0.1259,0.051,0.1429,0.6549,0.1994,0.0862,0.1074,0.2755,0.3571,395,0,extracted,0.2609,0.0667,0.1739,0.202,0.0693,0.1281
16,123,14,895,100,57,43,0.048,27,0,0.6559,0.2657,0.0709,0.1259,0.051,0.1429,0.6549,0.1994,0.0862,0.1074,0.2755,0.3571,395,0,extracted,0.2609,0.0667,0.1739,0.202,0.0693,0.1281
16,123,15,895,100,57,43,0.048,27,0,0.6559,0.2657,0.0709,0.1259,0.051,0.1429,0.6549,0.1994,0.0862,0.1074,0.2755,0.3571,395,0,extracted,0.2609,0.0667,0.1739,0.202,0.0693,0.1281
16,123,16,895,100,99,62,0.069,49,0,0.668,0.3086,0.075,0.1235,0.0612,0.1429,0.6549,0.1994,0.0862,0.1074,0.2755,0.3571,395,0,extracted,0.2857,0.0777,0.1524,0.202,0.0693,0.1281
16,123,17,895,100,99,62,0.069,49,0,0.668,0.3086,0.075,0.1235,0.0612,0.1429,0.6549,0.1994,0.0862,0.1074,0.2755,0.3571,395,0,extracted,0.2857,0.0777,0.1524,0.202,0.0693,0.1281
16,123,18,895,100,99,62,0.069,49,0,0.668,0.3086,0.075,0.1235,0.0612,0.1429,0.6549,0.1994,0.0862,0.1074,0.2755,0.3571,395,0,extracted,0.2857,0.0777,0.1524,0.202,0.0693,0.1281
16,123,19,895,100,99,62,0.069,49,0,0.668,0.3086,0.075,0.1235,0.0612,0.1429,0.6549,0.1994,0.0862,0.1074,0.2755,0.3571,395,0,extracted,0.2857,0.0777,0.1524,0.202,0.0693,0.1281
16,123,20,895,100,99,62,0.069,49,0,0.668,0.3086,0.075,0.1235,0.0612,0.1429,0.6549,0.1994,0.0862,0.1074,0.2755,0.3571,395,0,extracted,0.2857,0.0777,0.1524,0.202,0.0693,0.1281
16,123,21,895,100,99,62,0.069,49,0,0.668,0.3086,0.075,0.1235,0.0612,0.1429,0.6549,0.1994,0.0862,0.1074,0.2755,0.3571,395,0,extracted,0.2857,0.0777,0.1524,0.202,0.0693,0.1281
16,123,22,895,100,128,86,0.096,57,0,0.7055,0.4409,0.1196,0.2151,0.1122,0.25,0.6549,0.1994,0.0862,0.1074,0.2755,0.3571,395,0,extracted,0.3833,0.0678,0.2167,0.202,0.0693,0.1281
16,123,23,895,100,128,86,0.096,57,0,0.7055,0.4409,0.1196,0.2151,0.1122,0.25,0.6549,0.1994,0.0862,0.1074,0.2755,0.3571,395,0,extracted,0.3833,0.0678,0.2167,0.202,0.0693,0.1281
16,123,24,895,100,128,86,0.096,57,0,0.7055,0.4409,0.1196,0.2151,0.1122,0.25,0.6549,0.1994,0.0862,0.1074,0.2755,0.3571,395,0,extracted,0.3833,0.0678,0.2167,0.202,0.0693,0.1281
16,123,25,895,100,128,86,0.096,57,0,0.7055,0.4409,0.1196,0.2151,0.1122,0.25,0.6549,0.1994,0.0862,0.1074,0.2755,0.3571,395,0,extracted,0.3833,0.0678,0.2167,0.202,0.0693,0.1281
16,123,26,895,100,128,86,0.096,57,0,0.7055,0.4409,0.1196,0.2151,0.1122,0.25,0.6549,0.1994,0.0862,0.1074,0.2755,0.3571,395,0,extracted,0.3833,0.0678,0.2167,0.202,0.0693,0.1281
16,123,27,895,100,128,86,0.096,57,0,0.7055,0.4409,0.1196,0.2151,0.1122,0.25,0.6549,0.1994,0.0862,0.1074,0.2755,0.3571,395,0,extracted,0.3833,0.0678,0.2167,0.202,0.0693,0.1281
16,123,28,895,100,128,86,0.096,57,0,0.7055,0.4409,0.1196,0.2151,0.1122,0.25,0.6549,0.1994,0.0862,0.1074,0.2755,0.3571,395,0,extracted,0.3833,0.0678,0.2167,0.202,0.0693,0.1281
16,123,29,895,100,179,94,0.105,79,0,0.6946,0.4227,0.1146,0.1856,0.1122,0.25,0.6549,0.1994,0.0862,0.1074,0.2755,0.3571,395,0,extracted,0.368,0.065,0.192,0.202,0.0693,0.1281
16,123,30,895,100,179,94,0.105,79,0,0.6946,0.4227,0.1146,0.1856,0.1122,0.25,0.6549,0.1994,0.0862,0.1074,0.2755,0.3571,395,0,extracted,0.368,0.065,0.192,0.202,0.0693,0.1281
16,123,31,895,100,179,94,0.105,79,0,0.6946,0.4227,0.1146,0.1856,0.1122,0.25,0.6549,0.1994,0.0862,0.1074,0.2755,0.3571,395,0,extracted,0.368,0.065,0.192,0.202,0.0693,0.1281
16,123,32,895,100,179,94,0.105,79,0,0.6946,0.4227,0.1146,0.1856,0.1122,0.25,0.6549,0.1994,0.0862,0.1074,0.2755,0.3571,395,0,extracted,0.368,0.065,0.192,0.202,0.0693,0.1281
16,123,33,895,100,179,94,0.105,79,0,0.6946,0.4227,0.1146,0.1856,0.1122,0.25,0.6549,0.1994,0.0862,0.1074,0.2755,0.3571,395,0,extracted,0.368,0.065,0.192,0.202,0.0693,0.1281
16,123,34,895,100,179,94,0.105,79,0,0.6946,0.4227,0.1146,0.1856,0.1122,0.25,0.6549,0.1994,0.0862,0.1074,0.2755,0.3571,395,0,extracted,0.368,0.065,0.192,0.202,0.0693,0.1281
16,123,35,895,100,219,137,0.153,100,0,0.6841,0.3644,0.1368,0.1864,0.1633,0.3214,0.6549,0.1994,0.0862,0.1074,0.2755,0.3571,395,0,extracted,0.359,0.1039,0.1795,0.202,0.0693,0.1281
16,123,36,895,100,219,137,0.153,100,0,0.6841,0.3644,0.1368,0.1864,0.1633,0.3214,0.6549,0.1994,0.0862,0.1074,0.2755,0.3571,395,0,extracted,0.359,0.1039,0.1795,0.202,0.0693,0.1281
16,123,37,895,100,219,137,0.153,100,0,0.6841,0.3644,0.1368,0.1864,0.1633,0.3214,0.6549,0.1994,0.0862,0.1074,0.2755,0.3571,395,0,extracted,0.359,0.1039,0.1795,0.202,0.0693,0.1281
16,123,38,895,100,219,137,0.153,100,0,0.6841,0.3644,0.1368,0.1864,0.1633,0.3214,0.6549,0.1994,0.0862,0.1074,0.2755,0.3571,395,0,extracted,0.359,0.1039,0.1795,0.202,0.0693,0.1281
16,123,39,895,100,219,137,0.153,100,0,0.6841,0.3644,0.1368,0.1864,0.1633,0.3214,0.6549,0.1994,0.0862,0.1074,0.2755,0.3571,395,0,extracted,0.359,0.1039,0.1795,0.202,0.0693,0.1281
16,123,40,895,100,219,137,0.153,100,0,0.6841,0.3644,0.1368,0.1864,0.1633,0.3214,0.6549,0.1994,0.0862,0.1074,0.2755,0.3571,395,0,extracted,0.359,0.1039,0.1795,0.202,0.0693,0.1281
16,123,41,895,100,259,160,0.179,116,0,0.6825,0.378,0.1587,0.1969,0.2041,0.3571,0.6549,0.1994,0.0862,0.1074,0.2755,0.3571,395,0,extracted,0.4054,0.1096,0.2297,0.202,0.0693,0.1281
16,123,42,895,100,259,160,0.179,116,0,0.6825,0.378,0.1587,0.1969,0.2041,0.3571,0.6549,0.1994,0.0862,0.1074,0.2755,0.3571,395,0,extracted,0.4054,0.1096,0.2297,0.202,0.0693,0.1281
16,123,43,895,100,259,160,0.179,116,0,0.6825,0.378,0.1587,0.1969,0.2041,0.3571,0.6549,0.1994,0.0862,0.1074,0.2755,0.3571,395,0,extracted,0.4054,0.1096,0.2297,0.202,0.0693,0.1281
16,123,44,895,100,259,160,0.179,116,0,0.6825,0.378,0.1587,0.1969,0.2041,0.3571,0.6549,0.1994,0.0862,0.1074,0.2755,0.3571,395,0,extracted,0.4054,0.1096,0.2297,0.202,0.0693,0.1281
16,123,45,895,100,259,160,0.179,116,0,0.6825,0.378,0.1587,0.1969,0.2041,0.3571,0.6549,0.1994,0.0862,0.1074,0.2755,0.3571,395,0,extracted,0.4054,0.1096,0.2297,0.202,0.0693,0.1281
16,123,46,895,100,259,160,0.179,116,0,0.6825,0.378,0.1587,0.1969,0.2041,0.3571,0.6549,0.1994,0.0862,0.1074,0.2755,0.3571,395,0,extracted,0.4054,0.1096,0.2297,0.202,0.0693,0.1281
16,123,47,895,100,342,207,0.231,148,0,0.6718,0.3725,0.1316,0.1699,0.2041,0.3571,0.6549,0.1994,0.0862,0.1074,0.2755,0.3571,395,0,extracted,0.3756,0.1026,0.1929,0.202,0.0693,0.1281
16,123,48,895,100,342,207,0.231,148,0,0.6718,0.3725,0.1316,0.1699,0.2041,0.3571,0.6549,0.1994,0.0862,0.1074,0.2755,0.3571,395,0,extracted,0.3756,0.1026,0.1929,0.202,0.0693,0.1281
16,123,49,895,100,342,207,0.231,148,0,0.6718,0.3725,0.1316,0.1699,0.2041,0.3571,0.6549,0.1994,0.0862,0.1074,0.2755,0.3571,395,0,extracted,0.3756,0.1026,0.1929,0.202,0.0693,0.1281
16,123,50,895,100,342,207,0.231,148,0,0.6718,0.3725,0.1316,0.1699,0.2041,0.3571,0.6549,0.1994,0.0862,0.1074,0.2755,0.3571,395,0,extracted,0.3756,0.1026,0.1929,0.202,0.0693,0.1281
16,123,51,895,100,342,207,0.231,148,0,0.6718,0.3725,0.1316,0.1699,0.2041,0.3571,0.6549,0.1994,0.0862,0.1074,0.2755,0.3571,395,0,extracted,0.3756,0.1026,0.1929,0.202,0.0693,0.1281
16,123,52,895,100,342,207,0.231,148,0,0.6718,0.3725,0.1316,0.1699,0.2041,0.3571,0.6549,0.1994,0.0862,0.1074,0.2755,0.3571,395,0,extracted,0.3756,0.1026,0.1929,0.202,0.0693,0.1281
16,123,53,895,100,342,207,0.231,148,0,0.6718,0.3725,0.1316,0.1699,0.2041,0.3571,0.6549,0.1994,0.0862,0.1074,0.2755,0.3571,395,0,extracted,0.3756,0.1026,0.1929,0.202,0.0693,0.1281
16,123,54,895,100,390,238,0.266,167,0,0.6628,0.3373,0.119,0.1538,0.2041,0.3571,0.6549,0.1994,0.0862,0.1074,0.2755,0.3571,395,0,extracted,0.3458,0.1038,0.1869,0.202,0.0693,0.1281
16,123,55,895,100,390,238,0.266,167,0,0.6628,0.3373,0.119,0.1538,0.2041,0.3571,0.6549,0.1994,0.0862,0.1074,0.2755,0.3571,395,0,extracted,0.3458,0.1038,0.1869,0.202,0.0693,0.1281
16,123,56,895,100,390,238,0.266,167,0,0.6628,0.3373,0.119,0.1538,0.2041,0.3571,0.6549,0.1994,0.0862,0.1074,0.2755,0.3571,395,0,extracted,0.3458,0.1038,0.1869,0.202,0.0693,0.1281
16,123,57,895,100,390,238,0.266,167,0,0.6628,0.3373,0.119,0.1538,0.2041,0.3571,0.6549,0.1994,0.0862,0.1074,0.2755,0.3571,395,0,extracted,0.3458,0.1038,0.1869,0.202,0.0693,0.1281
16,123,58,895,100,390,238,0.266,167,0,0.6628,0.3373,0.119,0.1538,0.2041,0.3571,0.6549,0.1994,0.0862,0.1074,0.2755,0.3571,395,0,extracted,0.3458,0.1038,0.1869,0.202,0.0693,0.1281
16,123,59,895,100,390,238,0.266,167,0,0.6628,0.3373,0.119,0.1538,0.2041,0.3571,0.6549,0.1994,0.0862,0.1074,0.2755,0.3571,395,0,extracted,0.3458,0.1038,0.1869,0.202,0.0693,0.1281
16,123,60,895,100,444,277,0.309,193,0,0.6783,0.3767,0.16,0.1698,0.2959,0.4643,0.6549,0.1994,0.0862,0.1074,0.2755,0.3571,395,0,extracted,0.3691,0.0952,0.1803,0.202,0.0693,0.1281
16,123,61,895,100,444,277,0.309,193,0,0.6783,0.3767,0.16,0.1698,0.2959,0.4643,0.6549,0.1994,0.0862,0.1074,0.2755,0.3571,395,0,extracted,0.3691,0.0952,0.1803,0.202,0.0693,0.1281
16,123,62,895,100,444,277,0.309,193,0,0.6783,0.3767,0.16,0.1698,0.2959,0.4643,0.6549,0.1994,0.0862,0.1074,0.2755,0.3571,395,0,extracted,0.3691,0.0952,0.1803,0.202,0.0693,0.1281
16,123,63,895,100,444,277,0.309,193,0,0.6783,0.3767,0.16,0.1698,0.2959,0.4643,0.6549,0.1994,0.0862,0.1074,0.2755,0.3571,395,0,extracted,0.3691,0.0952,0.1803,0.202,0.0693,0.1281
16,123,64,895,100,444,277,0.309,193,0,0.6783,0.3767,0.16,0.1698,0.2959,0.4643,0.6549,0.1994,0.0862,0.1074,0.2755,0.3571,395,0,extracted,0.3691,0.0952,0.1803,0.202,0.0693,0.1281
16,123,65,895,100,444,277,0.309,193,0,0.6783,0.3767,0.16,0.1698,0.2959,0.4643,0.6549,0.1994,0.0862,0.1074,0.2755,0.3571,395,0,extracted,0.3691,0.0952,0.1803,0.202,0.0693,0.1281
16,123,66,895,100,493,312,0.349,214,0,0.6736,0.3155,0.1171,0.1505,0.2347,0.3929,0.6549,0.1994,0.0862,0.1074,0.2755,0.3571,395,0,extracted,0.3059,0.087,0.1647,0.202,0.0693,0.1281
16,123,67,895,100,493,312,0.349,214,0,0.6736,0.3155,0.1171,0.1505,0.2347,0.3929,0.6549,0.1994,0.0862,0.1074,0.2755,0.3571,395,0,extracted,0.3059,0.087,0.1647,0.202,0.0693,0.1281
16,123,68,895,100,493,312,0.349,214,0,0.6736,0.3155,0.1171,0.1505,0.2347,0.3929,0.6549,0.1994,0.0862,0.1074,0.2755,0.3571,395,0,extracted,0.3059,0.087,0.1647,0.202,0.0693,0.1281
16,123,69,895,100,493,312,0.349,214,0,0.6736,0.3155,0.1171,0.1505,0.2347,0.3929,0.6549,0.1994,0.0862,0.1074,0.2755,0.3571,395,0,extracted,0.3059,0.087,0.1647,0.202,0.0693,0.1281
16,123,70,895,100,493,312,0.349,214,0,0.6736,0.3155,0.1171,0.1505,0.2347,0.3929,0.6549,0.1994,0.0862,0.1074,0.2755,0.3571,395,0,extracted,0.3059,0.087,0.1647,0.202,0.0693,0.1281
16,123,71,895,100,493,312,0.349,214,0,0.6736,0.3155,0.1171,0.1505,0.2347,0.3929,0.6549,0.1994,0.0862,0.1074,0.2755,0.3571,395,0,extracted,0.3059,0.087,0.1647,0.202,0.0693,0.1281
16,123,72,895,100,565,361,0.403,245,0,0.6777,0.295,0.1133,0.1432,0.2551,0.4286,0.6549,0.1994,0.0862,0.1074,0.2755,0.3571,395,0,extracted,0.2847,0.0769,0.1528,0.202,0.0693,0.1281
16,123,73,895,100,565,361,0.403,245,0,0.6777,0.295,0.1133,0.1432,0.2551,0.4286,0.6549,0.1994,0.0862,0.1074,0.2755,0.3571,395,0,extracted,0.2847,0.0769,0.1528,0.202,0.0693,0.1281
16,123,74,895,100,565,361,0.403,245,0,0.6777,0.295,0.1133,0.1432,0.2551,0.4286,0.6549,0.1994,0.0862,0.1074,0.2755,0.3571,395,0,extracted,0.2847,0.0769,0.1528,0.202,0.0693,0.1281
16,123,75,895,100,565,361,0.403,245,0,0.6777,0.295,0.1133,0.1432,0.2551,0.4286,0.6549,0.1994,0.0862,0.1074,0.2755,0.3571,395,0,extracted,0.2847,0.0769,0.1528,0.202,0.0693,0.1281
16,123,76,895,100,565,361,0.403,245,0,0.6777,0.295,0.1133,0.1432,0.2551,0.4286,0.6549,0.1994,0.0862,0.1074,0.2755,0.3571,395,0,extracted,0.2847,0.0769,0.1528,0.202,0.0693,0.1281
16,123,77,895,100,565,361,0.403,245,0,0.6777,0.295,0.1133,0.1432,0.2551,0.4286,0.6549,0.1994,0.0862,0.1074,0.2755,0.3571,395,0,extracted,0.2847,0.0769,0.1528,0.202,0.0693,0.1281
16,123,78,895,100,565,361,0.403,245,0,0.6777,0.295,0.1133,0.1432,0.2551,0.4286,0.6549,0.1994,0.0862,0.1074,0.2755,0.3571,395,0,extracted,0.2847,0.0769,0.1528,0.202,0.0693,0.1281
16,123,79,895,100,660,391,0.437,288,0,0.6753,0.2729,0.1022,0.1385,0.2449,0.3929,0.6549,0.1994,0.0862,0.1074,0.2755,0.3571,395,0,extracted,0.2637,0.0647,0.1736,0.202,0.0693,0.1281
16,123,80,895,100,660,391,0.437,288,0,0.6753,0.2729,0.1022,0.1385,0.2449,0.3929,0.6549,0.1994,0.0862,0.1074,0.2755,0.3571,395,0,extracted,0.2637,0.0647,0.1736,0.202,0.0693,0.1281
16,123,81,895,100,660,391,0.437,288,0,0.6753,0.2729,0.1022,0.1385,0.2449,0.3929,0.6549,0.1994,0.0862,0.1074,0.2755,0.3571,395,0,extracted,0.2637,0.0647,0.1736,0.202,0.0693,0.1281
16,123,82,895,100,660,391,0.437,288,0,0.6753,0.2729,0.1022,0.1385,0.2449,0.3929,0.6549,0.1994,0.0862,0.1074,0.2755,0.3571,395,0,extracted,0.2637,0.0647,0.1736,0.202,0.0693,0.1281
16,123,83,895,100,660,391,0.437,288,0,0.6753,0.2729,0.1022,0.1385,0.2449,0.3929,0.6549,0.1994,0.0862,0.1074,0.2755,0.3571,395,0,extracted,0.2637,0.0647,0.1736,0.202,0.0693,0.1281
16,123,84,895,100,660,391,0.437,288,0,0.6753,0.2729,0.1022,0.1385,0.2449,0.3929,0.6549,0.1994,0.0862,0.1074,0.2755,0.3571,395,0,extracted,0.2637,0.0647,0.1736,0.202,0.0693,0.1281
16,123,85,895,100,749,460,0.514,334,0,0.6678,0.2532,0.0944,0.1266,0.2551,0.4286,0.6549,0.1994,0.0862,0.1074,0.2755,0.3571,395,0,extracted,0.2523,0.0725,0.1441,0.202,0.0693,0.1281
16,123,86,895,100,749,460,0.514,334,0,0.6678,0.2532,0.0944,0.1266,0.2551,0.4286,0.6549,0.1994,0.0862,0.1074,0.2755,0.3571,395,0,extracted,0.2523,0.0725,0.1441,0.202,0.0693,0.1281
16,123,87,895,100,749,460,0.514,334,0,0.6678,0.2532,0.0944,0.1266,0.2551,0.4286,0.6549,0.1994,0.0862,0.1074,0.2755,0.3571,395,0,extracted,0.2523,0.0725,0.1441,0.202,0.0693,0.1281
16,123,88,895,100,749,460,0.514,334,0,0.6678,0.2532,0.0944,0.1266,0.2551,0.4286,0.6549,0.1994,0.0862,0.1074,0.2755,0.3571,395,0,extracted,0.2523,0.0725,0.1441,0.202,0.0693,0.1281
16,123,89,895,100,749,460,0.514,334,0,0.6678,0.2532,0.0944,0.1266,0.2551,0.4286,0.6549,0.1994,0.0862,0.1074,0.2755,0.3571,395,0,extracted,0.2523,0.0725,0.1441,0.202,0.0693,0.1281
16,123,90,895,100,749,460,0.514,334,0,0.6678,0.2532,0.0944,0.1266,0.2551,0.4286,0.6549,0.1994,0.0862,0.1074,0.2755,0.3571,395,0,extracted,0.2523,0.0725,0.1441,0.202,0.0693,0.1281
16,123,91,895,100,819,501,0.56,362,0,0.6599,0.2189,0.0777,0.1212,0.2347,0.3571,0.6549,0.1994,0.0862,0.1074,0.2755,0.3571,395,0,extracted,0.2327,0.0613,0.1496,0.202,0.0693,0.1281
16,123,92,895,100,819,501,0.56,362,0,0.6599,0.2189,0.0777,0.1212,0.2347,0.3571,0.6549,0.1994,0.0862,0.1074,0.2755,0.3571,395,0,extracted,0.2327,0.0613,0.1496,0.202,0.0693,0.1281
16,123,93,895,100,819,501,0.56,362,0,0.6599,0.2189,0.0777,0.1212,0.2347,0.3571,0.6549,0.1994,0.0862,0.1074,0.2755,0.3571,395,0,extracted,0.2327,0.0613,0.1496,0.202,0.0693,0.1281
16,123,94,895,100,819,501,0.56,362,0,0.6599,0.2189,0.0777,0.1212,0.2347,0.3571,0.6549,0.1994,0.0862,0.1074,0.2755,0.3571,395,0,extracted,0.2327,0.0613,0.1496,0.202,0.0693,0.1281
16,123,95,895,100,819,501,0.56,362,0,0.6599,0.2189,0.0777,0.1212,0.2347,0.3571,0.6549,0.1994,0.0862,0.1074,0.2755,0.3571,395,0,extracted,0.2327,0.0613,0.1496,0.202,0.0693,0.1281
16,123,96,895,100,819,501,0.56,362,0,0.6599,0.2189,0.0777,0.1212,0.2347,0.3571,0.6549,0.1994,0.0862,0.1074,0.2755,0.3571,395,0,extracted,0.2327,0.0613,0.1496,0.202,0.0693,0.1281
16,123,97,895,100,884,541,0.604,387,0,0.6665,0.2275,0.1109,0.1201,0.3571,0.4643,0.6549,0.1994,0.0862,0.1074,0.2755,0.3571,395,0,extracted,0.235,0.084,0.141,0.202,0.0693,0.1281
16,123,98,895,100,884,541,0.604,387,0,0.6665,0.2275,0.1109,0.1201,0.3571,0.4643,0.6549,0.1994,0.0862,0.1074,0.2755,0.3571,395,0,extracted,0.235,0.084,0.141,0.202,0.0693,0.1281
16,123,99,895,100,884,541,0.604,387,0,0.6665,0.2275,0.1109,0.1201,0.3571,0.4643,0.6549,0.1994,0.0862,0.1074,0.2755,0.3571,395,0,extracted,0.235,0.084,0.141,0.202,0.0693,0.1281
16,123,100,895,100,884,541,0.604,387,0,0.6665,0.2275,0.1109,0.1201,0.3571,0.4643,0.6549,0.1994,0.0862,0.1074,0.2755,0.3571,395,0,extracted,0.235,0.084,0.141,0.202,0.0693,0.1281
17,123,1,731,78,29,29,0.04,14,0,0.6717,0.3178,0.0381,0.1682,0.026,0.087,0.7031,0.2117,0.1062,0.1241,0.3766,0.5652,345,0,extracted,0.2857,0.0,0.127,0.1812,0.0651,0.1165
17,123,2,731,78,29,29,0.04,14,0,0.6717,0.3178,0.0381,0.1682,0.026,0.087,0.7031,0.2117,0.1062,0.1241,0.3766,0.5652,345,0,extracted,0.2857,0.0,0.127,0.1812,0.0651,0.1165
17,123,3,731,78,29,29,0.04,14,0,0.6717,0.3178,0.0381,0.1682,0.026,0.087,0.7031,0.2117,0.1062,0.1241,0.3766,0.5652,345,0,extracted,0.2857,0.0,0.127,0.1812,0.0651,0.1165
17,123,4,731,78,29,29,0.04,14,0,0.6717,0.3178,0.0381,0.1682,0.026,0.087,0.7031,0.2117,0.1062,0.1241,0.3766,0.5652,345,0,extracted,0.2857,0.0,0.127,0.1812,0.0651,0.1165
17,123,5,731,78,29,29,0.04,14,0,0.6717,0.3178,0.0381,0.1682,0.026,0.087,0.7031,0.2117,0.1062,0.1241,0.3766,0.5652,345,0,extracted,0.2857,0.0,0.127,0.1812,0.0651,0.1165
17,123,6,731,78,29,29,0.04,14,0,0.6717,0.3178,0.0381,0.1682,0.026,0.087,0.7031,0.2117,0.1062,0.1241,0.3766,0.5652,345,0,extracted,0.2857,0.0,0.127,0.1812,0.0651,0.1165
17,123,7,731,78,29,29,0.04,14,0,0.6717,0.3178,0.0381,0.1682,0.026,0.087,0.7031,0.2117,0.1062,0.1241,0.3766,0.5652,345,0,extracted,0.2857,0.0,0.127,0.1812,0.0651,0.1165
17,123,8,731,78,29,29,0.04,14,0,0.6717,0.3178,0.0381,0.1682,0.026,0.087,0.7031,0.2117,0.1062,0.1241,0.3766,0.5652,345,0,extracted,0.2857,0.0,0.127,0.1812,0.0651,0.1165
17,123,9,731,78,29,29,0.04,14,0,0.6717,0.3178,0.0381,0.1682,0.026,0.087,0.7031,0.2117,0.1062,0.1241,0.3766,0.5652,345,0,extracted,0.2857,0.0,0.127,0.1812,0.0651,0.1165
17,123,10,731,78,29,29,0.04,14,0,0.6717,0.3178,0.0381,0.1682,0.026,0.087,0.7031,0.2117,0.1062,0.1241,0.3766,0.5652,345,0,extracted,0.2857,0.0,0.127,0.1812,0.0651,0.1165
17,123,11,731,78,58,44,0.06,29,0,0.6586,0.3115,0.0333,0.1475,0.026,0.087,0.7031,0.2117,0.1062,0.1241,0.3766,0.5652,345,0,extracted,0.2778,0.0,0.1111,0.1812,0.0651,0.1165
17,123,12,731,78,58,44,0.06,29,0,0.6586,0.3115,0.0333,0.1475,0.026,0.087,0.7031,0.2117,0.1062,0.1241,0.3766,0.5652,345,0,extracted,0.2778,0.0,0.1111,0.1812,0.0651,0.1165
17,123,13,731,78,58,44,0.06,29,0,0.6586,0.3115,0.0333,0.1475,0.026,0.087,0.7031,0.2117,0.1062,0.1241,0.3766,0.5652,345,0,extracted,0.2778,0.0,0.1111,0.1812,0.0651,0.1165
17,123,14,731,78,58,44,0.06,29,0,0.6586,0.3115,0.0333,0.1475,0.026,0.087,0.7031,0.2117,0.1062,0.1241,0.3766,0.5652,345,0,extracted,0.2778,0.0,0.1111,0.1812,0.0651,0.1165
17,123,15,731,78,58,44,0.06,29,0,0.6586,0.3115,0.0333,0.1475,0.026,0.087,0.7031,0.2117,0.1062,0.1241,0.3766,0.5652,345,0,extracted,0.2778,0.0,0.1111,0.1812,0.0651,0.1165
17,123,16,731,78,58,44,0.06,29,0,0.6586,0.3115,0.0333,0.1475,0.026,0.087,0.7031,0.2117,0.1062,0.1241,0.3766,0.5652,345,0,extracted,0.2778,0.0,0.1111,0.1812,0.0651,0.1165
17,123,17,731,78,58,44,0.06,29,0,0.6586,0.3115,0.0333,0.1475,0.026,0.087,0.7031,0.2117,0.1062,0.1241,0.3766,0.5652,345,0,extracted,0.2778,0.0,0.1111,0.1812,0.0651,0.1165
17,123,18,731,78,94,57,0.078,46,0,0.703,0.3259,0.0451,0.163,0.039,0.1304,0.7031,0.2117,0.1062,0.1241,0.3766,0.5652,345,0,extracted,0.321,0.0253,0.1728,0.1812,0.0651,0.1165
17,123,19,731,78,94,57,0.078,46,0,0.703,0.3259,0.0451,0.163,0.039,0.1304,0.7031,0.2117,0.1062,0.1241,0.3766,0.5652,345,0,extracted,0.321,0.0253,0.1728,0.1812,0.0651,0.1165
17,123,20,731,78,94,57,0.078,46,0,0.703,0.3259,0.0451,0.163,0.039,0.1304,0.7031,0.2117,0.1062,0.1241,0.3766,0.5652,345,0,extracted,0.321,0.0253,0.1728,0.1812,0.0651,0.1165
17,123,21,731,78,94,57,0.078,46,0,0.703,0.3259,0.0451,0.163,0.039,0.1304,0.7031,0.2117,0.1062,0.1241,0.3766,0.5652,345,0,extracted,0.321,0.0253,0.1728,0.1812,0.0651,0.1165
17,123,22,731,78,94,57,0.078,46,0,0.703,0.3259,0.0451,0.163,0.039,0.1304,0.7031,0.2117,0.1062,0.1241,0.3766,0.5652,345,0,extracted,0.321,0.0253,0.1728,0.1812,0.0651,0.1165
17,123,23,731,78,94,57,0.078,46,0,0.703,0.3259,0.0451,0.163,0.039,0.1304,0.7031,0.2117,0.1062,0.1241,0.3766,0.5652,345,0,extracted,0.321,0.0253,0.1728,0.1812,0.0651,0.1165
17,123,24,731,78,94,57,0.078,46,0,0.703,0.3259,0.0451,0.163,0.039,0.1304,0.7031,0.2117,0.1062,0.1241,0.3766,0.5652,345,0,extracted,0.321,0.0253,0.1728,0.1812,0.0651,0.1165
17,123,25,731,78,129,84,0.115,61,0,0.6741,0.358,0.0625,0.1852,0.0649,0.1739,0.7031,0.2117,0.1062,0.1241,0.3766,0.5652,345,0,extracted,0.25,0.0,0.1875,0.1812,0.0651,0.1165
17,123,26,731,78,129,84,0.115,61,0,0.6741,0.358,0.0625,0.1852,0.0649,0.1739,0.7031,0.2117,0.1062,0.1241,0.3766,0.5652,345,0,extracted,0.25,0.0,0.1875,0.1812,0.0651,0.1165
17,123,27,731,78,129,84,0.115,61,0,0.6741,0.358,0.0625,0.1852,0.0649,0.1739,0.7031,0.2117,0.1062,0.1241,0.3766,0.5652,345,0,extracted,0.25,0.0,0.1875,0.1812,0.0651,0.1165
17,123,28,731,78,129,84,0.115,61,0,0.6741,0.358,0.0625,0.1852,0.0649,0.1739,0.7031,0.2117,0.1062,0.1241,0.3766,0.5652,345,0,extracted,0.25,0.0,0.1875,0.1812,0.0651,0.1165
17,123,29,731,78,129,84,0.115,61,0,0.6741,0.358,0.0625,0.1852,0.0649,0.1739,0.7031,0.2117,0.1062,0.1241,0.3766,0.5652,345,0,extracted,0.25,0.0,0.1875,0.1812,0.0651,0.1165
17,123,30,731,78,129,84,0.115,61,0,0.6741,0.358,0.0625,0.1852,0.0649,0.1739,0.7031,0.2117,0.1062,0.1241,0.3766,0.5652,345,0,extracted,0.25,0.0,0.1875,0.1812,0.0651,0.1165
17,123,31,731,78,129,84,0.115,61,0,0.6741,0.358,0.0625,0.1852,0.0649,0.1739,0.7031,0.2117,0.1062,0.1241,0.3766,0.5652,345,0,extracted,0.25,0.0,0.1875,0.1812,0.0651,0.1165
17,123,32,731,78,129,84,0.115,61,0,0.6741,0.358,0.0625,0.1852,0.0649,0.1739,0.7031,0.2117,0.1062,0.1241,0.3766,0.5652,345,0,extracted,0.25,0.0,0.1875,0.1812,0.0651,0.1165
17,123,33,731,78,167,106,0.145,80,0,0.694,0.3478,0.0769,0.163,0.0909,0.2174,0.7031,0.2117,0.1062,0.1241,0.3766,0.5652,345,0,extracted,0.2727,0.037,0.1636,0.1812,0.0651,0.1165
17,123,34,731,78,167,106,0.145,80,0,0.694,0.3478,0.0769,0.163,0.0909,0.2174,0.7031,0.2117,0.1062,0.1241,0.3766,0.5652,345,0,extracted,0.2727,0.037,0.1636,0.1812,0.0651,0.1165
17,123,35,731,78,167,106,0.145,80,0,0.694,0.3478,0.0769,0.163,0.0909,0.2174,0.7031,0.2117,0.1062,0.1241,0.3766,0.5652,345,0,extracted,0.2727,0.037,0.1636,0.1812,0.0651,0.1165
17,123,36,731,78,167,106,0.145,80,0,0.694,0.3478,0.0769,0.163,0.0909,0.2174,0.7031,0.2117,0.1062,0.1241,0.3766,0.5652,345,0,extracted,0.2727,0.037,0.1636,0.1812,0.0651,0.1165
17,123,37,731,78,167,106,0.145,80,0,0.694,0.3478,0.0769,0.163,0.0909,0.2174,0.7031,0.2117,0.1062,0.1241,0.3766,0.5652,345,0,extracted,0.2727,0.037,0.1636,0.1812,0.0651,0.1165
17,123,38,731,78,167,106,0.145,80,0,0.694,0.3478,0.0769,0.163,0.0909,0.2174,0.7031,0.2117,0.1062,0.1241,0.3766,0.5652,345,0,extracted,0.2727,0.037,0.1636,0.1812,0.0651,0.1165
17,123,39,731,78,167,106,0.145,80,0,0.694,0.3478,0.0769,0.163,0.0909,0.2174,0.7031,0.2117,0.1062,0.1241,0.3766,0.5652,345,0,extracted,0.2727,0.037,0.1636,0.1812,0.0651,0.1165
17,123,40,731,78,236,139,0.19,113,0,0.6921,0.2705,0.0585,0.1159,0.0779,0.1739,0.7031,0.2117,0.1062,0.1241,0.3766,0.5652,345,0,extracted,0.2885,0.0392,0.1538,0.1812,0.0651,0.1165
17,123,41,731,78,236,139,0.19,113,0,0.6921,0.2705,0.0585,0.1159,0.0779,0.1739,0.7031,0.2117,0.1062,0.1241,0.3766,0.5652,345,0,extracted,0.2885,0.0392,0.1538,0.1812,0.0651,0.1165
17,123,42,731,78,236,139,0.19,113,0,0.6921,0.2705,0.0585,0.1159,0.0779,0.1739,0.7031,0.2117,0.1062,0.1241,0.3766,0.5652,345,0,extracted,0.2885,0.0392,0.1538,0.1812,0.0651,0.1165
17,123,43,731,78,236,139,0.19,113,0,0.6921,0.2705,0.0585,0.1159,0.0779,0.1739,0.7031,0.2117,0.1062,0.1241,0.3766,0.5652,345,0,extracted,0.2885,0.0392,0.1538,0.1812,0.0651,0.1165
17,123,44,731,78,236,139,0.19,113,0,0.6921,0.2705,0.0585,0.1159,0.0779,0.1739,0.7031,0.2117,0.1062,0.1241,0.3766,0.5652,345,0,extracted,0.2885,0.0392,0.1538,0.1812,0.0651,0.1165
17,123,45,731,78,236,139,0.19,113,0,0.6921,0.2705,0.0585,0.1159,0.0779,0.1739,0.7031,0.2117,0.1062,0.1241,0.3766,0.5652,345,0,extracted,0.2885,0.0392,0.1538,0.1812,0.0651,0.1165
17,123,46,731,78,236,139,0.19,113,0,0.6921,0.2705,0.0585,0.1159,0.0779,0.1739,0.7031,0.2117,0.1062,0.1241,0.3766,0.5652,345,0,extracted,0.2885,0.0392,0.1538,0.1812,0.0651,0.1165
17,123,47,731,78,290,176,0.241,137,0,0.6955,0.3033,0.0744,0.1557,0.1169,0.3043,0.7031,0.2117,0.1062,0.1241,0.3766,0.5652,345,0,extracted,0.3231,0.0312,0.1846,0.1812,0.0651,0.1165
17,123,48,731,78,290,176,0.241,137,0,0.6955,0.3033,0.0744,0.1557,0.1169,0.3043,0.7031,0.2117,0.1062,0.1241,0.3766,0.5652,345,0,extracted,0.3231,0.0312,0.1846,0.1812,0.0651,0.1165
17,123,49,731,78,290,176,0.241,137,0,0.6955,0.3033,0.0744,0.1557,0.1169,0.3043,0.7031,0.2117,0.1062,0.1241,0.3766,0.5652,345,0,extracted,0.3231,0.0312,0.1846,0.1812,0.0651,0.1165
17,123,50,731,78,290,176,0.241,137,0,0.6955,0.3033,0.0744,0.1557,0.1169,0.3043,0.7031,0.2117,0.1062,0.1241,0.3766,0.5652,345,0,extracted,0.3231,0.0312,0.1846,0.1812,0.0651,0.1165
17,123,51,731,78,290,176,0.241,137,0,0.6955,0.3033,0.0744,0.1557,0.1169,0.3043,0.7031,0.2117,0.1062,0.1241,0.3766,0.5652,345,0,extracted,0.3231,0.0312,0.1846,0.1812,0.0651,0.1165
17,123,52,731,78,290,176,0.241,137,0,0.6955,0.3033,0.0744,0.1557,0.1169,0.3043,0.7031,0.2117,0.1062,0.1241,0.3766,0.5652,345,0,extracted,0.3231,0.0312,0.1846,0.1812,0.0651,0.1165
17,123,53,731,78,290,176,0.241,137,0,0.6955,0.3033,0.0744,0.1557,0.1169,0.3043,0.7031,0.2117,0.1062,0.1241,0.3766,0.5652,345,0,extracted,0.3231,0.0312,0.1846,0.1812,0.0651,0.1165
17,123,54,731,78,339,201,0.275,159,0,0.6844,0.3077,0.0812,0.1392,0.1429,0.3478,0.7031,0.2117,0.1062,0.1241,0.3766,0.5652,345,0,extracted,0.2767,0.0255,0.1384,0.1812,0.0651,0.1165
17,123,55,731,78,339,201,0.275,159,0,0.6844,0.3077,0.0812,0.1392,0.1429,0.3478,0.7031,0.2117,0.1062,0.1241,0.3766,0.5652,345,0,extracted,0.2767,0.0255,0.1384,0.1812,0.0651,0.1165
17,123,56,731,78,339,201,0.275,159,0,0.6844,0.3077,0.0812,0.1392,0.1429,0.3478,0.7031,0.2117,0.1062,0.1241,0.3766,0.5652,345,0,extracted,0.2767,0.0255,0.1384,0.1812,0.0651,0.1165
17,123,57,731,78,339,201,0.275,159,0,0.6844,0.3077,0.0812,0.1392,0.1429,0.3478,0.7031,0.2117,0.1062,0.1241,0.3766,0.5652,345,0,extracted,0.2767,0.0255,0.1384,0.1812,0.0651,0.1165
17,123,58,731,78,339,201,0.275,159,0,0.6844,0.3077,0.0812,0.1392,0.1429,0.3478,0.7031,0.2117,0.1062,0.1241,0.3766,0.5652,345,0,extracted,0.2767,0.0255,0.1384,0.1812,0.0651,0.1165
17,123,59,731,78,339,201,0.275,159,0,0.6844,0.3077,0.0812,0.1392,0.1429,0.3478,0.7031,0.2117,0.1062,0.1241,0.3766,0.5652,345,0,extracted,0.2767,0.0255,0.1384,0.1812,0.0651,0.1165
17,123,60,731,78,339,201,0.275,159,0,0.6844,0.3077,0.0812,0.1392,0.1429,0.3478,0.7031,0.2117,0.1062,0.1241,0.3766,0.5652,345,0,extracted,0.2767,0.0255,0.1384,0.1812,0.0651,0.1165
17,123,61,731,78,384,231,0.316,181,0,0.6885,0.301,0.1077,0.1338,0.2078,0.3913,0.7031,0.2117,0.1062,0.1241,0.3766,0.5652,345,0,extracted,0.2893,0.0382,0.1258,0.1812,0.0651,0.1165
17,123,62,731,78,384,231,0.316,181,0,0.6885,0.301,0.1077,0.1338,0.2078,0.3913,0.7031,0.2117,0.1062,0.1241,0.3766,0.5652,345,0,extracted,0.2893,0.0382,0.1258,0.1812,0.0651,0.1165
17,123,63,731,78,384,231,0.316,181,0,0.6885,0.301,0.1077,0.1338,0.2078,0.3913,0.7031,0.2117,0.1062,0.1241,0.3766,0.5652,345,0,extracted,0.2893,0.0382,0.1258,0.1812,0.0651,0.1165
17,123,64,731,78,384,231,0.316,181,0,0.6885,0.301,0.1077,0.1338,0.2078,0.3913,0.7031,0.2117,0.1062,0.1241,0.3766,0.5652,345,0,extracted,0.2893,0.0382,0.1258,0.1812,0.0651,0.1165
17,123,65,731,78,384,231,0.316,181,0,0.6885,0.301,0.1077,0.1338,0.2078,0.3913,0.7031,0.2117,0.1062,0.1241,0.3766,0.5652,345,0,extracted,0.2893,0.0382,0.1258,0.1812,0.0651,0.1165
17,123,66,731,78,384,231,0.316,181,0,0.6885,0.301,0.1077,0.1338,0.2078,0.3913,0.7031,0.2117,0.1062,0.1241,0.3766,0.5652,345,0,extracted,0.2893,0.0382,0.1258,0.1812,0.0651,0.1165
17,123,67,731,78,384,231,0.316,181,0,0.6885,0.301,0.1077,0.1338,0.2078,0.3913,0.7031,0.2117,0.1062,0.1241,0.3766,0.5652,345,0,extracted,0.2893,0.0382,0.1258,0.1812,0.0651,0.1165
17,123,68,731,78,465,275,0.376,219,0,0.7128,0.2924,0.1412,0.1345,0.3117,0.5217,0.7031,0.2117,0.1062,0.1241,0.3766,0.5652,345,0,extracted,0.2811,0.0874,0.1405,0.1812,0.0651,0.1165
17,123,69,731,78,465,275,0.376,219,0,0.7128,0.2924,0.1412,0.1345,0.3117,0.5217,0.7031,0.2117,0.1062,0.1241,0.3766,0.5652,345,0,extracted,0.2811,0.0874,0.1405,0.1812,0.0651,0.1165
17,123,70,731,78,465,275,0.376,219,0,0.7128,0.2924,0.1412,0.1345,0.3117,0.5217,0.7031,0.2117,0.1062,0.1241,0.3766,0.5652,345,0,extracted,0.2811,0.0874,0.1405,0.1812,0.0651,0.1165
17,123,71,731,78,465,275,0.376,219,0,0.7128,0.2924,0.1412,0.1345,0.3117,0.5217,0.7031,0.2117,0.1062,0.1241,0.3766,0.5652,345,0,extracted,0.2811,0.0874,0.1405,0.1812,0.0651,0.1165
17,123,72,731,78,465,275,0.376,219,0,0.7128,0.2924,0.1412,0.1345,0.3117,0.5217,0.7031,0.2117,0.1062,0.1241,0.3766,0.5652,345,0,extracted,0.2811,0.0874,0.1405,0.1812,0.0651,0.1165
17,123,73,731,78,465,275,0.376,219,0,0.7128,0.2924,0.1412,0.1345,0.3117,0.5217,0.7031,0.2117,0.1062,0.1241,0.3766,0.5652,345,0,extracted,0.2811,0.0874,0.1405,0.1812,0.0651,0.1165
17,123,74,731,78,465,275,0.376,219,0,0.7128,0.2924,0.1412,0.1345,0.3117,0.5217,0.7031,0.2117,0.1062,0.1241,0.3766,0.5652,345,0,extracted,0.2811,0.0874,0.1405,0.1812,0.0651,0.1165
17,123,75,731,78,465,275,0.376,219,0,0.7128,0.2924,0.1412,0.1345,0.3117,0.5217,0.7031,0.2117,0.1062,0.1241,0.3766,0.5652,345,0,extracted,0.2811,0.0874,0.1405,0.1812,0.0651,0.1165
17,123,76,731,78,524,332,0.454,253,0,0.6961,0.2432,0.0998,0.1141,0.2597,0.4783,0.7031,0.2117,0.1062,0.1241,0.3766,0.5652,345,0,extracted,0.2155,0.0435,0.1379,0.1812,0.0651,0.1165
17,123,77,731,78,524,332,0.454,253,0,0.6961,0.2432,0.0998,0.1141,0.2597,0.4783,0.7031,0.2117,0.1062,0.1241,0.3766,0.5652,345,0,extracted,0.2155,0.0435,0.1379,0.1812,0.0651,0.1165
17,123,78,731,78,524,332,0.454,253,0,0.6961,0.2432,0.0998,0.1141,0.2597,0.4783,0.7031,0.2117,0.1062,0.1241,0.3766,0.5652,345,0,extracted,0.2155,0.0435,0.1379,0.1812,0.0651,0.1165
17,123,79,731,78,524,332,0.454,253,0,0.6961,0.2432,0.0998,0.1141,0.2597,0.4783,0.7031,0.2117,0.1062,0.1241,0.3766,0.5652,345,0,extracted,0.2155,0.0435,0.1379,0.1812,0.0651,0.1165
17,123,80,731,78,524,332,0.454,253,0,0.6961,0.2432,0.0998,0.1141,0.2597,0.4783,0.7031,0.2117,0.1062,0.1241,0.3766,0.5652,345,0,extracted,0.2155,0.0435,0.1379,0.1812,0.0651,0.1165
17,123,81,731,78,524,332,0.454,253,0,0.6961,0.2432,0.0998,0.1141,0.2597,0.4783,0.7031,0.2117,0.1062,0.1241,0.3766,0.5652,345,0,extracted,0.2155,0.0435,0.1379,0.1812,0.0651,0.1165
17,123,82,731,78,524,332,0.454,253,0,0.6961,0.2432,0.0998,0.1141,0.2597,0.4783,0.7031,0.2117,0.1062,0.1241,0.3766,0.5652,345,0,extracted,0.2155,0.0435,0.1379,0.1812,0.0651,0.1165
17,123,83,731,78,575,350,0.479,275,0,0.6837,0.2379,0.1073,0.1456,0.2857,0.4783,0.7031,0.2117,0.1062,0.1241,0.3766,0.5652,345,0,extracted,0.2242,0.0724,0.1525,0.1812,0.0651,0.1165
17,123,84,731,78,575,350,0.479,275,0,0.6837,0.2379,0.1073,0.1456,0.2857,0.4783,0.7031,0.2117,0.1062,0.1241,0.3766,0.5652,345,0,extracted,0.2242,0.0724,0.1525,0.1812,0.0651,0.1165
17,123,85,731,78,575,350,0.479,275,0,0.6837,0.2379,0.1073,0.1456,0.2857,0.4783,0.7031,0.2117,0.1062,0.1241,0.3766,0.5652,345,0,extracted,0.2242,0.0724,0.1525,0.1812,0.0651,0.1165
17,123,86,731,78,575,350,0.479,275,0,0.6837,0.2379,0.1073,0.1456,0.2857,0.4783,0.7031,0.2117,0.1062,0.1241,0.3766,0.5652,345,0,extracted,0.2242,0.0724,0.1525,0.1812,0.0651,0.1165
17,123,87,731,78,575,350,0.479,275,0,0.6837,0.2379,0.1073,0.1456,0.2857,0.4783,0.7031,0.2117,0.1062,0.1241,0.3766,0.5652,345,0,extracted,0.2242,0.0724,0.1525,0.1812,0.0651,0.1165
17,123,88,731,78,575,350,0.479,275,0,0.6837,0.2379,0.1073,0.1456,0.2857,0.4783,0.7031,0.2117,0.1062,0.1241,0.3766,0.5652,345,0,extracted,0.2242,0.0724,0.1525,0.1812,0.0651,0.1165
17,123,89,731,78,575,350,0.479,275,0,0.6837,0.2379,0.1073,0.1456,0.2857,0.4783,0.7031,0.2117,0.1062,0.1241,0.3766,0.5652,345,0,extracted,0.2242,0.0724,0.1525,0.1812,0.0651,0.1165
17,123,90,731,78,632,371,0.508,298,0,0.6807,0.232,0.0932,0.116,0.2597,0.4783,0.7031,0.2117,0.1062,0.1241,0.3766,0.5652,345,0,extracted,0.2174,0.0439,0.1217,0.1812,0.0651,0.1165
17,123,91,731,78,632,371,0.508,298,0,0.6807,0.232,0.0932,0.116,0.2597,0.4783,0.7031,0.2117,0.1062,0.1241,0.3766,0.5652,345,0,extracted,0.2174,0.0439,0.1217,0.1812,0.0651,0.1165
17,123,92,731,78,632,371,0.508,298,0,0.6807,0.232,0.0932,0.116,0.2597,0.4783,0.7031,0.2117,0.1062,0.1241,0.3766,0.5652,345,0,extracted,0.2174,0.0439,0.1217,0.1812,0.0651,0.1165
17,123,93,731,78,632,371,0.508,298,0,0.6807,0.232,0.0932,0.116,0.2597,0.4783,0.7031,0.2117,0.1062,0.1241,0.3766,0.5652,345,0,extracted,0.2174,0.0439,0.1217,0.1812,0.0651,0.1165
17,123,94,731,78,632,371,0.508,298,0,0.6807,0.232,0.0932,0.116,0.2597,0.4783,0.7031,0.2117,0.1062,0.1241,0.3766,0.5652,345,0,extracted,0.2174,0.0439,0.1217,0.1812,0.0651,0.1165
17,123,95,731,78,632,371,0.508,298,0,0.6807,0.232,0.0932,0.116,0.2597,0.4783,0.7031,0.2117,0.1062,0.1241,0.3766,0.5652,345,0,extracted,0.2174,0.0439,0.1217,0.1812,0.0651,0.1165
17,123,96,731,78,632,371,0.508,298,0,0.6807,0.232,0.0932,0.116,0.2597,0.4783,0.7031,0.2117,0.1062,0.1241,0.3766,0.5652,345,0,extracted,0.2174,0.0439,0.1217,0.1812,0.0651,0.1165
17,123,97,731,78,722,445,0.609,337,0,0.704,0.2266,0.1216,0.1484,0.4026,0.6087,0.7031,0.2117,0.1062,0.1241,0.3766,0.5652,345,0,extracted,0.1973,0.0753,0.1293,0.1812,0.0651,0.1165
17,123,98,731,78,722,445,0.609,337,0,0.704,0.2266,0.1216,0.1484,0.4026,0.6087,0.7031,0.2117,0.1062,0.1241,0.3766,0.5652,345,0,extracted,0.1973,0.0753,0.1293,0.1812,0.0651,0.1165
17,123,99,731,78,722,445,0.609,337,0,0.704,0.2266,0.1216,0.1484,0.4026,0.6087,0.7031,0.2117,0.1062,0.1241,0.3766,0.5652,345,0,extracted,0.1973,0.0753,0.1293,0.1812,0.0651,0.1165
17,123,100,731,78,722,445,0.609,337,0,0.704,0.2266,0.1216,0.1484,0.4026,0.6087,0.7031,0.2117,0.1062,0.1241,0.3766,0.5652,345,0,extracted,0.1973,0.0753,0.1293,0.1812,0.0651,0.1165
18,123,1,1057,79,12,18,0.017,8,0,0.575,0.0825,0.0211,0.0825,0.013,0.0,0.6904,0.2164,0.1488,0.136,0.6104,0.56,493,0,extracted,0.0645,0.0333,0.0645,0.19,0.1008,0.1266
18,123,2,1057,79,12,18,0.017,8,0,0.575,0.0825,0.0211,0.0825,0.013,0.0,0.6904,0.2164,0.1488,0.136,0.6104,0.56,493,0,extracted,0.0645,0.0333,0.0645,0.19,0.1008,0.1266
18,123,3,1057,79,12,18,0.017,8,0,0.575,0.0825,0.0211,0.0825,0.013,0.0,0.6904,0.2164,0.1488,0.136,0.6104,0.56,493,0,extracted,0.0645,0.0333,0.0645,0.19,0.1008,0.1266
18,123,4,1057,79,12,18,0.017,8,0,0.575,0.0825,0.0211,0.0825,0.013,0.0,0.6904,0.2164,0.1488,0.136,0.6104,0.56,493,0,extracted,0.0645,0.0333,0.0645,0.19,0.1008,0.1266
18,123,5,1057,79,12,18,0.017,8,0,0.575,0.0825,0.0211,0.0825,0.013,0.0,0.6904,0.2164,0.1488,0.136,0.6104,0.56,493,0,extracted,0.0645,0.0333,0.0645,0.19,0.1008,0.1266
18,123,6,1057,79,12,18,0.017,8,0,0.575,0.0825,0.0211,0.0825,0.013,0.0,0.6904,0.2164,0.1488,0.136,0.6104,0.56,493,0,extracted,0.0645,0.0333,0.0645,0.19,0.1008,0.1266
18,123,7,1057,79,12,18,0.017,8,0,0.575,0.0825,0.0211,0.0825,0.013,0.0,0.6904,0.2164,0.1488,0.136,0.6104,0.56,493,0,extracted,0.0645,0.0333,0.0645,0.19,0.1008,0.1266
18,123,8,1057,79,27,27,0.026,15,0,0.5696,0.1509,0.0192,0.1132,0.013,0.0,0.6904,0.2164,0.1488,0.136,0.6104,0.56,493,0,extracted,0.1449,0.0299,0.1159,0.19,0.1008,0.1266
18,123,9,1057,79,27,27,0.026,15,0,0.5696,0.1509,0.0192,0.1132,0.013,0.0,0.6904,0.2164,0.1488,0.136,0.6104,0.56,493,0,extracted,0.1449,0.0299,0.1159,0.19,0.1008,0.1266
18,123,10,1057,79,27,27,0.026,15,0,0.5696,0.1509,0.0192,0.1132,0.013,0.0,0.6904,0.2164,0.1488,0.136,0.6104,0.56,493,0,extracted,0.1449,0.0299,0.1159,0.19,0.1008,0.1266
18,123,11,1057,79,27,27,0.026,15,0,0.5696,0.1509,0.0192,0.1132,0.013,0.0,0.6904,0.2164,0.1488,0.136,0.6104,0.56,493,0,extracted,0.1449,0.0299,0.1159,0.19,0.1008,0.1266
18,123,12,1057,79,27,27,0.026,15,0,0.5696,0.1509,0.0192,0.1132,0.013,0.0,0.6904,0.2164,0.1488,0.136,0.6104,0.56,493,0,extracted,0.1449,0.0299,0.1159,0.19,0.1008,0.1266
18,123,13,1057,79,27,27,0.026,15,0,0.5696,0.1509,0.0192,0.1132,0.013,0.0,0.6904,0.2164,0.1488,0.136,0.6104,0.56,493,0,extracted,0.1449,0.0299,0.1159,0.19,0.1008,0.1266
18,123,14,1057,79,49,42,0.04,25,0,0.5871,0.2149,0.0168,0.1322,0.013,0.04,0.6904,0.2164,0.1488,0.136,0.6104,0.56,493,0,extracted,0.1795,0.0,0.1282,0.19,0.1008,0.1266
18,123,15,1057,79,49,42,0.04,25,0,0.5871,0.2149,0.0168,0.1322,0.013,0.04,0.6904,0.2164,0.1488,0.136,0.6104,0.56,493,0,extracted,0.1795,0.0,0.1282,0.19,0.1008,0.1266
18,123,16,1057,79,49,42,0.04,25,0,0.5871,0.2149,0.0168,0.1322,0.013,0.04,0.6904,0.2164,0.1488,0.136,0.6104,0.56,493,0,extracted,0.1795,0.0,0.1282,0.19,0.1008,0.1266
18,123,17,1057,79,49,42,0.04,25,0,0.5871,0.2149,0.0168,0.1322,0.013,0.04,0.6904,0.2164,0.1488,0.136,0.6104,0.56,493,0,extracted,0.1795,0.0,0.1282,0.19,0.1008,0.1266
18,123,18,1057,79,49,42,0.04,25,0,0.5871,0.2149,0.0168,0.1322,0.013,0.04,0.6904,0.2164,0.1488,0.136,0.6104,0.56,493,0,extracted,0.1795,0.0,0.1282,0.19,0.1008,0.1266
18,123,19,1057,79,75,47,0.044,35,0,0.6308,0.2857,0.0806,0.1587,0.0649,0.16,0.6904,0.2164,0.1488,0.136,0.6104,0.56,493,0,extracted,0.3614,0.0988,0.241,0.19,0.1008,0.1266
18,123,20,1057,79,75,47,0.044,35,0,0.6308,0.2857,0.0806,0.1587,0.0649,0.16,0.6904,0.2164,0.1488,0.136,0.6104,0.56,493,0,extracted,0.3614,0.0988,0.241,0.19,0.1008,0.1266
18,123,21,1057,79,75,47,0.044,35,0,0.6308,0.2857,0.0806,0.1587,0.0649,0.16,0.6904,0.2164,0.1488,0.136,0.6104,0.56,493,0,extracted,0.3614,0.0988,0.241,0.19,0.1008,0.1266
18,123,22,1057,79,75,47,0.044,35,0,0.6308,0.2857,0.0806,0.1587,0.0649,0.16,0.6904,0.2164,0.1488,0.136,0.6104,0.56,493,0,extracted,0.3614,0.0988,0.241,0.19,0.1008,0.1266
18,123,23,1057,79,75,47,0.044,35,0,0.6308,0.2857,0.0806,0.1587,0.0649,0.16,0.6904,0.2164,0.1488,0.136,0.6104,0.56,493,0,extracted,0.3614,0.0988,0.241,0.19,0.1008,0.1266
18,123,24,1057,79,127,78,0.074,60,0,0.625,0.242,0.0645,0.1529,0.0649,0.16,0.6904,0.2164,0.1488,0.136,0.6104,0.56,493,0,extracted,0.2857,0.0777,0.2095,0.19,0.1008,0.1266
18,123,25,1057,79,127,78,0.074,60,0,0.625,0.242,0.0645,0.1529,0.0649,0.16,0.6904,0.2164,0.1488,0.136,0.6104,0.56,493,0,extracted,0.2857,0.0777,0.2095,0.19,0.1008,0.1266
18,123,26,1057,79,127,78,0.074,60,0,0.625,0.242,0.0645,0.1529,0.0649,0.16,0.6904,0.2164,0.1488,0.136,0.6104,0.56,493,0,extracted,0.2857,0.0777,0.2095,0.19,0.1008,0.1266
18,123,27,1057,79,127,78,0.074,60,0,0.625,0.242,0.0645,0.1529,0.0649,0.16,0.6904,0.2164,0.1488,0.136,0.6104,0.56,493,0,extracted,0.2857,0.0777,0.2095,0.19,0.1008,0.1266
18,123,28,1057,79,127,78,0.074,60,0,0.625,0.242,0.0645,0.1529,0.0649,0.16,0.6904,0.2164,0.1488,0.136,0.6104,0.56,493,0,extracted,0.2857,0.0777,0.2095,0.19,0.1008,0.1266
18,123,29,1057,79,187,117,0.111,93,0,0.6192,0.2021,0.0538,0.1277,0.0649,0.16,0.6904,0.2164,0.1488,0.136,0.6104,0.56,493,0,extracted,0.2456,0.0714,0.1579,0.19,0.1008,0.1266
18,123,30,1057,79,187,117,0.111,93,0,0.6192,0.2021,0.0538,0.1277,0.0649,0.16,0.6904,0.2164,0.1488,0.136,0.6104,0.56,493,0,extracted,0.2456,0.0714,0.1579,0.19,0.1008,0.1266
18,123,31,1057,79,187,117,0.111,93,0,0.6192,0.2021,0.0538,0.1277,0.0649,0.16,0.6904,0.2164,0.1488,0.136,0.6104,0.56,493,0,extracted,0.2456,0.0714,0.1579,0.19,0.1008,0.1266
18,123,32,1057,79,187,117,0.111,93,0,0.6192,0.2021,0.0538,0.1277,0.0649,0.16,0.6904,0.2164,0.1488,0.136,0.6104,0.56,493,0,extracted,0.2456,0.0714,0.1579,0.19,0.1008,0.1266
18,123,33,1057,79,187,117,0.111,93,0,0.6192,0.2021,0.0538,0.1277,0.0649,0.16,0.6904,0.2164,0.1488,0.136,0.6104,0.56,493,0,extracted,0.2456,0.0714,0.1579,0.19,0.1008,0.1266
18,123,34,1057,79,187,117,0.111,93,0,0.6192,0.2021,0.0538,0.1277,0.0649,0.16,0.6904,0.2164,0.1488,0.136,0.6104,0.56,493,0,extracted,0.2456,0.0714,0.1579,0.19,0.1008,0.1266
18,123,35,1057,79,226,131,0.124,108,0,0.6208,0.2376,0.05,0.1386,0.0649,0.16,0.6904,0.2164,0.1488,0.136,0.6104,0.56,493,0,extracted,0.2833,0.0678,0.2,0.19,0.1008,0.1266
18,123,36,1057,79,226,131,0.124,108,0,0.6208,0.2376,0.05,0.1386,0.0649,0.16,0.6904,0.2164,0.1488,0.136,0.6104,0.56,493,0,extracted,0.2833,0.0678,0.2,0.19,0.1008,0.1266
18,123,37,1057,79,226,131,0.124,108,0,0.6208,0.2376,0.05,0.1386,0.0649,0.16,0.6904,0.2164,0.1488,0.136,0.6104,0.56,493,0,extracted,0.2833,0.0678,0.2,0.19,0.1008,0.1266
18,123,38,1057,79,226,131,0.124,108,0,0.6208,0.2376,0.05,0.1386,0.0649,0.16,0.6904,0.2164,0.1488,0.136,0.6104,0.56,493,0,extracted,0.2833,0.0678,0.2,0.19,0.1008,0.1266
18,123,39,1057,79,226,131,0.124,108,0,0.6208,0.2376,0.05,0.1386,0.0649,0.16,0.6904,0.2164,0.1488,0.136,0.6104,0.56,493,0,extracted,0.2833,0.0678,0.2,0.19,0.1008,0.1266
18,123,40,1057,79,262,164,0.155,126,0,0.6596,0.2979,0.0687,0.1447,0.1039,0.28,0.6904,0.2164,0.1488,0.136,0.6104,0.56,493,0,extracted,0.338,0.0857,0.169,0.19,0.1008,0.1266
18,123,41,1057,79,262,164,0.155,126,0,0.6596,0.2979,0.0687,0.1447,0.1039,0.28,0.6904,0.2164,0.1488,0.136,0.6104,0.56,493,0,extracted,0.338,0.0857,0.169,0.19,0.1008,0.1266
18,123,42,1057,79,262,164,0.155,126,0,0.6596,0.2979,0.0687,0.1447,0.1039,0.28,0.6904,0.2164,0.1488,0.136,0.6104,0.56,493,0,extracted,0.338,0.0857,0.169,0.19,0.1008,0.1266
18,123,43,1057,79,262,164,0.155,126,0,0.6596,0.2979,0.0687,0.1447,0.1039,0.28,0.6904,0.2164,0.1488,0.136,0.6104,0.56,493,0,extracted,0.338,0.0857,0.169,0.19,0.1008,0.1266
18,123,44,1057,79,262,164,0.155,126,0,0.6596,0.2979,0.0687,0.1447,0.1039,0.28,0.6904,0.2164,0.1488,0.136,0.6104,0.56,493,0,extracted,0.338,0.0857,0.169,0.19,0.1008,0.1266
18,123,45,1057,79,298,186,0.176,144,0,0.6567,0.2879,0.0627,0.1401,0.1039,0.28,0.6904,0.2164,0.1488,0.136,0.6104,0.56,493,0,extracted,0.3057,0.0774,0.1783,0.19,0.1008,0.1266
18,123,46,1057,79,298,186,0.176,144,0,0.6567,0.2879,0.0627,0.1401,0.1039,0.28,0.6904,0.2164,0.1488,0.136,0.6104,0.56,493,0,extracted,0.3057,0.0774,0.1783,0.19,0.1008,0.1266
18,123,47,1057,79,298,186,0.176,144,0,0.6567,0.2879,0.0627,0.1401,0.1039,0.28,0.6904,0.2164,0.1488,0.136,0.6104,0.56,493,0,extracted,0.3057,0.0774,0.1783,0.19,0.1008,0.1266
18,123,48,1057,79,298,186,0.176,144,0,0.6567,0.2879,0.0627,0.1401,0.1039,0.28,0.6904,0.2164,0.1488,0.136,0.6104,0.56,493,0,extracted,0.3057,0.0774,0.1783,0.19,0.1008,0.1266
18,123,49,1057,79,298,186,0.176,144,0,0.6567,0.2879,0.0627,0.1401,0.1039,0.28,0.6904,0.2164,0.1488,0.136,0.6104,0.56,493,0,extracted,0.3057,0.0774,0.1783,0.19,0.1008,0.1266
18,123,50,1057,79,395,238,0.225,198,0,0.715,0.3734,0.2038,0.1899,0.4156,0.44,0.6904,0.2164,0.1488,0.136,0.6104,0.56,493,0,extracted,0.3474,0.1596,0.1895,0.19,0.1008,0.1266
18,123,51,1057,79,395,238,0.225,198,0,0.715,0.3734,0.2038,0.1899,0.4156,0.44,0.6904,0.2164,0.1488,0.136,0.6104,0.56,493,0,extracted,0.3474,0.1596,0.1895,0.19,0.1008,0.1266
18,123,52,1057,79,395,238,0.225,198,0,0.715,0.3734,0.2038,0.1899,0.4156,0.44,0.6904,0.2164,0.1488,0.136,0.6104,0.56,493,0,extracted,0.3474,0.1596,0.1895,0.19,0.1008,0.1266
18,123,53,1057,79,395,238,0.225,198,0,0.715,0.3734,0.2038,0.1899,0.4156,0.44,0.6904,0.2164,0.1488,0.136,0.6104,0.56,493,0,extracted,0.3474,0.1596,0.1895,0.19,0.1008,0.1266
18,123,54,1057,79,395,238,0.225,198,0,0.715,0.3734,0.2038,0.1899,0.4156,0.44,0.6904,0.2164,0.1488,0.136,0.6104,0.56,493,0,extracted,0.3474,0.1596,0.1895,0.19,0.1008,0.1266
18,123,55,1057,79,395,238,0.225,198,0,0.715,0.3734,0.2038,0.1899,0.4156,0.44,0.6904,0.2164,0.1488,0.136,0.6104,0.56,493,0,extracted,0.3474,0.1596,0.1895,0.19,0.1008,0.1266
18,123,56,1057,79,431,232,0.219,212,0,0.6693,0.297,0.0997,0.1518,0.1948,0.32,0.6904,0.2164,0.1488,0.136,0.6104,0.56,493,0,extracted,0.2737,0.0745,0.1579,0.19,0.1008,0.1266
18,123,57,1057,79,431,232,0.219,212,0,0.6693,0.297,0.0997,0.1518,0.1948,0.32,0.6904,0.2164,0.1488,0.136,0.6104,0.56,493,0,extracted,0.2737,0.0745,0.1579,0.19,0.1008,0.1266
18,123,58,1057,79,431,232,0.219,212,0,0.6693,0.297,0.0997,0.1518,0.1948,0.32,0.6904,0.2164,0.1488,0.136,0.6104,0.56,493,0,extracted,0.2737,0.0745,0.1579,0.19,0.1008,0.1266
18,123,59,1057,79,431,232,0.219,212,0,0.6693,0.297,0.0997,0.1518,0.1948,0.32,0.6904,0.2164,0.1488,0.136,0.6104,0.56,493,0,extracted,0.2737,0.0745,0.1579,0.19,0.1008,0.1266
18,123,60,1057,79,431,232,0.219,212,0,0.6693,0.297,0.0997,0.1518,0.1948,0.32,0.6904,0.2164,0.1488,0.136,0.6104,0.56,493,0,extracted,0.2737,0.0745,0.1579,0.19,0.1008,0.1266
18,123,61,1057,79,504,322,0.305,241,0,0.7032,0.3308,0.179,0.1578,0.4416,0.56,0.6904,0.2164,0.1488,0.136,0.6104,0.56,493,0,extracted,0.3,0.1092,0.1917,0.19,0.1008,0.1266
18,123,62,1057,79,504,322,0.305,241,0,0.7032,0.3308,0.179,0.1578,0.4416,0.56,0.6904,0.2164,0.1488,0.136,0.6104,0.56,493,0,extracted,0.3,0.1092,0.1917,0.19,0.1008,0.1266
18,123,63,1057,79,504,322,0.305,241,0,0.7032,0.3308,0.179,0.1578,0.4416,0.56,0.6904,0.2164,0.1488,0.136,0.6104,0.56,493,0,extracted,0.3,0.1092,0.1917,0.19,0.1008,0.1266
18,123,64,1057,79,504,322,0.305,241,0,0.7032,0.3308,0.179,0.1578,0.4416,0.56,0.6904,0.2164,0.1488,0.136,0.6104,0.56,493,0,extracted,0.3,0.1092,0.1917,0.19,0.1008,0.1266
18,123,65,1057,79,504,322,0.305,241,0,0.7032,0.3308,0.179,0.1578,0.4416,0.56,0.6904,0.2164,0.1488,0.136,0.6104,0.56,493,0,extracted,0.3,0.1092,0.1917,0.19,0.1008,0.1266
18,123,66,1057,79,585,384,0.363,275,0,0.6818,0.2725,0.1148,0.1451,0.3247,0.52,0.6904,0.2164,0.1488,0.136,0.6104,0.56,493,0,extracted,0.2455,0.0727,0.1877,0.19,0.1008,0.1266
18,123,67,1057,79,585,384,0.363,275,0,0.6818,0.2725,0.1148,0.1451,0.3247,0.52,0.6904,0.2164,0.1488,0.136,0.6104,0.56,493,0,extracted,0.2455,0.0727,0.1877,0.19,0.1008,0.1266
18,123,68,1057,79,585,384,0.363,275,0,0.6818,0.2725,0.1148,0.1451,0.3247,0.52,0.6904,0.2164,0.1488,0.136,0.6104,0.56,493,0,extracted,0.2455,0.0727,0.1877,0.19,0.1008,0.1266
18,123,69,1057,79,585,384,0.363,275,0,0.6818,0.2725,0.1148,0.1451,0.3247,0.52,0.6904,0.2164,0.1488,0.136,0.6104,0.56,493,0,extracted,0.2455,0.0727,0.1877,0.19,0.1008,0.1266
18,123,70,1057,79,585,384,0.363,275,0,0.6818,0.2725,0.1148,0.1451,0.3247,0.52,0.6904,0.2164,0.1488,0.136,0.6104,0.56,493,0,extracted,0.2455,0.0727,0.1877,0.19,0.1008,0.1266
18,123,71,1057,79,585,384,0.363,275,0,0.6818,0.2725,0.1148,0.1451,0.3247,0.52,0.6904,0.2164,0.1488,0.136,0.6104,0.56,493,0,extracted,0.2455,0.0727,0.1877,0.19,0.1008,0.1266
18,123,72,1057,79,639,409,0.387,297,0,0.677,0.2589,0.1216,0.1378,0.3636,0.52,0.6904,0.2164,0.1488,0.136,0.6104,0.56,493,0,extracted,0.2321,0.0687,0.157,0.19,0.1008,0.1266
18,123,73,1057,79,639,409,0.387,297,0,0.677,0.2589,0.1216,0.1378,0.3636,0.52,0.6904,0.2164,0.1488,0.136,0.6104,0.56,493,0,extracted,0.2321,0.0687,0.157,0.19,0.1008,0.1266
18,123,74,1057,79,639,409,0.387,297,0,0.677,0.2589,0.1216,0.1378,0.3636,0.52,0.6904,0.2164,0.1488,0.136,0.6104,0.56,493,0,extracted,0.2321,0.0687,0.157,0.19,0.1008,0.1266
18,123,75,1057,79,639,409,0.387,297,0,0.677,0.2589,0.1216,0.1378,0.3636,0.52,0.6904,0.2164,0.1488,0.136,0.6104,0.56,493,0,extracted,0.2321,0.0687,0.157,0.19,0.1008,0.1266
18,123,76,1057,79,639,409,0.387,297,0,0.677,0.2589,0.1216,0.1378,0.3636,0.52,0.6904,0.2164,0.1488,0.136,0.6104,0.56,493,0,extracted,0.2321,0.0687,0.157,0.19,0.1008,0.1266
18,123,77,1057,79,684,442,0.418,320,0,0.6794,0.2417,0.1135,0.1326,0.3636,0.52,0.6904,0.2164,0.1488,0.136,0.6104,0.56,493,0,extracted,0.2186,0.0647,0.1608,0.19,0.1008,0.1266
18,123,78,1057,79,684,442,0.418,320,0,0.6794,0.2417,0.1135,0.1326,0.3636,0.52,0.6904,0.2164,0.1488,0.136,0.6104,0.56,493,0,extracted,0.2186,0.0647,0.1608,0.19,0.1008,0.1266
18,123,79,1057,79,684,442,0.418,320,0,0.6794,0.2417,0.1135,0.1326,0.3636,0.52,0.6904,0.2164,0.1488,0.136,0.6104,0.56,493,0,extracted,0.2186,0.0647,0.1608,0.19,0.1008,0.1266
18,123,80,1057,79,684,442,0.418,320,0,0.6794,0.2417,0.1135,0.1326,0.3636,0.52,0.6904,0.2164,0.1488,0.136,0.6104,0.56,493,0,extracted,0.2186,0.0647,0.1608,0.19,0.1008,0.1266
18,123,81,1057,79,684,442,0.418,320,0,0.6794,0.2417,0.1135,0.1326,0.3636,0.52,0.6904,0.2164,0.1488,0.136,0.6104,0.56,493,0,extracted,0.2186,0.0647,0.1608,0.19,0.1008,0.1266
18,123,82,1057,79,737,460,0.435,344,0,0.6769,0.2298,0.1096,0.1356,0.3766,0.52,0.6904,0.2164,0.1488,0.136,0.6104,0.56,493,0,extracted,0.2061,0.061,0.1515,0.19,0.1008,0.1266
18,123,83,1057,79,737,460,0.435,344,0,0.6769,0.2298,0.1096,0.1356,0.3766,0.52,0.6904,0.2164,0.1488,0.136,0.6104,0.56,493,0,extracted,0.2061,0.061,0.1515,0.19,0.1008,0.1266
18,123,84,1057,79,737,460,0.435,344,0,0.6769,0.2298,0.1096,0.1356,0.3766,0.52,0.6904,0.2164,0.1488,0.136,0.6104,0.56,493,0,extracted,0.2061,0.061,0.1515,0.19,0.1008,0.1266
18,123,85,1057,79,737,460,0.435,344,0,0.6769,0.2298,0.1096,0.1356,0.3766,0.52,0.6904,0.2164,0.1488,0.136,0.6104,0.56,493,0,extracted,0.2061,0.061,0.1515,0.19,0.1008,0.1266
18,123,86,1057,79,737,460,0.435,344,0,0.6769,0.2298,0.1096,0.1356,0.3766,0.52,0.6904,0.2164,0.1488,0.136,0.6104,0.56,493,0,extracted,0.2061,0.061,0.1515,0.19,0.1008,0.1266
18,123,87,1057,79,828,499,0.472,382,0,0.6847,0.2312,0.123,0.1261,0.4416,0.56,0.6904,0.2164,0.1488,0.136,0.6104,0.56,493,0,extracted,0.2128,0.0612,0.1459,0.19,0.1008,0.1266
18,123,88,1057,79,828,499,0.472,382,0,0.6847,0.2312,0.123,0.1261,0.4416,0.56,0.6904,0.2164,0.1488,0.136,0.6104,0.56,493,0,extracted,0.2128,0.0612,0.1459,0.19,0.1008,0.1266
18,123,89,1057,79,828,499,0.472,382,0,0.6847,0.2312,0.123,0.1261,0.4416,0.56,0.6904,0.2164,0.1488,0.136,0.6104,0.56,493,0,extracted,0.2128,0.0612,0.1459,0.19,0.1008,0.1266
18,123,90,1057,79,828,499,0.472,382,0,0.6847,0.2312,0.123,0.1261,0.4416,0.56,0.6904,0.2164,0.1488,0.136,0.6104,0.56,493,0,extracted,0.2128,0.0612,0.1459,0.19,0.1008,0.1266
18,123,91,1057,79,828,499,0.472,382,0,0.6847,0.2312,0.123,0.1261,0.4416,0.56,0.6904,0.2164,0.1488,0.136,0.6104,0.56,493,0,extracted,0.2128,0.0612,0.1459,0.19,0.1008,0.1266
18,123,92,1057,79,828,499,0.472,382,0,0.6847,0.2312,0.123,0.1261,0.4416,0.56,0.6904,0.2164,0.1488,0.136,0.6104,0.56,493,0,extracted,0.2128,0.0612,0.1459,0.19,0.1008,0.1266
18,123,93,1057,79,937,562,0.532,435,0,0.6849,0.2069,0.1069,0.1317,0.4286,0.52,0.6904,0.2164,0.1488,0.136,0.6104,0.56,493,0,extracted,0.178,0.0579,0.1309,0.19,0.1008,0.1266
18,123,94,1057,79,937,562,0.532,435,0,0.6849,0.2069,0.1069,0.1317,0.4286,0.52,0.6904,0.2164,0.1488,0.136,0.6104,0.56,493,0,extracted,0.178,0.0579,0.1309,0.19,0.1008,0.1266
18,123,95,1057,79,937,562,0.532,435,0,0.6849,0.2069,0.1069,0.1317,0.4286,0.52,0.6904,0.2164,0.1488,0.136,0.6104,0.56,493,0,extracted,0.178,0.0579,0.1309,0.19,0.1008,0.1266
18,123,96,1057,79,937,562,0.532,435,0,0.6849,0.2069,0.1069,0.1317,0.4286,0.52,0.6904,0.2164,0.1488,0.136,0.6104,0.56,493,0,extracted,0.178,0.0579,0.1309,0.19,0.1008,0.1266
18,123,97,1057,79,937,562,0.532,435,0,0.6849,0.2069,0.1069,0.1317,0.4286,0.52,0.6904,0.2164,0.1488,0.136,0.6104,0.56,493,0,extracted,0.178,0.0579,0.1309,0.19,0.1008,0.1266
18,123,98,1057,79,1045,581,0.55,485,0,0.6671,0.1935,0.0986,0.1198,0.4026,0.52,0.6904,0.2164,0.1488,0.136,0.6104,0.56,493,0,extracted,0.1769,0.0539,0.134,0.19,0.1008,0.1266
18,123,99,1057,79,1045,581,0.55,485,0,0.6671,0.1935,0.0986,0.1198,0.4026,0.52,0.6904,0.2164,0.1488,0.136,0.6104,0.56,493,0,extracted,0.1769,0.0539,0.134,0.19,0.1008,0.1266
18,123,100,1057,79,1045,581,0.55,485,0,0.6671,0.1935,0.0986,0.1198,0.4026,0.52,0.6904,0.2164,0.1488,0.136,0.6104,0.56,493,0,extracted,0.1769,0.0539,0.134,0.19,0.1008,0.1266
19,123,1,615,74,19,23,0.037,9,0,0.6351,0.2268,0.0421,0.1237,0.0299,0.0,0.7123,0.2793,0.1403,0.1622,0.3731,0.5455,292,0,extracted,0.2333,0.0345,0.1667,0.2255,0.0733,0.1527
19,123,2,615,74,19,23,0.037,9,0,0.6351,0.2268,0.0421,0.1237,0.0299,0.0,0.7123,0.2793,0.1403,0.1622,0.3731,0.5455,292,0,extracted,0.2333,0.0345,0.1667,0.2255,0.0733,0.1527
19,123,3,615,74,19,23,0.037,9,0,0.6351,0.2268,0.0421,0.1237,0.0299,0.0,0.7123,0.2793,0.1403,0.1622,0.3731,0.5455,292,0,extracted,0.2333,0.0345,0.1667,0.2255,0.0733,0.1527
19,123,4,615,74,19,23,0.037,9,0,0.6351,0.2268,0.0421,0.1237,0.0299,0.0,0.7123,0.2793,0.1403,0.1622,0.3731,0.5455,292,0,extracted,0.2333,0.0345,0.1667,0.2255,0.0733,0.1527
19,123,5,615,74,19,23,0.037,9,0,0.6351,0.2268,0.0421,0.1237,0.0299,0.0,0.7123,0.2793,0.1403,0.1622,0.3731,0.5455,292,0,extracted,0.2333,0.0345,0.1667,0.2255,0.0733,0.1527
19,123,6,615,74,19,23,0.037,9,0,0.6351,0.2268,0.0421,0.1237,0.0299,0.0,0.7123,0.2793,0.1403,0.1622,0.3731,0.5455,292,0,extracted,0.2333,0.0345,0.1667,0.2255,0.0733,0.1527
19,123,7,615,74,19,23,0.037,9,0,0.6351,0.2268,0.0421,0.1237,0.0299,0.0,0.7123,0.2793,0.1403,0.1622,0.3731,0.5455,292,0,extracted,0.2333,0.0345,0.1667,0.2255,0.0733,0.1527
19,123,8,615,74,19,23,0.037,9,0,0.6351,0.2268,0.0421,0.1237,0.0299,0.0,0.7123,0.2793,0.1403,0.1622,0.3731,0.5455,292,0,extracted,0.2333,0.0345,0.1667,0.2255,0.0733,0.1527
19,123,9,615,74,19,23,0.037,9,0,0.6351,0.2268,0.0421,0.1237,0.0299,0.0,0.7123,0.2793,0.1403,0.1622,0.3731,0.5455,292,0,extracted,0.2333,0.0345,0.1667,0.2255,0.0733,0.1527
19,123,10,615,74,19,23,0.037,9,0,0.6351,0.2268,0.0421,0.1237,0.0299,0.0,0.7123,0.2793,0.1403,0.1622,0.3731,0.5455,292,0,extracted,0.2333,0.0345,0.1667,0.2255,0.0733,0.1527
19,123,11,615,74,19,23,0.037,9,0,0.6351,0.2268,0.0421,0.1237,0.0299,0.0,0.7123,0.2793,0.1403,0.1622,0.3731,0.5455,292,0,extracted,0.2333,0.0345,0.1667,0.2255,0.0733,0.1527
19,123,12,615,74,19,23,0.037,9,0,0.6351,0.2268,0.0421,0.1237,0.0299,0.0,0.7123,0.2793,0.1403,0.1622,0.3731,0.5455,292,0,extracted,0.2333,0.0345,0.1667,0.2255,0.0733,0.1527
19,123,13,615,74,19,23,0.037,9,0,0.6351,0.2268,0.0421,0.1237,0.0299,0.0,0.7123,0.2793,0.1403,0.1622,0.3731,0.5455,292,0,extracted,0.2333,0.0345,0.1667,0.2255,0.0733,0.1527
19,123,14,615,74,19,23,0.037,9,0,0.6351,0.2268,0.0421,0.1237,0.0299,0.0,0.7123,0.2793,0.1403,0.1622,0.3731,0.5455,292,0,extracted,0.2333,0.0345,0.1667,0.2255,0.0733,0.1527
19,123,15,615,74,52,51,0.083,22,0,0.655,0.272,0.065,0.128,0.0597,0.1364,0.7123,0.2793,0.1403,0.1622,0.3731,0.5455,292,0,extracted,0.3333,0.0789,0.1538,0.2255,0.0733,0.1527
19,123,16,615,74,52,51,0.083,22,0,0.655,0.272,0.065,0.128,0.0597,0.1364,0.7123,0.2793,0.1403,0.1622,0.3731,0.5455,292,0,extracted,0.3333,0.0789,0.1538,0.2255,0.0733,0.1527
19,123,17,615,74,52,51,0.083,22,0,0.655,0.272,0.065,0.128,0.0597,0.1364,0.7123,0.2793,0.1403,0.1622,0.3731,0.5455,292,0,extracted,0.3333,0.0789,0.1538,0.2255,0.0733,0.1527
19,123,18,615,74,52,51,0.083,22,0,0.655,0.272,0.065,0.128,0.0597,0.1364,0.7123,0.2793,0.1403,0.1622,0.3731,0.5455,292,0,extracted,0.3333,0.0789,0.1538,0.2255,0.0733,0.1527
19,123,19,615,74,52,51,0.083,22,0,0.655,0.272,0.065,0.128,0.0597,0.1364,0.7123,0.2793,0.1403,0.1622,0.3731,0.5455,292,0,extracted,0.3333,0.0789,0.1538,0.2255,0.0733,0.1527
19,123,20,615,74,52,51,0.083,22,0,0.655,0.272,0.065,0.128,0.0597,0.1364,0.7123,0.2793,0.1403,0.1622,0.3731,0.5455,292,0,extracted,0.3333,0.0789,0.1538,0.2255,0.0733,0.1527
19,123,21,615,74,52,51,0.083,22,0,0.655,0.272,0.065,0.128,0.0597,0.1364,0.7123,0.2793,0.1403,0.1622,0.3731,0.5455,292,0,extracted,0.3333,0.0789,0.1538,0.2255,0.0733,0.1527
19,123,22,615,74,52,51,0.083,22,0,0.655,0.272,0.065,0.128,0.0597,0.1364,0.7123,0.2793,0.1403,0.1622,0.3731,0.5455,292,0,extracted,0.3333,0.0789,0.1538,0.2255,0.0733,0.1527
19,123,23,615,74,52,51,0.083,22,0,0.655,0.272,0.065,0.128,0.0597,0.1364,0.7123,0.2793,0.1403,0.1622,0.3731,0.5455,292,0,extracted,0.3333,0.0789,0.1538,0.2255,0.0733,0.1527
19,123,24,615,74,52,51,0.083,22,0,0.655,0.272,0.065,0.128,0.0597,0.1364,0.7123,0.2793,0.1403,0.1622,0.3731,0.5455,292,0,extracted,0.3333,0.0789,0.1538,0.2255,0.0733,0.1527
19,123,25,615,74,52,51,0.083,22,0,0.655,0.272,0.065,0.128,0.0597,0.1364,0.7123,0.2793,0.1403,0.1622,0.3731,0.5455,292,0,extracted,0.3333,0.0789,0.1538,0.2255,0.0733,0.1527
19,123,26,615,74,109,72,0.117,53,0,0.6455,0.2378,0.0567,0.1259,0.0597,0.1364,0.7123,0.2793,0.1403,0.1622,0.3731,0.5455,292,0,extracted,0.3133,0.0741,0.1687,0.2255,0.0733,0.1527
19,123,27,615,74,109,72,0.117,53,0,0.6455,0.2378,0.0567,0.1259,0.0597,0.1364,0.7123,0.2793,0.1403,0.1622,0.3731,0.5455,292,0,extracted,0.3133,0.0741,0.1687,0.2255,0.0733,0.1527
19,123,28,615,74,109,72,0.117,53,0,0.6455,0.2378,0.0567,0.1259,0.0597,0.1364,0.7123,0.2793,0.1403,0.1622,0.3731,0.5455,292,0,extracted,0.3133,0.0741,0.1687,0.2255,0.0733,0.1527
19,123,29,615,74,109,72,0.117,53,0,0.6455,0.2378,0.0567,0.1259,0.0597,0.1364,0.7123,0.2793,0.1403,0.1622,0.3731,0.5455,292,0,extracted,0.3133,0.0741,0.1687,0.2255,0.0733,0.1527
19,123,30,615,74,109,72,0.117,53,0,0.6455,0.2378,0.0567,0.1259,0.0597,0.1364,0.7123,0.2793,0.1403,0.1622,0.3731,0.5455,292,0,extracted,0.3133,0.0741,0.1687,0.2255,0.0733,0.1527
19,123,31,615,74,109,72,0.117,53,0,0.6455,0.2378,0.0567,0.1259,0.0597,0.1364,0.7123,0.2793,0.1403,0.1622,0.3731,0.5455,292,0,extracted,0.3133,0.0741,0.1687,0.2255,0.0733,0.1527
19,123,32,615,74,109,72,0.117,53,0,0.6455,0.2378,0.0567,0.1259,0.0597,0.1364,0.7123,0.2793,0.1403,0.1622,0.3731,0.5455,292,0,extracted,0.3133,0.0741,0.1687,0.2255,0.0733,0.1527
19,123,33,615,74,109,72,0.117,53,0,0.6455,0.2378,0.0567,0.1259,0.0597,0.1364,0.7123,0.2793,0.1403,0.1622,0.3731,0.5455,292,0,extracted,0.3133,0.0741,0.1687,0.2255,0.0733,0.1527
19,123,34,615,74,109,72,0.117,53,0,0.6455,0.2378,0.0567,0.1259,0.0597,0.1364,0.7123,0.2793,0.1403,0.1622,0.3731,0.5455,292,0,extracted,0.3133,0.0741,0.1687,0.2255,0.0733,0.1527
19,123,35,615,74,163,100,0.163,81,0,0.6266,0.2326,0.0588,0.1628,0.0746,0.1364,0.7123,0.2793,0.1403,0.1622,0.3731,0.5455,292,0,extracted,0.2524,0.0594,0.1748,0.2255,0.0733,0.1527
19,123,36,615,74,163,100,0.163,81,0,0.6266,0.2326,0.0588,0.1628,0.0746,0.1364,0.7123,0.2793,0.1403,0.1622,0.3731,0.5455,292,0,extracted,0.2524,0.0594,0.1748,0.2255,0.0733,0.1527
19,123,37,615,74,163,100,0.163,81,0,0.6266,0.2326,0.0588,0.1628,0.0746,0.1364,0.7123,0.2793,0.1403,0.1622,0.3731,0.5455,292,0,extracted,0.2524,0.0594,0.1748,0.2255,0.0733,0.1527
19,123,38,615,74,163,100,0.163,81,0,0.6266,0.2326,0.0588,0.1628,0.0746,0.1364,0.7123,0.2793,0.1403,0.1622,0.3731,0.5455,292,0,extracted,0.2524,0.0594,0.1748,0.2255,0.0733,0.1527
19,123,39,615,74,163,100,0.163,81,0,0.6266,0.2326,0.0588,0.1628,0.0746,0.1364,0.7123,0.2793,0.1403,0.1622,0.3731,0.5455,292,0,extracted,0.2524,0.0594,0.1748,0.2255,0.0733,0.1527
19,123,40,615,74,163,100,0.163,81,0,0.6266,0.2326,0.0588,0.1628,0.0746,0.1364,0.7123,0.2793,0.1403,0.1622,0.3731,0.5455,292,0,extracted,0.2524,0.0594,0.1748,0.2255,0.0733,0.1527
19,123,41,615,74,163,100,0.163,81,0,0.6266,0.2326,0.0588,0.1628,0.0746,0.1364,0.7123,0.2793,0.1403,0.1622,0.3731,0.5455,292,0,extracted,0.2524,0.0594,0.1748,0.2255,0.0733,0.1527
19,123,42,615,74,163,100,0.163,81,0,0.6266,0.2326,0.0588,0.1628,0.0746,0.1364,0.7123,0.2793,0.1403,0.1622,0.3731,0.5455,292,0,extracted,0.2524,0.0594,0.1748,0.2255,0.0733,0.1527
19,123,43,615,74,163,100,0.163,81,0,0.6266,0.2326,0.0588,0.1628,0.0746,0.1364,0.7123,0.2793,0.1403,0.1622,0.3731,0.5455,292,0,extracted,0.2524,0.0594,0.1748,0.2255,0.0733,0.1527
19,123,44,615,74,163,100,0.163,81,0,0.6266,0.2326,0.0588,0.1628,0.0746,0.1364,0.7123,0.2793,0.1403,0.1622,0.3731,0.5455,292,0,extracted,0.2524,0.0594,0.1748,0.2255,0.0733,0.1527
19,123,45,615,74,163,100,0.163,81,0,0.6266,0.2326,0.0588,0.1628,0.0746,0.1364,0.7123,0.2793,0.1403,0.1622,0.3731,0.5455,292,0,extracted,0.2524,0.0594,0.1748,0.2255,0.0733,0.1527
19,123,46,615,74,246,159,0.259,119,0,0.6448,0.2368,0.0442,0.1316,0.0746,0.1364,0.7123,0.2793,0.1403,0.1622,0.3731,0.5455,292,0,extracted,0.2308,0.0469,0.1385,0.2255,0.0733,0.1527
19,123,47,615,74,246,159,0.259,119,0,0.6448,0.2368,0.0442,0.1316,0.0746,0.1364,0.7123,0.2793,0.1403,0.1622,0.3731,0.5455,292,0,extracted,0.2308,0.0469,0.1385,0.2255,0.0733,0.1527
19,123,48,615,74,246,159,0.259,119,0,0.6448,0.2368,0.0442,0.1316,0.0746,0.1364,0.7123,0.2793,0.1403,0.1622,0.3731,0.5455,292,0,extracted,0.2308,0.0469,0.1385,0.2255,0.0733,0.1527
19,123,49,615,74,246,159,0.259,119,0,0.6448,0.2368,0.0442,0.1316,0.0746,0.1364,0.7123,0.2793,0.1403,0.1622,0.3731,0.5455,292,0,extracted,0.2308,0.0469,0.1385,0.2255,0.0733,0.1527
19,123,50,615,74,246,159,0.259,119,0,0.6448,0.2368,0.0442,0.1316,0.0746,0.1364,0.7123,0.2793,0.1403,0.1622,0.3731,0.5455,292,0,extracted,0.2308,0.0469,0.1385,0.2255,0.0733,0.1527
19,123,51,615,74,246,159,0.259,119,0,0.6448,0.2368,0.0442,0.1316,0.0746,0.1364,0.7123,0.2793,0.1403,0.1622,0.3731,0.5455,292,0,extracted,0.2308,0.0469,0.1385,0.2255,0.0733,0.1527
19,123,52,615,74,246,159,0.259,119,0,0.6448,0.2368,0.0442,0.1316,0.0746,0.1364,0.7123,0.2793,0.1403,0.1622,0.3731,0.5455,292,0,extracted,0.2308,0.0469,0.1385,0.2255,0.0733,0.1527
19,123,53,615,74,246,159,0.259,119,0,0.6448,0.2368,0.0442,0.1316,0.0746,0.1364,0.7123,0.2793,0.1403,0.1622,0.3731,0.5455,292,0,extracted,0.2308,0.0469,0.1385,0.2255,0.0733,0.1527
19,123,54,615,74,246,159,0.259,119,0,0.6448,0.2368,0.0442,0.1316,0.0746,0.1364,0.7123,0.2793,0.1403,0.1622,0.3731,0.5455,292,0,extracted,0.2308,0.0469,0.1385,0.2255,0.0733,0.1527
19,123,55,615,74,311,185,0.301,145,0,0.6492,0.232,0.0565,0.12,0.1045,0.1364,0.7123,0.2793,0.1403,0.1622,0.3731,0.5455,292,0,extracted,0.2222,0.0451,0.1333,0.2255,0.0733,0.1527
19,123,56,615,74,311,185,0.301,145,0,0.6492,0.232,0.0565,0.12,0.1045,0.1364,0.7123,0.2793,0.1403,0.1622,0.3731,0.5455,292,0,extracted,0.2222,0.0451,0.1333,0.2255,0.0733,0.1527
19,123,57,615,74,311,185,0.301,145,0,0.6492,0.232,0.0565,0.12,0.1045,0.1364,0.7123,0.2793,0.1403,0.1622,0.3731,0.5455,292,0,extracted,0.2222,0.0451,0.1333,0.2255,0.0733,0.1527
19,123,58,615,74,311,185,0.301,145,0,0.6492,0.232,0.0565,0.12,0.1045,0.1364,0.7123,0.2793,0.1403,0.1622,0.3731,0.5455,292,0,extracted,0.2222,0.0451,0.1333,0.2255,0.0733,0.1527
19,123,59,615,74,311,185,0.301,145,0,0.6492,0.232,0.0565,0.12,0.1045,0.1364,0.7123,0.2793,0.1403,0.1622,0.3731,0.5455,292,0,extracted,0.2222,0.0451,0.1333,0.2255,0.0733,0.1527
19,123,60,615,74,311,185,0.301,145,0,0.6492,0.232,0.0565,0.12,0.1045,0.1364,0.7123,0.2793,0.1403,0.1622,0.3731,0.5455,292,0,extracted,0.2222,0.0451,0.1333,0.2255,0.0733,0.1527
19,123,61,615,74,311,185,0.301,145,0,0.6492,0.232,0.0565,0.12,0.1045,0.1364,0.7123,0.2793,0.1403,0.1622,0.3731,0.5455,292,0,extracted,0.2222,0.0451,0.1333,0.2255,0.0733,0.1527
19,123,62,615,74,311,185,0.301,145,0,0.6492,0.232,0.0565,0.12,0.1045,0.1364,0.7123,0.2793,0.1403,0.1622,0.3731,0.5455,292,0,extracted,0.2222,0.0451,0.1333,0.2255,0.0733,0.1527
19,123,63,615,74,311,185,0.301,145,0,0.6492,0.232,0.0565,0.12,0.1045,0.1364,0.7123,0.2793,0.1403,0.1622,0.3731,0.5455,292,0,extracted,0.2222,0.0451,0.1333,0.2255,0.0733,0.1527
19,123,64,615,74,311,185,0.301,145,0,0.6492,0.232,0.0565,0.12,0.1045,0.1364,0.7123,0.2793,0.1403,0.1622,0.3731,0.5455,292,0,extracted,0.2222,0.0451,0.1333,0.2255,0.0733,0.1527
19,123,65,615,74,311,185,0.301,145,0,0.6492,0.232,0.0565,0.12,0.1045,0.1364,0.7123,0.2793,0.1403,0.1622,0.3731,0.5455,292,0,extracted,0.2222,0.0451,0.1333,0.2255,0.0733,0.1527
19,123,66,615,74,369,233,0.379,170,0,0.6713,0.268,0.1118,0.1634,0.2388,0.3182,0.7123,0.2793,0.1403,0.1622,0.3731,0.5455,292,0,extracted,0.2139,0.0757,0.1604,0.2255,0.0733,0.1527
19,123,67,615,74,369,233,0.379,170,0,0.6713,0.268,0.1118,0.1634,0.2388,0.3182,0.7123,0.2793,0.1403,0.1622,0.3731,0.5455,292,0,extracted,0.2139,0.0757,0.1604,0.2255,0.0733,0.1527
19,123,68,615,74,369,233,0.379,170,0,0.6713,0.268,0.1118,0.1634,0.2388,0.3182,0.7123,0.2793,0.1403,0.1622,0.3731,0.5455,292,0,extracted,0.2139,0.0757,0.1604,0.2255,0.0733,0.1527
19,123,69,615,74,369,233,0.379,170,0,0.6713,0.268,0.1118,0.1634,0.2388,0.3182,0.7123,0.2793,0.1403,0.1622,0.3731,0.5455,292,0,extracted,0.2139,0.0757,0.1604,0.2255,0.0733,0.1527
19,123,70,615,74,369,233,0.379,170,0,0.6713,0.268,0.1118,0.1634,0.2388,0.3182,0.7123,0.2793,0.1403,0.1622,0.3731,0.5455,292,0,extracted,0.2139,0.0757,0.1604,0.2255,0.0733,0.1527
19,123,71,615,74,369,233,0.379,170,0,0.6713,0.268,0.1118,0.1634,0.2388,0.3182,0.7123,0.2793,0.1403,0.1622,0.3731,0.5455,292,0,extracted,0.2139,0.0757,0.1604,0.2255,0.0733,0.1527
19,123,72,615,74,369,233,0.379,170,0,0.6713,0.268,0.1118,0.1634,0.2388,0.3182,0.7123,0.2793,0.1403,0.1622,0.3731,0.5455,292,0,extracted,0.2139,0.0757,0.1604,0.2255,0.0733,0.1527
19,123,73,615,74,369,233,0.379,170,0,0.6713,0.268,0.1118,0.1634,0.2388,0.3182,0.7123,0.2793,0.1403,0.1622,0.3731,0.5455,292,0,extracted,0.2139,0.0757,0.1604,0.2255,0.0733,0.1527
19,123,74,615,74,369,233,0.379,170,0,0.6713,0.268,0.1118,0.1634,0.2388,0.3182,0.7123,0.2793,0.1403,0.1622,0.3731,0.5455,292,0,extracted,0.2139,0.0757,0.1604,0.2255,0.0733,0.1527
19,123,75,615,74,435,269,0.437,207,0,0.7119,0.3324,0.1701,0.1924,0.3433,0.5455,0.7123,0.2793,0.1403,0.1622,0.3731,0.5455,292,0,extracted,0.2817,0.0948,0.1878,0.2255,0.0733,0.1527
19,123,76,615,74,435,269,0.437,207,0,0.7119,0.3324,0.1701,0.1924,0.3433,0.5455,0.7123,0.2793,0.1403,0.1622,0.3731,0.5455,292,0,extracted,0.2817,0.0948,0.1878,0.2255,0.0733,0.1527
19,123,77,615,74,435,269,0.437,207,0,0.7119,0.3324,0.1701,0.1924,0.3433,0.5455,0.7123,0.2793,0.1403,0.1622,0.3731,0.5455,292,0,extracted,0.2817,0.0948,0.1878,0.2255,0.0733,0.1527
19,123,78,615,74,435,269,0.437,207,0,0.7119,0.3324,0.1701,0.1924,0.3433,0.5455,0.7123,0.2793,0.1403,0.1622,0.3731,0.5455,292,0,extracted,0.2817,0.0948,0.1878,0.2255,0.0733,0.1527
19,123,79,615,74,435,269,0.437,207,0,0.7119,0.3324,0.1701,0.1924,0.3433,0.5455,0.7123,0.2793,0.1403,0.1622,0.3731,0.5455,292,0,extracted,0.2817,0.0948,0.1878,0.2255,0.0733,0.1527
19,123,80,615,74,435,269,0.437,207,0,0.7119,0.3324,0.1701,0.1924,0.3433,0.5455,0.7123,0.2793,0.1403,0.1622,0.3731,0.5455,292,0,extracted,0.2817,0.0948,0.1878,0.2255,0.0733,0.1527
19,123,81,615,74,435,269,0.437,207,0,0.7119,0.3324,0.1701,0.1924,0.3433,0.5455,0.7123,0.2793,0.1403,0.1622,0.3731,0.5455,292,0,extracted,0.2817,0.0948,0.1878,0.2255,0.0733,0.1527
19,123,82,615,74,435,269,0.437,207,0,0.7119,0.3324,0.1701,0.1924,0.3433,0.5455,0.7123,0.2793,0.1403,0.1622,0.3731,0.5455,292,0,extracted,0.2817,0.0948,0.1878,0.2255,0.0733,0.1527
19,123,83,615,74,435,269,0.437,207,0,0.7119,0.3324,0.1701,0.1924,0.3433,0.5455,0.7123,0.2793,0.1403,0.1622,0.3731,0.5455,292,0,extracted,0.2817,0.0948,0.1878,0.2255,0.0733,0.1527
19,123,84,615,74,435,269,0.437,207,0,0.7119,0.3324,0.1701,0.1924,0.3433,0.5455,0.7123,0.2793,0.1403,0.1622,0.3731,0.5455,292,0,extracted,0.2817,0.0948,0.1878,0.2255,0.0733,0.1527
19,123,85,615,74,435,269,0.437,207,0,0.7119,0.3324,0.1701,0.1924,0.3433,0.5455,0.7123,0.2793,0.1403,0.1622,0.3731,0.5455,292,0,extracted,0.2817,0.0948,0.1878,0.2255,0.0733,0.1527
19,123,86,615,74,523,314,0.511,243,0,0.6968,0.2805,0.1305,0.1455,0.3284,0.5,0.7123,0.2793,0.1403,0.1622,0.3731,0.5455,292,0,extracted,0.2445,0.0793,0.1572,0.2255,0.0733,0.1527
19,123,87,615,74,523,314,0.511,243,0,0.6968,0.2805,0.1305,0.1455,0.3284,0.5,0.7123,0.2793,0.1403,0.1622,0.3731,0.5455,292,0,extracted,0.2445,0.0793,0.1572,0.2255,0.0733,0.1527
19,123,88,615,74,523,314,0.511,243,0,0.6968,0.2805,0.1305,0.1455,0.3284,0.5,0.7123,0.2793,0.1403,0.1622,0.3731,0.5455,292,0,extracted,0.2445,0.0793,0.1572,0.2255,0.0733,0.1527
19,123,89,615,74,523,314,0.511,243,0,0.6968,0.2805,0.1305,0.1455,0.3284,0.5,0.7123,0.2793,0.1403,0.1622,0.3731,0.5455,292,0,extracted,0.2445,0.0793,0.1572,0.2255,0.0733,0.1527
19,123,90,615,74,523,314,0.511,243,0,0.6968,0.2805,0.1305,0.1455,0.3284,0.5,0.7123,0.2793,0.1403,0.1622,0.3731,0.5455,292,0,extracted,0.2445,0.0793,0.1572,0.2255,0.0733,0.1527
19,123,91,615,74,523,314,0.511,243,0,0.6968,0.2805,0.1305,0.1455,0.3284,0.5,0.7123,0.2793,0.1403,0.1622,0.3731,0.5455,292,0,extracted,0.2445,0.0793,0.1572,0.2255,0.0733,0.1527
19,123,92,615,74,523,314,0.511,243,0,0.6968,0.2805,0.1305,0.1455,0.3284,0.5,0.7123,0.2793,0.1403,0.1622,0.3731,0.5455,292,0,extracted,0.2445,0.0793,0.1572,0.2255,0.0733,0.1527
19,123,93,615,74,523,314,0.511,243,0,0.6968,0.2805,0.1305,0.1455,0.3284,0.5,0.7123,0.2793,0.1403,0.1622,0.3731,0.5455,292,0,extracted,0.2445,0.0793,0.1572,0.2255,0.0733,0.1527
19,123,94,615,74,523,314,0.511,243,0,0.6968,0.2805,0.1305,0.1455,0.3284,0.5,0.7123,0.2793,0.1403,0.1622,0.3731,0.5455,292,0,extracted,0.2445,0.0793,0.1572,0.2255,0.0733,0.1527
19,123,95,615,74,607,367,0.597,285,0,0.7027,0.2673,0.1389,0.1613,0.3582,0.5,0.7123,0.2793,0.1403,0.1622,0.3731,0.5455,292,0,extracted,0.2283,0.0794,0.1654,0.2255,0.0733,0.1527
19,123,96,615,74,607,367,0.597,285,0,0.7027,0.2673,0.1389,0.1613,0.3582,0.5,0.7123,0.2793,0.1403,0.1622,0.3731,0.5455,292,0,extracted,0.2283,0.0794,0.1654,0.2255,0.0733,0.1527
19,123,97,615,74,607,367,0.597,285,0,0.7027,0.2673,0.1389,0.1613,0.3582,0.5,0.7123,0.2793,0.1403,0.1622,0.3731,0.5455,292,0,extracted,0.2283,0.0794,0.1654,0.2255,0.0733,0.1527
19,123,98,615,74,607,367,0.597,285,0,0.7027,0.2673,0.1389,0.1613,0.3582,0.5,0.7123,0.2793,0.1403,0.1622,0.3731,0.5455,292,0,extracted,0.2283,0.0794,0.1654,0.2255,0.0733,0.1527
19,123,99,615,74,607,367,0.597,285,0,0.7027,0.2673,0.1389,0.1613,0.3582,0.5,0.7123,0.2793,0.1403,0.1622,0.3731,0.5455,292,0,extracted,0.2283,0.0794,0.1654,0.2255,0.0733,0.1527
19,123,100,615,74,607,367,0.597,285,0,0.7027,0.2673,0.1389,0.1613,0.3582,0.5,0.7123,0.2793,0.1403,0.1622,0.3731,0.5455,292,0,extracted,0.2283,0.0794,0.1654,0.2255,0.0733,0.1527
20,123,1,657,98,25,25,0.038,13,0,0.639,0.2114,0.0165,0.1463,0.0112,0.0455,0.6806,0.3158,0.148,0.1684,0.3933,0.4545,341,0,extracted,0.1944,0.0286,0.1667,0.268,0.1176,0.1581
20,123,2,657,98,25,25,0.038,13,0,0.639,0.2114,0.0165,0.1463,0.0112,0.0455,0.6806,0.3158,0.148,0.1684,0.3933,0.4545,341,0,extracted,0.1944,0.0286,0.1667,0.268,0.1176,0.1581
20,123,3,657,98,25,25,0.038,13,0,0.639,0.2114,0.0165,0.1463,0.0112,0.0455,0.6806,0.3158,0.148,0.1684,0.3933,0.4545,341,0,extracted,0.1944,0.0286,0.1667,0.268,0.1176,0.1581
20,123,4,657,98,25,25,0.038,13,0,0.639,0.2114,0.0165,0.1463,0.0112,0.0455,0.6806,0.3158,0.148,0.1684,0.3933,0.4545,341,0,extracted,0.1944,0.0286,0.1667,0.268,0.1176,0.1581
20,123,5,657,98,25,25,0.038,13,0,0.639,0.2114,0.0165,0.1463,0.0112,0.0455,0.6806,0.3158,0.148,0.1684,0.3933,0.4545,341,0,extracted,0.1944,0.0286,0.1667,0.268,0.1176,0.1581
20,123,6,657,98,25,25,0.038,13,0,0.639,0.2114,0.0165,0.1463,0.0112,0.0455,0.6806,0.3158,0.148,0.1684,0.3933,0.4545,341,0,extracted,0.1944,0.0286,0.1667,0.268,0.1176,0.1581
20,123,7,657,98,25,25,0.038,13,0,0.639,0.2114,0.0165,0.1463,0.0112,0.0455,0.6806,0.3158,0.148,0.1684,0.3933,0.4545,341,0,extracted,0.1944,0.0286,0.1667,0.268,0.1176,0.1581
20,123,8,657,98,25,25,0.038,13,0,0.639,0.2114,0.0165,0.1463,0.0112,0.0455,0.6806,0.3158,0.148,0.1684,0.3933,0.4545,341,0,extracted,0.1944,0.0286,0.1667,0.268,0.1176,0.1581
20,123,9,657,98,25,25,0.038,13,0,0.639,0.2114,0.0165,0.1463,0.0112,0.0455,0.6806,0.3158,0.148,0.1684,0.3933,0.4545,341,0,extracted,0.1944,0.0286,0.1667,0.268,0.1176,0.1581
20,123,10,657,98,25,25,0.038,13,0,0.639,0.2114,0.0165,0.1463,0.0112,0.0455,0.6806,0.3158,0.148,0.1684,0.3933,0.4545,341,0,extracted,0.1944,0.0286,0.1667,0.268,0.1176,0.1581
20,123,11,657,98,25,25,0.038,13,0,0.639,0.2114,0.0165,0.1463,0.0112,0.0455,0.6806,0.3158,0.148,0.1684,0.3933,0.4545,341,0,extracted,0.1944,0.0286,0.1667,0.268,0.1176,0.1581
20,123,12,657,98,25,25,0.038,13,0,0.639,0.2114,0.0165,0.1463,0.0112,0.0455,0.6806,0.3158,0.148,0.1684,0.3933,0.4545,341,0,extracted,0.1944,0.0286,0.1667,0.268,0.1176,0.1581
20,123,13,657,98,54,36,0.055,28,0,0.6592,0.2239,0.0152,0.1343,0.0112,0.0455,0.6806,0.3158,0.148,0.1684,0.3933,0.4545,341,0,extracted,0.2308,0.0,0.1538,0.268,0.1176,0.1581
20,123,14,657,98,54,36,0.055,28,0,0.6592,0.2239,0.0152,0.1343,0.0112,0.0455,0.6806,0.3158,0.148,0.1684,0.3933,0.4545,341,0,extracted,0.2308,0.0,0.1538,0.268,0.1176,0.1581
20,123,15,657,98,54,36,0.055,28,0,0.6592,0.2239,0.0152,0.1343,0.0112,0.0455,0.6806,0.3158,0.148,0.1684,0.3933,0.4545,341,0,extracted,0.2308,0.0,0.1538,0.268,0.1176,0.1581
20,123,16,657,98,54,36,0.055,28,0,0.6592,0.2239,0.0152,0.1343,0.0112,0.0455,0.6806,0.3158,0.148,0.1684,0.3933,0.4545,341,0,extracted,0.2308,0.0,0.1538,0.268,0.1176,0.1581
20,123,17,657,98,54,36,0.055,28,0,0.6592,0.2239,0.0152,0.1343,0.0112,0.0455,0.6806,0.3158,0.148,0.1684,0.3933,0.4545,341,0,extracted,0.2308,0.0,0.1538,0.268,0.1176,0.1581
20,123,18,657,98,54,36,0.055,28,0,0.6592,0.2239,0.0152,0.1343,0.0112,0.0455,0.6806,0.3158,0.148,0.1684,0.3933,0.4545,341,0,extracted,0.2308,0.0,0.1538,0.268,0.1176,0.1581
20,123,19,657,98,54,36,0.055,28,0,0.6592,0.2239,0.0152,0.1343,0.0112,0.0455,0.6806,0.3158,0.148,0.1684,0.3933,0.4545,341,0,extracted,0.2308,0.0,0.1538,0.268,0.1176,0.1581
20,123,20,657,98,54,36,0.055,28,0,0.6592,0.2239,0.0152,0.1343,0.0112,0.0455,0.6806,0.3158,0.148,0.1684,0.3933,0.4545,341,0,extracted,0.2308,0.0,0.1538,0.268,0.1176,0.1581
20,123,21,657,98,101,57,0.087,49,0,0.6614,0.2839,0.0261,0.1677,0.0225,0.0455,0.6806,0.3158,0.148,0.1684,0.3933,0.4545,341,0,extracted,0.2366,0.022,0.1935,0.268,0.1176,0.1581
20,123,22,657,98,101,57,0.087,49,0,0.6614,0.2839,0.0261,0.1677,0.0225,0.0455,0.6806,0.3158,0.148,0.1684,0.3933,0.4545,341,0,extracted,0.2366,0.022,0.1935,0.268,0.1176,0.1581
20,123,23,657,98,101,57,0.087,49,0,0.6614,0.2839,0.0261,0.1677,0.0225,0.0455,0.6806,0.3158,0.148,0.1684,0.3933,0.4545,341,0,extracted,0.2366,0.022,0.1935,0.268,0.1176,0.1581
20,123,24,657,98,101,57,0.087,49,0,0.6614,0.2839,0.0261,0.1677,0.0225,0.0455,0.6806,0.3158,0.148,0.1684,0.3933,0.4545,341,0,extracted,0.2366,0.022,0.1935,0.268,0.1176,0.1581
20,123,25,657,98,101,57,0.087,49,0,0.6614,0.2839,0.0261,0.1677,0.0225,0.0455,0.6806,0.3158,0.148,0.1684,0.3933,0.4545,341,0,extracted,0.2366,0.022,0.1935,0.268,0.1176,0.1581
20,123,26,657,98,101,57,0.087,49,0,0.6614,0.2839,0.0261,0.1677,0.0225,0.0455,0.6806,0.3158,0.148,0.1684,0.3933,0.4545,341,0,extracted,0.2366,0.022,0.1935,0.268,0.1176,0.1581
20,123,27,657,98,101,57,0.087,49,0,0.6614,0.2839,0.0261,0.1677,0.0225,0.0455,0.6806,0.3158,0.148,0.1684,0.3933,0.4545,341,0,extracted,0.2366,0.022,0.1935,0.268,0.1176,0.1581
20,123,28,657,98,101,57,0.087,49,0,0.6614,0.2839,0.0261,0.1677,0.0225,0.0455,0.6806,0.3158,0.148,0.1684,0.3933,0.4545,341,0,extracted,0.2366,0.022,0.1935,0.268,0.1176,0.1581
20,123,29,657,98,101,57,0.087,49,0,0.6614,0.2839,0.0261,0.1677,0.0225,0.0455,0.6806,0.3158,0.148,0.1684,0.3933,0.4545,341,0,extracted,0.2366,0.022,0.1935,0.268,0.1176,0.1581
20,123,30,657,98,149,84,0.128,72,0,0.7073,0.4725,0.2111,0.2637,0.2135,0.2727,0.6806,0.3158,0.148,0.1684,0.3933,0.4545,341,0,extracted,0.4404,0.1308,0.2385,0.268,0.1176,0.1581
20,123,31,657,98,149,84,0.128,72,0,0.7073,0.4725,0.2111,0.2637,0.2135,0.2727,0.6806,0.3158,0.148,0.1684,0.3933,0.4545,341,0,extracted,0.4404,0.1308,0.2385,0.268,0.1176,0.1581
20,123,32,657,98,149,84,0.128,72,0,0.7073,0.4725,0.2111,0.2637,0.2135,0.2727,0.6806,0.3158,0.148,0.1684,0.3933,0.4545,341,0,extracted,0.4404,0.1308,0.2385,0.268,0.1176,0.1581
20,123,33,657,98,149,84,0.128,72,0,0.7073,0.4725,0.2111,0.2637,0.2135,0.2727,0.6806,0.3158,0.148,0.1684,0.3933,0.4545,341,0,extracted,0.4404,0.1308,0.2385,0.268,0.1176,0.1581
20,123,34,657,98,149,84,0.128,72,0,0.7073,0.4725,0.2111,0.2637,0.2135,0.2727,0.6806,0.3158,0.148,0.1684,0.3933,0.4545,341,0,extracted,0.4404,0.1308,0.2385,0.268,0.1176,0.1581
20,123,35,657,98,149,84,0.128,72,0,0.7073,0.4725,0.2111,0.2637,0.2135,0.2727,0.6806,0.3158,0.148,0.1684,0.3933,0.4545,341,0,extracted,0.4404,0.1308,0.2385,0.268,0.1176,0.1581
20,123,36,657,98,149,84,0.128,72,0,0.7073,0.4725,0.2111,0.2637,0.2135,0.2727,0.6806,0.3158,0.148,0.1684,0.3933,0.4545,341,0,extracted,0.4404,0.1308,0.2385,0.268,0.1176,0.1581
20,123,37,657,98,149,84,0.128,72,0,0.7073,0.4725,0.2111,0.2637,0.2135,0.2727,0.6806,0.3158,0.148,0.1684,0.3933,0.4545,341,0,extracted,0.4404,0.1308,0.2385,0.268,0.1176,0.1581
20,123,38,657,98,189,113,0.172,93,0,0.6722,0.3707,0.1379,0.2244,0.1573,0.1818,0.6806,0.3158,0.148,0.1684,0.3933,0.4545,341,0,extracted,0.3119,0.0561,0.2018,0.268,0.1176,0.1581
20,123,39,657,98,189,113,0.172,93,0,0.6722,0.3707,0.1379,0.2244,0.1573,0.1818,0.6806,0.3158,0.148,0.1684,0.3933,0.4545,341,0,extracted,0.3119,0.0561,0.2018,0.268,0.1176,0.1581
20,123,40,657,98,189,113,0.172,93,0,0.6722,0.3707,0.1379,0.2244,0.1573,0.1818,0.6806,0.3158,0.148,0.1684,0.3933,0.4545,341,0,extracted,0.3119,0.0561,0.2018,0.268,0.1176,0.1581
20,123,41,657,98,189,113,0.172,93,0,0.6722,0.3707,0.1379,0.2244,0.1573,0.1818,0.6806,0.3158,0.148,0.1684,0.3933,0.4545,341,0,extracted,0.3119,0.0561,0.2018,0.268,0.1176,0.1581
20,123,42,657,98,189,113,0.172,93,0,0.6722,0.3707,0.1379,0.2244,0.1573,0.1818,0.6806,0.3158,0.148,0.1684,0.3933,0.4545,341,0,extracted,0.3119,0.0561,0.2018,0.268,0.1176,0.1581
20,123,43,657,98,189,113,0.172,93,0,0.6722,0.3707,0.1379,0.2244,0.1573,0.1818,0.6806,0.3158,0.148,0.1684,0.3933,0.4545,341,0,extracted,0.3119,0.0561,0.2018,0.268,0.1176,0.1581
20,123,44,657,98,189,113,0.172,93,0,0.6722,0.3707,0.1379,0.2244,0.1573,0.1818,0.6806,0.3158,0.148,0.1684,0.3933,0.4545,341,0,extracted,0.3119,0.0561,0.2018,0.268,0.1176,0.1581
20,123,45,657,98,189,113,0.172,93,0,0.6722,0.3707,0.1379,0.2244,0.1573,0.1818,0.6806,0.3158,0.148,0.1684,0.3933,0.4545,341,0,extracted,0.3119,0.0561,0.2018,0.268,0.1176,0.1581
20,123,46,657,98,258,162,0.247,125,0,0.6722,0.4462,0.1395,0.2231,0.2022,0.2727,0.6806,0.3158,0.148,0.1684,0.3933,0.4545,341,0,extracted,0.3158,0.0533,0.1974,0.268,0.1176,0.1581
20,123,47,657,98,258,162,0.247,125,0,0.6722,0.4462,0.1395,0.2231,0.2022,0.2727,0.6806,0.3158,0.148,0.1684,0.3933,0.4545,341,0,extracted,0.3158,0.0533,0.1974,0.268,0.1176,0.1581
20,123,48,657,98,258,162,0.247,125,0,0.6722,0.4462,0.1395,0.2231,0.2022,0.2727,0.6806,0.3158,0.148,0.1684,0.3933,0.4545,341,0,extracted,0.3158,0.0533,0.1974,0.268,0.1176,0.1581
20,123,49,657,98,258,162,0.247,125,0,0.6722,0.4462,0.1395,0.2231,0.2022,0.2727,0.6806,0.3158,0.148,0.1684,0.3933,0.4545,341,0,extracted,0.3158,0.0533,0.1974,0.268,0.1176,0.1581
20,123,50,657,98,258,162,0.247,125,0,0.6722,0.4462,0.1395,0.2231,0.2022,0.2727,0.6806,0.3158,0.148,0.1684,0.3933,0.4545,341,0,extracted,0.3158,0.0533,0.1974,0.268,0.1176,0.1581
20,123,51,657,98,258,162,0.247,125,0,0.6722,0.4462,0.1395,0.2231,0.2022,0.2727,0.6806,0.3158,0.148,0.1684,0.3933,0.4545,341,0,extracted,0.3158,0.0533,0.1974,0.268,0.1176,0.1581
20,123,52,657,98,258,162,0.247,125,0,0.6722,0.4462,0.1395,0.2231,0.2022,0.2727,0.6806,0.3158,0.148,0.1684,0.3933,0.4545,341,0,extracted,0.3158,0.0533,0.1974,0.268,0.1176,0.1581
20,123,53,657,98,258,162,0.247,125,0,0.6722,0.4462,0.1395,0.2231,0.2022,0.2727,0.6806,0.3158,0.148,0.1684,0.3933,0.4545,341,0,extracted,0.3158,0.0533,0.1974,0.268,0.1176,0.1581
20,123,54,657,98,258,162,0.247,125,0,0.6722,0.4462,0.1395,0.2231,0.2022,0.2727,0.6806,0.3158,0.148,0.1684,0.3933,0.4545,341,0,extracted,0.3158,0.0533,0.1974,0.268,0.1176,0.1581
20,123,55,657,98,310,199,0.303,152,0,0.6766,0.3836,0.1448,0.1918,0.236,0.3182,0.6806,0.3158,0.148,0.1684,0.3933,0.4545,341,0,extracted,0.3049,0.0617,0.1951,0.268,0.1176,0.1581
20,123,56,657,98,310,199,0.303,152,0,0.6766,0.3836,0.1448,0.1918,0.236,0.3182,0.6806,0.3158,0.148,0.1684,0.3933,0.4545,341,0,extracted,0.3049,0.0617,0.1951,0.268,0.1176,0.1581
20,123,57,657,98,310,199,0.303,152,0,0.6766,0.3836,0.1448,0.1918,0.236,0.3182,0.6806,0.3158,0.148,0.1684,0.3933,0.4545,341,0,extracted,0.3049,0.0617,0.1951,0.268,0.1176,0.1581
20,123,58,657,98,310,199,0.303,152,0,0.6766,0.3836,0.1448,0.1918,0.236,0.3182,0.6806,0.3158,0.148,0.1684,0.3933,0.4545,341,0,extracted,0.3049,0.0617,0.1951,0.268,0.1176,0.1581
20,123,59,657,98,310,199,0.303,152,0,0.6766,0.3836,0.1448,0.1918,0.236,0.3182,0.6806,0.3158,0.148,0.1684,0.3933,0.4545,341,0,extracted,0.3049,0.0617,0.1951,0.268,0.1176,0.1581
20,123,60,657,98,310,199,0.303,152,0,0.6766,0.3836,0.1448,0.1918,0.236,0.3182,0.6806,0.3158,0.148,0.1684,0.3933,0.4545,341,0,extracted,0.3049,0.0617,0.1951,0.268,0.1176,0.1581
20,123,61,657,98,310,199,0.303,152,0,0.6766,0.3836,0.1448,0.1918,0.236,0.3182,0.6806,0.3158,0.148,0.1684,0.3933,0.4545,341,0,extracted,0.3049,0.0617,0.1951,0.268,0.1176,0.1581
20,123,62,657,98,310,199,0.303,152,0,0.6766,0.3836,0.1448,0.1918,0.236,0.3182,0.6806,0.3158,0.148,0.1684,0.3933,0.4545,341,0,extracted,0.3049,0.0617,0.1951,0.268,0.1176,0.1581
20,123,63,657,98,362,217,0.33,177,0,0.6923,0.418,0.1683,0.2122,0.2921,0.4091,0.6806,0.3158,0.148,0.1684,0.3933,0.4545,341,0,extracted,0.3647,0.0833,0.2,0.268,0.1176,0.1581
20,123,64,657,98,362,217,0.33,177,0,0.6923,0.418,0.1683,0.2122,0.2921,0.4091,0.6806,0.3158,0.148,0.1684,0.3933,0.4545,341,0,extracted,0.3647,0.0833,0.2,0.268,0.1176,0.1581
20,123,65,657,98,362,217,0.33,177,0,0.6923,0.418,0.1683,0.2122,0.2921,0.4091,0.6806,0.3158,0.148,0.1684,0.3933,0.4545,341,0,extracted,0.3647,0.0833,0.2,0.268,0.1176,0.1581
20,123,66,657,98,362,217,0.33,177,0,0.6923,0.418,0.1683,0.2122,0.2921,0.4091,0.6806,0.3158,0.148,0.1684,0.3933,0.4545,341,0,extracted,0.3647,0.0833,0.2,0.268,0.1176,0.1581
20,123,67,657,98,362,217,0.33,177,0,0.6923,0.418,0.1683,0.2122,0.2921,0.4091,0.6806,0.3158,0.148,0.1684,0.3933,0.4545,341,0,extracted,0.3647,0.0833,0.2,0.268,0.1176,0.1581
20,123,68,657,98,362,217,0.33,177,0,0.6923,0.418,0.1683,0.2122,0.2921,0.4091,0.6806,0.3158,0.148,0.1684,0.3933,0.4545,341,0,extracted,0.3647,0.0833,0.2,0.268,0.1176,0.1581
20,123,69,657,98,362,217,0.33,177,0,0.6923,0.418,0.1683,0.2122,0.2921,0.4091,0.6806,0.3158,0.148,0.1684,0.3933,0.4545,341,0,extracted,0.3647,0.0833,0.2,0.268,0.1176,0.1581
20,123,70,657,98,362,217,0.33,177,0,0.6923,0.418,0.1683,0.2122,0.2921,0.4091,0.6806,0.3158,0.148,0.1684,0.3933,0.4545,341,0,extracted,0.3647,0.0833,0.2,0.268,0.1176,0.1581
20,123,71,657,98,408,245,0.373,202,0,0.6845,0.362,0.1552,0.184,0.2921,0.3636,0.6806,0.3158,0.148,0.1684,0.3933,0.4545,341,0,extracted,0.3226,0.0761,0.1828,0.268,0.1176,0.1581
20,123,72,657,98,408,245,0.373,202,0,0.6845,0.362,0.1552,0.184,0.2921,0.3636,0.6806,0.3158,0.148,0.1684,0.3933,0.4545,341,0,extracted,0.3226,0.0761,0.1828,0.268,0.1176,0.1581
20,123,73,657,98,408,245,0.373,202,0,0.6845,0.362,0.1552,0.184,0.2921,0.3636,0.6806,0.3158,0.148,0.1684,0.3933,0.4545,341,0,extracted,0.3226,0.0761,0.1828,0.268,0.1176,0.1581
20,123,74,657,98,408,245,0.373,202,0,0.6845,0.362,0.1552,0.184,0.2921,0.3636,0.6806,0.3158,0.148,0.1684,0.3933,0.4545,341,0,extracted,0.3226,0.0761,0.1828,0.268,0.1176,0.1581
20,123,75,657,98,408,245,0.373,202,0,0.6845,0.362,0.1552,0.184,0.2921,0.3636,0.6806,0.3158,0.148,0.1684,0.3933,0.4545,341,0,extracted,0.3226,0.0761,0.1828,0.268,0.1176,0.1581
20,123,76,657,98,408,245,0.373,202,0,0.6845,0.362,0.1552,0.184,0.2921,0.3636,0.6806,0.3158,0.148,0.1684,0.3933,0.4545,341,0,extracted,0.3226,0.0761,0.1828,0.268,0.1176,0.1581
20,123,77,657,98,408,245,0.373,202,0,0.6845,0.362,0.1552,0.184,0.2921,0.3636,0.6806,0.3158,0.148,0.1684,0.3933,0.4545,341,0,extracted,0.3226,0.0761,0.1828,0.268,0.1176,0.1581
20,123,78,657,98,408,245,0.373,202,0,0.6845,0.362,0.1552,0.184,0.2921,0.3636,0.6806,0.3158,0.148,0.1684,0.3933,0.4545,341,0,extracted,0.3226,0.0761,0.1828,0.268,0.1176,0.1581
20,123,79,657,98,408,245,0.373,202,0,0.6845,0.362,0.1552,0.184,0.2921,0.3636,0.6806,0.3158,0.148,0.1684,0.3933,0.4545,341,0,extracted,0.3226,0.0761,0.1828,0.268,0.1176,0.1581
20,123,80,657,98,522,316,0.481,264,0,0.7022,0.4,0.1935,0.1728,0.4382,0.5455,0.6806,0.3158,0.148,0.1684,0.3933,0.4545,341,0,extracted,0.3571,0.1261,0.1875,0.268,0.1176,0.1581
20,123,81,657,98,522,316,0.481,264,0,0.7022,0.4,0.1935,0.1728,0.4382,0.5455,0.6806,0.3158,0.148,0.1684,0.3933,0.4545,341,0,extracted,0.3571,0.1261,0.1875,0.268,0.1176,0.1581
20,123,82,657,98,522,316,0.481,264,0,0.7022,0.4,0.1935,0.1728,0.4382,0.5455,0.6806,0.3158,0.148,0.1684,0.3933,0.4545,341,0,extracted,0.3571,0.1261,0.1875,0.268,0.1176,0.1581
20,123,83,657,98,522,316,0.481,264,0,0.7022,0.4,0.1935,0.1728,0.4382,0.5455,0.6806,0.3158,0.148,0.1684,0.3933,0.4545,341,0,extracted,0.3571,0.1261,0.1875,0.268,0.1176,0.1581
20,123,84,657,98,522,316,0.481,264,0,0.7022,0.4,0.1935,0.1728,0.4382,0.5455,0.6806,0.3158,0.148,0.1684,0.3933,0.4545,341,0,extracted,0.3571,0.1261,0.1875,0.268,0.1176,0.1581
20,123,85,657,98,522,316,0.481,264,0,0.7022,0.4,0.1935,0.1728,0.4382,0.5455,0.6806,0.3158,0.148,0.1684,0.3933,0.4545,341,0,extracted,0.3571,0.1261,0.1875,0.268,0.1176,0.1581
20,123,86,657,98,522,316,0.481,264,0,0.7022,0.4,0.1935,0.1728,0.4382,0.5455,0.6806,0.3158,0.148,0.1684,0.3933,0.4545,341,0,extracted,0.3571,0.1261,0.1875,0.268,0.1176,0.1581
20,123,87,657,98,522,316,0.481,264,0,0.7022,0.4,0.1935,0.1728,0.4382,0.5455,0.6806,0.3158,0.148,0.1684,0.3933,0.4545,341,0,extracted,0.3571,0.1261,0.1875,0.268,0.1176,0.1581
20,123,88,657,98,578,343,0.522,297,0,0.7118,0.375,0.2047,0.1852,0.4944,0.5455,0.6806,0.3158,0.148,0.1684,0.3933,0.4545,341,0,extracted,0.3178,0.1328,0.186,0.268,0.1176,0.1581
20,123,89,657,98,578,343,0.522,297,0,0.7118,0.375,0.2047,0.1852,0.4944,0.5455,0.6806,0.3158,0.148,0.1684,0.3933,0.4545,341,0,extracted,0.3178,0.1328,0.186,0.268,0.1176,0.1581
20,123,90,657,98,578,343,0.522,297,0,0.7118,0.375,0.2047,0.1852,0.4944,0.5455,0.6806,0.3158,0.148,0.1684,0.3933,0.4545,341,0,extracted,0.3178,0.1328,0.186,0.268,0.1176,0.1581
20,123,91,657,98,578,343,0.522,297,0,0.7118,0.375,0.2047,0.1852,0.4944,0.5455,0.6806,0.3158,0.148,0.1684,0.3933,0.4545,341,0,extracted,0.3178,0.1328,0.186,0.268,0.1176,0.1581
20,123,92,657,98,578,343,0.522,297,0,0.7118,0.375,0.2047,0.1852,0.4944,0.5455,0.6806,0.3158,0.148,0.1684,0.3933,0.4545,341,0,extracted,0.3178,0.1328,0.186,0.268,0.1176,0.1581
20,123,93,657,98,578,343,0.522,297,0,0.7118,0.375,0.2047,0.1852,0.4944,0.5455,0.6806,0.3158,0.148,0.1684,0.3933,0.4545,341,0,extracted,0.3178,0.1328,0.186,0.268,0.1176,0.1581
20,123,94,657,98,578,343,0.522,297,0,0.7118,0.375,0.2047,0.1852,0.4944,0.5455,0.6806,0.3158,0.148,0.1684,0.3933,0.4545,341,0,extracted,0.3178,0.1328,0.186,0.268,0.1176,0.1581
20,123,95,657,98,578,343,0.522,297,0,0.7118,0.375,0.2047,0.1852,0.4944,0.5455,0.6806,0.3158,0.148,0.1684,0.3933,0.4545,341,0,extracted,0.3178,0.1328,0.186,0.268,0.1176,0.1581
20,123,96,657,98,648,400,0.609,334,0,0.6925,0.3429,0.168,0.1673,0.4607,0.5909,0.6806,0.3158,0.148,0.1684,0.3933,0.4545,341,0,extracted,0.2937,0.1127,0.1678,0.268,0.1176,0.1581
20,123,97,657,98,648,400,0.609,334,0,0.6925,0.3429,0.168,0.1673,0.4607,0.5909,0.6806,0.3158,0.148,0.1684,0.3933,0.4545,341,0,extracted,0.2937,0.1127,0.1678,0.268,0.1176,0.1581
20,123,98,657,98,648,400,0.609,334,0,0.6925,0.3429,0.168,0.1673,0.4607,0.5909,0.6806,0.3158,0.148,0.1684,0.3933,0.4545,341,0,extracted,0.2937,0.1127,0.1678,0.268,0.1176,0.1581
20,123,99,657,98,648,400,0.609,334,0,0.6925,0.3429,0.168,0.1673,0.4607,0.5909,0.6806,0.3158,0.148,0.1684,0.3933,0.4545,341,0,extracted,0.2937,0.1127,0.1678,0.268,0.1176,0.1581
20,123,100,657,98,648,400,0.609,334,0,0.6925,0.3429,0.168,0.1673,0.4607,0.5909,0.6806,0.3158,0.148,0.1684,0.3933,0.4545,341,0,extracted,0.2937,0.1127,0.1678,0.268,0.1176,0.1581
21,123,1,1073,101,9,16,0.015,7,0,0.6517,0.1709,0.087,0.1709,0.0532,0.0667,0.6705,0.2238,0.1122,0.1371,0.3723,0.5,480,0,extracted,0.1892,0.0833,0.1892,0.1991,0.0864,0.1312
21,123,2,1073,101,9,16,0.015,7,0,0.6517,0.1709,0.087,0.1709,0.0532,0.0667,0.6705,0.2238,0.1122,0.1371,0.3723,0.5,480,0,extracted,0.1892,0.0833,0.1892,0.1991,0.0864,0.1312
21,123,3,1073,101,9,16,0.015,7,0,0.6517,0.1709,0.087,0.1709,0.0532,0.0667,0.6705,0.2238,0.1122,0.1371,0.3723,0.5,480,0,extracted,0.1892,0.0833,0.1892,0.1991,0.0864,0.1312
21,123,4,1073,101,9,16,0.015,7,0,0.6517,0.1709,0.087,0.1709,0.0532,0.0667,0.6705,0.2238,0.1122,0.1371,0.3723,0.5,480,0,extracted,0.1892,0.0833,0.1892,0.1991,0.0864,0.1312
21,123,5,1073,101,9,16,0.015,7,0,0.6517,0.1709,0.087,0.1709,0.0532,0.0667,0.6705,0.2238,0.1122,0.1371,0.3723,0.5,480,0,extracted,0.1892,0.0833,0.1892,0.1991,0.0864,0.1312
21,123,6,1073,101,9,16,0.015,7,0,0.6517,0.1709,0.087,0.1709,0.0532,0.0667,0.6705,0.2238,0.1122,0.1371,0.3723,0.5,480,0,extracted,0.1892,0.0833,0.1892,0.1991,0.0864,0.1312
21,123,7,1073,101,32,27,0.025,18,0,0.6132,0.1875,0.0159,0.0938,0.0106,0.0333,0.6705,0.2238,0.1122,0.1371,0.3723,0.5,480,0,extracted,0.1282,0.0,0.0769,0.1991,0.0864,0.1312
21,123,8,1073,101,32,27,0.025,18,0,0.6132,0.1875,0.0159,0.0938,0.0106,0.0333,0.6705,0.2238,0.1122,0.1371,0.3723,0.5,480,0,extracted,0.1282,0.0,0.0769,0.1991,0.0864,0.1312
21,123,9,1073,101,32,27,0.025,18,0,0.6132,0.1875,0.0159,0.0938,0.0106,0.0333,0.6705,0.2238,0.1122,0.1371,0.3723,0.5,480,0,extracted,0.1282,0.0,0.0769,0.1991,0.0864,0.1312
21,123,10,1073,101,32,27,0.025,18,0,0.6132,0.1875,0.0159,0.0938,0.0106,0.0333,0.6705,0.2238,0.1122,0.1371,0.3723,0.5,480,0,extracted,0.1282,0.0,0.0769,0.1991,0.0864,0.1312
21,123,11,1073,101,55,32,0.03,28,0,0.6406,0.2406,0.0763,0.1353,0.0532,0.0667,0.6705,0.2238,0.1122,0.1371,0.3723,0.5,480,0,extracted,0.1951,0.075,0.122,0.1991,0.0864,0.1312
21,123,12,1073,101,55,32,0.03,28,0,0.6406,0.2406,0.0763,0.1353,0.0532,0.0667,0.6705,0.2238,0.1122,0.1371,0.3723,0.5,480,0,extracted,0.1951,0.075,0.122,0.1991,0.0864,0.1312
21,123,13,1073,101,55,32,0.03,28,0,0.6406,0.2406,0.0763,0.1353,0.0532,0.0667,0.6705,0.2238,0.1122,0.1371,0.3723,0.5,480,0,extracted,0.1951,0.075,0.122,0.1991,0.0864,0.1312
21,123,14,1073,101,55,32,0.03,28,0,0.6406,0.2406,0.0763,0.1353,0.0532,0.0667,0.6705,0.2238,0.1122,0.1371,0.3723,0.5,480,0,extracted,0.1951,0.075,0.122,0.1991,0.0864,0.1312
21,123,15,1073,101,73,42,0.039,35,0,0.646,0.2937,0.0851,0.1678,0.0638,0.0667,0.6705,0.2238,0.1122,0.1371,0.3723,0.5,480,0,extracted,0.2247,0.092,0.1573,0.1991,0.0864,0.1312
21,123,16,1073,101,73,42,0.039,35,0,0.646,0.2937,0.0851,0.1678,0.0638,0.0667,0.6705,0.2238,0.1122,0.1371,0.3723,0.5,480,0,extracted,0.2247,0.092,0.1573,0.1991,0.0864,0.1312
21,123,17,1073,101,73,42,0.039,35,0,0.646,0.2937,0.0851,0.1678,0.0638,0.0667,0.6705,0.2238,0.1122,0.1371,0.3723,0.5,480,0,extracted,0.2247,0.092,0.1573,0.1991,0.0864,0.1312
21,123,18,1073,101,73,42,0.039,35,0,0.646,0.2937,0.0851,0.1678,0.0638,0.0667,0.6705,0.2238,0.1122,0.1371,0.3723,0.5,480,0,extracted,0.2247,0.092,0.1573,0.1991,0.0864,0.1312
21,123,19,1073,101,93,57,0.053,41,0,0.6443,0.3165,0.0513,0.1392,0.0426,0.1,0.6705,0.2238,0.1122,0.1371,0.3723,0.5,480,0,extracted,0.2268,0.0211,0.1237,0.1991,0.0864,0.1312
21,123,20,1073,101,93,57,0.053,41,0,0.6443,0.3165,0.0513,0.1392,0.0426,0.1,0.6705,0.2238,0.1122,0.1371,0.3723,0.5,480,0,extracted,0.2268,0.0211,0.1237,0.1991,0.0864,0.1312
21,123,21,1073,101,93,57,0.053,41,0,0.6443,0.3165,0.0513,0.1392,0.0426,0.1,0.6705,0.2238,0.1122,0.1371,0.3723,0.5,480,0,extracted,0.2268,0.0211,0.1237,0.1991,0.0864,0.1312
21,123,22,1073,101,93,57,0.053,41,0,0.6443,0.3165,0.0513,0.1392,0.0426,0.1,0.6705,0.2238,0.1122,0.1371,0.3723,0.5,480,0,extracted,0.2268,0.0211,0.1237,0.1991,0.0864,0.1312
21,123,23,1073,101,136,74,0.069,60,0,0.6643,0.3543,0.104,0.1714,0.0957,0.1333,0.6705,0.2238,0.1122,0.1371,0.3723,0.5,480,0,extracted,0.2778,0.0943,0.1852,0.1991,0.0864,0.1312
21,123,24,1073,101,136,74,0.069,60,0,0.6643,0.3543,0.104,0.1714,0.0957,0.1333,0.6705,0.2238,0.1122,0.1371,0.3723,0.5,480,0,extracted,0.2778,0.0943,0.1852,0.1991,0.0864,0.1312
21,123,25,1073,101,136,74,0.069,60,0,0.6643,0.3543,0.104,0.1714,0.0957,0.1333,0.6705,0.2238,0.1122,0.1371,0.3723,0.5,480,0,extracted,0.2778,0.0943,0.1852,0.1991,0.0864,0.1312
21,123,26,1073,101,136,74,0.069,60,0,0.6643,0.3543,0.104,0.1714,0.0957,0.1333,0.6705,0.2238,0.1122,0.1371,0.3723,0.5,480,0,extracted,0.2778,0.0943,0.1852,0.1991,0.0864,0.1312
21,123,27,1073,101,136,74,0.069,60,0,0.6643,0.3543,0.104,0.1714,0.0957,0.1333,0.6705,0.2238,0.1122,0.1371,0.3723,0.5,480,0,extracted,0.2778,0.0943,0.1852,0.1991,0.0864,0.1312
21,123,28,1073,101,184,107,0.1,83,0,0.6783,0.3654,0.1553,0.2019,0.1702,0.2333,0.6705,0.2238,0.1122,0.1371,0.3723,0.5,480,0,extracted,0.3256,0.1417,0.2016,0.1991,0.0864,0.1312
21,123,29,1073,101,184,107,0.1,83,0,0.6783,0.3654,0.1553,0.2019,0.1702,0.2333,0.6705,0.2238,0.1122,0.1371,0.3723,0.5,480,0,extracted,0.3256,0.1417,0.2016,0.1991,0.0864,0.1312
21,123,30,1073,101,184,107,0.1,83,0,0.6783,0.3654,0.1553,0.2019,0.1702,0.2333,0.6705,0.2238,0.1122,0.1371,0.3723,0.5,480,0,extracted,0.3256,0.1417,0.2016,0.1991,0.0864,0.1312
21,123,31,1073,101,184,107,0.1,83,0,0.6783,0.3654,0.1553,0.2019,0.1702,0.2333,0.6705,0.2238,0.1122,0.1371,0.3723,0.5,480,0,extracted,0.3256,0.1417,0.2016,0.1991,0.0864,0.1312
21,123,32,1073,101,228,134,0.125,100,0,0.6562,0.3605,0.0779,0.1888,0.0957,0.1667,0.6705,0.2238,0.1122,0.1371,0.3723,0.5,480,0,extracted,0.2917,0.0563,0.1944,0.1991,0.0864,0.1312
21,123,33,1073,101,228,134,0.125,100,0,0.6562,0.3605,0.0779,0.1888,0.0957,0.1667,0.6705,0.2238,0.1122,0.1371,0.3723,0.5,480,0,extracted,0.2917,0.0563,0.1944,0.1991,0.0864,0.1312
21,123,34,1073,101,228,134,0.125,100,0,0.6562,0.3605,0.0779,0.1888,0.0957,0.1667,0.6705,0.2238,0.1122,0.1371,0.3723,0.5,480,0,extracted,0.2917,0.0563,0.1944,0.1991,0.0864,0.1312
21,123,35,1073,101,228,134,0.125,100,0,0.6562,0.3605,0.0779,0.1888,0.0957,0.1667,0.6705,0.2238,0.1122,0.1371,0.3723,0.5,480,0,extracted,0.2917,0.0563,0.1944,0.1991,0.0864,0.1312
21,123,36,1073,101,274,160,0.149,118,0,0.6731,0.3831,0.1467,0.1839,0.2021,0.3,0.6705,0.2238,0.1122,0.1371,0.3723,0.5,480,0,extracted,0.3293,0.1111,0.1707,0.1991,0.0864,0.1312
21,123,37,1073,101,274,160,0.149,118,0,0.6731,0.3831,0.1467,0.1839,0.2021,0.3,0.6705,0.2238,0.1122,0.1371,0.3723,0.5,480,0,extracted,0.3293,0.1111,0.1707,0.1991,0.0864,0.1312
21,123,38,1073,101,274,160,0.149,118,0,0.6731,0.3831,0.1467,0.1839,0.2021,0.3,0.6705,0.2238,0.1122,0.1371,0.3723,0.5,480,0,extracted,0.3293,0.1111,0.1707,0.1991,0.0864,0.1312
21,123,39,1073,101,274,160,0.149,118,0,0.6731,0.3831,0.1467,0.1839,0.2021,0.3,0.6705,0.2238,0.1122,0.1371,0.3723,0.5,480,0,extracted,0.3293,0.1111,0.1707,0.1991,0.0864,0.1312
21,123,40,1073,101,313,186,0.173,136,0,0.6695,0.3488,0.086,0.1495,0.1277,0.2,0.6705,0.2238,0.1122,0.1371,0.3723,0.5,480,0,extracted,0.3152,0.0736,0.1697,0.1991,0.0864,0.1312
21,123,41,1073,101,313,186,0.173,136,0,0.6695,0.3488,0.086,0.1495,0.1277,0.2,0.6705,0.2238,0.1122,0.1371,0.3723,0.5,480,0,extracted,0.3152,0.0736,0.1697,0.1991,0.0864,0.1312
21,123,42,1073,101,313,186,0.173,136,0,0.6695,0.3488,0.086,0.1495,0.1277,0.2,0.6705,0.2238,0.1122,0.1371,0.3723,0.5,480,0,extracted,0.3152,0.0736,0.1697,0.1991,0.0864,0.1312
21,123,43,1073,101,313,186,0.173,136,0,0.6695,0.3488,0.086,0.1495,0.1277,0.2,0.6705,0.2238,0.1122,0.1371,0.3723,0.5,480,0,extracted,0.3152,0.0736,0.1697,0.1991,0.0864,0.1312
21,123,44,1073,101,372,221,0.206,159,0,0.6862,0.354,0.1062,0.1429,0.1809,0.2667,0.6705,0.2238,0.1122,0.1371,0.3723,0.5,480,0,extracted,0.3184,0.0704,0.1592,0.1991,0.0864,0.1312
21,123,45,1073,101,372,221,0.206,159,0,0.6862,0.354,0.1062,0.1429,0.1809,0.2667,0.6705,0.2238,0.1122,0.1371,0.3723,0.5,480,0,extracted,0.3184,0.0704,0.1592,0.1991,0.0864,0.1312
21,123,46,1073,101,372,221,0.206,159,0,0.6862,0.354,0.1062,0.1429,0.1809,0.2667,0.6705,0.2238,0.1122,0.1371,0.3723,0.5,480,0,extracted,0.3184,0.0704,0.1592,0.1991,0.0864,0.1312
21,123,47,1073,101,372,221,0.206,159,0,0.6862,0.354,0.1062,0.1429,0.1809,0.2667,0.6705,0.2238,0.1122,0.1371,0.3723,0.5,480,0,extracted,0.3184,0.0704,0.1592,0.1991,0.0864,0.1312
21,123,48,1073,101,415,250,0.233,177,0,0.6861,0.3478,0.0991,0.1391,0.1809,0.3,0.6705,0.2238,0.1122,0.1371,0.3723,0.5,480,0,extracted,0.3137,0.0693,0.1569,0.1991,0.0864,0.1312
21,123,49,1073,101,415,250,0.233,177,0,0.6861,0.3478,0.0991,0.1391,0.1809,0.3,0.6705,0.2238,0.1122,0.1371,0.3723,0.5,480,0,extracted,0.3137,0.0693,0.1569,0.1991,0.0864,0.1312
21,123,50,1073,101,415,250,0.233,177,0,0.6861,0.3478,0.0991,0.1391,0.1809,0.3,0.6705,0.2238,0.1122,0.1371,0.3723,0.5,480,0,extracted,0.3137,0.0693,0.1569,0.1991,0.0864,0.1312
21,123,51,1073,101,415,250,0.233,177,0,0.6861,0.3478,0.0991,0.1391,0.1809,0.3,0.6705,0.2238,0.1122,0.1371,0.3723,0.5,480,0,extracted,0.3137,0.0693,0.1569,0.1991,0.0864,0.1312
21,123,52,1073,101,415,250,0.233,177,0,0.6861,0.3478,0.0991,0.1391,0.1809,0.3,0.6705,0.2238,0.1122,0.1371,0.3723,0.5,480,0,extracted,0.3137,0.0693,0.1569,0.1991,0.0864,0.1312
21,123,53,1073,101,468,274,0.255,197,0,0.6767,0.3587,0.1475,0.1576,0.2553,0.3667,0.6705,0.2238,0.1122,0.1371,0.3723,0.5,480,0,extracted,0.347,0.1014,0.1553,0.1991,0.0864,0.1312
21,123,54,1073,101,468,274,0.255,197,0,0.6767,0.3587,0.1475,0.1576,0.2553,0.3667,0.6705,0.2238,0.1122,0.1371,0.3723,0.5,480,0,extracted,0.347,0.1014,0.1553,0.1991,0.0864,0.1312
21,123,55,1073,101,468,274,0.255,197,0,0.6767,0.3587,0.1475,0.1576,0.2553,0.3667,0.6705,0.2238,0.1122,0.1371,0.3723,0.5,480,0,extracted,0.347,0.1014,0.1553,0.1991,0.0864,0.1312
21,123,56,1073,101,468,274,0.255,197,0,0.6767,0.3587,0.1475,0.1576,0.2553,0.3667,0.6705,0.2238,0.1122,0.1371,0.3723,0.5,480,0,extracted,0.347,0.1014,0.1553,0.1991,0.0864,0.1312
21,123,57,1073,101,511,301,0.281,217,0,0.6788,0.3494,0.1425,0.1519,0.266,0.4,0.6705,0.2238,0.1122,0.1371,0.3723,0.5,480,0,extracted,0.3136,0.1026,0.1864,0.1991,0.0864,0.1312
21,123,58,1073,101,511,301,0.281,217,0,0.6788,0.3494,0.1425,0.1519,0.266,0.4,0.6705,0.2238,0.1122,0.1371,0.3723,0.5,480,0,extracted,0.3136,0.1026,0.1864,0.1991,0.0864,0.1312
21,123,59,1073,101,511,301,0.281,217,0,0.6788,0.3494,0.1425,0.1519,0.266,0.4,0.6705,0.2238,0.1122,0.1371,0.3723,0.5,480,0,extracted,0.3136,0.1026,0.1864,0.1991,0.0864,0.1312
21,123,60,1073,101,511,301,0.281,217,0,0.6788,0.3494,0.1425,0.1519,0.266,0.4,0.6705,0.2238,0.1122,0.1371,0.3723,0.5,480,0,extracted,0.3136,0.1026,0.1864,0.1991,0.0864,0.1312
21,123,61,1073,101,558,335,0.312,237,0,0.6895,0.3364,0.1455,0.1542,0.2979,0.4333,0.6705,0.2238,0.1122,0.1371,0.3723,0.5,480,0,extracted,0.3012,0.1089,0.1544,0.1991,0.0864,0.1312
21,123,62,1073,101,558,335,0.312,237,0,0.6895,0.3364,0.1455,0.1542,0.2979,0.4333,0.6705,0.2238,0.1122,0.1371,0.3723,0.5,480,0,extracted,0.3012,0.1089,0.1544,0.1991,0.0864,0.1312
21,123,63,1073,101,558,335,0.312,237,0,0.6895,0.3364,0.1455,0.1542,0.2979,0.4333,0.6705,0.2238,0.1122,0.1371,0.3723,0.5,480,0,extracted,0.3012,0.1089,0.1544,0.1991,0.0864,0.1312
21,123,64,1073,101,558,335,0.312,237,0,0.6895,0.3364,0.1455,0.1542,0.2979,0.4333,0.6705,0.2238,0.1122,0.1371,0.3723,0.5,480,0,extracted,0.3012,0.1089,0.1544,0.1991,0.0864,0.1312
21,123,65,1073,101,592,342,0.319,251,0,0.6734,0.308,0.1247,0.1701,0.266,0.4,0.6705,0.2238,0.1122,0.1371,0.3723,0.5,480,0,extracted,0.2868,0.0913,0.1585,0.1991,0.0864,0.1312
21,123,66,1073,101,592,342,0.319,251,0,0.6734,0.308,0.1247,0.1701,0.266,0.4,0.6705,0.2238,0.1122,0.1371,0.3723,0.5,480,0,extracted,0.2868,0.0913,0.1585,0.1991,0.0864,0.1312
21,123,67,1073,101,592,342,0.319,251,0,0.6734,0.308,0.1247,0.1701,0.266,0.4,0.6705,0.2238,0.1122,0.1371,0.3723,0.5,480,0,extracted,0.2868,0.0913,0.1585,0.1991,0.0864,0.1312
21,123,68,1073,101,592,342,0.319,251,0,0.6734,0.308,0.1247,0.1701,0.266,0.4,0.6705,0.2238,0.1122,0.1371,0.3723,0.5,480,0,extracted,0.2868,0.0913,0.1585,0.1991,0.0864,0.1312
21,123,69,1073,101,644,379,0.353,274,0,0.6752,0.2839,0.1106,0.1356,0.234,0.3667,0.6705,0.2238,0.1122,0.1371,0.3723,0.5,480,0,extracted,0.2509,0.0842,0.1463,0.1991,0.0864,0.1312
21,123,70,1073,101,644,379,0.353,274,0,0.6752,0.2839,0.1106,0.1356,0.234,0.3667,0.6705,0.2238,0.1122,0.1371,0.3723,0.5,480,0,extracted,0.2509,0.0842,0.1463,0.1991,0.0864,0.1312
21,123,71,1073,101,644,379,0.353,274,0,0.6752,0.2839,0.1106,0.1356,0.234,0.3667,0.6705,0.2238,0.1122,0.1371,0.3723,0.5,480,0,extracted,0.2509,0.0842,0.1463,0.1991,0.0864,0.1312
21,123,72,1073,101,644,379,0.353,274,0,0.6752,0.2839,0.1106,0.1356,0.234,0.3667,0.6705,0.2238,0.1122,0.1371,0.3723,0.5,480,0,extracted,0.2509,0.0842,0.1463,0.1991,0.0864,0.1312
21,123,73,1073,101,703,412,0.384,301,0,0.6815,0.2812,0.0875,0.1347,0.2128,0.3333,0.6705,0.2238,0.1122,0.1371,0.3723,0.5,480,0,extracted,0.2353,0.0658,0.1373,0.1991,0.0864,0.1312
21,123,74,1073,101,703,412,0.384,301,0,0.6815,0.2812,0.0875,0.1347,0.2128,0.3333,0.6705,0.2238,0.1122,0.1371,0.3723,0.5,480,0,extracted,0.2353,0.0658,0.1373,0.1991,0.0864,0.1312
21,123,75,1073,101,703,412,0.384,301,0,0.6815,0.2812,0.0875,0.1347,0.2128,0.3333,0.6705,0.2238,0.1122,0.1371,0.3723,0.5,480,0,extracted,0.2353,0.0658,0.1373,0.1991,0.0864,0.1312
21,123,76,1073,101,703,412,0.384,301,0,0.6815,0.2812,0.0875,0.1347,0.2128,0.3333,0.6705,0.2238,0.1122,0.1371,0.3723,0.5,480,0,extracted,0.2353,0.0658,0.1373,0.1991,0.0864,0.1312
21,123,77,1073,101,703,412,0.384,301,0,0.6815,0.2812,0.0875,0.1347,0.2128,0.3333,0.6705,0.2238,0.1122,0.1371,0.3723,0.5,480,0,extracted,0.2353,0.0658,0.1373,0.1991,0.0864,0.1312
21,123,78,1073,101,751,440,0.41,322,0,0.7019,0.2889,0.1561,0.1481,0.4043,0.5,0.6705,0.2238,0.1122,0.1371,0.3723,0.5,480,0,extracted,0.2529,0.1183,0.1412,0.1991,0.0864,0.1312
21,123,79,1073,101,751,440,0.41,322,0,0.7019,0.2889,0.1561,0.1481,0.4043,0.5,0.6705,0.2238,0.1122,0.1371,0.3723,0.5,480,0,extracted,0.2529,0.1183,0.1412,0.1991,0.0864,0.1312
21,123,80,1073,101,751,440,0.41,322,0,0.7019,0.2889,0.1561,0.1481,0.4043,0.5,0.6705,0.2238,0.1122,0.1371,0.3723,0.5,480,0,extracted,0.2529,0.1183,0.1412,0.1991,0.0864,0.1312
21,123,81,1073,101,751,440,0.41,322,0,0.7019,0.2889,0.1561,0.1481,0.4043,0.5,0.6705,0.2238,0.1122,0.1371,0.3723,0.5,480,0,extracted,0.2529,0.1183,0.1412,0.1991,0.0864,0.1312
21,123,82,1073,101,793,467,0.435,341,0,0.6935,0.2786,0.1326,0.1643,0.3511,0.4667,0.6705,0.2238,0.1122,0.1371,0.3723,0.5,480,0,extracted,0.2471,0.1006,0.1706,0.1991,0.0864,0.1312
21,123,83,1073,101,793,467,0.435,341,0,0.6935,0.2786,0.1326,0.1643,0.3511,0.4667,0.6705,0.2238,0.1122,0.1371,0.3723,0.5,480,0,extracted,0.2471,0.1006,0.1706,0.1991,0.0864,0.1312
21,123,84,1073,101,793,467,0.435,341,0,0.6935,0.2786,0.1326,0.1643,0.3511,0.4667,0.6705,0.2238,0.1122,0.1371,0.3723,0.5,480,0,extracted,0.2471,0.1006,0.1706,0.1991,0.0864,0.1312
21,123,85,1073,101,793,467,0.435,341,0,0.6935,0.2786,0.1326,0.1643,0.3511,0.4667,0.6705,0.2238,0.1122,0.1371,0.3723,0.5,480,0,extracted,0.2471,0.1006,0.1706,0.1991,0.0864,0.1312
21,123,86,1073,101,847,495,0.461,369,0,0.6954,0.2662,0.1575,0.1331,0.4255,0.5667,0.6705,0.2238,0.1122,0.1371,0.3723,0.5,480,0,extracted,0.2514,0.1236,0.1564,0.1991,0.0864,0.1312
21,123,87,1073,101,847,495,0.461,369,0,0.6954,0.2662,0.1575,0.1331,0.4255,0.5667,0.6705,0.2238,0.1122,0.1371,0.3723,0.5,480,0,extracted,0.2514,0.1236,0.1564,0.1991,0.0864,0.1312
21,123,88,1073,101,847,495,0.461,369,0,0.6954,0.2662,0.1575,0.1331,0.4255,0.5667,0.6705,0.2238,0.1122,0.1371,0.3723,0.5,480,0,extracted,0.2514,0.1236,0.1564,0.1991,0.0864,0.1312
21,123,89,1073,101,847,495,0.461,369,0,0.6954,0.2662,0.1575,0.1331,0.4255,0.5667,0.6705,0.2238,0.1122,0.1371,0.3723,0.5,480,0,extracted,0.2514,0.1236,0.1564,0.1991,0.0864,0.1312
21,123,90,1073,101,905,526,0.49,394,0,0.6885,0.2484,0.1197,0.1323,0.3511,0.4667,0.6705,0.2238,0.1122,0.1371,0.3723,0.5,480,0,extracted,0.2193,0.0892,0.1305,0.1991,0.0864,0.1312
21,123,91,1073,101,905,526,0.49,394,0,0.6885,0.2484,0.1197,0.1323,0.3511,0.4667,0.6705,0.2238,0.1122,0.1371,0.3723,0.5,480,0,extracted,0.2193,0.0892,0.1305,0.1991,0.0864,0.1312
21,123,92,1073,101,905,526,0.49,394,0,0.6885,0.2484,0.1197,0.1323,0.3511,0.4667,0.6705,0.2238,0.1122,0.1371,0.3723,0.5,480,0,extracted,0.2193,0.0892,0.1305,0.1991,0.0864,0.1312
21,123,93,1073,101,905,526,0.49,394,0,0.6885,0.2484,0.1197,0.1323,0.3511,0.4667,0.6705,0.2238,0.1122,0.1371,0.3723,0.5,480,0,extracted,0.2193,0.0892,0.1305,0.1991,0.0864,0.1312
21,123,94,1073,101,972,580,0.541,425,0,0.6731,0.2259,0.0984,0.1189,0.3085,0.4,0.6705,0.2238,0.1122,0.1371,0.3723,0.5,480,0,extracted,0.1891,0.0808,0.1229,0.1991,0.0864,0.1312
21,123,95,1073,101,972,580,0.541,425,0,0.6731,0.2259,0.0984,0.1189,0.3085,0.4,0.6705,0.2238,0.1122,0.1371,0.3723,0.5,480,0,extracted,0.1891,0.0808,0.1229,0.1991,0.0864,0.1312
21,123,96,1073,101,972,580,0.541,425,0,0.6731,0.2259,0.0984,0.1189,0.3085,0.4,0.6705,0.2238,0.1122,0.1371,0.3723,0.5,480,0,extracted,0.1891,0.0808,0.1229,0.1991,0.0864,0.1312
21,123,97,1073,101,972,580,0.541,425,0,0.6731,0.2259,0.0984,0.1189,0.3085,0.4,0.6705,0.2238,0.1122,0.1371,0.3723,0.5,480,0,extracted,0.1891,0.0808,0.1229,0.1991,0.0864,0.1312
21,123,98,1073,101,1057,616,0.574,465,0,0.6954,0.2427,0.1399,0.1367,0.4787,0.6,0.6705,0.2238,0.1122,0.1371,0.3723,0.5,480,0,extracted,0.2047,0.1028,0.1279,0.1991,0.0864,0.1312
21,123,99,1073,101,1057,616,0.574,465,0,0.6954,0.2427,0.1399,0.1367,0.4787,0.6,0.6705,0.2238,0.1122,0.1371,0.3723,0.5,480,0,extracted,0.2047,0.1028,0.1279,0.1991,0.0864,0.1312
21,123,100,1073,101,1057,616,0.574,465,0,0.6954,0.2427,0.1399,0.1367,0.4787,0.6,0.6705,0.2238,0.1122,0.1371,0.3723,0.5,480,0,extracted,0.2047,0.1028,0.1279,0.1991,0.0864,0.1312
22,123,1,799,93,16,26,0.033,7,0,0.6454,0.2353,0.0342,0.1513,0.0241,0.0417,0.6792,0.2308,0.1342,0.1338,0.3976,0.5833,335,0,extracted,0.1918,0.0282,0.137,0.1979,0.0838,0.1302
22,123,2,799,93,16,26,0.033,7,0,0.6454,0.2353,0.0342,0.1513,0.0241,0.0417,0.6792,0.2308,0.1342,0.1338,0.3976,0.5833,335,0,extracted,0.1918,0.0282,0.137,0.1979,0.0838,0.1302
22,123,3,799,93,16,26,0.033,7,0,0.6454,0.2353,0.0342,0.1513,0.0241,0.0417,0.6792,0.2308,0.1342,0.1338,0.3976,0.5833,335,0,extracted,0.1918,0.0282,0.137,0.1979,0.0838,0.1302
22,123,4,799,93,16,26,0.033,7,0,0.6454,0.2353,0.0342,0.1513,0.0241,0.0417,0.6792,0.2308,0.1342,0.1338,0.3976,0.5833,335,0,extracted,0.1918,0.0282,0.137,0.1979,0.0838,0.1302
22,123,5,799,93,16,26,0.033,7,0,0.6454,0.2353,0.0342,0.1513,0.0241,0.0417,0.6792,0.2308,0.1342,0.1338,0.3976,0.5833,335,0,extracted,0.1918,0.0282,0.137,0.1979,0.0838,0.1302
22,123,6,799,93,16,26,0.033,7,0,0.6454,0.2353,0.0342,0.1513,0.0241,0.0417,0.6792,0.2308,0.1342,0.1338,0.3976,0.5833,335,0,extracted,0.1918,0.0282,0.137,0.1979,0.0838,0.1302
22,123,7,799,93,16,26,0.033,7,0,0.6454,0.2353,0.0342,0.1513,0.0241,0.0417,0.6792,0.2308,0.1342,0.1338,0.3976,0.5833,335,0,extracted,0.1918,0.0282,0.137,0.1979,0.0838,0.1302
22,123,8,799,93,16,26,0.033,7,0,0.6454,0.2353,0.0342,0.1513,0.0241,0.0417,0.6792,0.2308,0.1342,0.1338,0.3976,0.5833,335,0,extracted,0.1918,0.0282,0.137,0.1979,0.0838,0.1302
22,123,9,799,93,16,26,0.033,7,0,0.6454,0.2353,0.0342,0.1513,0.0241,0.0417,0.6792,0.2308,0.1342,0.1338,0.3976,0.5833,335,0,extracted,0.1918,0.0282,0.137,0.1979,0.0838,0.1302
22,123,10,799,93,46,46,0.058,17,0,0.6732,0.3309,0.0584,0.1727,0.0482,0.0417,0.6792,0.2308,0.1342,0.1338,0.3976,0.5833,335,0,extracted,0.3294,0.0241,0.1647,0.1979,0.0838,0.1302
22,123,11,799,93,46,46,0.058,17,0,0.6732,0.3309,0.0584,0.1727,0.0482,0.0417,0.6792,0.2308,0.1342,0.1338,0.3976,0.5833,335,0,extracted,0.3294,0.0241,0.1647,0.1979,0.0838,0.1302
22,123,12,799,93,46,46,0.058,17,0,0.6732,0.3309,0.0584,0.1727,0.0482,0.0417,0.6792,0.2308,0.1342,0.1338,0.3976,0.5833,335,0,extracted,0.3294,0.0241,0.1647,0.1979,0.0838,0.1302
22,123,13,799,93,46,46,0.058,17,0,0.6732,0.3309,0.0584,0.1727,0.0482,0.0417,0.6792,0.2308,0.1342,0.1338,0.3976,0.5833,335,0,extracted,0.3294,0.0241,0.1647,0.1979,0.0838,0.1302
22,123,14,799,93,46,46,0.058,17,0,0.6732,0.3309,0.0584,0.1727,0.0482,0.0417,0.6792,0.2308,0.1342,0.1338,0.3976,0.5833,335,0,extracted,0.3294,0.0241,0.1647,0.1979,0.0838,0.1302
22,123,15,799,93,46,46,0.058,17,0,0.6732,0.3309,0.0584,0.1727,0.0482,0.0417,0.6792,0.2308,0.1342,0.1338,0.3976,0.5833,335,0,extracted,0.3294,0.0241,0.1647,0.1979,0.0838,0.1302
22,123,16,799,93,74,55,0.069,29,0,0.6896,0.3514,0.0685,0.1757,0.0602,0.0833,0.6792,0.2308,0.1342,0.1338,0.3976,0.5833,335,0,extracted,0.3297,0.0225,0.1758,0.1979,0.0838,0.1302
22,123,17,799,93,74,55,0.069,29,0,0.6896,0.3514,0.0685,0.1757,0.0602,0.0833,0.6792,0.2308,0.1342,0.1338,0.3976,0.5833,335,0,extracted,0.3297,0.0225,0.1758,0.1979,0.0838,0.1302
22,123,18,799,93,74,55,0.069,29,0,0.6896,0.3514,0.0685,0.1757,0.0602,0.0833,0.6792,0.2308,0.1342,0.1338,0.3976,0.5833,335,0,extracted,0.3297,0.0225,0.1758,0.1979,0.0838,0.1302
22,123,19,799,93,74,55,0.069,29,0,0.6896,0.3514,0.0685,0.1757,0.0602,0.0833,0.6792,0.2308,0.1342,0.1338,0.3976,0.5833,335,0,extracted,0.3297,0.0225,0.1758,0.1979,0.0838,0.1302
22,123,20,799,93,74,55,0.069,29,0,0.6896,0.3514,0.0685,0.1757,0.0602,0.0833,0.6792,0.2308,0.1342,0.1338,0.3976,0.5833,335,0,extracted,0.3297,0.0225,0.1758,0.1979,0.0838,0.1302
22,123,21,799,93,74,55,0.069,29,0,0.6896,0.3514,0.0685,0.1757,0.0602,0.0833,0.6792,0.2308,0.1342,0.1338,0.3976,0.5833,335,0,extracted,0.3297,0.0225,0.1758,0.1979,0.0838,0.1302
22,123,22,799,93,100,62,0.078,39,0,0.6928,0.3613,0.0784,0.1677,0.0723,0.125,0.6792,0.2308,0.1342,0.1338,0.3976,0.5833,335,0,extracted,0.3542,0.0426,0.2083,0.1979,0.0838,0.1302
22,123,23,799,93,100,62,0.078,39,0,0.6928,0.3613,0.0784,0.1677,0.0723,0.125,0.6792,0.2308,0.1342,0.1338,0.3976,0.5833,335,0,extracted,0.3542,0.0426,0.2083,0.1979,0.0838,0.1302
22,123,24,799,93,100,62,0.078,39,0,0.6928,0.3613,0.0784,0.1677,0.0723,0.125,0.6792,0.2308,0.1342,0.1338,0.3976,0.5833,335,0,extracted,0.3542,0.0426,0.2083,0.1979,0.0838,0.1302
22,123,25,799,93,100,62,0.078,39,0,0.6928,0.3613,0.0784,0.1677,0.0723,0.125,0.6792,0.2308,0.1342,0.1338,0.3976,0.5833,335,0,extracted,0.3542,0.0426,0.2083,0.1979,0.0838,0.1302
22,123,26,799,93,100,62,0.078,39,0,0.6928,0.3613,0.0784,0.1677,0.0723,0.125,0.6792,0.2308,0.1342,0.1338,0.3976,0.5833,335,0,extracted,0.3542,0.0426,0.2083,0.1979,0.0838,0.1302
22,123,27,799,93,100,62,0.078,39,0,0.6928,0.3613,0.0784,0.1677,0.0723,0.125,0.6792,0.2308,0.1342,0.1338,0.3976,0.5833,335,0,extracted,0.3542,0.0426,0.2083,0.1979,0.0838,0.1302
22,123,28,799,93,100,62,0.078,39,0,0.6928,0.3613,0.0784,0.1677,0.0723,0.125,0.6792,0.2308,0.1342,0.1338,0.3976,0.5833,335,0,extracted,0.3542,0.0426,0.2083,0.1979,0.0838,0.1302
22,123,29,799,93,129,80,0.1,49,0,0.6883,0.3584,0.0702,0.1965,0.0723,0.0833,0.6792,0.2308,0.1342,0.1338,0.3976,0.5833,335,0,extracted,0.3148,0.0377,0.2222,0.1979,0.0838,0.1302
22,123,30,799,93,129,80,0.1,49,0,0.6883,0.3584,0.0702,0.1965,0.0723,0.0833,0.6792,0.2308,0.1342,0.1338,0.3976,0.5833,335,0,extracted,0.3148,0.0377,0.2222,0.1979,0.0838,0.1302
22,123,31,799,93,129,80,0.1,49,0,0.6883,0.3584,0.0702,0.1965,0.0723,0.0833,0.6792,0.2308,0.1342,0.1338,0.3976,0.5833,335,0,extracted,0.3148,0.0377,0.2222,0.1979,0.0838,0.1302
22,123,32,799,93,129,80,0.1,49,0,0.6883,0.3584,0.0702,0.1965,0.0723,0.0833,0.6792,0.2308,0.1342,0.1338,0.3976,0.5833,335,0,extracted,0.3148,0.0377,0.2222,0.1979,0.0838,0.1302
22,123,33,799,93,129,80,0.1,49,0,0.6883,0.3584,0.0702,0.1965,0.0723,0.0833,0.6792,0.2308,0.1342,0.1338,0.3976,0.5833,335,0,extracted,0.3148,0.0377,0.2222,0.1979,0.0838,0.1302
22,123,34,799,93,129,80,0.1,49,0,0.6883,0.3584,0.0702,0.1965,0.0723,0.0833,0.6792,0.2308,0.1342,0.1338,0.3976,0.5833,335,0,extracted,0.3148,0.0377,0.2222,0.1979,0.0838,0.1302
22,123,35,799,93,169,108,0.135,61,0,0.676,0.3184,0.0804,0.1692,0.0964,0.125,0.6792,0.2308,0.1342,0.1338,0.3976,0.5833,335,0,extracted,0.2923,0.0625,0.1692,0.1979,0.0838,0.1302
22,123,36,799,93,169,108,0.135,61,0,0.676,0.3184,0.0804,0.1692,0.0964,0.125,0.6792,0.2308,0.1342,0.1338,0.3976,0.5833,335,0,extracted,0.2923,0.0625,0.1692,0.1979,0.0838,0.1302
22,123,37,799,93,169,108,0.135,61,0,0.676,0.3184,0.0804,0.1692,0.0964,0.125,0.6792,0.2308,0.1342,0.1338,0.3976,0.5833,335,0,extracted,0.2923,0.0625,0.1692,0.1979,0.0838,0.1302
22,123,38,799,93,169,108,0.135,61,0,0.676,0.3184,0.0804,0.1692,0.0964,0.125,0.6792,0.2308,0.1342,0.1338,0.3976,0.5833,335,0,extracted,0.2923,0.0625,0.1692,0.1979,0.0838,0.1302
22,123,39,799,93,169,108,0.135,61,0,0.676,0.3184,0.0804,0.1692,0.0964,0.125,0.6792,0.2308,0.1342,0.1338,0.3976,0.5833,335,0,extracted,0.2923,0.0625,0.1692,0.1979,0.0838,0.1302
22,123,40,799,93,169,108,0.135,61,0,0.676,0.3184,0.0804,0.1692,0.0964,0.125,0.6792,0.2308,0.1342,0.1338,0.3976,0.5833,335,0,extracted,0.2923,0.0625,0.1692,0.1979,0.0838,0.1302
22,123,41,799,93,195,110,0.138,70,0,0.6867,0.335,0.1095,0.1872,0.1325,0.1667,0.6792,0.2308,0.1342,0.1338,0.3976,0.5833,335,0,extracted,0.2946,0.0472,0.2171,0.1979,0.0838,0.1302
22,123,42,799,93,195,110,0.138,70,0,0.6867,0.335,0.1095,0.1872,0.1325,0.1667,0.6792,0.2308,0.1342,0.1338,0.3976,0.5833,335,0,extracted,0.2946,0.0472,0.2171,0.1979,0.0838,0.1302
22,123,43,799,93,195,110,0.138,70,0,0.6867,0.335,0.1095,0.1872,0.1325,0.1667,0.6792,0.2308,0.1342,0.1338,0.3976,0.5833,335,0,extracted,0.2946,0.0472,0.2171,0.1979,0.0838,0.1302
22,123,44,799,93,195,110,0.138,70,0,0.6867,0.335,0.1095,0.1872,0.1325,0.1667,0.6792,0.2308,0.1342,0.1338,0.3976,0.5833,335,0,extracted,0.2946,0.0472,0.2171,0.1979,0.0838,0.1302
22,123,45,799,93,195,110,0.138,70,0,0.6867,0.335,0.1095,0.1872,0.1325,0.1667,0.6792,0.2308,0.1342,0.1338,0.3976,0.5833,335,0,extracted,0.2946,0.0472,0.2171,0.1979,0.0838,0.1302
22,123,46,799,93,195,110,0.138,70,0,0.6867,0.335,0.1095,0.1872,0.1325,0.1667,0.6792,0.2308,0.1342,0.1338,0.3976,0.5833,335,0,extracted,0.2946,0.0472,0.2171,0.1979,0.0838,0.1302
22,123,47,799,93,259,161,0.202,96,0,0.6927,0.2913,0.0794,0.1732,0.1084,0.1667,0.6792,0.2308,0.1342,0.1338,0.3976,0.5833,335,0,extracted,0.2822,0.0745,0.2209,0.1979,0.0838,0.1302
22,123,48,799,93,259,161,0.202,96,0,0.6927,0.2913,0.0794,0.1732,0.1084,0.1667,0.6792,0.2308,0.1342,0.1338,0.3976,0.5833,335,0,extracted,0.2822,0.0745,0.2209,0.1979,0.0838,0.1302
22,123,49,799,93,259,161,0.202,96,0,0.6927,0.2913,0.0794,0.1732,0.1084,0.1667,0.6792,0.2308,0.1342,0.1338,0.3976,0.5833,335,0,extracted,0.2822,0.0745,0.2209,0.1979,0.0838,0.1302
22,123,50,799,93,259,161,0.202,96,0,0.6927,0.2913,0.0794,0.1732,0.1084,0.1667,0.6792,0.2308,0.1342,0.1338,0.3976,0.5833,335,0,extracted,0.2822,0.0745,0.2209,0.1979,0.0838,0.1302
22,123,51,799,93,259,161,0.202,96,0,0.6927,0.2913,0.0794,0.1732,0.1084,0.1667,0.6792,0.2308,0.1342,0.1338,0.3976,0.5833,335,0,extracted,0.2822,0.0745,0.2209,0.1979,0.0838,0.1302
22,123,52,799,93,259,161,0.202,96,0,0.6927,0.2913,0.0794,0.1732,0.1084,0.1667,0.6792,0.2308,0.1342,0.1338,0.3976,0.5833,335,0,extracted,0.2822,0.0745,0.2209,0.1979,0.0838,0.1302
22,123,53,799,93,259,161,0.202,96,0,0.6927,0.2913,0.0794,0.1732,0.1084,0.1667,0.6792,0.2308,0.1342,0.1338,0.3976,0.5833,335,0,extracted,0.2822,0.0745,0.2209,0.1979,0.0838,0.1302
22,123,54,799,93,329,208,0.26,125,0,0.679,0.255,0.0878,0.1745,0.1446,0.2083,0.6792,0.2308,0.1342,0.1338,0.3976,0.5833,335,0,extracted,0.25,0.0879,0.1957,0.1979,0.0838,0.1302
22,123,55,799,93,329,208,0.26,125,0,0.679,0.255,0.0878,0.1745,0.1446,0.2083,0.6792,0.2308,0.1342,0.1338,0.3976,0.5833,335,0,extracted,0.25,0.0879,0.1957,0.1979,0.0838,0.1302
22,123,56,799,93,329,208,0.26,125,0,0.679,0.255,0.0878,0.1745,0.1446,0.2083,0.6792,0.2308,0.1342,0.1338,0.3976,0.5833,335,0,extracted,0.25,0.0879,0.1957,0.1979,0.0838,0.1302
22,123,57,799,93,329,208,0.26,125,0,0.679,0.255,0.0878,0.1745,0.1446,0.2083,0.6792,0.2308,0.1342,0.1338,0.3976,0.5833,335,0,extracted,0.25,0.0879,0.1957,0.1979,0.0838,0.1302
22,123,58,799,93,329,208,0.26,125,0,0.679,0.255,0.0878,0.1745,0.1446,0.2083,0.6792,0.2308,0.1342,0.1338,0.3976,0.5833,335,0,extracted,0.25,0.0879,0.1957,0.1979,0.0838,0.1302
22,123,59,799,93,329,208,0.26,125,0,0.679,0.255,0.0878,0.1745,0.1446,0.2083,0.6792,0.2308,0.1342,0.1338,0.3976,0.5833,335,0,extracted,0.25,0.0879,0.1957,0.1979,0.0838,0.1302
22,123,60,799,93,371,225,0.282,143,0,0.6735,0.2516,0.0974,0.1355,0.1687,0.2083,0.6792,0.2308,0.1342,0.1338,0.3976,0.5833,335,0,extracted,0.2526,0.0851,0.1579,0.1979,0.0838,0.1302
22,123,61,799,93,371,225,0.282,143,0,0.6735,0.2516,0.0974,0.1355,0.1687,0.2083,0.6792,0.2308,0.1342,0.1338,0.3976,0.5833,335,0,extracted,0.2526,0.0851,0.1579,0.1979,0.0838,0.1302
22,123,62,799,93,371,225,0.282,143,0,0.6735,0.2516,0.0974,0.1355,0.1687,0.2083,0.6792,0.2308,0.1342,0.1338,0.3976,0.5833,335,0,extracted,0.2526,0.0851,0.1579,0.1979,0.0838,0.1302
22,123,63,799,93,371,225,0.282,143,0,0.6735,0.2516,0.0974,0.1355,0.1687,0.2083,0.6792,0.2308,0.1342,0.1338,0.3976,0.5833,335,0,extracted,0.2526,0.0851,0.1579,0.1979,0.0838,0.1302
22,123,64,799,93,371,225,0.282,143,0,0.6735,0.2516,0.0974,0.1355,0.1687,0.2083,0.6792,0.2308,0.1342,0.1338,0.3976,0.5833,335,0,extracted,0.2526,0.0851,0.1579,0.1979,0.0838,0.1302
22,123,65,799,93,371,225,0.282,143,0,0.6735,0.2516,0.0974,0.1355,0.1687,0.2083,0.6792,0.2308,0.1342,0.1338,0.3976,0.5833,335,0,extracted,0.2526,0.0851,0.1579,0.1979,0.0838,0.1302
22,123,66,799,93,451,279,0.349,185,0,0.6951,0.3073,0.1355,0.1833,0.2892,0.4167,0.6792,0.2308,0.1342,0.1338,0.3976,0.5833,335,0,extracted,0.2605,0.0847,0.1765,0.1979,0.0838,0.1302
22,123,67,799,93,451,279,0.349,185,0,0.6951,0.3073,0.1355,0.1833,0.2892,0.4167,0.6792,0.2308,0.1342,0.1338,0.3976,0.5833,335,0,extracted,0.2605,0.0847,0.1765,0.1979,0.0838,0.1302
22,123,68,799,93,451,279,0.349,185,0,0.6951,0.3073,0.1355,0.1833,0.2892,0.4167,0.6792,0.2308,0.1342,0.1338,0.3976,0.5833,335,0,extracted,0.2605,0.0847,0.1765,0.1979,0.0838,0.1302
22,123,69,799,93,451,279,0.349,185,0,0.6951,0.3073,0.1355,0.1833,0.2892,0.4167,0.6792,0.2308,0.1342,0.1338,0.3976,0.5833,335,0,extracted,0.2605,0.0847,0.1765,0.1979,0.0838,0.1302
22,123,70,799,93,451,279,0.349,185,0,0.6951,0.3073,0.1355,0.1833,0.2892,0.4167,0.6792,0.2308,0.1342,0.1338,0.3976,0.5833,335,0,extracted,0.2605,0.0847,0.1765,0.1979,0.0838,0.1302
22,123,71,799,93,451,279,0.349,185,0,0.6951,0.3073,0.1355,0.1833,0.2892,0.4167,0.6792,0.2308,0.1342,0.1338,0.3976,0.5833,335,0,extracted,0.2605,0.0847,0.1765,0.1979,0.0838,0.1302
22,123,72,799,93,497,306,0.383,204,0,0.6885,0.2922,0.1418,0.1914,0.3253,0.4583,0.6792,0.2308,0.1342,0.1338,0.3976,0.5833,335,0,extracted,0.251,0.0949,0.1804,0.1979,0.0838,0.1302
22,123,73,799,93,497,306,0.383,204,0,0.6885,0.2922,0.1418,0.1914,0.3253,0.4583,0.6792,0.2308,0.1342,0.1338,0.3976,0.5833,335,0,extracted,0.251,0.0949,0.1804,0.1979,0.0838,0.1302
22,123,74,799,93,497,306,0.383,204,0,0.6885,0.2922,0.1418,0.1914,0.3253,0.4583,0.6792,0.2308,0.1342,0.1338,0.3976,0.5833,335,0,extracted,0.251,0.0949,0.1804,0.1979,0.0838,0.1302
22,123,75,799,93,497,306,0.383,204,0,0.6885,0.2922,0.1418,0.1914,0.3253,0.4583,0.6792,0.2308,0.1342,0.1338,0.3976,0.5833,335,0,extracted,0.251,0.0949,0.1804,0.1979,0.0838,0.1302
22,123,76,799,93,497,306,0.383,204,0,0.6885,0.2922,0.1418,0.1914,0.3253,0.4583,0.6792,0.2308,0.1342,0.1338,0.3976,0.5833,335,0,extracted,0.251,0.0949,0.1804,0.1979,0.0838,0.1302
22,123,77,799,93,497,306,0.383,204,0,0.6885,0.2922,0.1418,0.1914,0.3253,0.4583,0.6792,0.2308,0.1342,0.1338,0.3976,0.5833,335,0,extracted,0.251,0.0949,0.1804,0.1979,0.0838,0.1302
22,123,78,799,93,497,306,0.383,204,0,0.6885,0.2922,0.1418,0.1914,0.3253,0.4583,0.6792,0.2308,0.1342,0.1338,0.3976,0.5833,335,0,extracted,0.251,0.0949,0.1804,0.1979,0.0838,0.1302
22,123,79,799,93,582,368,0.461,243,0,0.6762,0.2527,0.1182,0.1481,0.3133,0.4583,0.6792,0.2308,0.1342,0.1338,0.3976,0.5833,335,0,extracted,0.2148,0.0878,0.1477,0.1979,0.0838,0.1302
22,123,80,799,93,582,368,0.461,243,0,0.6762,0.2527,0.1182,0.1481,0.3133,0.4583,0.6792,0.2308,0.1342,0.1338,0.3976,0.5833,335,0,extracted,0.2148,0.0878,0.1477,0.1979,0.0838,0.1302
22,123,81,799,93,582,368,0.461,243,0,0.6762,0.2527,0.1182,0.1481,0.3133,0.4583,0.6792,0.2308,0.1342,0.1338,0.3976,0.5833,335,0,extracted,0.2148,0.0878,0.1477,0.1979,0.0838,0.1302
22,123,82,799,93,582,368,0.461,243,0,0.6762,0.2527,0.1182,0.1481,0.3133,0.4583,0.6792,0.2308,0.1342,0.1338,0.3976,0.5833,335,0,extracted,0.2148,0.0878,0.1477,0.1979,0.0838,0.1302
22,123,83,799,93,582,368,0.461,243,0,0.6762,0.2527,0.1182,0.1481,0.3133,0.4583,0.6792,0.2308,0.1342,0.1338,0.3976,0.5833,335,0,extracted,0.2148,0.0878,0.1477,0.1979,0.0838,0.1302
22,123,84,799,93,582,368,0.461,243,0,0.6762,0.2527,0.1182,0.1481,0.3133,0.4583,0.6792,0.2308,0.1342,0.1338,0.3976,0.5833,335,0,extracted,0.2148,0.0878,0.1477,0.1979,0.0838,0.1302
22,123,85,799,93,665,413,0.517,275,0,0.6888,0.2619,0.1355,0.1468,0.3855,0.5833,0.6792,0.2308,0.1342,0.1338,0.3976,0.5833,335,0,extracted,0.2209,0.0864,0.1472,0.1979,0.0838,0.1302
22,123,86,799,93,665,413,0.517,275,0,0.6888,0.2619,0.1355,0.1468,0.3855,0.5833,0.6792,0.2308,0.1342,0.1338,0.3976,0.5833,335,0,extracted,0.2209,0.0864,0.1472,0.1979,0.0838,0.1302
22,123,87,799,93,665,413,0.517,275,0,0.6888,0.2619,0.1355,0.1468,0.3855,0.5833,0.6792,0.2308,0.1342,0.1338,0.3976,0.5833,335,0,extracted,0.2209,0.0864,0.1472,0.1979,0.0838,0.1302
22,123,88,799,93,665,413,0.517,275,0,0.6888,0.2619,0.1355,0.1468,0.3855,0.5833,0.6792,0.2308,0.1342,0.1338,0.3976,0.5833,335,0,extracted,0.2209,0.0864,0.1472,0.1979,0.0838,0.1302
22,123,89,799,93,665,413,0.517,275,0,0.6888,0.2619,0.1355,0.1468,0.3855,0.5833,0.6792,0.2308,0.1342,0.1338,0.3976,0.5833,335,0,extracted,0.2209,0.0864,0.1472,0.1979,0.0838,0.1302
22,123,90,799,93,665,413,0.517,275,0,0.6888,0.2619,0.1355,0.1468,0.3855,0.5833,0.6792,0.2308,0.1342,0.1338,0.3976,0.5833,335,0,extracted,0.2209,0.0864,0.1472,0.1979,0.0838,0.1302
22,123,91,799,93,712,449,0.562,293,0,0.6873,0.2556,0.1338,0.1519,0.4096,0.5833,0.6792,0.2308,0.1342,0.1338,0.3976,0.5833,335,0,extracted,0.2075,0.087,0.1441,0.1979,0.0838,0.1302
22,123,92,799,93,712,449,0.562,293,0,0.6873,0.2556,0.1338,0.1519,0.4096,0.5833,0.6792,0.2308,0.1342,0.1338,0.3976,0.5833,335,0,extracted,0.2075,0.087,0.1441,0.1979,0.0838,0.1302
22,123,93,799,93,712,449,0.562,293,0,0.6873,0.2556,0.1338,0.1519,0.4096,0.5833,0.6792,0.2308,0.1342,0.1338,0.3976,0.5833,335,0,extracted,0.2075,0.087,0.1441,0.1979,0.0838,0.1302
22,123,94,799,93,712,449,0.562,293,0,0.6873,0.2556,0.1338,0.1519,0.4096,0.5833,0.6792,0.2308,0.1342,0.1338,0.3976,0.5833,335,0,extracted,0.2075,0.087,0.1441,0.1979,0.0838,0.1302
22,123,95,799,93,712,449,0.562,293,0,0.6873,0.2556,0.1338,0.1519,0.4096,0.5833,0.6792,0.2308,0.1342,0.1338,0.3976,0.5833,335,0,extracted,0.2075,0.087,0.1441,0.1979,0.0838,0.1302
22,123,96,799,93,712,449,0.562,293,0,0.6873,0.2556,0.1338,0.1519,0.4096,0.5833,0.6792,0.2308,0.1342,0.1338,0.3976,0.5833,335,0,extracted,0.2075,0.087,0.1441,0.1979,0.0838,0.1302
22,123,97,799,93,791,476,0.596,328,0,0.69,0.2434,0.1416,0.1376,0.3976,0.5833,0.6792,0.2308,0.1342,0.1338,0.3976,0.5833,335,0,extracted,0.2099,0.0889,0.1436,0.1979,0.0838,0.1302
22,123,98,799,93,791,476,0.596,328,0,0.69,0.2434,0.1416,0.1376,0.3976,0.5833,0.6792,0.2308,0.1342,0.1338,0.3976,0.5833,335,0,extracted,0.2099,0.0889,0.1436,0.1979,0.0838,0.1302
22,123,99,799,93,791,476,0.596,328,0,0.69,0.2434,0.1416,0.1376,0.3976,0.5833,0.6792,0.2308,0.1342,0.1338,0.3976,0.5833,335,0,extracted,0.2099,0.0889,0.1436,0.1979,0.0838,0.1302
22,123,100,799,93,791,476,0.596,328,0,0.69,0.2434,0.1416,0.1376,0.3976,0.5833,0.6792,0.2308,0.1342,0.1338,0.3976,0.5833,335,0,extracted,0.2099,0.0889,0.1436,0.1979,0.0838,0.1302
23,123,1,929,105,15,19,0.02,9,0,0.6381,0.129,0.0328,0.0968,0.0208,0.0,0.6816,0.2318,0.1054,0.1082,0.3229,0.5,476,0,extracted,0.1481,0.0506,0.1481,0.2507,0.0745,0.1481
23,123,2,929,105,15,19,0.02,9,0,0.6381,0.129,0.0328,0.0968,0.0208,0.0,0.6816,0.2318,0.1054,0.1082,0.3229,0.5,476,0,extracted,0.1481,0.0506,0.1481,0.2507,0.0745,0.1481
23,123,3,929,105,15,19,0.02,9,0,0.6381,0.129,0.0328,0.0968,0.0208,0.0,0.6816,0.2318,0.1054,0.1082,0.3229,0.5,476,0,extracted,0.1481,0.0506,0.1481,0.2507,0.0745,0.1481
23,123,4,929,105,15,19,0.02,9,0,0.6381,0.129,0.0328,0.0968,0.0208,0.0,0.6816,0.2318,0.1054,0.1082,0.3229,0.5,476,0,extracted,0.1481,0.0506,0.1481,0.2507,0.0745,0.1481
23,123,5,929,105,15,19,0.02,9,0,0.6381,0.129,0.0328,0.0968,0.0208,0.0,0.6816,0.2318,0.1054,0.1082,0.3229,0.5,476,0,extracted,0.1481,0.0506,0.1481,0.2507,0.0745,0.1481
23,123,6,929,105,15,19,0.02,9,0,0.6381,0.129,0.0328,0.0968,0.0208,0.0,0.6816,0.2318,0.1054,0.1082,0.3229,0.5,476,0,extracted,0.1481,0.0506,0.1481,0.2507,0.0745,0.1481
23,123,7,929,105,15,19,0.02,9,0,0.6381,0.129,0.0328,0.0968,0.0208,0.0,0.6816,0.2318,0.1054,0.1082,0.3229,0.5,476,0,extracted,0.1481,0.0506,0.1481,0.2507,0.0745,0.1481
23,123,8,929,105,15,19,0.02,9,0,0.6381,0.129,0.0328,0.0968,0.0208,0.0,0.6816,0.2318,0.1054,0.1082,0.3229,0.5,476,0,extracted,0.1481,0.0506,0.1481,0.2507,0.0745,0.1481
23,123,9,929,105,15,19,0.02,9,0,0.6381,0.129,0.0328,0.0968,0.0208,0.0,0.6816,0.2318,0.1054,0.1082,0.3229,0.5,476,0,extracted,0.1481,0.0506,0.1481,0.2507,0.0745,0.1481
23,123,10,929,105,41,41,0.044,20,0,0.6528,0.1781,0.0417,0.1233,0.0208,0.0,0.6816,0.2318,0.1054,0.1082,0.3229,0.5,476,0,extracted,0.234,0.0652,0.1702,0.2507,0.0745,0.1481
23,123,11,929,105,41,41,0.044,20,0,0.6528,0.1781,0.0417,0.1233,0.0208,0.0,0.6816,0.2318,0.1054,0.1082,0.3229,0.5,476,0,extracted,0.234,0.0652,0.1702,0.2507,0.0745,0.1481
23,123,12,929,105,41,41,0.044,20,0,0.6528,0.1781,0.0417,0.1233,0.0208,0.0,0.6816,0.2318,0.1054,0.1082,0.3229,0.5,476,0,extracted,0.234,0.0652,0.1702,0.2507,0.0745,0.1481
23,123,13,929,105,41,41,0.044,20,0,0.6528,0.1781,0.0417,0.1233,0.0208,0.0,0.6816,0.2318,0.1054,0.1082,0.3229,0.5,476,0,extracted,0.234,0.0652,0.1702,0.2507,0.0745,0.1481
23,123,14,929,105,41,41,0.044,20,0,0.6528,0.1781,0.0417,0.1233,0.0208,0.0,0.6816,0.2318,0.1054,0.1082,0.3229,0.5,476,0,extracted,0.234,0.0652,0.1702,0.2507,0.0745,0.1481
23,123,15,929,105,41,41,0.044,20,0,0.6528,0.1781,0.0417,0.1233,0.0208,0.0,0.6816,0.2318,0.1054,0.1082,0.3229,0.5,476,0,extracted,0.234,0.0652,0.1702,0.2507,0.0745,0.1481
23,123,16,929,105,68,41,0.044,33,0,0.7248,0.2877,0.1528,0.2055,0.1042,0.1,0.6816,0.2318,0.1054,0.1082,0.3229,0.5,476,0,extracted,0.3191,0.1304,0.2128,0.2507,0.0745,0.1481
23,123,17,929,105,68,41,0.044,33,0,0.7248,0.2877,0.1528,0.2055,0.1042,0.1,0.6816,0.2318,0.1054,0.1082,0.3229,0.5,476,0,extracted,0.3191,0.1304,0.2128,0.2507,0.0745,0.1481
23,123,18,929,105,68,41,0.044,33,0,0.7248,0.2877,0.1528,0.2055,0.1042,0.1,0.6816,0.2318,0.1054,0.1082,0.3229,0.5,476,0,extracted,0.3191,0.1304,0.2128,0.2507,0.0745,0.1481
23,123,19,929,105,68,41,0.044,33,0,0.7248,0.2877,0.1528,0.2055,0.1042,0.1,0.6816,0.2318,0.1054,0.1082,0.3229,0.5,476,0,extracted,0.3191,0.1304,0.2128,0.2507,0.0745,0.1481
23,123,20,929,105,68,41,0.044,33,0,0.7248,0.2877,0.1528,0.2055,0.1042,0.1,0.6816,0.2318,0.1054,0.1082,0.3229,0.5,476,0,extracted,0.3191,0.1304,0.2128,0.2507,0.0745,0.1481
23,123,21,929,105,68,41,0.044,33,0,0.7248,0.2877,0.1528,0.2055,0.1042,0.1,0.6816,0.2318,0.1054,0.1082,0.3229,0.5,476,0,extracted,0.3191,0.1304,0.2128,0.2507,0.0745,0.1481
23,123,22,929,105,96,60,0.065,44,0,0.731,0.4,0.184,0.2545,0.1458,0.2,0.6816,0.2318,0.1054,0.1082,0.3229,0.5,476,0,extracted,0.4078,0.1386,0.2524,0.2507,0.0745,0.1481
23,123,23,929,105,96,60,0.065,44,0,0.731,0.4,0.184,0.2545,0.1458,0.2,0.6816,0.2318,0.1054,0.1082,0.3229,0.5,476,0,extracted,0.4078,0.1386,0.2524,0.2507,0.0745,0.1481
23,123,24,929,105,96,60,0.065,44,0,0.731,0.4,0.184,0.2545,0.1458,0.2,0.6816,0.2318,0.1054,0.1082,0.3229,0.5,476,0,extracted,0.4078,0.1386,0.2524,0.2507,0.0745,0.1481
23,123,25,929,105,96,60,0.065,44,0,0.731,0.4,0.184,0.2545,0.1458,0.2,0.6816,0.2318,0.1054,0.1082,0.3229,0.5,476,0,extracted,0.4078,0.1386,0.2524,0.2507,0.0745,0.1481
23,123,26,929,105,96,60,0.065,44,0,0.731,0.4,0.184,0.2545,0.1458,0.2,0.6816,0.2318,0.1054,0.1082,0.3229,0.5,476,0,extracted,0.4078,0.1386,0.2524,0.2507,0.0745,0.1481
23,123,27,929,105,96,60,0.065,44,0,0.731,0.4,0.184,0.2545,0.1458,0.2,0.6816,0.2318,0.1054,0.1082,0.3229,0.5,476,0,extracted,0.4078,0.1386,0.2524,0.2507,0.0745,0.1481
23,123,28,929,105,96,60,0.065,44,0,0.731,0.4,0.184,0.2545,0.1458,0.2,0.6816,0.2318,0.1054,0.1082,0.3229,0.5,476,0,extracted,0.4078,0.1386,0.2524,0.2507,0.0745,0.1481
23,123,29,929,105,126,74,0.08,62,0,0.7274,0.4469,0.2486,0.2458,0.1979,0.2333,0.6816,0.2318,0.1054,0.1082,0.3229,0.5,476,0,extracted,0.4655,0.193,0.2586,0.2507,0.0745,0.1481
23,123,30,929,105,126,74,0.08,62,0,0.7274,0.4469,0.2486,0.2458,0.1979,0.2333,0.6816,0.2318,0.1054,0.1082,0.3229,0.5,476,0,extracted,0.4655,0.193,0.2586,0.2507,0.0745,0.1481
23,123,31,929,105,126,74,0.08,62,0,0.7274,0.4469,0.2486,0.2458,0.1979,0.2333,0.6816,0.2318,0.1054,0.1082,0.3229,0.5,476,0,extracted,0.4655,0.193,0.2586,0.2507,0.0745,0.1481
23,123,32,929,105,126,74,0.08,62,0,0.7274,0.4469,0.2486,0.2458,0.1979,0.2333,0.6816,0.2318,0.1054,0.1082,0.3229,0.5,476,0,extracted,0.4655,0.193,0.2586,0.2507,0.0745,0.1481
23,123,33,929,105,126,74,0.08,62,0,0.7274,0.4469,0.2486,0.2458,0.1979,0.2333,0.6816,0.2318,0.1054,0.1082,0.3229,0.5,476,0,extracted,0.4655,0.193,0.2586,0.2507,0.0745,0.1481
23,123,34,929,105,126,74,0.08,62,0,0.7274,0.4469,0.2486,0.2458,0.1979,0.2333,0.6816,0.2318,0.1054,0.1082,0.3229,0.5,476,0,extracted,0.4655,0.193,0.2586,0.2507,0.0745,0.1481
23,123,35,929,105,185,91,0.098,90,0,0.7059,0.3368,0.1915,0.2105,0.1562,0.1667,0.6816,0.2318,0.1054,0.1082,0.3229,0.5,476,0,extracted,0.3964,0.1651,0.2523,0.2507,0.0745,0.1481
23,123,36,929,105,185,91,0.098,90,0,0.7059,0.3368,0.1915,0.2105,0.1562,0.1667,0.6816,0.2318,0.1054,0.1082,0.3229,0.5,476,0,extracted,0.3964,0.1651,0.2523,0.2507,0.0745,0.1481
23,123,37,929,105,185,91,0.098,90,0,0.7059,0.3368,0.1915,0.2105,0.1562,0.1667,0.6816,0.2318,0.1054,0.1082,0.3229,0.5,476,0,extracted,0.3964,0.1651,0.2523,0.2507,0.0745,0.1481
23,123,38,929,105,185,91,0.098,90,0,0.7059,0.3368,0.1915,0.2105,0.1562,0.1667,0.6816,0.2318,0.1054,0.1082,0.3229,0.5,476,0,extracted,0.3964,0.1651,0.2523,0.2507,0.0745,0.1481
23,123,39,929,105,185,91,0.098,90,0,0.7059,0.3368,0.1915,0.2105,0.1562,0.1667,0.6816,0.2318,0.1054,0.1082,0.3229,0.5,476,0,extracted,0.3964,0.1651,0.2523,0.2507,0.0745,0.1481
23,123,40,929,105,185,91,0.098,90,0,0.7059,0.3368,0.1915,0.2105,0.1562,0.1667,0.6816,0.2318,0.1054,0.1082,0.3229,0.5,476,0,extracted,0.3964,0.1651,0.2523,0.2507,0.0745,0.1481
23,123,41,929,105,245,152,0.164,121,0,0.6839,0.392,0.1371,0.208,0.1667,0.2333,0.6816,0.2318,0.1054,0.1082,0.3229,0.5,476,0,extracted,0.4225,0.1,0.2113,0.2507,0.0745,0.1481
23,123,42,929,105,245,152,0.164,121,0,0.6839,0.392,0.1371,0.208,0.1667,0.2333,0.6816,0.2318,0.1054,0.1082,0.3229,0.5,476,0,extracted,0.4225,0.1,0.2113,0.2507,0.0745,0.1481
23,123,43,929,105,245,152,0.164,121,0,0.6839,0.392,0.1371,0.208,0.1667,0.2333,0.6816,0.2318,0.1054,0.1082,0.3229,0.5,476,0,extracted,0.4225,0.1,0.2113,0.2507,0.0745,0.1481
23,123,44,929,105,245,152,0.164,121,0,0.6839,0.392,0.1371,0.208,0.1667,0.2333,0.6816,0.2318,0.1054,0.1082,0.3229,0.5,476,0,extracted,0.4225,0.1,0.2113,0.2507,0.0745,0.1481
23,123,45,929,105,245,152,0.164,121,0,0.6839,0.392,0.1371,0.208,0.1667,0.2333,0.6816,0.2318,0.1054,0.1082,0.3229,0.5,476,0,extracted,0.4225,0.1,0.2113,0.2507,0.0745,0.1481
23,123,46,929,105,245,152,0.164,121,0,0.6839,0.392,0.1371,0.208,0.1667,0.2333,0.6816,0.2318,0.1054,0.1082,0.3229,0.5,476,0,extracted,0.4225,0.1,0.2113,0.2507,0.0745,0.1481
23,123,47,929,105,291,172,0.185,143,0,0.7154,0.4116,0.16,0.2022,0.2083,0.3,0.6816,0.2318,0.1054,0.1082,0.3229,0.5,476,0,extracted,0.4045,0.1023,0.2247,0.2507,0.0745,0.1481
23,123,48,929,105,291,172,0.185,143,0,0.7154,0.4116,0.16,0.2022,0.2083,0.3,0.6816,0.2318,0.1054,0.1082,0.3229,0.5,476,0,extracted,0.4045,0.1023,0.2247,0.2507,0.0745,0.1481
23,123,49,929,105,291,172,0.185,143,0,0.7154,0.4116,0.16,0.2022,0.2083,0.3,0.6816,0.2318,0.1054,0.1082,0.3229,0.5,476,0,extracted,0.4045,0.1023,0.2247,0.2507,0.0745,0.1481
23,123,50,929,105,291,172,0.185,143,0,0.7154,0.4116,0.16,0.2022,0.2083,0.3,0.6816,0.2318,0.1054,0.1082,0.3229,0.5,476,0,extracted,0.4045,0.1023,0.2247,0.2507,0.0745,0.1481
23,123,51,929,105,291,172,0.185,143,0,0.7154,0.4116,0.16,0.2022,0.2083,0.3,0.6816,0.2318,0.1054,0.1082,0.3229,0.5,476,0,extracted,0.4045,0.1023,0.2247,0.2507,0.0745,0.1481
23,123,52,929,105,291,172,0.185,143,0,0.7154,0.4116,0.16,0.2022,0.2083,0.3,0.6816,0.2318,0.1054,0.1082,0.3229,0.5,476,0,extracted,0.4045,0.1023,0.2247,0.2507,0.0745,0.1481
23,123,53,929,105,291,172,0.185,143,0,0.7154,0.4116,0.16,0.2022,0.2083,0.3,0.6816,0.2318,0.1054,0.1082,0.3229,0.5,476,0,extracted,0.4045,0.1023,0.2247,0.2507,0.0745,0.1481
23,123,54,929,105,330,207,0.223,161,0,0.7125,0.3718,0.1484,0.1923,0.2083,0.3,0.6816,0.2318,0.1054,0.1082,0.3229,0.5,476,0,extracted,0.3547,0.0796,0.2167,0.2507,0.0745,0.1481
23,123,55,929,105,330,207,0.223,161,0,0.7125,0.3718,0.1484,0.1923,0.2083,0.3,0.6816,0.2318,0.1054,0.1082,0.3229,0.5,476,0,extracted,0.3547,0.0796,0.2167,0.2507,0.0745,0.1481
23,123,56,929,105,330,207,0.223,161,0,0.7125,0.3718,0.1484,0.1923,0.2083,0.3,0.6816,0.2318,0.1054,0.1082,0.3229,0.5,476,0,extracted,0.3547,0.0796,0.2167,0.2507,0.0745,0.1481
23,123,57,929,105,330,207,0.223,161,0,0.7125,0.3718,0.1484,0.1923,0.2083,0.3,0.6816,0.2318,0.1054,0.1082,0.3229,0.5,476,0,extracted,0.3547,0.0796,0.2167,0.2507,0.0745,0.1481
23,123,58,929,105,330,207,0.223,161,0,0.7125,0.3718,0.1484,0.1923,0.2083,0.3,0.6816,0.2318,0.1054,0.1082,0.3229,0.5,476,0,extracted,0.3547,0.0796,0.2167,0.2507,0.0745,0.1481
23,123,59,929,105,330,207,0.223,161,0,0.7125,0.3718,0.1484,0.1923,0.2083,0.3,0.6816,0.2318,0.1054,0.1082,0.3229,0.5,476,0,extracted,0.3547,0.0796,0.2167,0.2507,0.0745,0.1481
23,123,60,929,105,419,226,0.243,202,0,0.7075,0.3354,0.1562,0.1429,0.2188,0.2333,0.6816,0.2318,0.1054,0.1082,0.3229,0.5,476,0,extracted,0.3535,0.1224,0.1818,0.2507,0.0745,0.1481
23,123,61,929,105,419,226,0.243,202,0,0.7075,0.3354,0.1562,0.1429,0.2188,0.2333,0.6816,0.2318,0.1054,0.1082,0.3229,0.5,476,0,extracted,0.3535,0.1224,0.1818,0.2507,0.0745,0.1481
23,123,62,929,105,419,226,0.243,202,0,0.7075,0.3354,0.1562,0.1429,0.2188,0.2333,0.6816,0.2318,0.1054,0.1082,0.3229,0.5,476,0,extracted,0.3535,0.1224,0.1818,0.2507,0.0745,0.1481
23,123,63,929,105,419,226,0.243,202,0,0.7075,0.3354,0.1562,0.1429,0.2188,0.2333,0.6816,0.2318,0.1054,0.1082,0.3229,0.5,476,0,extracted,0.3535,0.1224,0.1818,0.2507,0.0745,0.1481
23,123,64,929,105,419,226,0.243,202,0,0.7075,0.3354,0.1562,0.1429,0.2188,0.2333,0.6816,0.2318,0.1054,0.1082,0.3229,0.5,476,0,extracted,0.3535,0.1224,0.1818,0.2507,0.0745,0.1481
23,123,65,929,105,419,226,0.243,202,0,0.7075,0.3354,0.1562,0.1429,0.2188,0.2333,0.6816,0.2318,0.1054,0.1082,0.3229,0.5,476,0,extracted,0.3535,0.1224,0.1818,0.2507,0.0745,0.1481
23,123,66,929,105,478,294,0.316,232,0,0.7068,0.319,0.1374,0.2025,0.2396,0.2667,0.6816,0.2318,0.1054,0.1082,0.3229,0.5,476,0,extracted,0.3115,0.0992,0.2049,0.2507,0.0745,0.1481
23,123,67,929,105,478,294,0.316,232,0,0.7068,0.319,0.1374,0.2025,0.2396,0.2667,0.6816,0.2318,0.1054,0.1082,0.3229,0.5,476,0,extracted,0.3115,0.0992,0.2049,0.2507,0.0745,0.1481
23,123,68,929,105,478,294,0.316,232,0,0.7068,0.319,0.1374,0.2025,0.2396,0.2667,0.6816,0.2318,0.1054,0.1082,0.3229,0.5,476,0,extracted,0.3115,0.0992,0.2049,0.2507,0.0745,0.1481
23,123,69,929,105,478,294,0.316,232,0,0.7068,0.319,0.1374,0.2025,0.2396,0.2667,0.6816,0.2318,0.1054,0.1082,0.3229,0.5,476,0,extracted,0.3115,0.0992,0.2049,0.2507,0.0745,0.1481
23,123,70,929,105,478,294,0.316,232,0,0.7068,0.319,0.1374,0.2025,0.2396,0.2667,0.6816,0.2318,0.1054,0.1082,0.3229,0.5,476,0,extracted,0.3115,0.0992,0.2049,0.2507,0.0745,0.1481
23,123,71,929,105,478,294,0.316,232,0,0.7068,0.319,0.1374,0.2025,0.2396,0.2667,0.6816,0.2318,0.1054,0.1082,0.3229,0.5,476,0,extracted,0.3115,0.0992,0.2049,0.2507,0.0745,0.1481
23,123,72,929,105,608,353,0.38,299,0,0.7092,0.3195,0.1451,0.1444,0.2917,0.4333,0.6816,0.2318,0.1054,0.1082,0.3229,0.5,476,0,extracted,0.2857,0.1027,0.1769,0.2507,0.0745,0.1481
23,123,73,929,105,608,353,0.38,299,0,0.7092,0.3195,0.1451,0.1444,0.2917,0.4333,0.6816,0.2318,0.1054,0.1082,0.3229,0.5,476,0,extracted,0.2857,0.1027,0.1769,0.2507,0.0745,0.1481
23,123,74,929,105,608,353,0.38,299,0,0.7092,0.3195,0.1451,0.1444,0.2917,0.4333,0.6816,0.2318,0.1054,0.1082,0.3229,0.5,476,0,extracted,0.2857,0.1027,0.1769,0.2507,0.0745,0.1481
23,123,75,929,105,608,353,0.38,299,0,0.7092,0.3195,0.1451,0.1444,0.2917,0.4333,0.6816,0.2318,0.1054,0.1082,0.3229,0.5,476,0,extracted,0.2857,0.1027,0.1769,0.2507,0.0745,0.1481
23,123,76,929,105,608,353,0.38,299,0,0.7092,0.3195,0.1451,0.1444,0.2917,0.4333,0.6816,0.2318,0.1054,0.1082,0.3229,0.5,476,0,extracted,0.2857,0.1027,0.1769,0.2507,0.0745,0.1481
23,123,77,929,105,608,353,0.38,299,0,0.7092,0.3195,0.1451,0.1444,0.2917,0.4333,0.6816,0.2318,0.1054,0.1082,0.3229,0.5,476,0,extracted,0.2857,0.1027,0.1769,0.2507,0.0745,0.1481
23,123,78,929,105,608,353,0.38,299,0,0.7092,0.3195,0.1451,0.1444,0.2917,0.4333,0.6816,0.2318,0.1054,0.1082,0.3229,0.5,476,0,extracted,0.2857,0.1027,0.1769,0.2507,0.0745,0.1481
23,123,79,929,105,685,413,0.445,340,0,0.725,0.334,0.1793,0.1864,0.4271,0.5,0.6816,0.2318,0.1054,0.1082,0.3229,0.5,476,0,extracted,0.2909,0.128,0.1697,0.2507,0.0745,0.1481
23,123,80,929,105,685,413,0.445,340,0,0.725,0.334,0.1793,0.1864,0.4271,0.5,0.6816,0.2318,0.1054,0.1082,0.3229,0.5,476,0,extracted,0.2909,0.128,0.1697,0.2507,0.0745,0.1481
23,123,81,929,105,685,413,0.445,340,0,0.725,0.334,0.1793,0.1864,0.4271,0.5,0.6816,0.2318,0.1054,0.1082,0.3229,0.5,476,0,extracted,0.2909,0.128,0.1697,0.2507,0.0745,0.1481
23,123,82,929,105,685,413,0.445,340,0,0.725,0.334,0.1793,0.1864,0.4271,0.5,0.6816,0.2318,0.1054,0.1082,0.3229,0.5,476,0,extracted,0.2909,0.128,0.1697,0.2507,0.0745,0.1481
23,123,83,929,105,685,413,0.445,340,0,0.725,0.334,0.1793,0.1864,0.4271,0.5,0.6816,0.2318,0.1054,0.1082,0.3229,0.5,476,0,extracted,0.2909,0.128,0.1697,0.2507,0.0745,0.1481
23,123,84,929,105,685,413,0.445,340,0,0.725,0.334,0.1793,0.1864,0.4271,0.5,0.6816,0.2318,0.1054,0.1082,0.3229,0.5,476,0,extracted,0.2909,0.128,0.1697,0.2507,0.0745,0.1481
23,123,85,929,105,778,458,0.493,391,0,0.7058,0.3188,0.1636,0.1196,0.4271,0.5333,0.6816,0.2318,0.1054,0.1082,0.3229,0.5,476,0,extracted,0.2899,0.1071,0.142,0.2507,0.0745,0.1481
23,123,86,929,105,778,458,0.493,391,0,0.7058,0.3188,0.1636,0.1196,0.4271,0.5333,0.6816,0.2318,0.1054,0.1082,0.3229,0.5,476,0,extracted,0.2899,0.1071,0.142,0.2507,0.0745,0.1481
23,123,87,929,105,778,458,0.493,391,0,0.7058,0.3188,0.1636,0.1196,0.4271,0.5333,0.6816,0.2318,0.1054,0.1082,0.3229,0.5,476,0,extracted,0.2899,0.1071,0.142,0.2507,0.0745,0.1481
23,123,88,929,105,778,458,0.493,391,0,0.7058,0.3188,0.1636,0.1196,0.4271,0.5333,0.6816,0.2318,0.1054,0.1082,0.3229,0.5,476,0,extracted,0.2899,0.1071,0.142,0.2507,0.0745,0.1481
23,123,89,929,105,778,458,0.493,391,0,0.7058,0.3188,0.1636,0.1196,0.4271,0.5333,0.6816,0.2318,0.1054,0.1082,0.3229,0.5,476,0,extracted,0.2899,0.1071,0.142,0.2507,0.0745,0.1481
23,123,90,929,105,778,458,0.493,391,0,0.7058,0.3188,0.1636,0.1196,0.4271,0.5333,0.6816,0.2318,0.1054,0.1082,0.3229,0.5,476,0,extracted,0.2899,0.1071,0.142,0.2507,0.0745,0.1481
23,123,91,929,105,867,540,0.581,440,0,0.6998,0.2733,0.1484,0.1254,0.4375,0.5,0.6816,0.2318,0.1054,0.1082,0.3229,0.5,476,0,extracted,0.2376,0.0995,0.1386,0.2507,0.0745,0.1481
23,123,92,929,105,867,540,0.581,440,0,0.6998,0.2733,0.1484,0.1254,0.4375,0.5,0.6816,0.2318,0.1054,0.1082,0.3229,0.5,476,0,extracted,0.2376,0.0995,0.1386,0.2507,0.0745,0.1481
23,123,93,929,105,867,540,0.581,440,0,0.6998,0.2733,0.1484,0.1254,0.4375,0.5,0.6816,0.2318,0.1054,0.1082,0.3229,0.5,476,0,extracted,0.2376,0.0995,0.1386,0.2507,0.0745,0.1481
23,123,94,929,105,867,540,0.581,440,0,0.6998,0.2733,0.1484,0.1254,0.4375,0.5,0.6816,0.2318,0.1054,0.1082,0.3229,0.5,476,0,extracted,0.2376,0.0995,0.1386,0.2507,0.0745,0.1481
23,123,95,929,105,867,540,0.581,440,0,0.6998,0.2733,0.1484,0.1254,0.4375,0.5,0.6816,0.2318,0.1054,0.1082,0.3229,0.5,476,0,extracted,0.2376,0.0995,0.1386,0.2507,0.0745,0.1481
23,123,96,929,105,867,540,0.581,440,0,0.6998,0.2733,0.1484,0.1254,0.4375,0.5,0.6816,0.2318,0.1054,0.1082,0.3229,0.5,476,0,extracted,0.2376,0.0995,0.1386,0.2507,0.0745,0.1481
23,123,97,929,105,918,561,0.604,467,0,0.7046,0.2723,0.1517,0.1301,0.4688,0.5333,0.6816,0.2318,0.1054,0.1082,0.3229,0.5,476,0,extracted,0.2487,0.0969,0.1421,0.2507,0.0745,0.1481
23,123,98,929,105,918,561,0.604,467,0,0.7046,0.2723,0.1517,0.1301,0.4688,0.5333,0.6816,0.2318,0.1054,0.1082,0.3229,0.5,476,0,extracted,0.2487,0.0969,0.1421,0.2507,0.0745,0.1481
23,123,99,929,105,918,561,0.604,467,0,0.7046,0.2723,0.1517,0.1301,0.4688,0.5333,0.6816,0.2318,0.1054,0.1082,0.3229,0.5,476,0,extracted,0.2487,0.0969,0.1421,0.2507,0.0745,0.1481
23,123,100,929,105,918,561,0.604,467,0,0.7046,0.2723,0.1517,0.1301,0.4688,0.5333,0.6816,0.2318,0.1054,0.1082,0.3229,0.5,476,0,extracted,0.2487,0.0969,0.1421,0.2507,0.0745,0.1481
24,123,1,874,103,16,19,0.022,11,0,0.6237,0.1322,0.0168,0.0826,0.0101,0.0,0.645,0.2304,0.0806,0.1396,0.2323,0.2759,439,0,extracted,0.1644,0.0282,0.1096,0.2537,0.0602,0.1567
24,123,2,874,103,16,19,0.022,11,0,0.6237,0.1322,0.0168,0.0826,0.0101,0.0,0.645,0.2304,0.0806,0.1396,0.2323,0.2759,439,0,extracted,0.1644,0.0282,0.1096,0.2537,0.0602,0.1567
24,123,3,874,103,16,19,0.022,11,0,0.6237,0.1322,0.0168,0.0826,0.0101,0.0,0.645,0.2304,0.0806,0.1396,0.2323,0.2759,439,0,extracted,0.1644,0.0282,0.1096,0.2537,0.0602,0.1567
24,123,4,874,103,16,19,0.022,11,0,0.6237,0.1322,0.0168,0.0826,0.0101,0.0,0.645,0.2304,0.0806,0.1396,0.2323,0.2759,439,0,extracted,0.1644,0.0282,0.1096,0.2537,0.0602,0.1567
24,123,5,874,103,16,19,0.022,11,0,0.6237,0.1322,0.0168,0.0826,0.0101,0.0,0.645,0.2304,0.0806,0.1396,0.2323,0.2759,439,0,extracted,0.1644,0.0282,0.1096,0.2537,0.0602,0.1567
24,123,6,874,103,16,19,0.022,11,0,0.6237,0.1322,0.0168,0.0826,0.0101,0.0,0.645,0.2304,0.0806,0.1396,0.2323,0.2759,439,0,extracted,0.1644,0.0282,0.1096,0.2537,0.0602,0.1567
24,123,7,874,103,16,19,0.022,11,0,0.6237,0.1322,0.0168,0.0826,0.0101,0.0,0.645,0.2304,0.0806,0.1396,0.2323,0.2759,439,0,extracted,0.1644,0.0282,0.1096,0.2537,0.0602,0.1567
24,123,8,874,103,16,19,0.022,11,0,0.6237,0.1322,0.0168,0.0826,0.0101,0.0,0.645,0.2304,0.0806,0.1396,0.2323,0.2759,439,0,extracted,0.1644,0.0282,0.1096,0.2537,0.0602,0.1567
24,123,9,874,103,16,19,0.022,11,0,0.6237,0.1322,0.0168,0.0826,0.0101,0.0,0.645,0.2304,0.0806,0.1396,0.2323,0.2759,439,0,extracted,0.1644,0.0282,0.1096,0.2537,0.0602,0.1567
24,123,10,874,103,16,19,0.022,11,0,0.6237,0.1322,0.0168,0.0826,0.0101,0.0,0.645,0.2304,0.0806,0.1396,0.2323,0.2759,439,0,extracted,0.1644,0.0282,0.1096,0.2537,0.0602,0.1567
24,123,11,874,103,41,41,0.047,21,0,0.6585,0.2657,0.0709,0.1678,0.0505,0.069,0.645,0.2304,0.0806,0.1396,0.2323,0.2759,439,0,extracted,0.2727,0.0465,0.1818,0.2537,0.0602,0.1567
24,123,12,874,103,41,41,0.047,21,0,0.6585,0.2657,0.0709,0.1678,0.0505,0.069,0.645,0.2304,0.0806,0.1396,0.2323,0.2759,439,0,extracted,0.2727,0.0465,0.1818,0.2537,0.0602,0.1567
24,123,13,874,103,41,41,0.047,21,0,0.6585,0.2657,0.0709,0.1678,0.0505,0.069,0.645,0.2304,0.0806,0.1396,0.2323,0.2759,439,0,extracted,0.2727,0.0465,0.1818,0.2537,0.0602,0.1567
24,123,14,874,103,41,41,0.047,21,0,0.6585,0.2657,0.0709,0.1678,0.0505,0.069,0.645,0.2304,0.0806,0.1396,0.2323,0.2759,439,0,extracted,0.2727,0.0465,0.1818,0.2537,0.0602,0.1567
24,123,15,874,103,41,41,0.047,21,0,0.6585,0.2657,0.0709,0.1678,0.0505,0.069,0.645,0.2304,0.0806,0.1396,0.2323,0.2759,439,0,extracted,0.2727,0.0465,0.1818,0.2537,0.0602,0.1567
24,123,16,874,103,41,41,0.047,21,0,0.6585,0.2657,0.0709,0.1678,0.0505,0.069,0.645,0.2304,0.0806,0.1396,0.2323,0.2759,439,0,extracted,0.2727,0.0465,0.1818,0.2537,0.0602,0.1567
24,123,17,874,103,41,41,0.047,21,0,0.6585,0.2657,0.0709,0.1678,0.0505,0.069,0.645,0.2304,0.0806,0.1396,0.2323,0.2759,439,0,extracted,0.2727,0.0465,0.1818,0.2537,0.0602,0.1567
24,123,18,874,103,88,47,0.054,48,0,0.6578,0.3087,0.0816,0.1611,0.0606,0.1379,0.645,0.2304,0.0806,0.1396,0.2323,0.2759,439,0,extracted,0.3596,0.1149,0.2247,0.2537,0.0602,0.1567
24,123,19,874,103,88,47,0.054,48,0,0.6578,0.3087,0.0816,0.1611,0.0606,0.1379,0.645,0.2304,0.0806,0.1396,0.2323,0.2759,439,0,extracted,0.3596,0.1149,0.2247,0.2537,0.0602,0.1567
24,123,20,874,103,88,47,0.054,48,0,0.6578,0.3087,0.0816,0.1611,0.0606,0.1379,0.645,0.2304,0.0806,0.1396,0.2323,0.2759,439,0,extracted,0.3596,0.1149,0.2247,0.2537,0.0602,0.1567
24,123,21,874,103,88,47,0.054,48,0,0.6578,0.3087,0.0816,0.1611,0.0606,0.1379,0.645,0.2304,0.0806,0.1396,0.2323,0.2759,439,0,extracted,0.3596,0.1149,0.2247,0.2537,0.0602,0.1567
24,123,22,874,103,88,47,0.054,48,0,0.6578,0.3087,0.0816,0.1611,0.0606,0.1379,0.645,0.2304,0.0806,0.1396,0.2323,0.2759,439,0,extracted,0.3596,0.1149,0.2247,0.2537,0.0602,0.1567
24,123,23,874,103,88,47,0.054,48,0,0.6578,0.3087,0.0816,0.1611,0.0606,0.1379,0.645,0.2304,0.0806,0.1396,0.2323,0.2759,439,0,extracted,0.3596,0.1149,0.2247,0.2537,0.0602,0.1567
24,123,24,874,103,88,47,0.054,48,0,0.6578,0.3087,0.0816,0.1611,0.0606,0.1379,0.645,0.2304,0.0806,0.1396,0.2323,0.2759,439,0,extracted,0.3596,0.1149,0.2247,0.2537,0.0602,0.1567
24,123,25,874,103,137,73,0.084,69,0,0.6547,0.3771,0.1156,0.2171,0.101,0.1724,0.645,0.2304,0.0806,0.1396,0.2323,0.2759,439,0,extracted,0.4151,0.1538,0.3019,0.2537,0.0602,0.1567
24,123,26,874,103,137,73,0.084,69,0,0.6547,0.3771,0.1156,0.2171,0.101,0.1724,0.645,0.2304,0.0806,0.1396,0.2323,0.2759,439,0,extracted,0.4151,0.1538,0.3019,0.2537,0.0602,0.1567
24,123,27,874,103,137,73,0.084,69,0,0.6547,0.3771,0.1156,0.2171,0.101,0.1724,0.645,0.2304,0.0806,0.1396,0.2323,0.2759,439,0,extracted,0.4151,0.1538,0.3019,0.2537,0.0602,0.1567
24,123,28,874,103,137,73,0.084,69,0,0.6547,0.3771,0.1156,0.2171,0.101,0.1724,0.645,0.2304,0.0806,0.1396,0.2323,0.2759,439,0,extracted,0.4151,0.1538,0.3019,0.2537,0.0602,0.1567
24,123,29,874,103,137,73,0.084,69,0,0.6547,0.3771,0.1156,0.2171,0.101,0.1724,0.645,0.2304,0.0806,0.1396,0.2323,0.2759,439,0,extracted,0.4151,0.1538,0.3019,0.2537,0.0602,0.1567
24,123,30,874,103,137,73,0.084,69,0,0.6547,0.3771,0.1156,0.2171,0.101,0.1724,0.645,0.2304,0.0806,0.1396,0.2323,0.2759,439,0,extracted,0.4151,0.1538,0.3019,0.2537,0.0602,0.1567
24,123,31,874,103,137,73,0.084,69,0,0.6547,0.3771,0.1156,0.2171,0.101,0.1724,0.645,0.2304,0.0806,0.1396,0.2323,0.2759,439,0,extracted,0.4151,0.1538,0.3019,0.2537,0.0602,0.1567
24,123,32,874,103,137,73,0.084,69,0,0.6547,0.3771,0.1156,0.2171,0.101,0.1724,0.645,0.2304,0.0806,0.1396,0.2323,0.2759,439,0,extracted,0.4151,0.1538,0.3019,0.2537,0.0602,0.1567
24,123,33,874,103,169,94,0.108,82,0,0.6569,0.4082,0.1031,0.2245,0.0909,0.1724,0.645,0.2304,0.0806,0.1396,0.2323,0.2759,439,0,extracted,0.4426,0.1333,0.3115,0.2537,0.0602,0.1567
24,123,34,874,103,169,94,0.108,82,0,0.6569,0.4082,0.1031,0.2245,0.0909,0.1724,0.645,0.2304,0.0806,0.1396,0.2323,0.2759,439,0,extracted,0.4426,0.1333,0.3115,0.2537,0.0602,0.1567
24,123,35,874,103,169,94,0.108,82,0,0.6569,0.4082,0.1031,0.2245,0.0909,0.1724,0.645,0.2304,0.0806,0.1396,0.2323,0.2759,439,0,extracted,0.4426,0.1333,0.3115,0.2537,0.0602,0.1567
24,123,36,874,103,169,94,0.108,82,0,0.6569,0.4082,0.1031,0.2245,0.0909,0.1724,0.645,0.2304,0.0806,0.1396,0.2323,0.2759,439,0,extracted,0.4426,0.1333,0.3115,0.2537,0.0602,0.1567
24,123,37,874,103,169,94,0.108,82,0,0.6569,0.4082,0.1031,0.2245,0.0909,0.1724,0.645,0.2304,0.0806,0.1396,0.2323,0.2759,439,0,extracted,0.4426,0.1333,0.3115,0.2537,0.0602,0.1567
24,123,38,874,103,169,94,0.108,82,0,0.6569,0.4082,0.1031,0.2245,0.0909,0.1724,0.645,0.2304,0.0806,0.1396,0.2323,0.2759,439,0,extracted,0.4426,0.1333,0.3115,0.2537,0.0602,0.1567
24,123,39,874,103,169,94,0.108,82,0,0.6569,0.4082,0.1031,0.2245,0.0909,0.1724,0.645,0.2304,0.0806,0.1396,0.2323,0.2759,439,0,extracted,0.4426,0.1333,0.3115,0.2537,0.0602,0.1567
24,123,40,874,103,226,134,0.153,108,0,0.6549,0.3559,0.0855,0.161,0.101,0.1724,0.645,0.2304,0.0806,0.1396,0.2323,0.2759,439,0,extracted,0.3704,0.0301,0.1926,0.2537,0.0602,0.1567
24,123,41,874,103,226,134,0.153,108,0,0.6549,0.3559,0.0855,0.161,0.101,0.1724,0.645,0.2304,0.0806,0.1396,0.2323,0.2759,439,0,extracted,0.3704,0.0301,0.1926,0.2537,0.0602,0.1567
24,123,42,874,103,226,134,0.153,108,0,0.6549,0.3559,0.0855,0.161,0.101,0.1724,0.645,0.2304,0.0806,0.1396,0.2323,0.2759,439,0,extracted,0.3704,0.0301,0.1926,0.2537,0.0602,0.1567
24,123,43,874,103,226,134,0.153,108,0,0.6549,0.3559,0.0855,0.161,0.101,0.1724,0.645,0.2304,0.0806,0.1396,0.2323,0.2759,439,0,extracted,0.3704,0.0301,0.1926,0.2537,0.0602,0.1567
24,123,44,874,103,226,134,0.153,108,0,0.6549,0.3559,0.0855,0.161,0.101,0.1724,0.645,0.2304,0.0806,0.1396,0.2323,0.2759,439,0,extracted,0.3704,0.0301,0.1926,0.2537,0.0602,0.1567
24,123,45,874,103,226,134,0.153,108,0,0.6549,0.3559,0.0855,0.161,0.101,0.1724,0.645,0.2304,0.0806,0.1396,0.2323,0.2759,439,0,extracted,0.3704,0.0301,0.1926,0.2537,0.0602,0.1567
24,123,46,874,103,226,134,0.153,108,0,0.6549,0.3559,0.0855,0.161,0.101,0.1724,0.645,0.2304,0.0806,0.1396,0.2323,0.2759,439,0,extracted,0.3704,0.0301,0.1926,0.2537,0.0602,0.1567
24,123,47,874,103,303,186,0.213,147,0,0.6538,0.3274,0.1075,0.1637,0.1414,0.1724,0.645,0.2304,0.0806,0.1396,0.2323,0.2759,439,0,extracted,0.3662,0.0857,0.2254,0.2537,0.0602,0.1567
24,123,48,874,103,303,186,0.213,147,0,0.6538,0.3274,0.1075,0.1637,0.1414,0.1724,0.645,0.2304,0.0806,0.1396,0.2323,0.2759,439,0,extracted,0.3662,0.0857,0.2254,0.2537,0.0602,0.1567
24,123,49,874,103,303,186,0.213,147,0,0.6538,0.3274,0.1075,0.1637,0.1414,0.1724,0.645,0.2304,0.0806,0.1396,0.2323,0.2759,439,0,extracted,0.3662,0.0857,0.2254,0.2537,0.0602,0.1567
24,123,50,874,103,303,186,0.213,147,0,0.6538,0.3274,0.1075,0.1637,0.1414,0.1724,0.645,0.2304,0.0806,0.1396,0.2323,0.2759,439,0,extracted,0.3662,0.0857,0.2254,0.2537,0.0602,0.1567
24,123,51,874,103,303,186,0.213,147,0,0.6538,0.3274,0.1075,0.1637,0.1414,0.1724,0.645,0.2304,0.0806,0.1396,0.2323,0.2759,439,0,extracted,0.3662,0.0857,0.2254,0.2537,0.0602,0.1567
24,123,52,874,103,303,186,0.213,147,0,0.6538,0.3274,0.1075,0.1637,0.1414,0.1724,0.645,0.2304,0.0806,0.1396,0.2323,0.2759,439,0,extracted,0.3662,0.0857,0.2254,0.2537,0.0602,0.1567
24,123,53,874,103,303,186,0.213,147,0,0.6538,0.3274,0.1075,0.1637,0.1414,0.1724,0.645,0.2304,0.0806,0.1396,0.2323,0.2759,439,0,extracted,0.3662,0.0857,0.2254,0.2537,0.0602,0.1567
24,123,54,874,103,358,215,0.246,181,0,0.6653,0.3281,0.1206,0.1956,0.1818,0.2069,0.645,0.2304,0.0806,0.1396,0.2323,0.2759,439,0,extracted,0.3118,0.087,0.2151,0.2537,0.0602,0.1567
24,123,55,874,103,358,215,0.246,181,0,0.6653,0.3281,0.1206,0.1956,0.1818,0.2069,0.645,0.2304,0.0806,0.1396,0.2323,0.2759,439,0,extracted,0.3118,0.087,0.2151,0.2537,0.0602,0.1567
24,123,56,874,103,358,215,0.246,181,0,0.6653,0.3281,0.1206,0.1956,0.1818,0.2069,0.645,0.2304,0.0806,0.1396,0.2323,0.2759,439,0,extracted,0.3118,0.087,0.2151,0.2537,0.0602,0.1567
24,123,57,874,103,358,215,0.246,181,0,0.6653,0.3281,0.1206,0.1956,0.1818,0.2069,0.645,0.2304,0.0806,0.1396,0.2323,0.2759,439,0,extracted,0.3118,0.087,0.2151,0.2537,0.0602,0.1567
24,123,58,874,103,358,215,0.246,181,0,0.6653,0.3281,0.1206,0.1956,0.1818,0.2069,0.645,0.2304,0.0806,0.1396,0.2323,0.2759,439,0,extracted,0.3118,0.087,0.2151,0.2537,0.0602,0.1567
24,123,59,874,103,358,215,0.246,181,0,0.6653,0.3281,0.1206,0.1956,0.1818,0.2069,0.645,0.2304,0.0806,0.1396,0.2323,0.2759,439,0,extracted,0.3118,0.087,0.2151,0.2537,0.0602,0.1567
24,123,60,874,103,358,215,0.246,181,0,0.6653,0.3281,0.1206,0.1956,0.1818,0.2069,0.645,0.2304,0.0806,0.1396,0.2323,0.2759,439,0,extracted,0.3118,0.087,0.2151,0.2537,0.0602,0.1567
24,123,61,874,103,419,250,0.286,211,0,0.6608,0.3006,0.1163,0.1734,0.1919,0.2414,0.645,0.2304,0.0806,0.1396,0.2323,0.2759,439,0,extracted,0.3021,0.0947,0.2083,0.2537,0.0602,0.1567
24,123,62,874,103,419,250,0.286,211,0,0.6608,0.3006,0.1163,0.1734,0.1919,0.2414,0.645,0.2304,0.0806,0.1396,0.2323,0.2759,439,0,extracted,0.3021,0.0947,0.2083,0.2537,0.0602,0.1567
24,123,63,874,103,419,250,0.286,211,0,0.6608,0.3006,0.1163,0.1734,0.1919,0.2414,0.645,0.2304,0.0806,0.1396,0.2323,0.2759,439,0,extracted,0.3021,0.0947,0.2083,0.2537,0.0602,0.1567
24,123,64,874,103,419,250,0.286,211,0,0.6608,0.3006,0.1163,0.1734,0.1919,0.2414,0.645,0.2304,0.0806,0.1396,0.2323,0.2759,439,0,extracted,0.3021,0.0947,0.2083,0.2537,0.0602,0.1567
24,123,65,874,103,419,250,0.286,211,0,0.6608,0.3006,0.1163,0.1734,0.1919,0.2414,0.645,0.2304,0.0806,0.1396,0.2323,0.2759,439,0,extracted,0.3021,0.0947,0.2083,0.2537,0.0602,0.1567
24,123,66,874,103,419,250,0.286,211,0,0.6608,0.3006,0.1163,0.1734,0.1919,0.2414,0.645,0.2304,0.0806,0.1396,0.2323,0.2759,439,0,extracted,0.3021,0.0947,0.2083,0.2537,0.0602,0.1567
24,123,67,874,103,419,250,0.286,211,0,0.6608,0.3006,0.1163,0.1734,0.1919,0.2414,0.645,0.2304,0.0806,0.1396,0.2323,0.2759,439,0,extracted,0.3021,0.0947,0.2083,0.2537,0.0602,0.1567
24,123,68,874,103,483,275,0.315,243,0,0.6849,0.367,0.1765,0.234,0.3232,0.4483,0.645,0.2304,0.0806,0.1396,0.2323,0.2759,439,0,extracted,0.3451,0.1339,0.2212,0.2537,0.0602,0.1567
24,123,69,874,103,483,275,0.315,243,0,0.6849,0.367,0.1765,0.234,0.3232,0.4483,0.645,0.2304,0.0806,0.1396,0.2323,0.2759,439,0,extracted,0.3451,0.1339,0.2212,0.2537,0.0602,0.1567
24,123,70,874,103,483,275,0.315,243,0,0.6849,0.367,0.1765,0.234,0.3232,0.4483,0.645,0.2304,0.0806,0.1396,0.2323,0.2759,439,0,extracted,0.3451,0.1339,0.2212,0.2537,0.0602,0.1567
24,123,71,874,103,483,275,0.315,243,0,0.6849,0.367,0.1765,0.234,0.3232,0.4483,0.645,0.2304,0.0806,0.1396,0.2323,0.2759,439,0,extracted,0.3451,0.1339,0.2212,0.2537,0.0602,0.1567
24,123,72,874,103,483,275,0.315,243,0,0.6849,0.367,0.1765,0.234,0.3232,0.4483,0.645,0.2304,0.0806,0.1396,0.2323,0.2759,439,0,extracted,0.3451,0.1339,0.2212,0.2537,0.0602,0.1567
24,123,73,874,103,483,275,0.315,243,0,0.6849,0.367,0.1765,0.234,0.3232,0.4483,0.645,0.2304,0.0806,0.1396,0.2323,0.2759,439,0,extracted,0.3451,0.1339,0.2212,0.2537,0.0602,0.1567
24,123,74,874,103,483,275,0.315,243,0,0.6849,0.367,0.1765,0.234,0.3232,0.4483,0.645,0.2304,0.0806,0.1396,0.2323,0.2759,439,0,extracted,0.3451,0.1339,0.2212,0.2537,0.0602,0.1567
24,123,75,874,103,483,275,0.315,243,0,0.6849,0.367,0.1765,0.234,0.3232,0.4483,0.645,0.2304,0.0806,0.1396,0.2323,0.2759,439,0,extracted,0.3451,0.1339,0.2212,0.2537,0.0602,0.1567
24,123,76,874,103,579,340,0.389,288,0,0.6665,0.287,0.107,0.1389,0.2222,0.2069,0.645,0.2304,0.0806,0.1396,0.2323,0.2759,439,0,extracted,0.2691,0.0543,0.1525,0.2537,0.0602,0.1567
24,123,77,874,103,579,340,0.389,288,0,0.6665,0.287,0.107,0.1389,0.2222,0.2069,0.645,0.2304,0.0806,0.1396,0.2323,0.2759,439,0,extracted,0.2691,0.0543,0.1525,0.2537,0.0602,0.1567
24,123,78,874,103,579,340,0.389,288,0,0.6665,0.287,0.107,0.1389,0.2222,0.2069,0.645,0.2304,0.0806,0.1396,0.2323,0.2759,439,0,extracted,0.2691,0.0543,0.1525,0.2537,0.0602,0.1567
24,123,79,874,103,579,340,0.389,288,0,0.6665,0.287,0.107,0.1389,0.2222,0.2069,0.645,0.2304,0.0806,0.1396,0.2323,0.2759,439,0,extracted,0.2691,0.0543,0.1525,0.2537,0.0602,0.1567
24,123,80,874,103,579,340,0.389,288,0,0.6665,0.287,0.107,0.1389,0.2222,0.2069,0.645,0.2304,0.0806,0.1396,0.2323,0.2759,439,0,extracted,0.2691,0.0543,0.1525,0.2537,0.0602,0.1567
24,123,81,874,103,579,340,0.389,288,0,0.6665,0.287,0.107,0.1389,0.2222,0.2069,0.645,0.2304,0.0806,0.1396,0.2323,0.2759,439,0,extracted,0.2691,0.0543,0.1525,0.2537,0.0602,0.1567
24,123,82,874,103,579,340,0.389,288,0,0.6665,0.287,0.107,0.1389,0.2222,0.2069,0.645,0.2304,0.0806,0.1396,0.2323,0.2759,439,0,extracted,0.2691,0.0543,0.1525,0.2537,0.0602,0.1567
24,123,83,874,103,685,406,0.465,334,0,0.6954,0.3195,0.1941,0.1775,0.4848,0.5517,0.645,0.2304,0.0806,0.1396,0.2323,0.2759,439,0,extracted,0.282,0.1254,0.177,0.2537,0.0602,0.1567
24,123,84,874,103,685,406,0.465,334,0,0.6954,0.3195,0.1941,0.1775,0.4848,0.5517,0.645,0.2304,0.0806,0.1396,0.2323,0.2759,439,0,extracted,0.282,0.1254,0.177,0.2537,0.0602,0.1567
24,123,85,874,103,685,406,0.465,334,0,0.6954,0.3195,0.1941,0.1775,0.4848,0.5517,0.645,0.2304,0.0806,0.1396,0.2323,0.2759,439,0,extracted,0.282,0.1254,0.177,0.2537,0.0602,0.1567
24,123,86,874,103,685,406,0.465,334,0,0.6954,0.3195,0.1941,0.1775,0.4848,0.5517,0.645,0.2304,0.0806,0.1396,0.2323,0.2759,439,0,extracted,0.282,0.1254,0.177,0.2537,0.0602,0.1567
24,123,87,874,103,685,406,0.465,334,0,0.6954,0.3195,0.1941,0.1775,0.4848,0.5517,0.645,0.2304,0.0806,0.1396,0.2323,0.2759,439,0,extracted,0.282,0.1254,0.177,0.2537,0.0602,0.1567
24,123,88,874,103,685,406,0.465,334,0,0.6954,0.3195,0.1941,0.1775,0.4848,0.5517,0.645,0.2304,0.0806,0.1396,0.2323,0.2759,439,0,extracted,0.282,0.1254,0.177,0.2537,0.0602,0.1567
24,123,89,874,103,685,406,0.465,334,0,0.6954,0.3195,0.1941,0.1775,0.4848,0.5517,0.645,0.2304,0.0806,0.1396,0.2323,0.2759,439,0,extracted,0.282,0.1254,0.177,0.2537,0.0602,0.1567
24,123,90,874,103,756,434,0.497,372,0,0.6544,0.2201,0.0775,0.1158,0.1919,0.2414,0.645,0.2304,0.0806,0.1396,0.2323,0.2759,439,0,extracted,0.218,0.0606,0.1504,0.2537,0.0602,0.1567
24,123,91,874,103,756,434,0.497,372,0,0.6544,0.2201,0.0775,0.1158,0.1919,0.2414,0.645,0.2304,0.0806,0.1396,0.2323,0.2759,439,0,extracted,0.218,0.0606,0.1504,0.2537,0.0602,0.1567
24,123,92,874,103,756,434,0.497,372,0,0.6544,0.2201,0.0775,0.1158,0.1919,0.2414,0.645,0.2304,0.0806,0.1396,0.2323,0.2759,439,0,extracted,0.218,0.0606,0.1504,0.2537,0.0602,0.1567
24,123,93,874,103,756,434,0.497,372,0,0.6544,0.2201,0.0775,0.1158,0.1919,0.2414,0.645,0.2304,0.0806,0.1396,0.2323,0.2759,439,0,extracted,0.218,0.0606,0.1504,0.2537,0.0602,0.1567
24,123,94,874,103,756,434,0.497,372,0,0.6544,0.2201,0.0775,0.1158,0.1919,0.2414,0.645,0.2304,0.0806,0.1396,0.2323,0.2759,439,0,extracted,0.218,0.0606,0.1504,0.2537,0.0602,0.1567
24,123,95,874,103,756,434,0.497,372,0,0.6544,0.2201,0.0775,0.1158,0.1919,0.2414,0.645,0.2304,0.0806,0.1396,0.2323,0.2759,439,0,extracted,0.218,0.0606,0.1504,0.2537,0.0602,0.1567
24,123,96,874,103,756,434,0.497,372,0,0.6544,0.2201,0.0775,0.1158,0.1919,0.2414,0.645,0.2304,0.0806,0.1396,0.2323,0.2759,439,0,extracted,0.218,0.0606,0.1504,0.2537,0.0602,0.1567
24,123,97,874,103,864,501,0.573,431,0,0.6751,0.2628,0.137,0.1468,0.3939,0.4483,0.645,0.2304,0.0806,0.1396,0.2323,0.2759,439,0,extracted,0.2626,0.1017,0.1616,0.2537,0.0602,0.1567
24,123,98,874,103,864,501,0.573,431,0,0.6751,0.2628,0.137,0.1468,0.3939,0.4483,0.645,0.2304,0.0806,0.1396,0.2323,0.2759,439,0,extracted,0.2626,0.1017,0.1616,0.2537,0.0602,0.1567
24,123,99,874,103,864,501,0.573,431,0,0.6751,0.2628,0.137,0.1468,0.3939,0.4483,0.645,0.2304,0.0806,0.1396,0.2323,0.2759,439,0,extracted,0.2626,0.1017,0.1616,0.2537,0.0602,0.1567
24,123,100,874,103,864,501,0.573,431,0,0.6751,0.2628,0.137,0.1468,0.3939,0.4483,0.645,0.2304,0.0806,0.1396,0.2323,0.2759,439,0,extracted,0.2626,0.1017,0.1616,0.2537,0.0602,0.1567
25,123,1,974,60,30,30,0.031,14,0,0.7009,0.3333,0.1136,0.2889,0.0893,0.1333,0.6731,0.1758,0.0932,0.1028,0.4464,0.5333,481,0,extracted,0.3019,0.0,0.2642,0.1548,0.0479,0.0952
25,123,2,974,60,30,30,0.031,14,0,0.7009,0.3333,0.1136,0.2889,0.0893,0.1333,0.6731,0.1758,0.0932,0.1028,0.4464,0.5333,481,0,extracted,0.3019,0.0,0.2642,0.1548,0.0479,0.0952
25,123,3,974,60,30,30,0.031,14,0,0.7009,0.3333,0.1136,0.2889,0.0893,0.1333,0.6731,0.1758,0.0932,0.1028,0.4464,0.5333,481,0,extracted,0.3019,0.0,0.2642,0.1548,0.0479,0.0952
25,123,4,974,60,30,30,0.031,14,0,0.7009,0.3333,0.1136,0.2889,0.0893,0.1333,0.6731,0.1758,0.0932,0.1028,0.4464,0.5333,481,0,extracted,0.3019,0.0,0.2642,0.1548,0.0479,0.0952
25,123,5,974,60,30,30,0.031,14,0,0.7009,0.3333,0.1136,0.2889,0.0893,0.1333,0.6731,0.1758,0.0932,0.1028,0.4464,0.5333,481,0,extracted,0.3019,0.0,0.2642,0.1548,0.0479,0.0952
25,123,6,974,60,30,30,0.031,14,0,0.7009,0.3333,0.1136,0.2889,0.0893,0.1333,0.6731,0.1758,0.0932,0.1028,0.4464,0.5333,481,0,extracted,0.3019,0.0,0.2642,0.1548,0.0479,0.0952
25,123,7,974,60,30,30,0.031,14,0,0.7009,0.3333,0.1136,0.2889,0.0893,0.1333,0.6731,0.1758,0.0932,0.1028,0.4464,0.5333,481,0,extracted,0.3019,0.0,0.2642,0.1548,0.0479,0.0952
25,123,8,974,60,50,32,0.033,24,0,0.6973,0.3696,0.1333,0.2826,0.1071,0.1333,0.6731,0.1758,0.0932,0.1028,0.4464,0.5333,481,0,extracted,0.2963,0.0,0.2222,0.1548,0.0479,0.0952
25,123,9,974,60,50,32,0.033,24,0,0.6973,0.3696,0.1333,0.2826,0.1071,0.1333,0.6731,0.1758,0.0932,0.1028,0.4464,0.5333,481,0,extracted,0.2963,0.0,0.2222,0.1548,0.0479,0.0952
25,123,10,974,60,50,32,0.033,24,0,0.6973,0.3696,0.1333,0.2826,0.1071,0.1333,0.6731,0.1758,0.0932,0.1028,0.4464,0.5333,481,0,extracted,0.2963,0.0,0.2222,0.1548,0.0479,0.0952
25,123,11,974,60,50,32,0.033,24,0,0.6973,0.3696,0.1333,0.2826,0.1071,0.1333,0.6731,0.1758,0.0932,0.1028,0.4464,0.5333,481,0,extracted,0.2963,0.0,0.2222,0.1548,0.0479,0.0952
25,123,12,974,60,50,32,0.033,24,0,0.6973,0.3696,0.1333,0.2826,0.1071,0.1333,0.6731,0.1758,0.0932,0.1028,0.4464,0.5333,481,0,extracted,0.2963,0.0,0.2222,0.1548,0.0479,0.0952
25,123,13,974,60,50,32,0.033,24,0,0.6973,0.3696,0.1333,0.2826,0.1071,0.1333,0.6731,0.1758,0.0932,0.1028,0.4464,0.5333,481,0,extracted,0.2963,0.0,0.2222,0.1548,0.0479,0.0952
25,123,14,974,60,75,41,0.042,36,0,0.7199,0.3762,0.1616,0.2178,0.1429,0.2667,0.6731,0.1758,0.0932,0.1028,0.4464,0.5333,481,0,extracted,0.3448,0.0357,0.1724,0.1548,0.0479,0.0952
25,123,15,974,60,75,41,0.042,36,0,0.7199,0.3762,0.1616,0.2178,0.1429,0.2667,0.6731,0.1758,0.0932,0.1028,0.4464,0.5333,481,0,extracted,0.3448,0.0357,0.1724,0.1548,0.0479,0.0952
25,123,16,974,60,75,41,0.042,36,0,0.7199,0.3762,0.1616,0.2178,0.1429,0.2667,0.6731,0.1758,0.0932,0.1028,0.4464,0.5333,481,0,extracted,0.3448,0.0357,0.1724,0.1548,0.0479,0.0952
25,123,17,974,60,75,41,0.042,36,0,0.7199,0.3762,0.1616,0.2178,0.1429,0.2667,0.6731,0.1758,0.0932,0.1028,0.4464,0.5333,481,0,extracted,0.3448,0.0357,0.1724,0.1548,0.0479,0.0952
25,123,18,974,60,75,41,0.042,36,0,0.7199,0.3762,0.1616,0.2178,0.1429,0.2667,0.6731,0.1758,0.0932,0.1028,0.4464,0.5333,481,0,extracted,0.3448,0.0357,0.1724,0.1548,0.0479,0.0952
25,123,19,974,60,131,76,0.078,62,0,0.678,0.155,0.0787,0.1395,0.0893,0.1333,0.6731,0.1758,0.0932,0.1028,0.4464,0.5333,481,0,extracted,0.1481,0.0385,0.1481,0.1548,0.0479,0.0952
25,123,20,974,60,131,76,0.078,62,0,0.678,0.155,0.0787,0.1395,0.0893,0.1333,0.6731,0.1758,0.0932,0.1028,0.4464,0.5333,481,0,extracted,0.1481,0.0385,0.1481,0.1548,0.0479,0.0952
25,123,21,974,60,131,76,0.078,62,0,0.678,0.155,0.0787,0.1395,0.0893,0.1333,0.6731,0.1758,0.0932,0.1028,0.4464,0.5333,481,0,extracted,0.1481,0.0385,0.1481,0.1548,0.0479,0.0952
25,123,22,974,60,131,76,0.078,62,0,0.678,0.155,0.0787,0.1395,0.0893,0.1333,0.6731,0.1758,0.0932,0.1028,0.4464,0.5333,481,0,extracted,0.1481,0.0385,0.1481,0.1548,0.0479,0.0952
25,123,23,974,60,131,76,0.078,62,0,0.678,0.155,0.0787,0.1395,0.0893,0.1333,0.6731,0.1758,0.0932,0.1028,0.4464,0.5333,481,0,extracted,0.1481,0.0385,0.1481,0.1548,0.0479,0.0952
25,123,24,974,60,173,96,0.099,84,0,0.7152,0.3046,0.1342,0.2119,0.1786,0.2667,0.6731,0.1758,0.0932,0.1028,0.4464,0.5333,481,0,extracted,0.3014,0.0282,0.1918,0.1548,0.0479,0.0952
25,123,25,974,60,173,96,0.099,84,0,0.7152,0.3046,0.1342,0.2119,0.1786,0.2667,0.6731,0.1758,0.0932,0.1028,0.4464,0.5333,481,0,extracted,0.3014,0.0282,0.1918,0.1548,0.0479,0.0952
25,123,26,974,60,173,96,0.099,84,0,0.7152,0.3046,0.1342,0.2119,0.1786,0.2667,0.6731,0.1758,0.0932,0.1028,0.4464,0.5333,481,0,extracted,0.3014,0.0282,0.1918,0.1548,0.0479,0.0952
25,123,27,974,60,173,96,0.099,84,0,0.7152,0.3046,0.1342,0.2119,0.1786,0.2667,0.6731,0.1758,0.0932,0.1028,0.4464,0.5333,481,0,extracted,0.3014,0.0282,0.1918,0.1548,0.0479,0.0952
25,123,28,974,60,173,96,0.099,84,0,0.7152,0.3046,0.1342,0.2119,0.1786,0.2667,0.6731,0.1758,0.0932,0.1028,0.4464,0.5333,481,0,extracted,0.3014,0.0282,0.1918,0.1548,0.0479,0.0952
25,123,29,974,60,207,94,0.097,102,0,0.6884,0.2685,0.0952,0.2013,0.125,0.2,0.6731,0.1758,0.0932,0.1028,0.4464,0.5333,481,0,extracted,0.3056,0.0,0.2222,0.1548,0.0479,0.0952
25,123,30,974,60,207,94,0.097,102,0,0.6884,0.2685,0.0952,0.2013,0.125,0.2,0.6731,0.1758,0.0932,0.1028,0.4464,0.5333,481,0,extracted,0.3056,0.0,0.2222,0.1548,0.0479,0.0952
25,123,31,974,60,207,94,0.097,102,0,0.6884,0.2685,0.0952,0.2013,0.125,0.2,0.6731,0.1758,0.0932,0.1028,0.4464,0.5333,481,0,extracted,0.3056,0.0,0.2222,0.1548,0.0479,0.0952
25,123,32,974,60,207,94,0.097,102,0,0.6884,0.2685,0.0952,0.2013,0.125,0.2,0.6731,0.1758,0.0932,0.1028,0.4464,0.5333,481,0,extracted,0.3056,0.0,0.2222,0.1548,0.0479,0.0952
25,123,33,974,60,207,94,0.097,102,0,0.6884,0.2685,0.0952,0.2013,0.125,0.2,0.6731,0.1758,0.0932,0.1028,0.4464,0.5333,481,0,extracted,0.3056,0.0,0.2222,0.1548,0.0479,0.0952
25,123,34,974,60,207,94,0.097,102,0,0.6884,0.2685,0.0952,0.2013,0.125,0.2,0.6731,0.1758,0.0932,0.1028,0.4464,0.5333,481,0,extracted,0.3056,0.0,0.2222,0.1548,0.0479,0.0952
25,123,35,974,60,241,148,0.152,115,0,0.6952,0.2956,0.1095,0.1379,0.1607,0.3333,0.6731,0.1758,0.0932,0.1028,0.4464,0.5333,481,0,extracted,0.2804,0.019,0.1495,0.1548,0.0479,0.0952
25,123,36,974,60,241,148,0.152,115,0,0.6952,0.2956,0.1095,0.1379,0.1607,0.3333,0.6731,0.1758,0.0932,0.1028,0.4464,0.5333,481,0,extracted,0.2804,0.019,0.1495,0.1548,0.0479,0.0952
25,123,37,974,60,241,148,0.152,115,0,0.6952,0.2956,0.1095,0.1379,0.1607,0.3333,0.6731,0.1758,0.0932,0.1028,0.4464,0.5333,481,0,extracted,0.2804,0.019,0.1495,0.1548,0.0479,0.0952
25,123,38,974,60,241,148,0.152,115,0,0.6952,0.2956,0.1095,0.1379,0.1607,0.3333,0.6731,0.1758,0.0932,0.1028,0.4464,0.5333,481,0,extracted,0.2804,0.019,0.1495,0.1548,0.0479,0.0952
25,123,39,974,60,241,148,0.152,115,0,0.6952,0.2956,0.1095,0.1379,0.1607,0.3333,0.6731,0.1758,0.0932,0.1028,0.4464,0.5333,481,0,extracted,0.2804,0.019,0.1495,0.1548,0.0479,0.0952
25,123,40,974,60,272,172,0.177,129,0,0.6942,0.2222,0.0538,0.1422,0.1071,0.2667,0.6731,0.1758,0.0932,0.1028,0.4464,0.5333,481,0,extracted,0.2301,0.0,0.1416,0.1548,0.0479,0.0952
25,123,41,974,60,272,172,0.177,129,0,0.6942,0.2222,0.0538,0.1422,0.1071,0.2667,0.6731,0.1758,0.0932,0.1028,0.4464,0.5333,481,0,extracted,0.2301,0.0,0.1416,0.1548,0.0479,0.0952
25,123,42,974,60,272,172,0.177,129,0,0.6942,0.2222,0.0538,0.1422,0.1071,0.2667,0.6731,0.1758,0.0932,0.1028,0.4464,0.5333,481,0,extracted,0.2301,0.0,0.1416,0.1548,0.0479,0.0952
25,123,43,974,60,272,172,0.177,129,0,0.6942,0.2222,0.0538,0.1422,0.1071,0.2667,0.6731,0.1758,0.0932,0.1028,0.4464,0.5333,481,0,extracted,0.2301,0.0,0.1416,0.1548,0.0479,0.0952
25,123,44,974,60,272,172,0.177,129,0,0.6942,0.2222,0.0538,0.1422,0.1071,0.2667,0.6731,0.1758,0.0932,0.1028,0.4464,0.5333,481,0,extracted,0.2301,0.0,0.1416,0.1548,0.0479,0.0952
25,123,45,974,60,315,183,0.188,150,0,0.6907,0.2373,0.0855,0.1441,0.1786,0.4,0.6731,0.1758,0.0932,0.1028,0.4464,0.5333,481,0,extracted,0.2645,0.0336,0.1653,0.1548,0.0479,0.0952
25,123,46,974,60,315,183,0.188,150,0,0.6907,0.2373,0.0855,0.1441,0.1786,0.4,0.6731,0.1758,0.0932,0.1028,0.4464,0.5333,481,0,extracted,0.2645,0.0336,0.1653,0.1548,0.0479,0.0952
25,123,47,974,60,315,183,0.188,150,0,0.6907,0.2373,0.0855,0.1441,0.1786,0.4,0.6731,0.1758,0.0932,0.1028,0.4464,0.5333,481,0,extracted,0.2645,0.0336,0.1653,0.1548,0.0479,0.0952
25,123,48,974,60,315,183,0.188,150,0,0.6907,0.2373,0.0855,0.1441,0.1786,0.4,0.6731,0.1758,0.0932,0.1028,0.4464,0.5333,481,0,extracted,0.2645,0.0336,0.1653,0.1548,0.0479,0.0952
25,123,49,974,60,315,183,0.188,150,0,0.6907,0.2373,0.0855,0.1441,0.1786,0.4,0.6731,0.1758,0.0932,0.1028,0.4464,0.5333,481,0,extracted,0.2645,0.0336,0.1653,0.1548,0.0479,0.0952
25,123,50,974,60,365,211,0.217,171,0,0.6664,0.2435,0.052,0.155,0.125,0.3333,0.6731,0.1758,0.0932,0.1028,0.4464,0.5333,481,0,extracted,0.2209,0.0,0.1628,0.1548,0.0479,0.0952
25,123,51,974,60,365,211,0.217,171,0,0.6664,0.2435,0.052,0.155,0.125,0.3333,0.6731,0.1758,0.0932,0.1028,0.4464,0.5333,481,0,extracted,0.2209,0.0,0.1628,0.1548,0.0479,0.0952
25,123,52,974,60,365,211,0.217,171,0,0.6664,0.2435,0.052,0.155,0.125,0.3333,0.6731,0.1758,0.0932,0.1028,0.4464,0.5333,481,0,extracted,0.2209,0.0,0.1628,0.1548,0.0479,0.0952
25,123,53,974,60,365,211,0.217,171,0,0.6664,0.2435,0.052,0.155,0.125,0.3333,0.6731,0.1758,0.0932,0.1028,0.4464,0.5333,481,0,extracted,0.2209,0.0,0.1628,0.1548,0.0479,0.0952
25,123,54,974,60,365,211,0.217,171,0,0.6664,0.2435,0.052,0.155,0.125,0.3333,0.6731,0.1758,0.0932,0.1028,0.4464,0.5333,481,0,extracted,0.2209,0.0,0.1628,0.1548,0.0479,0.0952
25,123,55,974,60,365,211,0.217,171,0,0.6664,0.2435,0.052,0.155,0.125,0.3333,0.6731,0.1758,0.0932,0.1028,0.4464,0.5333,481,0,extracted,0.2209,0.0,0.1628,0.1548,0.0479,0.0952
25,123,56,974,60,411,242,0.248,194,0,0.6846,0.2441,0.0546,0.1356,0.1071,0.2,0.6731,0.1758,0.0932,0.1028,0.4464,0.5333,481,0,extracted,0.2222,0.0125,0.1605,0.1548,0.0479,0.0952
25,123,57,974,60,411,242,0.248,194,0,0.6846,0.2441,0.0546,0.1356,0.1071,0.2,0.6731,0.1758,0.0932,0.1028,0.4464,0.5333,481,0,extracted,0.2222,0.0125,0.1605,0.1548,0.0479,0.0952
25,123,58,974,60,411,242,0.248,194,0,0.6846,0.2441,0.0546,0.1356,0.1071,0.2,0.6731,0.1758,0.0932,0.1028,0.4464,0.5333,481,0,extracted,0.2222,0.0125,0.1605,0.1548,0.0479,0.0952
25,123,59,974,60,411,242,0.248,194,0,0.6846,0.2441,0.0546,0.1356,0.1071,0.2,0.6731,0.1758,0.0932,0.1028,0.4464,0.5333,481,0,extracted,0.2222,0.0125,0.1605,0.1548,0.0479,0.0952
25,123,60,974,60,411,242,0.248,194,0,0.6846,0.2441,0.0546,0.1356,0.1071,0.2,0.6731,0.1758,0.0932,0.1028,0.4464,0.5333,481,0,extracted,0.2222,0.0125,0.1605,0.1548,0.0479,0.0952
25,123,61,974,60,470,280,0.287,222,0,0.7028,0.2583,0.0967,0.1502,0.2857,0.4,0.6731,0.1758,0.0932,0.1028,0.4464,0.5333,481,0,extracted,0.2346,0.0339,0.1564,0.1548,0.0479,0.0952
25,123,62,974,60,470,280,0.287,222,0,0.7028,0.2583,0.0967,0.1502,0.2857,0.4,0.6731,0.1758,0.0932,0.1028,0.4464,0.5333,481,0,extracted,0.2346,0.0339,0.1564,0.1548,0.0479,0.0952
25,123,63,974,60,470,280,0.287,222,0,0.7028,0.2583,0.0967,0.1502,0.2857,0.4,0.6731,0.1758,0.0932,0.1028,0.4464,0.5333,481,0,extracted,0.2346,0.0339,0.1564,0.1548,0.0479,0.0952
25,123,64,974,60,470,280,0.287,222,0,0.7028,0.2583,0.0967,0.1502,0.2857,0.4,0.6731,0.1758,0.0932,0.1028,0.4464,0.5333,481,0,extracted,0.2346,0.0339,0.1564,0.1548,0.0479,0.0952
25,123,65,974,60,470,280,0.287,222,0,0.7028,0.2583,0.0967,0.1502,0.2857,0.4,0.6731,0.1758,0.0932,0.1028,0.4464,0.5333,481,0,extracted,0.2346,0.0339,0.1564,0.1548,0.0479,0.0952
25,123,66,974,60,535,321,0.33,253,0,0.6922,0.2406,0.0968,0.1497,0.2857,0.4,0.6731,0.1758,0.0932,0.1028,0.4464,0.5333,481,0,extracted,0.2019,0.0388,0.1442,0.1548,0.0479,0.0952
25,123,67,974,60,535,321,0.33,253,0,0.6922,0.2406,0.0968,0.1497,0.2857,0.4,0.6731,0.1758,0.0932,0.1028,0.4464,0.5333,481,0,extracted,0.2019,0.0388,0.1442,0.1548,0.0479,0.0952
25,123,68,974,60,535,321,0.33,253,0,0.6922,0.2406,0.0968,0.1497,0.2857,0.4,0.6731,0.1758,0.0932,0.1028,0.4464,0.5333,481,0,extracted,0.2019,0.0388,0.1442,0.1548,0.0479,0.0952
25,123,69,974,60,535,321,0.33,253,0,0.6922,0.2406,0.0968,0.1497,0.2857,0.4,0.6731,0.1758,0.0932,0.1028,0.4464,0.5333,481,0,extracted,0.2019,0.0388,0.1442,0.1548,0.0479,0.0952
25,123,70,974,60,535,321,0.33,253,0,0.6922,0.2406,0.0968,0.1497,0.2857,0.4,0.6731,0.1758,0.0932,0.1028,0.4464,0.5333,481,0,extracted,0.2019,0.0388,0.1442,0.1548,0.0479,0.0952
25,123,71,974,60,535,321,0.33,253,0,0.6922,0.2406,0.0968,0.1497,0.2857,0.4,0.6731,0.1758,0.0932,0.1028,0.4464,0.5333,481,0,extracted,0.2019,0.0388,0.1442,0.1548,0.0479,0.0952
25,123,72,974,60,585,347,0.356,281,0,0.6989,0.2356,0.1108,0.1504,0.3571,0.4667,0.6731,0.1758,0.0932,0.1028,0.4464,0.5333,481,0,extracted,0.1982,0.0636,0.1441,0.1548,0.0479,0.0952
25,123,73,974,60,585,347,0.356,281,0,0.6989,0.2356,0.1108,0.1504,0.3571,0.4667,0.6731,0.1758,0.0932,0.1028,0.4464,0.5333,481,0,extracted,0.1982,0.0636,0.1441,0.1548,0.0479,0.0952
25,123,74,974,60,585,347,0.356,281,0,0.6989,0.2356,0.1108,0.1504,0.3571,0.4667,0.6731,0.1758,0.0932,0.1028,0.4464,0.5333,481,0,extracted,0.1982,0.0636,0.1441,0.1548,0.0479,0.0952
25,123,75,974,60,585,347,0.356,281,0,0.6989,0.2356,0.1108,0.1504,0.3571,0.4667,0.6731,0.1758,0.0932,0.1028,0.4464,0.5333,481,0,extracted,0.1982,0.0636,0.1441,0.1548,0.0479,0.0952
25,123,76,974,60,585,347,0.356,281,0,0.6989,0.2356,0.1108,0.1504,0.3571,0.4667,0.6731,0.1758,0.0932,0.1028,0.4464,0.5333,481,0,extracted,0.1982,0.0636,0.1441,0.1548,0.0479,0.0952
25,123,77,974,60,648,385,0.395,310,0,0.692,0.2067,0.0903,0.1303,0.3214,0.4,0.6731,0.1758,0.0932,0.1028,0.4464,0.5333,481,0,extracted,0.1583,0.0362,0.1079,0.1548,0.0479,0.0952
25,123,78,974,60,648,385,0.395,310,0,0.692,0.2067,0.0903,0.1303,0.3214,0.4,0.6731,0.1758,0.0932,0.1028,0.4464,0.5333,481,0,extracted,0.1583,0.0362,0.1079,0.1548,0.0479,0.0952
25,123,79,974,60,648,385,0.395,310,0,0.692,0.2067,0.0903,0.1303,0.3214,0.4,0.6731,0.1758,0.0932,0.1028,0.4464,0.5333,481,0,extracted,0.1583,0.0362,0.1079,0.1548,0.0479,0.0952
25,123,80,974,60,648,385,0.395,310,0,0.692,0.2067,0.0903,0.1303,0.3214,0.4,0.6731,0.1758,0.0932,0.1028,0.4464,0.5333,481,0,extracted,0.1583,0.0362,0.1079,0.1548,0.0479,0.0952
25,123,81,974,60,648,385,0.395,310,0,0.692,0.2067,0.0903,0.1303,0.3214,0.4,0.6731,0.1758,0.0932,0.1028,0.4464,0.5333,481,0,extracted,0.1583,0.0362,0.1079,0.1548,0.0479,0.0952
25,123,82,974,60,731,437,0.449,350,0,0.6923,0.1935,0.0891,0.1129,0.3571,0.4667,0.6731,0.1758,0.0932,0.1028,0.4464,0.5333,481,0,extracted,0.1554,0.0272,0.1081,0.1548,0.0479,0.0952
25,123,83,974,60,731,437,0.449,350,0,0.6923,0.1935,0.0891,0.1129,0.3571,0.4667,0.6731,0.1758,0.0932,0.1028,0.4464,0.5333,481,0,extracted,0.1554,0.0272,0.1081,0.1548,0.0479,0.0952
25,123,84,974,60,731,437,0.449,350,0,0.6923,0.1935,0.0891,0.1129,0.3571,0.4667,0.6731,0.1758,0.0932,0.1028,0.4464,0.5333,481,0,extracted,0.1554,0.0272,0.1081,0.1548,0.0479,0.0952
25,123,85,974,60,731,437,0.449,350,0,0.6923,0.1935,0.0891,0.1129,0.3571,0.4667,0.6731,0.1758,0.0932,0.1028,0.4464,0.5333,481,0,extracted,0.1554,0.0272,0.1081,0.1548,0.0479,0.0952
25,123,86,974,60,731,437,0.449,350,0,0.6923,0.1935,0.0891,0.1129,0.3571,0.4667,0.6731,0.1758,0.0932,0.1028,0.4464,0.5333,481,0,extracted,0.1554,0.0272,0.1081,0.1548,0.0479,0.0952
25,123,87,974,60,779,452,0.464,373,0,0.7007,0.202,0.1193,0.1188,0.4821,0.6,0.6731,0.1758,0.0932,0.1028,0.4464,0.5333,481,0,extracted,0.1884,0.0657,0.1159,0.1548,0.0479,0.0952
25,123,88,974,60,779,452,0.464,373,0,0.7007,0.202,0.1193,0.1188,0.4821,0.6,0.6731,0.1758,0.0932,0.1028,0.4464,0.5333,481,0,extracted,0.1884,0.0657,0.1159,0.1548,0.0479,0.0952
25,123,89,974,60,779,452,0.464,373,0,0.7007,0.202,0.1193,0.1188,0.4821,0.6,0.6731,0.1758,0.0932,0.1028,0.4464,0.5333,481,0,extracted,0.1884,0.0657,0.1159,0.1548,0.0479,0.0952
25,123,90,974,60,779,452,0.464,373,0,0.7007,0.202,0.1193,0.1188,0.4821,0.6,0.6731,0.1758,0.0932,0.1028,0.4464,0.5333,481,0,extracted,0.1884,0.0657,0.1159,0.1548,0.0479,0.0952
25,123,91,974,60,779,452,0.464,373,0,0.7007,0.202,0.1193,0.1188,0.4821,0.6,0.6731,0.1758,0.0932,0.1028,0.4464,0.5333,481,0,extracted,0.1884,0.0657,0.1159,0.1548,0.0479,0.0952
25,123,92,974,60,779,452,0.464,373,0,0.7007,0.202,0.1193,0.1188,0.4821,0.6,0.6731,0.1758,0.0932,0.1028,0.4464,0.5333,481,0,extracted,0.1884,0.0657,0.1159,0.1548,0.0479,0.0952
25,123,93,974,60,854,506,0.52,412,0,0.6829,0.1871,0.0866,0.1079,0.3929,0.4667,0.6731,0.1758,0.0932,0.1028,0.4464,0.5333,481,0,extracted,0.1558,0.0392,0.1169,0.1548,0.0479,0.0952
25,123,94,974,60,854,506,0.52,412,0,0.6829,0.1871,0.0866,0.1079,0.3929,0.4667,0.6731,0.1758,0.0932,0.1028,0.4464,0.5333,481,0,extracted,0.1558,0.0392,0.1169,0.1548,0.0479,0.0952
25,123,95,974,60,854,506,0.52,412,0,0.6829,0.1871,0.0866,0.1079,0.3929,0.4667,0.6731,0.1758,0.0932,0.1028,0.4464,0.5333,481,0,extracted,0.1558,0.0392,0.1169,0.1548,0.0479,0.0952
25,123,96,974,60,854,506,0.52,412,0,0.6829,0.1871,0.0866,0.1079,0.3929,0.4667,0.6731,0.1758,0.0932,0.1028,0.4464,0.5333,481,0,extracted,0.1558,0.0392,0.1169,0.1548,0.0479,0.0952
25,123,97,974,60,854,506,0.52,412,0,0.6829,0.1871,0.0866,0.1079,0.3929,0.4667,0.6731,0.1758,0.0932,0.1028,0.4464,0.5333,481,0,extracted,0.1558,0.0392,0.1169,0.1548,0.0479,0.0952
25,123,98,974,60,961,537,0.551,469,0,0.684,0.1806,0.0923,0.1158,0.4286,0.5333,0.6731,0.1758,0.0932,0.1028,0.4464,0.5333,481,0,extracted,0.1571,0.0486,0.1088,0.1548,0.0479,0.0952
25,123,99,974,60,961,537,0.551,469,0,0.684,0.1806,0.0923,0.1158,0.4286,0.5333,0.6731,0.1758,0.0932,0.1028,0.4464,0.5333,481,0,extracted,0.1571,0.0486,0.1088,0.1548,0.0479,0.0952
25,123,100,974,60,961,537,0.551,469,0,0.684,0.1806,0.0923,0.1158,0.4286,0.5333,0.6731,0.1758,0.0932,0.1028,0.4464,0.5333,481,0,extracted,0.1571,0.0486,0.1088,0.1548,0.0479,0.0952
26,123,1,874,86,19,22,0.025,11,0,0.6295,0.1852,0.0377,0.1111,0.0263,0.0357,0.6511,0.2027,0.0678,0.1081,0.2237,0.3214,408,0,extracted,0.1351,0.0278,0.1081,0.1977,0.0526,0.1163
26,123,2,874,86,19,22,0.025,11,0,0.6295,0.1852,0.0377,0.1111,0.0263,0.0357,0.6511,0.2027,0.0678,0.1081,0.2237,0.3214,408,0,extracted,0.1351,0.0278,0.1081,0.1977,0.0526,0.1163
26,123,3,874,86,19,22,0.025,11,0,0.6295,0.1852,0.0377,0.1111,0.0263,0.0357,0.6511,0.2027,0.0678,0.1081,0.2237,0.3214,408,0,extracted,0.1351,0.0278,0.1081,0.1977,0.0526,0.1163
26,123,4,874,86,19,22,0.025,11,0,0.6295,0.1852,0.0377,0.1111,0.0263,0.0357,0.6511,0.2027,0.0678,0.1081,0.2237,0.3214,408,0,extracted,0.1351,0.0278,0.1081,0.1977,0.0526,0.1163
26,123,5,874,86,19,22,0.025,11,0,0.6295,0.1852,0.0377,0.1111,0.0263,0.0357,0.6511,0.2027,0.0678,0.1081,0.2237,0.3214,408,0,extracted,0.1351,0.0278,0.1081,0.1977,0.0526,0.1163
26,123,6,874,86,19,22,0.025,11,0,0.6295,0.1852,0.0377,0.1111,0.0263,0.0357,0.6511,0.2027,0.0678,0.1081,0.2237,0.3214,408,0,extracted,0.1351,0.0278,0.1081,0.1977,0.0526,0.1163
26,123,7,874,86,19,22,0.025,11,0,0.6295,0.1852,0.0377,0.1111,0.0263,0.0357,0.6511,0.2027,0.0678,0.1081,0.2237,0.3214,408,0,extracted,0.1351,0.0278,0.1081,0.1977,0.0526,0.1163
26,123,8,874,86,38,38,0.043,17,0,0.6671,0.2903,0.0656,0.1774,0.0526,0.0714,0.6511,0.2027,0.0678,0.1081,0.2237,0.3214,408,0,extracted,0.1882,0.0241,0.1412,0.1977,0.0526,0.1163
26,123,9,874,86,38,38,0.043,17,0,0.6671,0.2903,0.0656,0.1774,0.0526,0.0714,0.6511,0.2027,0.0678,0.1081,0.2237,0.3214,408,0,extracted,0.1882,0.0241,0.1412,0.1977,0.0526,0.1163
26,123,10,874,86,38,38,0.043,17,0,0.6671,0.2903,0.0656,0.1774,0.0526,0.0714,0.6511,0.2027,0.0678,0.1081,0.2237,0.3214,408,0,extracted,0.1882,0.0241,0.1412,0.1977,0.0526,0.1163
26,123,11,874,86,38,38,0.043,17,0,0.6671,0.2903,0.0656,0.1774,0.0526,0.0714,0.6511,0.2027,0.0678,0.1081,0.2237,0.3214,408,0,extracted,0.1882,0.0241,0.1412,0.1977,0.0526,0.1163
26,123,12,874,86,38,38,0.043,17,0,0.6671,0.2903,0.0656,0.1774,0.0526,0.0714,0.6511,0.2027,0.0678,0.1081,0.2237,0.3214,408,0,extracted,0.1882,0.0241,0.1412,0.1977,0.0526,0.1163
26,123,13,874,86,38,38,0.043,17,0,0.6671,0.2903,0.0656,0.1774,0.0526,0.0714,0.6511,0.2027,0.0678,0.1081,0.2237,0.3214,408,0,extracted,0.1882,0.0241,0.1412,0.1977,0.0526,0.1163
26,123,14,874,86,55,46,0.053,26,0,0.6545,0.3333,0.0769,0.1515,0.0658,0.1071,0.6511,0.2027,0.0678,0.1081,0.2237,0.3214,408,0,extracted,0.2198,0.0225,0.1319,0.1977,0.0526,0.1163
26,123,15,874,86,55,46,0.053,26,0,0.6545,0.3333,0.0769,0.1515,0.0658,0.1071,0.6511,0.2027,0.0678,0.1081,0.2237,0.3214,408,0,extracted,0.2198,0.0225,0.1319,0.1977,0.0526,0.1163
26,123,16,874,86,55,46,0.053,26,0,0.6545,0.3333,0.0769,0.1515,0.0658,0.1071,0.6511,0.2027,0.0678,0.1081,0.2237,0.3214,408,0,extracted,0.2198,0.0225,0.1319,0.1977,0.0526,0.1163
26,123,17,874,86,55,46,0.053,26,0,0.6545,0.3333,0.0769,0.1515,0.0658,0.1071,0.6511,0.2027,0.0678,0.1081,0.2237,0.3214,408,0,extracted,0.2198,0.0225,0.1319,0.1977,0.0526,0.1163
26,123,18,874,86,55,46,0.053,26,0,0.6545,0.3333,0.0769,0.1515,0.0658,0.1071,0.6511,0.2027,0.0678,0.1081,0.2237,0.3214,408,0,extracted,0.2198,0.0225,0.1319,0.1977,0.0526,0.1163
26,123,19,874,86,96,59,0.068,46,0,0.6575,0.3172,0.0699,0.1793,0.0658,0.1071,0.6511,0.2027,0.0678,0.1081,0.2237,0.3214,408,0,extracted,0.24,0.0204,0.16,0.1977,0.0526,0.1163
26,123,20,874,86,96,59,0.068,46,0,0.6575,0.3172,0.0699,0.1793,0.0658,0.1071,0.6511,0.2027,0.0678,0.1081,0.2237,0.3214,408,0,extracted,0.24,0.0204,0.16,0.1977,0.0526,0.1163
26,123,21,874,86,96,59,0.068,46,0,0.6575,0.3172,0.0699,0.1793,0.0658,0.1071,0.6511,0.2027,0.0678,0.1081,0.2237,0.3214,408,0,extracted,0.24,0.0204,0.16,0.1977,0.0526,0.1163
26,123,22,874,86,96,59,0.068,46,0,0.6575,0.3172,0.0699,0.1793,0.0658,0.1071,0.6511,0.2027,0.0678,0.1081,0.2237,0.3214,408,0,extracted,0.24,0.0204,0.16,0.1977,0.0526,0.1163
26,123,23,874,86,96,59,0.068,46,0,0.6575,0.3172,0.0699,0.1793,0.0658,0.1071,0.6511,0.2027,0.0678,0.1081,0.2237,0.3214,408,0,extracted,0.24,0.0204,0.16,0.1977,0.0526,0.1163
26,123,24,874,86,132,73,0.084,63,0,0.6202,0.3019,0.0764,0.1635,0.0789,0.1786,0.6511,0.2027,0.0678,0.1081,0.2237,0.3214,408,0,extracted,0.2727,0.0556,0.1636,0.1977,0.0526,0.1163
26,123,25,874,86,132,73,0.084,63,0,0.6202,0.3019,0.0764,0.1635,0.0789,0.1786,0.6511,0.2027,0.0678,0.1081,0.2237,0.3214,408,0,extracted,0.2727,0.0556,0.1636,0.1977,0.0526,0.1163
26,123,26,874,86,132,73,0.084,63,0,0.6202,0.3019,0.0764,0.1635,0.0789,0.1786,0.6511,0.2027,0.0678,0.1081,0.2237,0.3214,408,0,extracted,0.2727,0.0556,0.1636,0.1977,0.0526,0.1163
26,123,27,874,86,132,73,0.084,63,0,0.6202,0.3019,0.0764,0.1635,0.0789,0.1786,0.6511,0.2027,0.0678,0.1081,0.2237,0.3214,408,0,extracted,0.2727,0.0556,0.1636,0.1977,0.0526,0.1163
26,123,28,874,86,132,73,0.084,63,0,0.6202,0.3019,0.0764,0.1635,0.0789,0.1786,0.6511,0.2027,0.0678,0.1081,0.2237,0.3214,408,0,extracted,0.2727,0.0556,0.1636,0.1977,0.0526,0.1163
26,123,29,874,86,187,105,0.12,88,0,0.62,0.2842,0.0638,0.1579,0.0789,0.1786,0.6511,0.2027,0.0678,0.1081,0.2237,0.3214,408,0,extracted,0.25,0.0476,0.1562,0.1977,0.0526,0.1163
26,123,30,874,86,187,105,0.12,88,0,0.62,0.2842,0.0638,0.1579,0.0789,0.1786,0.6511,0.2027,0.0678,0.1081,0.2237,0.3214,408,0,extracted,0.25,0.0476,0.1562,0.1977,0.0526,0.1163
26,123,31,874,86,187,105,0.12,88,0,0.62,0.2842,0.0638,0.1579,0.0789,0.1786,0.6511,0.2027,0.0678,0.1081,0.2237,0.3214,408,0,extracted,0.25,0.0476,0.1562,0.1977,0.0526,0.1163
26,123,32,874,86,187,105,0.12,88,0,0.62,0.2842,0.0638,0.1579,0.0789,0.1786,0.6511,0.2027,0.0678,0.1081,0.2237,0.3214,408,0,extracted,0.25,0.0476,0.1562,0.1977,0.0526,0.1163
26,123,33,874,86,187,105,0.12,88,0,0.62,0.2842,0.0638,0.1579,0.0789,0.1786,0.6511,0.2027,0.0678,0.1081,0.2237,0.3214,408,0,extracted,0.25,0.0476,0.1562,0.1977,0.0526,0.1163
26,123,34,874,86,187,105,0.12,88,0,0.62,0.2842,0.0638,0.1579,0.0789,0.1786,0.6511,0.2027,0.0678,0.1081,0.2237,0.3214,408,0,extracted,0.25,0.0476,0.1562,0.1977,0.0526,0.1163
26,123,35,874,86,237,143,0.164,108,0,0.6251,0.2818,0.0826,0.1545,0.1053,0.1786,0.6511,0.2027,0.0678,0.1081,0.2237,0.3214,408,0,extracted,0.2362,0.048,0.1575,0.1977,0.0526,0.1163
26,123,36,874,86,237,143,0.164,108,0,0.6251,0.2818,0.0826,0.1545,0.1053,0.1786,0.6511,0.2027,0.0678,0.1081,0.2237,0.3214,408,0,extracted,0.2362,0.048,0.1575,0.1977,0.0526,0.1163
26,123,37,874,86,237,143,0.164,108,0,0.6251,0.2818,0.0826,0.1545,0.1053,0.1786,0.6511,0.2027,0.0678,0.1081,0.2237,0.3214,408,0,extracted,0.2362,0.048,0.1575,0.1977,0.0526,0.1163
26,123,38,874,86,237,143,0.164,108,0,0.6251,0.2818,0.0826,0.1545,0.1053,0.1786,0.6511,0.2027,0.0678,0.1081,0.2237,0.3214,408,0,extracted,0.2362,0.048,0.1575,0.1977,0.0526,0.1163
26,123,39,874,86,237,143,0.164,108,0,0.6251,0.2818,0.0826,0.1545,0.1053,0.1786,0.6511,0.2027,0.0678,0.1081,0.2237,0.3214,408,0,extracted,0.2362,0.048,0.1575,0.1977,0.0526,0.1163
26,123,40,874,86,267,174,0.199,119,0,0.6602,0.3267,0.1044,0.1514,0.1579,0.2143,0.6511,0.2027,0.0678,0.1081,0.2237,0.3214,408,0,extracted,0.2993,0.069,0.1769,0.1977,0.0526,0.1163
26,123,41,874,86,267,174,0.199,119,0,0.6602,0.3267,0.1044,0.1514,0.1579,0.2143,0.6511,0.2027,0.0678,0.1081,0.2237,0.3214,408,0,extracted,0.2993,0.069,0.1769,0.1977,0.0526,0.1163
26,123,42,874,86,267,174,0.199,119,0,0.6602,0.3267,0.1044,0.1514,0.1579,0.2143,0.6511,0.2027,0.0678,0.1081,0.2237,0.3214,408,0,extracted,0.2993,0.069,0.1769,0.1977,0.0526,0.1163
26,123,43,874,86,267,174,0.199,119,0,0.6602,0.3267,0.1044,0.1514,0.1579,0.2143,0.6511,0.2027,0.0678,0.1081,0.2237,0.3214,408,0,extracted,0.2993,0.069,0.1769,0.1977,0.0526,0.1163
26,123,44,874,86,267,174,0.199,119,0,0.6602,0.3267,0.1044,0.1514,0.1579,0.2143,0.6511,0.2027,0.0678,0.1081,0.2237,0.3214,408,0,extracted,0.2993,0.069,0.1769,0.1977,0.0526,0.1163
26,123,45,874,86,311,193,0.221,142,0,0.6588,0.3037,0.097,0.163,0.1579,0.2143,0.6511,0.2027,0.0678,0.1081,0.2237,0.3214,408,0,extracted,0.275,0.0633,0.175,0.1977,0.0526,0.1163
26,123,46,874,86,311,193,0.221,142,0,0.6588,0.3037,0.097,0.163,0.1579,0.2143,0.6511,0.2027,0.0678,0.1081,0.2237,0.3214,408,0,extracted,0.275,0.0633,0.175,0.1977,0.0526,0.1163
26,123,47,874,86,311,193,0.221,142,0,0.6588,0.3037,0.097,0.163,0.1579,0.2143,0.6511,0.2027,0.0678,0.1081,0.2237,0.3214,408,0,extracted,0.275,0.0633,0.175,0.1977,0.0526,0.1163
26,123,48,874,86,311,193,0.221,142,0,0.6588,0.3037,0.097,0.163,0.1579,0.2143,0.6511,0.2027,0.0678,0.1081,0.2237,0.3214,408,0,extracted,0.275,0.0633,0.175,0.1977,0.0526,0.1163
26,123,49,874,86,311,193,0.221,142,0,0.6588,0.3037,0.097,0.163,0.1579,0.2143,0.6511,0.2027,0.0678,0.1081,0.2237,0.3214,408,0,extracted,0.275,0.0633,0.175,0.1977,0.0526,0.1163
26,123,50,874,86,350,203,0.232,161,0,0.6299,0.2491,0.0627,0.1315,0.1184,0.2143,0.6511,0.2027,0.0678,0.1081,0.2237,0.3214,408,0,extracted,0.2094,0.0423,0.1466,0.1977,0.0526,0.1163
26,123,51,874,86,350,203,0.232,161,0,0.6299,0.2491,0.0627,0.1315,0.1184,0.2143,0.6511,0.2027,0.0678,0.1081,0.2237,0.3214,408,0,extracted,0.2094,0.0423,0.1466,0.1977,0.0526,0.1163
26,123,52,874,86,350,203,0.232,161,0,0.6299,0.2491,0.0627,0.1315,0.1184,0.2143,0.6511,0.2027,0.0678,0.1081,0.2237,0.3214,408,0,extracted,0.2094,0.0423,0.1466,0.1977,0.0526,0.1163
26,123,53,874,86,350,203,0.232,161,0,0.6299,0.2491,0.0627,0.1315,0.1184,0.2143,0.6511,0.2027,0.0678,0.1081,0.2237,0.3214,408,0,extracted,0.2094,0.0423,0.1466,0.1977,0.0526,0.1163
26,123,54,874,86,350,203,0.232,161,0,0.6299,0.2491,0.0627,0.1315,0.1184,0.2143,0.6511,0.2027,0.0678,0.1081,0.2237,0.3214,408,0,extracted,0.2094,0.0423,0.1466,0.1977,0.0526,0.1163
26,123,55,874,86,350,203,0.232,161,0,0.6299,0.2491,0.0627,0.1315,0.1184,0.2143,0.6511,0.2027,0.0678,0.1081,0.2237,0.3214,408,0,extracted,0.2094,0.0423,0.1466,0.1977,0.0526,0.1163
26,123,56,874,86,396,193,0.221,180,0,0.634,0.2741,0.0821,0.1407,0.1316,0.2143,0.6511,0.2027,0.0678,0.1081,0.2237,0.3214,408,0,extracted,0.2581,0.0523,0.1548,0.1977,0.0526,0.1163
26,123,57,874,86,396,193,0.221,180,0,0.634,0.2741,0.0821,0.1407,0.1316,0.2143,0.6511,0.2027,0.0678,0.1081,0.2237,0.3214,408,0,extracted,0.2581,0.0523,0.1548,0.1977,0.0526,0.1163
26,123,58,874,86,396,193,0.221,180,0,0.634,0.2741,0.0821,0.1407,0.1316,0.2143,0.6511,0.2027,0.0678,0.1081,0.2237,0.3214,408,0,extracted,0.2581,0.0523,0.1548,0.1977,0.0526,0.1163
26,123,59,874,86,396,193,0.221,180,0,0.634,0.2741,0.0821,0.1407,0.1316,0.2143,0.6511,0.2027,0.0678,0.1081,0.2237,0.3214,408,0,extracted,0.2581,0.0523,0.1548,0.1977,0.0526,0.1163
26,123,60,874,86,396,193,0.221,180,0,0.634,0.2741,0.0821,0.1407,0.1316,0.2143,0.6511,0.2027,0.0678,0.1081,0.2237,0.3214,408,0,extracted,0.2581,0.0523,0.1548,0.1977,0.0526,0.1163
26,123,61,874,86,450,249,0.285,200,0,0.6404,0.2761,0.0802,0.135,0.1579,0.2857,0.6511,0.2027,0.0678,0.1081,0.2237,0.3214,408,0,extracted,0.2737,0.0745,0.1579,0.1977,0.0526,0.1163
26,123,62,874,86,450,249,0.285,200,0,0.6404,0.2761,0.0802,0.135,0.1579,0.2857,0.6511,0.2027,0.0678,0.1081,0.2237,0.3214,408,0,extracted,0.2737,0.0745,0.1579,0.1977,0.0526,0.1163
26,123,63,874,86,450,249,0.285,200,0,0.6404,0.2761,0.0802,0.135,0.1579,0.2857,0.6511,0.2027,0.0678,0.1081,0.2237,0.3214,408,0,extracted,0.2737,0.0745,0.1579,0.1977,0.0526,0.1163
26,123,64,874,86,450,249,0.285,200,0,0.6404,0.2761,0.0802,0.135,0.1579,0.2857,0.6511,0.2027,0.0678,0.1081,0.2237,0.3214,408,0,extracted,0.2737,0.0745,0.1579,0.1977,0.0526,0.1163
26,123,65,874,86,450,249,0.285,200,0,0.6404,0.2761,0.0802,0.135,0.1579,0.2857,0.6511,0.2027,0.0678,0.1081,0.2237,0.3214,408,0,extracted,0.2737,0.0745,0.1579,0.1977,0.0526,0.1163
26,123,66,874,86,482,284,0.325,213,0,0.635,0.2382,0.0501,0.133,0.1184,0.2143,0.6511,0.2027,0.0678,0.1081,0.2237,0.3214,408,0,extracted,0.2105,0.0386,0.1627,0.1977,0.0526,0.1163
26,123,67,874,86,482,284,0.325,213,0,0.635,0.2382,0.0501,0.133,0.1184,0.2143,0.6511,0.2027,0.0678,0.1081,0.2237,0.3214,408,0,extracted,0.2105,0.0386,0.1627,0.1977,0.0526,0.1163
26,123,68,874,86,482,284,0.325,213,0,0.635,0.2382,0.0501,0.133,0.1184,0.2143,0.6511,0.2027,0.0678,0.1081,0.2237,0.3214,408,0,extracted,0.2105,0.0386,0.1627,0.1977,0.0526,0.1163
26,123,69,874,86,482,284,0.325,213,0,0.635,0.2382,0.0501,0.133,0.1184,0.2143,0.6511,0.2027,0.0678,0.1081,0.2237,0.3214,408,0,extracted,0.2105,0.0386,0.1627,0.1977,0.0526,0.1163
26,123,70,874,86,482,284,0.325,213,0,0.635,0.2382,0.0501,0.133,0.1184,0.2143,0.6511,0.2027,0.0678,0.1081,0.2237,0.3214,408,0,extracted,0.2105,0.0386,0.1627,0.1977,0.0526,0.1163
26,123,71,874,86,482,284,0.325,213,0,0.635,0.2382,0.0501,0.133,0.1184,0.2143,0.6511,0.2027,0.0678,0.1081,0.2237,0.3214,408,0,extracted,0.2105,0.0386,0.1627,0.1977,0.0526,0.1163
26,123,72,874,86,534,318,0.364,239,0,0.6233,0.2228,0.0611,0.1215,0.1579,0.2857,0.6511,0.2027,0.0678,0.1081,0.2237,0.3214,408,0,extracted,0.2152,0.0452,0.1525,0.1977,0.0526,0.1163
26,123,73,874,86,534,318,0.364,239,0,0.6233,0.2228,0.0611,0.1215,0.1579,0.2857,0.6511,0.2027,0.0678,0.1081,0.2237,0.3214,408,0,extracted,0.2152,0.0452,0.1525,0.1977,0.0526,0.1163
26,123,74,874,86,534,318,0.364,239,0,0.6233,0.2228,0.0611,0.1215,0.1579,0.2857,0.6511,0.2027,0.0678,0.1081,0.2237,0.3214,408,0,extracted,0.2152,0.0452,0.1525,0.1977,0.0526,0.1163
26,123,75,874,86,534,318,0.364,239,0,0.6233,0.2228,0.0611,0.1215,0.1579,0.2857,0.6511,0.2027,0.0678,0.1081,0.2237,0.3214,408,0,extracted,0.2152,0.0452,0.1525,0.1977,0.0526,0.1163
26,123,76,874,86,534,318,0.364,239,0,0.6233,0.2228,0.0611,0.1215,0.1579,0.2857,0.6511,0.2027,0.0678,0.1081,0.2237,0.3214,408,0,extracted,0.2152,0.0452,0.1525,0.1977,0.0526,0.1163
26,123,77,874,86,604,361,0.413,275,0,0.6284,0.21,0.0688,0.1187,0.1842,0.2143,0.6511,0.2027,0.0678,0.1081,0.2237,0.3214,408,0,extracted,0.2024,0.0571,0.1457,0.1977,0.0526,0.1163
26,123,78,874,86,604,361,0.413,275,0,0.6284,0.21,0.0688,0.1187,0.1842,0.2143,0.6511,0.2027,0.0678,0.1081,0.2237,0.3214,408,0,extracted,0.2024,0.0571,0.1457,0.1977,0.0526,0.1163
26,123,79,874,86,604,361,0.413,275,0,0.6284,0.21,0.0688,0.1187,0.1842,0.2143,0.6511,0.2027,0.0678,0.1081,0.2237,0.3214,408,0,extracted,0.2024,0.0571,0.1457,0.1977,0.0526,0.1163
26,123,80,874,86,604,361,0.413,275,0,0.6284,0.21,0.0688,0.1187,0.1842,0.2143,0.6511,0.2027,0.0678,0.1081,0.2237,0.3214,408,0,extracted,0.2024,0.0571,0.1457,0.1977,0.0526,0.1163
26,123,81,874,86,604,361,0.413,275,0,0.6284,0.21,0.0688,0.1187,0.1842,0.2143,0.6511,0.2027,0.0678,0.1081,0.2237,0.3214,408,0,extracted,0.2024,0.0571,0.1457,0.1977,0.0526,0.1163
26,123,82,874,86,663,387,0.443,303,0,0.6653,0.2241,0.0823,0.125,0.25,0.3571,0.6511,0.2027,0.0678,0.1081,0.2237,0.3214,408,0,extracted,0.2296,0.0896,0.163,0.1977,0.0526,0.1163
26,123,83,874,86,663,387,0.443,303,0,0.6653,0.2241,0.0823,0.125,0.25,0.3571,0.6511,0.2027,0.0678,0.1081,0.2237,0.3214,408,0,extracted,0.2296,0.0896,0.163,0.1977,0.0526,0.1163
26,123,84,874,86,663,387,0.443,303,0,0.6653,0.2241,0.0823,0.125,0.25,0.3571,0.6511,0.2027,0.0678,0.1081,0.2237,0.3214,408,0,extracted,0.2296,0.0896,0.163,0.1977,0.0526,0.1163
26,123,85,874,86,663,387,0.443,303,0,0.6653,0.2241,0.0823,0.125,0.25,0.3571,0.6511,0.2027,0.0678,0.1081,0.2237,0.3214,408,0,extracted,0.2296,0.0896,0.163,0.1977,0.0526,0.1163
26,123,86,874,86,663,387,0.443,303,0,0.6653,0.2241,0.0823,0.125,0.25,0.3571,0.6511,0.2027,0.0678,0.1081,0.2237,0.3214,408,0,extracted,0.2296,0.0896,0.163,0.1977,0.0526,0.1163
26,123,87,874,86,719,433,0.495,331,0,0.6606,0.2118,0.0787,0.1137,0.25,0.3214,0.6511,0.2027,0.0678,0.1081,0.2237,0.3214,408,0,extracted,0.2048,0.0756,0.1433,0.1977,0.0526,0.1163
26,123,88,874,86,719,433,0.495,331,0,0.6606,0.2118,0.0787,0.1137,0.25,0.3214,0.6511,0.2027,0.0678,0.1081,0.2237,0.3214,408,0,extracted,0.2048,0.0756,0.1433,0.1977,0.0526,0.1163
26,123,89,874,86,719,433,0.495,331,0,0.6606,0.2118,0.0787,0.1137,0.25,0.3214,0.6511,0.2027,0.0678,0.1081,0.2237,0.3214,408,0,extracted,0.2048,0.0756,0.1433,0.1977,0.0526,0.1163
26,123,90,874,86,719,433,0.495,331,0,0.6606,0.2118,0.0787,0.1137,0.25,0.3214,0.6511,0.2027,0.0678,0.1081,0.2237,0.3214,408,0,extracted,0.2048,0.0756,0.1433,0.1977,0.0526,0.1163
26,123,91,874,86,719,433,0.495,331,0,0.6606,0.2118,0.0787,0.1137,0.25,0.3214,0.6511,0.2027,0.0678,0.1081,0.2237,0.3214,408,0,extracted,0.2048,0.0756,0.1433,0.1977,0.0526,0.1163
26,123,92,874,86,719,433,0.495,331,0,0.6606,0.2118,0.0787,0.1137,0.25,0.3214,0.6511,0.2027,0.0678,0.1081,0.2237,0.3214,408,0,extracted,0.2048,0.0756,0.1433,0.1977,0.0526,0.1163
26,123,93,874,86,789,455,0.521,366,0,0.654,0.2214,0.0791,0.1313,0.2632,0.3571,0.6511,0.2027,0.0678,0.1081,0.2237,0.3214,408,0,extracted,0.2043,0.0685,0.1424,0.1977,0.0526,0.1163
26,123,94,874,86,789,455,0.521,366,0,0.654,0.2214,0.0791,0.1313,0.2632,0.3571,0.6511,0.2027,0.0678,0.1081,0.2237,0.3214,408,0,extracted,0.2043,0.0685,0.1424,0.1977,0.0526,0.1163
26,123,95,874,86,789,455,0.521,366,0,0.654,0.2214,0.0791,0.1313,0.2632,0.3571,0.6511,0.2027,0.0678,0.1081,0.2237,0.3214,408,0,extracted,0.2043,0.0685,0.1424,0.1977,0.0526,0.1163
26,123,96,874,86,789,455,0.521,366,0,0.654,0.2214,0.0791,0.1313,0.2632,0.3571,0.6511,0.2027,0.0678,0.1081,0.2237,0.3214,408,0,extracted,0.2043,0.0685,0.1424,0.1977,0.0526,0.1163
26,123,97,874,86,789,455,0.521,366,0,0.654,0.2214,0.0791,0.1313,0.2632,0.3571,0.6511,0.2027,0.0678,0.1081,0.2237,0.3214,408,0,extracted,0.2043,0.0685,0.1424,0.1977,0.0526,0.1163
26,123,98,874,86,861,498,0.57,396,0,0.6506,0.2007,0.0764,0.1107,0.25,0.3214,0.6511,0.2027,0.0678,0.1081,0.2237,0.3214,408,0,extracted,0.1899,0.0657,0.1365,0.1977,0.0526,0.1163
26,123,99,874,86,861,498,0.57,396,0,0.6506,0.2007,0.0764,0.1107,0.25,0.3214,0.6511,0.2027,0.0678,0.1081,0.2237,0.3214,408,0,extracted,0.1899,0.0657,0.1365,0.1977,0.0526,0.1163
26,123,100,874,86,861,498,0.57,396,0,0.6506,0.2007,0.0764,0.1107,0.25,0.3214,0.6511,0.2027,0.0678,0.1081,0.2237,0.3214,408,0,extracted,0.1899,0.0657,0.1365,0.1977,0.0526,0.1163
27,123,1,1069,162,18,21,0.02,11,0,0.6072,0.0884,0.0,0.0773,0.0,0.0,0.7439,0.344,0.2433,0.176,0.53,0.6053,464,0,extracted,0.0877,0.0,0.0877,0.3744,0.2,0.2038
27,123,2,1069,162,18,21,0.02,11,0,0.6072,0.0884,0.0,0.0773,0.0,0.0,0.7439,0.344,0.2433,0.176,0.53,0.6053,464,0,extracted,0.0877,0.0,0.0877,0.3744,0.2,0.2038
27,123,3,1069,162,18,21,0.02,11,0,0.6072,0.0884,0.0,0.0773,0.0,0.0,0.7439,0.344,0.2433,0.176,0.53,0.6053,464,0,extracted,0.0877,0.0,0.0877,0.3744,0.2,0.2038
27,123,4,1069,162,18,21,0.02,11,0,0.6072,0.0884,0.0,0.0773,0.0,0.0,0.7439,0.344,0.2433,0.176,0.53,0.6053,464,0,extracted,0.0877,0.0,0.0877,0.3744,0.2,0.2038
27,123,5,1069,162,18,21,0.02,11,0,0.6072,0.0884,0.0,0.0773,0.0,0.0,0.7439,0.344,0.2433,0.176,0.53,0.6053,464,0,extracted,0.0877,0.0,0.0877,0.3744,0.2,0.2038
27,123,6,1069,162,18,21,0.02,11,0,0.6072,0.0884,0.0,0.0773,0.0,0.0,0.7439,0.344,0.2433,0.176,0.53,0.6053,464,0,extracted,0.0877,0.0,0.0877,0.3744,0.2,0.2038
27,123,7,1069,162,18,21,0.02,11,0,0.6072,0.0884,0.0,0.0773,0.0,0.0,0.7439,0.344,0.2433,0.176,0.53,0.6053,464,0,extracted,0.0877,0.0,0.0877,0.3744,0.2,0.2038
27,123,8,1069,162,18,21,0.02,11,0,0.6072,0.0884,0.0,0.0773,0.0,0.0,0.7439,0.344,0.2433,0.176,0.53,0.6053,464,0,extracted,0.0877,0.0,0.0877,0.3744,0.2,0.2038
27,123,9,1069,162,18,21,0.02,11,0,0.6072,0.0884,0.0,0.0773,0.0,0.0,0.7439,0.344,0.2433,0.176,0.53,0.6053,464,0,extracted,0.0877,0.0,0.0877,0.3744,0.2,0.2038
27,123,10,1069,162,43,43,0.04,19,0,0.639,0.2266,0.0498,0.1576,0.04,0.0263,0.7439,0.344,0.2433,0.176,0.53,0.6053,464,0,extracted,0.2205,0.016,0.1575,0.3744,0.2,0.2038
27,123,11,1069,162,43,43,0.04,19,0,0.639,0.2266,0.0498,0.1576,0.04,0.0263,0.7439,0.344,0.2433,0.176,0.53,0.6053,464,0,extracted,0.2205,0.016,0.1575,0.3744,0.2,0.2038
27,123,12,1069,162,43,43,0.04,19,0,0.639,0.2266,0.0498,0.1576,0.04,0.0263,0.7439,0.344,0.2433,0.176,0.53,0.6053,464,0,extracted,0.2205,0.016,0.1575,0.3744,0.2,0.2038
27,123,13,1069,162,43,43,0.04,19,0,0.639,0.2266,0.0498,0.1576,0.04,0.0263,0.7439,0.344,0.2433,0.176,0.53,0.6053,464,0,extracted,0.2205,0.016,0.1575,0.3744,0.2,0.2038
27,123,14,1069,162,43,43,0.04,19,0,0.639,0.2266,0.0498,0.1576,0.04,0.0263,0.7439,0.344,0.2433,0.176,0.53,0.6053,464,0,extracted,0.2205,0.016,0.1575,0.3744,0.2,0.2038
27,123,15,1069,162,43,43,0.04,19,0,0.639,0.2266,0.0498,0.1576,0.04,0.0263,0.7439,0.344,0.2433,0.176,0.53,0.6053,464,0,extracted,0.2205,0.016,0.1575,0.3744,0.2,0.2038
27,123,16,1069,162,43,43,0.04,19,0,0.639,0.2266,0.0498,0.1576,0.04,0.0263,0.7439,0.344,0.2433,0.176,0.53,0.6053,464,0,extracted,0.2205,0.016,0.1575,0.3744,0.2,0.2038
27,123,17,1069,162,91,47,0.044,41,0,0.6241,0.1836,0.039,0.1063,0.03,0.1053,0.7439,0.344,0.2433,0.176,0.53,0.6053,464,0,extracted,0.1985,0.031,0.1069,0.3744,0.2,0.2038
27,123,18,1069,162,91,47,0.044,41,0,0.6241,0.1836,0.039,0.1063,0.03,0.1053,0.7439,0.344,0.2433,0.176,0.53,0.6053,464,0,extracted,0.1985,0.031,0.1069,0.3744,0.2,0.2038
27,123,19,1069,162,91,47,0.044,41,0,0.6241,0.1836,0.039,0.1063,0.03,0.1053,0.7439,0.344,0.2433,0.176,0.53,0.6053,464,0,extracted,0.1985,0.031,0.1069,0.3744,0.2,0.2038
27,123,20,1069,162,91,47,0.044,41,0,0.6241,0.1836,0.039,0.1063,0.03,0.1053,0.7439,0.344,0.2433,0.176,0.53,0.6053,464,0,extracted,0.1985,0.031,0.1069,0.3744,0.2,0.2038
27,123,21,1069,162,91,47,0.044,41,0,0.6241,0.1836,0.039,0.1063,0.03,0.1053,0.7439,0.344,0.2433,0.176,0.53,0.6053,464,0,extracted,0.1985,0.031,0.1069,0.3744,0.2,0.2038
27,123,22,1069,162,91,47,0.044,41,0,0.6241,0.1836,0.039,0.1063,0.03,0.1053,0.7439,0.344,0.2433,0.176,0.53,0.6053,464,0,extracted,0.1985,0.031,0.1069,0.3744,0.2,0.2038
27,123,23,1069,162,91,47,0.044,41,0,0.6241,0.1836,0.039,0.1063,0.03,0.1053,0.7439,0.344,0.2433,0.176,0.53,0.6053,464,0,extracted,0.1985,0.031,0.1069,0.3744,0.2,0.2038
27,123,24,1069,162,125,68,0.064,56,0,0.6567,0.2281,0.0354,0.1404,0.03,0.1053,0.7439,0.344,0.2433,0.176,0.53,0.6053,464,0,extracted,0.2429,0.029,0.1429,0.3744,0.2,0.2038
27,123,25,1069,162,125,68,0.064,56,0,0.6567,0.2281,0.0354,0.1404,0.03,0.1053,0.7439,0.344,0.2433,0.176,0.53,0.6053,464,0,extracted,0.2429,0.029,0.1429,0.3744,0.2,0.2038
27,123,26,1069,162,125,68,0.064,56,0,0.6567,0.2281,0.0354,0.1404,0.03,0.1053,0.7439,0.344,0.2433,0.176,0.53,0.6053,464,0,extracted,0.2429,0.029,0.1429,0.3744,0.2,0.2038
27,123,27,1069,162,125,68,0.064,56,0,0.6567,0.2281,0.0354,0.1404,0.03,0.1053,0.7439,0.344,0.2433,0.176,0.53,0.6053,464,0,extracted,0.2429,0.029,0.1429,0.3744,0.2,0.2038
27,123,28,1069,162,125,68,0.064,56,0,0.6567,0.2281,0.0354,0.1404,0.03,0.1053,0.7439,0.344,0.2433,0.176,0.53,0.6053,464,0,extracted,0.2429,0.029,0.1429,0.3744,0.2,0.2038
27,123,29,1069,162,125,68,0.064,56,0,0.6567,0.2281,0.0354,0.1404,0.03,0.1053,0.7439,0.344,0.2433,0.176,0.53,0.6053,464,0,extracted,0.2429,0.029,0.1429,0.3744,0.2,0.2038
27,123,30,1069,162,125,68,0.064,56,0,0.6567,0.2281,0.0354,0.1404,0.03,0.1053,0.7439,0.344,0.2433,0.176,0.53,0.6053,464,0,extracted,0.2429,0.029,0.1429,0.3744,0.2,0.2038
27,123,31,1069,162,188,120,0.112,85,0,0.6745,0.4071,0.1223,0.2143,0.11,0.2105,0.7439,0.344,0.2433,0.176,0.53,0.6053,464,0,extracted,0.4046,0.0819,0.2428,0.3744,0.2,0.2038
27,123,32,1069,162,188,120,0.112,85,0,0.6745,0.4071,0.1223,0.2143,0.11,0.2105,0.7439,0.344,0.2433,0.176,0.53,0.6053,464,0,extracted,0.4046,0.0819,0.2428,0.3744,0.2,0.2038
27,123,33,1069,162,188,120,0.112,85,0,0.6745,0.4071,0.1223,0.2143,0.11,0.2105,0.7439,0.344,0.2433,0.176,0.53,0.6053,464,0,extracted,0.4046,0.0819,0.2428,0.3744,0.2,0.2038
27,123,34,1069,162,188,120,0.112,85,0,0.6745,0.4071,0.1223,0.2143,0.11,0.2105,0.7439,0.344,0.2433,0.176,0.53,0.6053,464,0,extracted,0.4046,0.0819,0.2428,0.3744,0.2,0.2038
27,123,35,1069,162,188,120,0.112,85,0,0.6745,0.4071,0.1223,0.2143,0.11,0.2105,0.7439,0.344,0.2433,0.176,0.53,0.6053,464,0,extracted,0.4046,0.0819,0.2428,0.3744,0.2,0.2038
27,123,36,1069,162,188,120,0.112,85,0,0.6745,0.4071,0.1223,0.2143,0.11,0.2105,0.7439,0.344,0.2433,0.176,0.53,0.6053,464,0,extracted,0.4046,0.0819,0.2428,0.3744,0.2,0.2038
27,123,37,1069,162,254,151,0.141,116,0,0.6867,0.4221,0.1895,0.1948,0.22,0.2105,0.7439,0.344,0.2433,0.176,0.53,0.6053,464,0,extracted,0.4134,0.1469,0.2123,0.3744,0.2,0.2038
27,123,38,1069,162,254,151,0.141,116,0,0.6867,0.4221,0.1895,0.1948,0.22,0.2105,0.7439,0.344,0.2433,0.176,0.53,0.6053,464,0,extracted,0.4134,0.1469,0.2123,0.3744,0.2,0.2038
27,123,39,1069,162,254,151,0.141,116,0,0.6867,0.4221,0.1895,0.1948,0.22,0.2105,0.7439,0.344,0.2433,0.176,0.53,0.6053,464,0,extracted,0.4134,0.1469,0.2123,0.3744,0.2,0.2038
27,123,40,1069,162,254,151,0.141,116,0,0.6867,0.4221,0.1895,0.1948,0.22,0.2105,0.7439,0.344,0.2433,0.176,0.53,0.6053,464,0,extracted,0.4134,0.1469,0.2123,0.3744,0.2,0.2038
27,123,41,1069,162,254,151,0.141,116,0,0.6867,0.4221,0.1895,0.1948,0.22,0.2105,0.7439,0.344,0.2433,0.176,0.53,0.6053,464,0,extracted,0.4134,0.1469,0.2123,0.3744,0.2,0.2038
27,123,42,1069,162,254,151,0.141,116,0,0.6867,0.4221,0.1895,0.1948,0.22,0.2105,0.7439,0.344,0.2433,0.176,0.53,0.6053,464,0,extracted,0.4134,0.1469,0.2123,0.3744,0.2,0.2038
27,123,43,1069,162,254,151,0.141,116,0,0.6867,0.4221,0.1895,0.1948,0.22,0.2105,0.7439,0.344,0.2433,0.176,0.53,0.6053,464,0,extracted,0.4134,0.1469,0.2123,0.3744,0.2,0.2038
27,123,44,1069,162,287,181,0.169,128,0,0.6845,0.4192,0.2169,0.2096,0.29,0.2368,0.7439,0.344,0.2433,0.176,0.53,0.6053,464,0,extracted,0.3911,0.1582,0.2011,0.3744,0.2,0.2038
27,123,45,1069,162,287,181,0.169,128,0,0.6845,0.4192,0.2169,0.2096,0.29,0.2368,0.7439,0.344,0.2433,0.176,0.53,0.6053,464,0,extracted,0.3911,0.1582,0.2011,0.3744,0.2,0.2038
27,123,46,1069,162,287,181,0.169,128,0,0.6845,0.4192,0.2169,0.2096,0.29,0.2368,0.7439,0.344,0.2433,0.176,0.53,0.6053,464,0,extracted,0.3911,0.1582,0.2011,0.3744,0.2,0.2038
27,123,47,1069,162,287,181,0.169,128,0,0.6845,0.4192,0.2169,0.2096,0.29,0.2368,0.7439,0.344,0.2433,0.176,0.53,0.6053,464,0,extracted,0.3911,0.1582,0.2011,0.3744,0.2,0.2038
27,123,48,1069,162,287,181,0.169,128,0,0.6845,0.4192,0.2169,0.2096,0.29,0.2368,0.7439,0.344,0.2433,0.176,0.53,0.6053,464,0,extracted,0.3911,0.1582,0.2011,0.3744,0.2,0.2038
27,123,49,1069,162,287,181,0.169,128,0,0.6845,0.4192,0.2169,0.2096,0.29,0.2368,0.7439,0.344,0.2433,0.176,0.53,0.6053,464,0,extracted,0.3911,0.1582,0.2011,0.3744,0.2,0.2038
27,123,50,1069,162,354,209,0.196,163,0,0.674,0.467,0.2376,0.1813,0.3,0.2632,0.7439,0.344,0.2433,0.176,0.53,0.6053,464,0,extracted,0.4059,0.17,0.1881,0.3744,0.2,0.2038
27,123,51,1069,162,354,209,0.196,163,0,0.674,0.467,0.2376,0.1813,0.3,0.2632,0.7439,0.344,0.2433,0.176,0.53,0.6053,464,0,extracted,0.4059,0.17,0.1881,0.3744,0.2,0.2038
27,123,52,1069,162,354,209,0.196,163,0,0.674,0.467,0.2376,0.1813,0.3,0.2632,0.7439,0.344,0.2433,0.176,0.53,0.6053,464,0,extracted,0.4059,0.17,0.1881,0.3744,0.2,0.2038
27,123,53,1069,162,354,209,0.196,163,0,0.674,0.467,0.2376,0.1813,0.3,0.2632,0.7439,0.344,0.2433,0.176,0.53,0.6053,464,0,extracted,0.4059,0.17,0.1881,0.3744,0.2,0.2038
27,123,54,1069,162,354,209,0.196,163,0,0.674,0.467,0.2376,0.1813,0.3,0.2632,0.7439,0.344,0.2433,0.176,0.53,0.6053,464,0,extracted,0.4059,0.17,0.1881,0.3744,0.2,0.2038
27,123,55,1069,162,354,209,0.196,163,0,0.674,0.467,0.2376,0.1813,0.3,0.2632,0.7439,0.344,0.2433,0.176,0.53,0.6053,464,0,extracted,0.4059,0.17,0.1881,0.3744,0.2,0.2038
27,123,56,1069,162,354,209,0.196,163,0,0.674,0.467,0.2376,0.1813,0.3,0.2632,0.7439,0.344,0.2433,0.176,0.53,0.6053,464,0,extracted,0.4059,0.17,0.1881,0.3744,0.2,0.2038
27,123,57,1069,162,411,257,0.24,187,0,0.6767,0.4892,0.2361,0.2398,0.32,0.3158,0.7439,0.344,0.2433,0.176,0.53,0.6053,464,0,extracted,0.4418,0.17,0.2169,0.3744,0.2,0.2038
27,123,58,1069,162,411,257,0.24,187,0,0.6767,0.4892,0.2361,0.2398,0.32,0.3158,0.7439,0.344,0.2433,0.176,0.53,0.6053,464,0,extracted,0.4418,0.17,0.2169,0.3744,0.2,0.2038
27,123,59,1069,162,411,257,0.24,187,0,0.6767,0.4892,0.2361,0.2398,0.32,0.3158,0.7439,0.344,0.2433,0.176,0.53,0.6053,464,0,extracted,0.4418,0.17,0.2169,0.3744,0.2,0.2038
27,123,60,1069,162,411,257,0.24,187,0,0.6767,0.4892,0.2361,0.2398,0.32,0.3158,0.7439,0.344,0.2433,0.176,0.53,0.6053,464,0,extracted,0.4418,0.17,0.2169,0.3744,0.2,0.2038
27,123,61,1069,162,411,257,0.24,187,0,0.6767,0.4892,0.2361,0.2398,0.32,0.3158,0.7439,0.344,0.2433,0.176,0.53,0.6053,464,0,extracted,0.4418,0.17,0.2169,0.3744,0.2,0.2038
27,123,62,1069,162,411,257,0.24,187,0,0.6767,0.4892,0.2361,0.2398,0.32,0.3158,0.7439,0.344,0.2433,0.176,0.53,0.6053,464,0,extracted,0.4418,0.17,0.2169,0.3744,0.2,0.2038
27,123,63,1069,162,411,257,0.24,187,0,0.6767,0.4892,0.2361,0.2398,0.32,0.3158,0.7439,0.344,0.2433,0.176,0.53,0.6053,464,0,extracted,0.4418,0.17,0.2169,0.3744,0.2,0.2038
27,123,64,1069,162,551,320,0.299,248,0,0.6827,0.4635,0.2558,0.2088,0.43,0.4474,0.7439,0.344,0.2433,0.176,0.53,0.6053,464,0,extracted,0.4218,0.1538,0.1891,0.3744,0.2,0.2038
27,123,65,1069,162,551,320,0.299,248,0,0.6827,0.4635,0.2558,0.2088,0.43,0.4474,0.7439,0.344,0.2433,0.176,0.53,0.6053,464,0,extracted,0.4218,0.1538,0.1891,0.3744,0.2,0.2038
27,123,66,1069,162,551,320,0.299,248,0,0.6827,0.4635,0.2558,0.2088,0.43,0.4474,0.7439,0.344,0.2433,0.176,0.53,0.6053,464,0,extracted,0.4218,0.1538,0.1891,0.3744,0.2,0.2038
27,123,67,1069,162,551,320,0.299,248,0,0.6827,0.4635,0.2558,0.2088,0.43,0.4474,0.7439,0.344,0.2433,0.176,0.53,0.6053,464,0,extracted,0.4218,0.1538,0.1891,0.3744,0.2,0.2038
27,123,68,1069,162,551,320,0.299,248,0,0.6827,0.4635,0.2558,0.2088,0.43,0.4474,0.7439,0.344,0.2433,0.176,0.53,0.6053,464,0,extracted,0.4218,0.1538,0.1891,0.3744,0.2,0.2038
27,123,69,1069,162,551,320,0.299,248,0,0.6827,0.4635,0.2558,0.2088,0.43,0.4474,0.7439,0.344,0.2433,0.176,0.53,0.6053,464,0,extracted,0.4218,0.1538,0.1891,0.3744,0.2,0.2038
27,123,70,1069,162,551,320,0.299,248,0,0.6827,0.4635,0.2558,0.2088,0.43,0.4474,0.7439,0.344,0.2433,0.176,0.53,0.6053,464,0,extracted,0.4218,0.1538,0.1891,0.3744,0.2,0.2038
27,123,71,1069,162,634,380,0.355,287,0,0.6799,0.4267,0.1825,0.1929,0.37,0.4474,0.7439,0.344,0.2433,0.176,0.53,0.6053,464,0,extracted,0.3797,0.1146,0.1962,0.3744,0.2,0.2038
27,123,72,1069,162,634,380,0.355,287,0,0.6799,0.4267,0.1825,0.1929,0.37,0.4474,0.7439,0.344,0.2433,0.176,0.53,0.6053,464,0,extracted,0.3797,0.1146,0.1962,0.3744,0.2,0.2038
27,123,73,1069,162,634,380,0.355,287,0,0.6799,0.4267,0.1825,0.1929,0.37,0.4474,0.7439,0.344,0.2433,0.176,0.53,0.6053,464,0,extracted,0.3797,0.1146,0.1962,0.3744,0.2,0.2038
27,123,74,1069,162,634,380,0.355,287,0,0.6799,0.4267,0.1825,0.1929,0.37,0.4474,0.7439,0.344,0.2433,0.176,0.53,0.6053,464,0,extracted,0.3797,0.1146,0.1962,0.3744,0.2,0.2038
27,123,75,1069,162,634,380,0.355,287,0,0.6799,0.4267,0.1825,0.1929,0.37,0.4474,0.7439,0.344,0.2433,0.176,0.53,0.6053,464,0,extracted,0.3797,0.1146,0.1962,0.3744,0.2,0.2038
27,123,76,1069,162,634,380,0.355,287,0,0.6799,0.4267,0.1825,0.1929,0.37,0.4474,0.7439,0.344,0.2433,0.176,0.53,0.6053,464,0,extracted,0.3797,0.1146,0.1962,0.3744,0.2,0.2038
27,123,77,1069,162,700,415,0.388,310,0,0.6681,0.3972,0.2308,0.1882,0.42,0.4737,0.7439,0.344,0.2433,0.176,0.53,0.6053,464,0,extracted,0.3855,0.1576,0.1867,0.3744,0.2,0.2038
27,123,78,1069,162,700,415,0.388,310,0,0.6681,0.3972,0.2308,0.1882,0.42,0.4737,0.7439,0.344,0.2433,0.176,0.53,0.6053,464,0,extracted,0.3855,0.1576,0.1867,0.3744,0.2,0.2038
27,123,79,1069,162,700,415,0.388,310,0,0.6681,0.3972,0.2308,0.1882,0.42,0.4737,0.7439,0.344,0.2433,0.176,0.53,0.6053,464,0,extracted,0.3855,0.1576,0.1867,0.3744,0.2,0.2038
27,123,80,1069,162,700,415,0.388,310,0,0.6681,0.3972,0.2308,0.1882,0.42,0.4737,0.7439,0.344,0.2433,0.176,0.53,0.6053,464,0,extracted,0.3855,0.1576,0.1867,0.3744,0.2,0.2038
27,123,81,1069,162,700,415,0.388,310,0,0.6681,0.3972,0.2308,0.1882,0.42,0.4737,0.7439,0.344,0.2433,0.176,0.53,0.6053,464,0,extracted,0.3855,0.1576,0.1867,0.3744,0.2,0.2038
27,123,82,1069,162,700,415,0.388,310,0,0.6681,0.3972,0.2308,0.1882,0.42,0.4737,0.7439,0.344,0.2433,0.176,0.53,0.6053,464,0,extracted,0.3855,0.1576,0.1867,0.3744,0.2,0.2038
27,123,83,1069,162,700,415,0.388,310,0,0.6681,0.3972,0.2308,0.1882,0.42,0.4737,0.7439,0.344,0.2433,0.176,0.53,0.6053,464,0,extracted,0.3855,0.1576,0.1867,0.3744,0.2,0.2038
27,123,84,1069,162,784,478,0.447,345,0,0.6695,0.3688,0.1914,0.1717,0.4,0.4211,0.7439,0.344,0.2433,0.176,0.53,0.6053,464,0,extracted,0.3616,0.125,0.1864,0.3744,0.2,0.2038
27,123,85,1069,162,784,478,0.447,345,0,0.6695,0.3688,0.1914,0.1717,0.4,0.4211,0.7439,0.344,0.2433,0.176,0.53,0.6053,464,0,extracted,0.3616,0.125,0.1864,0.3744,0.2,0.2038
27,123,86,1069,162,784,478,0.447,345,0,0.6695,0.3688,0.1914,0.1717,0.4,0.4211,0.7439,0.344,0.2433,0.176,0.53,0.6053,464,0,extracted,0.3616,0.125,0.1864,0.3744,0.2,0.2038
27,123,87,1069,162,784,478,0.447,345,0,0.6695,0.3688,0.1914,0.1717,0.4,0.4211,0.7439,0.344,0.2433,0.176,0.53,0.6053,464,0,extracted,0.3616,0.125,0.1864,0.3744,0.2,0.2038
27,123,88,1069,162,784,478,0.447,345,0,0.6695,0.3688,0.1914,0.1717,0.4,0.4211,0.7439,0.344,0.2433,0.176,0.53,0.6053,464,0,extracted,0.3616,0.125,0.1864,0.3744,0.2,0.2038
27,123,89,1069,162,784,478,0.447,345,0,0.6695,0.3688,0.1914,0.1717,0.4,0.4211,0.7439,0.344,0.2433,0.176,0.53,0.6053,464,0,extracted,0.3616,0.125,0.1864,0.3744,0.2,0.2038
27,123,90,1069,162,876,540,0.505,381,0,0.6776,0.3568,0.202,0.1842,0.43,0.4737,0.7439,0.344,0.2433,0.176,0.53,0.6053,464,0,extracted,0.3483,0.13,0.194,0.3744,0.2,0.2038
27,123,91,1069,162,876,540,0.505,381,0,0.6776,0.3568,0.202,0.1842,0.43,0.4737,0.7439,0.344,0.2433,0.176,0.53,0.6053,464,0,extracted,0.3483,0.13,0.194,0.3744,0.2,0.2038
27,123,92,1069,162,876,540,0.505,381,0,0.6776,0.3568,0.202,0.1842,0.43,0.4737,0.7439,0.344,0.2433,0.176,0.53,0.6053,464,0,extracted,0.3483,0.13,0.194,0.3744,0.2,0.2038
27,123,93,1069,162,876,540,0.505,381,0,0.6776,0.3568,0.202,0.1842,0.43,0.4737,0.7439,0.344,0.2433,0.176,0.53,0.6053,464,0,extracted,0.3483,0.13,0.194,0.3744,0.2,0.2038
27,123,94,1069,162,876,540,0.505,381,0,0.6776,0.3568,0.202,0.1842,0.43,0.4737,0.7439,0.344,0.2433,0.176,0.53,0.6053,464,0,extracted,0.3483,0.13,0.194,0.3744,0.2,0.2038
27,123,95,1069,162,876,540,0.505,381,0,0.6776,0.3568,0.202,0.1842,0.43,0.4737,0.7439,0.344,0.2433,0.176,0.53,0.6053,464,0,extracted,0.3483,0.13,0.194,0.3744,0.2,0.2038
27,123,96,1069,162,876,540,0.505,381,0,0.6776,0.3568,0.202,0.1842,0.43,0.4737,0.7439,0.344,0.2433,0.176,0.53,0.6053,464,0,extracted,0.3483,0.13,0.194,0.3744,0.2,0.2038
27,123,97,1069,162,1060,588,0.55,457,0,0.7389,0.3432,0.2043,0.1769,0.49,0.5,0.7439,0.344,0.2433,0.176,0.53,0.6053,464,0,extracted,0.3419,0.1553,0.1874,0.3744,0.2,0.2038
27,123,98,1069,162,1060,588,0.55,457,0,0.7389,0.3432,0.2043,0.1769,0.49,0.5,0.7439,0.344,0.2433,0.176,0.53,0.6053,464,0,extracted,0.3419,0.1553,0.1874,0.3744,0.2,0.2038
27,123,99,1069,162,1060,588,0.55,457,0,0.7389,0.3432,0.2043,0.1769,0.49,0.5,0.7439,0.344,0.2433,0.176,0.53,0.6053,464,0,extracted,0.3419,0.1553,0.1874,0.3744,0.2,0.2038
27,123,100,1069,162,1060,588,0.55,457,0,0.7389,0.3432,0.2043,0.1769,0.49,0.5,0.7439,0.344,0.2433,0.176,0.53,0.6053,464,0,extracted,0.3419,0.1553,0.1874,0.3744,0.2,0.2038
28,123,1,860,97,15,25,0.029,9,0,0.602,0.2295,0.0833,0.1639,0.0538,0.0625,0.6902,0.2595,0.1397,0.1551,0.4409,0.6562,391,0,extracted,0.2051,0.0526,0.1538,0.2618,0.1158,0.1623
28,123,2,860,97,15,25,0.029,9,0,0.602,0.2295,0.0833,0.1639,0.0538,0.0625,0.6902,0.2595,0.1397,0.1551,0.4409,0.6562,391,0,extracted,0.2051,0.0526,0.1538,0.2618,0.1158,0.1623
28,123,3,860,97,15,25,0.029,9,0,0.602,0.2295,0.0833,0.1639,0.0538,0.0625,0.6902,0.2595,0.1397,0.1551,0.4409,0.6562,391,0,extracted,0.2051,0.0526,0.1538,0.2618,0.1158,0.1623
28,123,4,860,97,15,25,0.029,9,0,0.602,0.2295,0.0833,0.1639,0.0538,0.0625,0.6902,0.2595,0.1397,0.1551,0.4409,0.6562,391,0,extracted,0.2051,0.0526,0.1538,0.2618,0.1158,0.1623
28,123,5,860,97,15,25,0.029,9,0,0.602,0.2295,0.0833,0.1639,0.0538,0.0625,0.6902,0.2595,0.1397,0.1551,0.4409,0.6562,391,0,extracted,0.2051,0.0526,0.1538,0.2618,0.1158,0.1623
28,123,6,860,97,15,25,0.029,9,0,0.602,0.2295,0.0833,0.1639,0.0538,0.0625,0.6902,0.2595,0.1397,0.1551,0.4409,0.6562,391,0,extracted,0.2051,0.0526,0.1538,0.2618,0.1158,0.1623
28,123,7,860,97,15,25,0.029,9,0,0.602,0.2295,0.0833,0.1639,0.0538,0.0625,0.6902,0.2595,0.1397,0.1551,0.4409,0.6562,391,0,extracted,0.2051,0.0526,0.1538,0.2618,0.1158,0.1623
28,123,8,860,97,15,25,0.029,9,0,0.602,0.2295,0.0833,0.1639,0.0538,0.0625,0.6902,0.2595,0.1397,0.1551,0.4409,0.6562,391,0,extracted,0.2051,0.0526,0.1538,0.2618,0.1158,0.1623
28,123,9,860,97,15,25,0.029,9,0,0.602,0.2295,0.0833,0.1639,0.0538,0.0625,0.6902,0.2595,0.1397,0.1551,0.4409,0.6562,391,0,extracted,0.2051,0.0526,0.1538,0.2618,0.1158,0.1623
28,123,10,860,97,37,37,0.043,17,0,0.6469,0.2985,0.0909,0.209,0.0645,0.0625,0.6902,0.2595,0.1397,0.1551,0.4409,0.6562,391,0,extracted,0.25,0.0698,0.2273,0.2618,0.1158,0.1623
28,123,11,860,97,37,37,0.043,17,0,0.6469,0.2985,0.0909,0.209,0.0645,0.0625,0.6902,0.2595,0.1397,0.1551,0.4409,0.6562,391,0,extracted,0.25,0.0698,0.2273,0.2618,0.1158,0.1623
28,123,12,860,97,37,37,0.043,17,0,0.6469,0.2985,0.0909,0.209,0.0645,0.0625,0.6902,0.2595,0.1397,0.1551,0.4409,0.6562,391,0,extracted,0.25,0.0698,0.2273,0.2618,0.1158,0.1623
28,123,13,860,97,37,37,0.043,17,0,0.6469,0.2985,0.0909,0.209,0.0645,0.0625,0.6902,0.2595,0.1397,0.1551,0.4409,0.6562,391,0,extracted,0.25,0.0698,0.2273,0.2618,0.1158,0.1623
28,123,14,860,97,37,37,0.043,17,0,0.6469,0.2985,0.0909,0.209,0.0645,0.0625,0.6902,0.2595,0.1397,0.1551,0.4409,0.6562,391,0,extracted,0.25,0.0698,0.2273,0.2618,0.1158,0.1623
28,123,15,860,97,37,37,0.043,17,0,0.6469,0.2985,0.0909,0.209,0.0645,0.0625,0.6902,0.2595,0.1397,0.1551,0.4409,0.6562,391,0,extracted,0.25,0.0698,0.2273,0.2618,0.1158,0.1623
28,123,16,860,97,37,37,0.043,17,0,0.6469,0.2985,0.0909,0.209,0.0645,0.0625,0.6902,0.2595,0.1397,0.1551,0.4409,0.6562,391,0,extracted,0.25,0.0698,0.2273,0.2618,0.1158,0.1623
28,123,17,860,97,76,42,0.049,36,0,0.6314,0.2878,0.0584,0.1871,0.043,0.0938,0.6902,0.2595,0.1397,0.1551,0.4409,0.6562,391,0,extracted,0.3404,0.0435,0.1915,0.2618,0.1158,0.1623
28,123,18,860,97,76,42,0.049,36,0,0.6314,0.2878,0.0584,0.1871,0.043,0.0938,0.6902,0.2595,0.1397,0.1551,0.4409,0.6562,391,0,extracted,0.3404,0.0435,0.1915,0.2618,0.1158,0.1623
28,123,19,860,97,76,42,0.049,36,0,0.6314,0.2878,0.0584,0.1871,0.043,0.0938,0.6902,0.2595,0.1397,0.1551,0.4409,0.6562,391,0,extracted,0.3404,0.0435,0.1915,0.2618,0.1158,0.1623
28,123,20,860,97,76,42,0.049,36,0,0.6314,0.2878,0.0584,0.1871,0.043,0.0938,0.6902,0.2595,0.1397,0.1551,0.4409,0.6562,391,0,extracted,0.3404,0.0435,0.1915,0.2618,0.1158,0.1623
28,123,21,860,97,76,42,0.049,36,0,0.6314,0.2878,0.0584,0.1871,0.043,0.0938,0.6902,0.2595,0.1397,0.1551,0.4409,0.6562,391,0,extracted,0.3404,0.0435,0.1915,0.2618,0.1158,0.1623
28,123,22,860,97,76,42,0.049,36,0,0.6314,0.2878,0.0584,0.1871,0.043,0.0938,0.6902,0.2595,0.1397,0.1551,0.4409,0.6562,391,0,extracted,0.3404,0.0435,0.1915,0.2618,0.1158,0.1623
28,123,23,860,97,76,42,0.049,36,0,0.6314,0.2878,0.0584,0.1871,0.043,0.0938,0.6902,0.2595,0.1397,0.1551,0.4409,0.6562,391,0,extracted,0.3404,0.0435,0.1915,0.2618,0.1158,0.1623
28,123,24,860,97,117,62,0.072,53,0,0.6277,0.3522,0.1019,0.2264,0.086,0.125,0.6902,0.2595,0.1397,0.1551,0.4409,0.6562,391,0,extracted,0.381,0.0777,0.2476,0.2618,0.1158,0.1623
28,123,25,860,97,117,62,0.072,53,0,0.6277,0.3522,0.1019,0.2264,0.086,0.125,0.6902,0.2595,0.1397,0.1551,0.4409,0.6562,391,0,extracted,0.381,0.0777,0.2476,0.2618,0.1158,0.1623
28,123,26,860,97,117,62,0.072,53,0,0.6277,0.3522,0.1019,0.2264,0.086,0.125,0.6902,0.2595,0.1397,0.1551,0.4409,0.6562,391,0,extracted,0.381,0.0777,0.2476,0.2618,0.1158,0.1623
28,123,27,860,97,117,62,0.072,53,0,0.6277,0.3522,0.1019,0.2264,0.086,0.125,0.6902,0.2595,0.1397,0.1551,0.4409,0.6562,391,0,extracted,0.381,0.0777,0.2476,0.2618,0.1158,0.1623
28,123,28,860,97,117,62,0.072,53,0,0.6277,0.3522,0.1019,0.2264,0.086,0.125,0.6902,0.2595,0.1397,0.1551,0.4409,0.6562,391,0,extracted,0.381,0.0777,0.2476,0.2618,0.1158,0.1623
28,123,29,860,97,117,62,0.072,53,0,0.6277,0.3522,0.1019,0.2264,0.086,0.125,0.6902,0.2595,0.1397,0.1551,0.4409,0.6562,391,0,extracted,0.381,0.0777,0.2476,0.2618,0.1158,0.1623
28,123,30,860,97,117,62,0.072,53,0,0.6277,0.3522,0.1019,0.2264,0.086,0.125,0.6902,0.2595,0.1397,0.1551,0.4409,0.6562,391,0,extracted,0.381,0.0777,0.2476,0.2618,0.1158,0.1623
28,123,31,860,97,177,105,0.122,79,0,0.6517,0.3564,0.09,0.1881,0.0968,0.125,0.6902,0.2595,0.1397,0.1551,0.4409,0.6562,391,0,extracted,0.3582,0.0758,0.194,0.2618,0.1158,0.1623
28,123,32,860,97,177,105,0.122,79,0,0.6517,0.3564,0.09,0.1881,0.0968,0.125,0.6902,0.2595,0.1397,0.1551,0.4409,0.6562,391,0,extracted,0.3582,0.0758,0.194,0.2618,0.1158,0.1623
28,123,33,860,97,177,105,0.122,79,0,0.6517,0.3564,0.09,0.1881,0.0968,0.125,0.6902,0.2595,0.1397,0.1551,0.4409,0.6562,391,0,extracted,0.3582,0.0758,0.194,0.2618,0.1158,0.1623
28,123,34,860,97,177,105,0.122,79,0,0.6517,0.3564,0.09,0.1881,0.0968,0.125,0.6902,0.2595,0.1397,0.1551,0.4409,0.6562,391,0,extracted,0.3582,0.0758,0.194,0.2618,0.1158,0.1623
28,123,35,860,97,177,105,0.122,79,0,0.6517,0.3564,0.09,0.1881,0.0968,0.125,0.6902,0.2595,0.1397,0.1551,0.4409,0.6562,391,0,extracted,0.3582,0.0758,0.194,0.2618,0.1158,0.1623
28,123,36,860,97,177,105,0.122,79,0,0.6517,0.3564,0.09,0.1881,0.0968,0.125,0.6902,0.2595,0.1397,0.1551,0.4409,0.6562,391,0,extracted,0.3582,0.0758,0.194,0.2618,0.1158,0.1623
28,123,37,860,97,218,130,0.151,94,0,0.6304,0.326,0.0711,0.185,0.086,0.1562,0.6902,0.2595,0.1397,0.1551,0.4409,0.6562,391,0,extracted,0.349,0.0544,0.2013,0.2618,0.1158,0.1623
28,123,38,860,97,218,130,0.151,94,0,0.6304,0.326,0.0711,0.185,0.086,0.1562,0.6902,0.2595,0.1397,0.1551,0.4409,0.6562,391,0,extracted,0.349,0.0544,0.2013,0.2618,0.1158,0.1623
28,123,39,860,97,218,130,0.151,94,0,0.6304,0.326,0.0711,0.185,0.086,0.1562,0.6902,0.2595,0.1397,0.1551,0.4409,0.6562,391,0,extracted,0.349,0.0544,0.2013,0.2618,0.1158,0.1623
28,123,40,860,97,218,130,0.151,94,0,0.6304,0.326,0.0711,0.185,0.086,0.1562,0.6902,0.2595,0.1397,0.1551,0.4409,0.6562,391,0,extracted,0.349,0.0544,0.2013,0.2618,0.1158,0.1623
28,123,41,860,97,218,130,0.151,94,0,0.6304,0.326,0.0711,0.185,0.086,0.1562,0.6902,0.2595,0.1397,0.1551,0.4409,0.6562,391,0,extracted,0.349,0.0544,0.2013,0.2618,0.1158,0.1623
28,123,42,860,97,218,130,0.151,94,0,0.6304,0.326,0.0711,0.185,0.086,0.1562,0.6902,0.2595,0.1397,0.1551,0.4409,0.6562,391,0,extracted,0.349,0.0544,0.2013,0.2618,0.1158,0.1623
28,123,43,860,97,218,130,0.151,94,0,0.6304,0.326,0.0711,0.185,0.086,0.1562,0.6902,0.2595,0.1397,0.1551,0.4409,0.6562,391,0,extracted,0.349,0.0544,0.2013,0.2618,0.1158,0.1623
28,123,44,860,97,283,173,0.201,121,0,0.6993,0.4815,0.2164,0.2889,0.3118,0.5625,0.6902,0.2595,0.1397,0.1551,0.4409,0.6562,391,0,extracted,0.4659,0.1379,0.25,0.2618,0.1158,0.1623
28,123,45,860,97,283,173,0.201,121,0,0.6993,0.4815,0.2164,0.2889,0.3118,0.5625,0.6902,0.2595,0.1397,0.1551,0.4409,0.6562,391,0,extracted,0.4659,0.1379,0.25,0.2618,0.1158,0.1623
28,123,46,860,97,283,173,0.201,121,0,0.6993,0.4815,0.2164,0.2889,0.3118,0.5625,0.6902,0.2595,0.1397,0.1551,0.4409,0.6562,391,0,extracted,0.4659,0.1379,0.25,0.2618,0.1158,0.1623
28,123,47,860,97,283,173,0.201,121,0,0.6993,0.4815,0.2164,0.2889,0.3118,0.5625,0.6902,0.2595,0.1397,0.1551,0.4409,0.6562,391,0,extracted,0.4659,0.1379,0.25,0.2618,0.1158,0.1623
28,123,48,860,97,283,173,0.201,121,0,0.6993,0.4815,0.2164,0.2889,0.3118,0.5625,0.6902,0.2595,0.1397,0.1551,0.4409,0.6562,391,0,extracted,0.4659,0.1379,0.25,0.2618,0.1158,0.1623
28,123,49,860,97,283,173,0.201,121,0,0.6993,0.4815,0.2164,0.2889,0.3118,0.5625,0.6902,0.2595,0.1397,0.1551,0.4409,0.6562,391,0,extracted,0.4659,0.1379,0.25,0.2618,0.1158,0.1623
28,123,50,860,97,338,203,0.236,152,0,0.7135,0.48,0.2282,0.2533,0.3656,0.625,0.6902,0.2595,0.1397,0.1551,0.4409,0.6562,391,0,extracted,0.4467,0.1436,0.2234,0.2618,0.1158,0.1623
28,123,51,860,97,338,203,0.236,152,0,0.7135,0.48,0.2282,0.2533,0.3656,0.625,0.6902,0.2595,0.1397,0.1551,0.4409,0.6562,391,0,extracted,0.4467,0.1436,0.2234,0.2618,0.1158,0.1623
28,123,52,860,97,338,203,0.236,152,0,0.7135,0.48,0.2282,0.2533,0.3656,0.625,0.6902,0.2595,0.1397,0.1551,0.4409,0.6562,391,0,extracted,0.4467,0.1436,0.2234,0.2618,0.1158,0.1623
28,123,53,860,97,338,203,0.236,152,0,0.7135,0.48,0.2282,0.2533,0.3656,0.625,0.6902,0.2595,0.1397,0.1551,0.4409,0.6562,391,0,extracted,0.4467,0.1436,0.2234,0.2618,0.1158,0.1623
28,123,54,860,97,338,203,0.236,152,0,0.7135,0.48,0.2282,0.2533,0.3656,0.625,0.6902,0.2595,0.1397,0.1551,0.4409,0.6562,391,0,extracted,0.4467,0.1436,0.2234,0.2618,0.1158,0.1623
28,123,55,860,97,338,203,0.236,152,0,0.7135,0.48,0.2282,0.2533,0.3656,0.625,0.6902,0.2595,0.1397,0.1551,0.4409,0.6562,391,0,extracted,0.4467,0.1436,0.2234,0.2618,0.1158,0.1623
28,123,56,860,97,338,203,0.236,152,0,0.7135,0.48,0.2282,0.2533,0.3656,0.625,0.6902,0.2595,0.1397,0.1551,0.4409,0.6562,391,0,extracted,0.4467,0.1436,0.2234,0.2618,0.1158,0.1623
28,123,57,860,97,390,228,0.265,173,0,0.7149,0.4492,0.2229,0.2338,0.3656,0.625,0.6902,0.2595,0.1397,0.1551,0.4409,0.6562,391,0,extracted,0.4519,0.1456,0.2115,0.2618,0.1158,0.1623
28,123,58,860,97,390,228,0.265,173,0,0.7149,0.4492,0.2229,0.2338,0.3656,0.625,0.6902,0.2595,0.1397,0.1551,0.4409,0.6562,391,0,extracted,0.4519,0.1456,0.2115,0.2618,0.1158,0.1623
28,123,59,860,97,390,228,0.265,173,0,0.7149,0.4492,0.2229,0.2338,0.3656,0.625,0.6902,0.2595,0.1397,0.1551,0.4409,0.6562,391,0,extracted,0.4519,0.1456,0.2115,0.2618,0.1158,0.1623
28,123,60,860,97,390,228,0.265,173,0,0.7149,0.4492,0.2229,0.2338,0.3656,0.625,0.6902,0.2595,0.1397,0.1551,0.4409,0.6562,391,0,extracted,0.4519,0.1456,0.2115,0.2618,0.1158,0.1623
28,123,61,860,97,390,228,0.265,173,0,0.7149,0.4492,0.2229,0.2338,0.3656,0.625,0.6902,0.2595,0.1397,0.1551,0.4409,0.6562,391,0,extracted,0.4519,0.1456,0.2115,0.2618,0.1158,0.1623
28,123,62,860,97,390,228,0.265,173,0,0.7149,0.4492,0.2229,0.2338,0.3656,0.625,0.6902,0.2595,0.1397,0.1551,0.4409,0.6562,391,0,extracted,0.4519,0.1456,0.2115,0.2618,0.1158,0.1623
28,123,63,860,97,390,228,0.265,173,0,0.7149,0.4492,0.2229,0.2338,0.3656,0.625,0.6902,0.2595,0.1397,0.1551,0.4409,0.6562,391,0,extracted,0.4519,0.1456,0.2115,0.2618,0.1158,0.1623
28,123,64,860,97,472,281,0.327,207,0,0.7202,0.4119,0.2016,0.206,0.3871,0.6562,0.6902,0.2595,0.1397,0.1551,0.4409,0.6562,391,0,extracted,0.4215,0.1448,0.1973,0.2618,0.1158,0.1623
28,123,65,860,97,472,281,0.327,207,0,0.7202,0.4119,0.2016,0.206,0.3871,0.6562,0.6902,0.2595,0.1397,0.1551,0.4409,0.6562,391,0,extracted,0.4215,0.1448,0.1973,0.2618,0.1158,0.1623
28,123,66,860,97,472,281,0.327,207,0,0.7202,0.4119,0.2016,0.206,0.3871,0.6562,0.6902,0.2595,0.1397,0.1551,0.4409,0.6562,391,0,extracted,0.4215,0.1448,0.1973,0.2618,0.1158,0.1623
28,123,67,860,97,472,281,0.327,207,0,0.7202,0.4119,0.2016,0.206,0.3871,0.6562,0.6902,0.2595,0.1397,0.1551,0.4409,0.6562,391,0,extracted,0.4215,0.1448,0.1973,0.2618,0.1158,0.1623
28,123,68,860,97,472,281,0.327,207,0,0.7202,0.4119,0.2016,0.206,0.3871,0.6562,0.6902,0.2595,0.1397,0.1551,0.4409,0.6562,391,0,extracted,0.4215,0.1448,0.1973,0.2618,0.1158,0.1623
28,123,69,860,97,472,281,0.327,207,0,0.7202,0.4119,0.2016,0.206,0.3871,0.6562,0.6902,0.2595,0.1397,0.1551,0.4409,0.6562,391,0,extracted,0.4215,0.1448,0.1973,0.2618,0.1158,0.1623
28,123,70,860,97,472,281,0.327,207,0,0.7202,0.4119,0.2016,0.206,0.3871,0.6562,0.6902,0.2595,0.1397,0.1551,0.4409,0.6562,391,0,extracted,0.4215,0.1448,0.1973,0.2618,0.1158,0.1623
28,123,71,860,97,584,325,0.378,266,0,0.6983,0.38,0.1862,0.1853,0.4194,0.7188,0.6902,0.2595,0.1397,0.1551,0.4409,0.6562,391,0,extracted,0.3623,0.1241,0.1594,0.2618,0.1158,0.1623
28,123,72,860,97,584,325,0.378,266,0,0.6983,0.38,0.1862,0.1853,0.4194,0.7188,0.6902,0.2595,0.1397,0.1551,0.4409,0.6562,391,0,extracted,0.3623,0.1241,0.1594,0.2618,0.1158,0.1623
28,123,73,860,97,584,325,0.378,266,0,0.6983,0.38,0.1862,0.1853,0.4194,0.7188,0.6902,0.2595,0.1397,0.1551,0.4409,0.6562,391,0,extracted,0.3623,0.1241,0.1594,0.2618,0.1158,0.1623
28,123,74,860,97,584,325,0.378,266,0,0.6983,0.38,0.1862,0.1853,0.4194,0.7188,0.6902,0.2595,0.1397,0.1551,0.4409,0.6562,391,0,extracted,0.3623,0.1241,0.1594,0.2618,0.1158,0.1623
28,123,75,860,97,584,325,0.378,266,0,0.6983,0.38,0.1862,0.1853,0.4194,0.7188,0.6902,0.2595,0.1397,0.1551,0.4409,0.6562,391,0,extracted,0.3623,0.1241,0.1594,0.2618,0.1158,0.1623
28,123,76,860,97,584,325,0.378,266,0,0.6983,0.38,0.1862,0.1853,0.4194,0.7188,0.6902,0.2595,0.1397,0.1551,0.4409,0.6562,391,0,extracted,0.3623,0.1241,0.1594,0.2618,0.1158,0.1623
28,123,77,860,97,634,398,0.463,289,0,0.7016,0.3299,0.1781,0.1691,0.4301,0.6875,0.6902,0.2595,0.1397,0.1551,0.4409,0.6562,391,0,extracted,0.3333,0.1477,0.1667,0.2618,0.1158,0.1623
28,123,78,860,97,634,398,0.463,289,0,0.7016,0.3299,0.1781,0.1691,0.4301,0.6875,0.6902,0.2595,0.1397,0.1551,0.4409,0.6562,391,0,extracted,0.3333,0.1477,0.1667,0.2618,0.1158,0.1623
28,123,79,860,97,634,398,0.463,289,0,0.7016,0.3299,0.1781,0.1691,0.4301,0.6875,0.6902,0.2595,0.1397,0.1551,0.4409,0.6562,391,0,extracted,0.3333,0.1477,0.1667,0.2618,0.1158,0.1623
28,123,80,860,97,634,398,0.463,289,0,0.7016,0.3299,0.1781,0.1691,0.4301,0.6875,0.6902,0.2595,0.1397,0.1551,0.4409,0.6562,391,0,extracted,0.3333,0.1477,0.1667,0.2618,0.1158,0.1623
28,123,81,860,97,634,398,0.463,289,0,0.7016,0.3299,0.1781,0.1691,0.4301,0.6875,0.6902,0.2595,0.1397,0.1551,0.4409,0.6562,391,0,extracted,0.3333,0.1477,0.1667,0.2618,0.1158,0.1623
28,123,82,860,97,634,398,0.463,289,0,0.7016,0.3299,0.1781,0.1691,0.4301,0.6875,0.6902,0.2595,0.1397,0.1551,0.4409,0.6562,391,0,extracted,0.3333,0.1477,0.1667,0.2618,0.1158,0.1623
28,123,83,860,97,634,398,0.463,289,0,0.7016,0.3299,0.1781,0.1691,0.4301,0.6875,0.6902,0.2595,0.1397,0.1551,0.4409,0.6562,391,0,extracted,0.3333,0.1477,0.1667,0.2618,0.1158,0.1623
28,123,84,860,97,706,418,0.486,325,0,0.7069,0.3268,0.1758,0.1907,0.4516,0.7188,0.6902,0.2595,0.1397,0.1551,0.4409,0.6562,391,0,extracted,0.3032,0.1232,0.1691,0.2618,0.1158,0.1623
28,123,85,860,97,706,418,0.486,325,0,0.7069,0.3268,0.1758,0.1907,0.4516,0.7188,0.6902,0.2595,0.1397,0.1551,0.4409,0.6562,391,0,extracted,0.3032,0.1232,0.1691,0.2618,0.1158,0.1623
28,123,86,860,97,706,418,0.486,325,0,0.7069,0.3268,0.1758,0.1907,0.4516,0.7188,0.6902,0.2595,0.1397,0.1551,0.4409,0.6562,391,0,extracted,0.3032,0.1232,0.1691,0.2618,0.1158,0.1623
28,123,87,860,97,706,418,0.486,325,0,0.7069,0.3268,0.1758,0.1907,0.4516,0.7188,0.6902,0.2595,0.1397,0.1551,0.4409,0.6562,391,0,extracted,0.3032,0.1232,0.1691,0.2618,0.1158,0.1623
28,123,88,860,97,706,418,0.486,325,0,0.7069,0.3268,0.1758,0.1907,0.4516,0.7188,0.6902,0.2595,0.1397,0.1551,0.4409,0.6562,391,0,extracted,0.3032,0.1232,0.1691,0.2618,0.1158,0.1623
28,123,89,860,97,706,418,0.486,325,0,0.7069,0.3268,0.1758,0.1907,0.4516,0.7188,0.6902,0.2595,0.1397,0.1551,0.4409,0.6562,391,0,extracted,0.3032,0.1232,0.1691,0.2618,0.1158,0.1623
28,123,90,860,97,786,445,0.517,360,0,0.6917,0.3031,0.1633,0.1738,0.4409,0.6875,0.6902,0.2595,0.1397,0.1551,0.4409,0.6562,391,0,extracted,0.2849,0.118,0.162,0.2618,0.1158,0.1623
28,123,91,860,97,786,445,0.517,360,0,0.6917,0.3031,0.1633,0.1738,0.4409,0.6875,0.6902,0.2595,0.1397,0.1551,0.4409,0.6562,391,0,extracted,0.2849,0.118,0.162,0.2618,0.1158,0.1623
28,123,92,860,97,786,445,0.517,360,0,0.6917,0.3031,0.1633,0.1738,0.4409,0.6875,0.6902,0.2595,0.1397,0.1551,0.4409,0.6562,391,0,extracted,0.2849,0.118,0.162,0.2618,0.1158,0.1623
28,123,93,860,97,786,445,0.517,360,0,0.6917,0.3031,0.1633,0.1738,0.4409,0.6875,0.6902,0.2595,0.1397,0.1551,0.4409,0.6562,391,0,extracted,0.2849,0.118,0.162,0.2618,0.1158,0.1623
28,123,94,860,97,786,445,0.517,360,0,0.6917,0.3031,0.1633,0.1738,0.4409,0.6875,0.6902,0.2595,0.1397,0.1551,0.4409,0.6562,391,0,extracted,0.2849,0.118,0.162,0.2618,0.1158,0.1623
28,123,95,860,97,786,445,0.517,360,0,0.6917,0.3031,0.1633,0.1738,0.4409,0.6875,0.6902,0.2595,0.1397,0.1551,0.4409,0.6562,391,0,extracted,0.2849,0.118,0.162,0.2618,0.1158,0.1623
28,123,96,860,97,786,445,0.517,360,0,0.6917,0.3031,0.1633,0.1738,0.4409,0.6875,0.6902,0.2595,0.1397,0.1551,0.4409,0.6562,391,0,extracted,0.2849,0.118,0.162,0.2618,0.1158,0.1623
28,123,97,860,97,850,499,0.58,381,0,0.6982,0.2761,0.152,0.1582,0.4516,0.6875,0.6902,0.2595,0.1397,0.1551,0.4409,0.6562,391,0,extracted,0.2622,0.1085,0.1491,0.2618,0.1158,0.1623
28,123,98,860,97,850,499,0.58,381,0,0.6982,0.2761,0.152,0.1582,0.4516,0.6875,0.6902,0.2595,0.1397,0.1551,0.4409,0.6562,391,0,extracted,0.2622,0.1085,0.1491,0.2618,0.1158,0.1623
28,123,99,860,97,850,499,0.58,381,0,0.6982,0.2761,0.152,0.1582,0.4516,0.6875,0.6902,0.2595,0.1397,0.1551,0.4409,0.6562,391,0,extracted,0.2622,0.1085,0.1491,0.2618,0.1158,0.1623
28,123,100,860,97,850,499,0.58,381,0,0.6982,0.2761,0.152,0.1582,0.4516,0.6875,0.6902,0.2595,0.1397,0.1551,0.4409,0.6562,391,0,extracted,0.2622,0.1085,0.1491,0.2618,0.1158,0.1623
29,123,1,957,96,10,29,0.03,5,0,0.5642,0.112,0.0,0.08,0.0,0.0,0.6541,0.1984,0.1044,0.1106,0.3441,0.4444,478,0,extracted,0.1081,0.0,0.0811,0.1793,0.0789,0.112
29,123,2,957,96,10,29,0.03,5,0,0.5642,0.112,0.0,0.08,0.0,0.0,0.6541,0.1984,0.1044,0.1106,0.3441,0.4444,478,0,extracted,0.1081,0.0,0.0811,0.1793,0.0789,0.112
29,123,3,957,96,10,29,0.03,5,0,0.5642,0.112,0.0,0.08,0.0,0.0,0.6541,0.1984,0.1044,0.1106,0.3441,0.4444,478,0,extracted,0.1081,0.0,0.0811,0.1793,0.0789,0.112
29,123,4,957,96,10,29,0.03,5,0,0.5642,0.112,0.0,0.08,0.0,0.0,0.6541,0.1984,0.1044,0.1106,0.3441,0.4444,478,0,extracted,0.1081,0.0,0.0811,0.1793,0.0789,0.112
29,123,5,957,96,10,29,0.03,5,0,0.5642,0.112,0.0,0.08,0.0,0.0,0.6541,0.1984,0.1044,0.1106,0.3441,0.4444,478,0,extracted,0.1081,0.0,0.0811,0.1793,0.0789,0.112
29,123,6,957,96,10,29,0.03,5,0,0.5642,0.112,0.0,0.08,0.0,0.0,0.6541,0.1984,0.1044,0.1106,0.3441,0.4444,478,0,extracted,0.1081,0.0,0.0811,0.1793,0.0789,0.112
29,123,7,957,96,10,29,0.03,5,0,0.5642,0.112,0.0,0.08,0.0,0.0,0.6541,0.1984,0.1044,0.1106,0.3441,0.4444,478,0,extracted,0.1081,0.0,0.0811,0.1793,0.0789,0.112
29,123,8,957,96,30,30,0.031,12,0,0.6094,0.2063,0.0645,0.127,0.043,0.037,0.6541,0.1984,0.1044,0.1106,0.3441,0.4444,478,0,extracted,0.1096,0.0,0.0822,0.1793,0.0789,0.112
29,123,9,957,96,30,30,0.031,12,0,0.6094,0.2063,0.0645,0.127,0.043,0.037,0.6541,0.1984,0.1044,0.1106,0.3441,0.4444,478,0,extracted,0.1096,0.0,0.0822,0.1793,0.0789,0.112
29,123,10,957,96,30,30,0.031,12,0,0.6094,0.2063,0.0645,0.127,0.043,0.037,0.6541,0.1984,0.1044,0.1106,0.3441,0.4444,478,0,extracted,0.1096,0.0,0.0822,0.1793,0.0789,0.112
29,123,11,957,96,30,30,0.031,12,0,0.6094,0.2063,0.0645,0.127,0.043,0.037,0.6541,0.1984,0.1044,0.1106,0.3441,0.4444,478,0,extracted,0.1096,0.0,0.0822,0.1793,0.0789,0.112
29,123,12,957,96,59,47,0.049,26,0,0.6427,0.2238,0.0567,0.1678,0.043,0.0741,0.6541,0.1984,0.1044,0.1106,0.3441,0.4444,478,0,extracted,0.1628,0.0476,0.1395,0.1793,0.0789,0.112
29,123,13,957,96,59,47,0.049,26,0,0.6427,0.2238,0.0567,0.1678,0.043,0.0741,0.6541,0.1984,0.1044,0.1106,0.3441,0.4444,478,0,extracted,0.1628,0.0476,0.1395,0.1793,0.0789,0.112
29,123,14,957,96,59,47,0.049,26,0,0.6427,0.2238,0.0567,0.1678,0.043,0.0741,0.6541,0.1984,0.1044,0.1106,0.3441,0.4444,478,0,extracted,0.1628,0.0476,0.1395,0.1793,0.0789,0.112
29,123,15,957,96,59,47,0.049,26,0,0.6427,0.2238,0.0567,0.1678,0.043,0.0741,0.6541,0.1984,0.1044,0.1106,0.3441,0.4444,478,0,extracted,0.1628,0.0476,0.1395,0.1793,0.0789,0.112
29,123,16,957,96,59,47,0.049,26,0,0.6427,0.2238,0.0567,0.1678,0.043,0.0741,0.6541,0.1984,0.1044,0.1106,0.3441,0.4444,478,0,extracted,0.1628,0.0476,0.1395,0.1793,0.0789,0.112
29,123,17,957,96,93,60,0.063,44,0,0.6566,0.2949,0.1039,0.1667,0.086,0.1111,0.6541,0.1984,0.1044,0.1106,0.3441,0.4444,478,0,extracted,0.172,0.044,0.129,0.1793,0.0789,0.112
29,123,18,957,96,93,60,0.063,44,0,0.6566,0.2949,0.1039,0.1667,0.086,0.1111,0.6541,0.1984,0.1044,0.1106,0.3441,0.4444,478,0,extracted,0.172,0.044,0.129,0.1793,0.0789,0.112
29,123,19,957,96,93,60,0.063,44,0,0.6566,0.2949,0.1039,0.1667,0.086,0.1111,0.6541,0.1984,0.1044,0.1106,0.3441,0.4444,478,0,extracted,0.172,0.044,0.129,0.1793,0.0789,0.112
29,123,20,957,96,93,60,0.063,44,0,0.6566,0.2949,0.1039,0.1667,0.086,0.1111,0.6541,0.1984,0.1044,0.1106,0.3441,0.4444,478,0,extracted,0.172,0.044,0.129,0.1793,0.0789,0.112
29,123,21,957,96,93,60,0.063,44,0,0.6566,0.2949,0.1039,0.1667,0.086,0.1111,0.6541,0.1984,0.1044,0.1106,0.3441,0.4444,478,0,extracted,0.172,0.044,0.129,0.1793,0.0789,0.112
29,123,22,957,96,119,74,0.077,56,0,0.7112,0.3882,0.1786,0.2471,0.1613,0.2593,0.6541,0.1984,0.1044,0.1106,0.3441,0.4444,478,0,extracted,0.3168,0.101,0.2178,0.1793,0.0789,0.112
29,123,23,957,96,119,74,0.077,56,0,0.7112,0.3882,0.1786,0.2471,0.1613,0.2593,0.6541,0.1984,0.1044,0.1106,0.3441,0.4444,478,0,extracted,0.3168,0.101,0.2178,0.1793,0.0789,0.112
29,123,24,957,96,119,74,0.077,56,0,0.7112,0.3882,0.1786,0.2471,0.1613,0.2593,0.6541,0.1984,0.1044,0.1106,0.3441,0.4444,478,0,extracted,0.3168,0.101,0.2178,0.1793,0.0789,0.112
29,123,25,957,96,119,74,0.077,56,0,0.7112,0.3882,0.1786,0.2471,0.1613,0.2593,0.6541,0.1984,0.1044,0.1106,0.3441,0.4444,478,0,extracted,0.3168,0.101,0.2178,0.1793,0.0789,0.112
29,123,26,957,96,119,74,0.077,56,0,0.7112,0.3882,0.1786,0.2471,0.1613,0.2593,0.6541,0.1984,0.1044,0.1106,0.3441,0.4444,478,0,extracted,0.3168,0.101,0.2178,0.1793,0.0789,0.112
29,123,27,957,96,143,86,0.09,65,0,0.6671,0.3846,0.1444,0.2088,0.1398,0.1852,0.6541,0.1984,0.1044,0.1106,0.3441,0.4444,478,0,extracted,0.3333,0.0943,0.2222,0.1793,0.0789,0.112
29,123,28,957,96,143,86,0.09,65,0,0.6671,0.3846,0.1444,0.2088,0.1398,0.1852,0.6541,0.1984,0.1044,0.1106,0.3441,0.4444,478,0,extracted,0.3333,0.0943,0.2222,0.1793,0.0789,0.112
29,123,29,957,96,143,86,0.09,65,0,0.6671,0.3846,0.1444,0.2088,0.1398,0.1852,0.6541,0.1984,0.1044,0.1106,0.3441,0.4444,478,0,extracted,0.3333,0.0943,0.2222,0.1793,0.0789,0.112
29,123,30,957,96,143,86,0.09,65,0,0.6671,0.3846,0.1444,0.2088,0.1398,0.1852,0.6541,0.1984,0.1044,0.1106,0.3441,0.4444,478,0,extracted,0.3333,0.0943,0.2222,0.1793,0.0789,0.112
29,123,31,957,96,170,97,0.101,76,0,0.6755,0.3523,0.1257,0.1969,0.129,0.1481,0.6541,0.1984,0.1044,0.1106,0.3441,0.4444,478,0,extracted,0.2881,0.0862,0.2203,0.1793,0.0789,0.112
29,123,32,957,96,170,97,0.101,76,0,0.6755,0.3523,0.1257,0.1969,0.129,0.1481,0.6541,0.1984,0.1044,0.1106,0.3441,0.4444,478,0,extracted,0.2881,0.0862,0.2203,0.1793,0.0789,0.112
29,123,33,957,96,170,97,0.101,76,0,0.6755,0.3523,0.1257,0.1969,0.129,0.1481,0.6541,0.1984,0.1044,0.1106,0.3441,0.4444,478,0,extracted,0.2881,0.0862,0.2203,0.1793,0.0789,0.112
29,123,34,957,96,170,97,0.101,76,0,0.6755,0.3523,0.1257,0.1969,0.129,0.1481,0.6541,0.1984,0.1044,0.1106,0.3441,0.4444,478,0,extracted,0.2881,0.0862,0.2203,0.1793,0.0789,0.112
29,123,35,957,96,170,97,0.101,76,0,0.6755,0.3523,0.1257,0.1969,0.129,0.1481,0.6541,0.1984,0.1044,0.1106,0.3441,0.4444,478,0,extracted,0.2881,0.0862,0.2203,0.1793,0.0789,0.112
29,123,36,957,96,198,119,0.124,92,0,0.6899,0.4,0.169,0.2605,0.1935,0.2963,0.6541,0.1984,0.1044,0.1106,0.3441,0.4444,478,0,extracted,0.3333,0.1077,0.2424,0.1793,0.0789,0.112
29,123,37,957,96,198,119,0.124,92,0,0.6899,0.4,0.169,0.2605,0.1935,0.2963,0.6541,0.1984,0.1044,0.1106,0.3441,0.4444,478,0,extracted,0.3333,0.1077,0.2424,0.1793,0.0789,0.112
29,123,38,957,96,198,119,0.124,92,0,0.6899,0.4,0.169,0.2605,0.1935,0.2963,0.6541,0.1984,0.1044,0.1106,0.3441,0.4444,478,0,extracted,0.3333,0.1077,0.2424,0.1793,0.0789,0.112
29,123,39,957,96,198,119,0.124,92,0,0.6899,0.4,0.169,0.2605,0.1935,0.2963,0.6541,0.1984,0.1044,0.1106,0.3441,0.4444,478,0,extracted,0.3333,0.1077,0.2424,0.1793,0.0789,0.112
29,123,40,957,96,198,119,0.124,92,0,0.6899,0.4,0.169,0.2605,0.1935,0.2963,0.6541,0.1984,0.1044,0.1106,0.3441,0.4444,478,0,extracted,0.3333,0.1077,0.2424,0.1793,0.0789,0.112
29,123,41,957,96,236,143,0.149,113,0,0.679,0.3849,0.1603,0.1925,0.2043,0.2963,0.6541,0.1984,0.1044,0.1106,0.3441,0.4444,478,0,extracted,0.3243,0.1096,0.1757,0.1793,0.0789,0.112
29,123,42,957,96,236,143,0.149,113,0,0.679,0.3849,0.1603,0.1925,0.2043,0.2963,0.6541,0.1984,0.1044,0.1106,0.3441,0.4444,478,0,extracted,0.3243,0.1096,0.1757,0.1793,0.0789,0.112
29,123,43,957,96,236,143,0.149,113,0,0.679,0.3849,0.1603,0.1925,0.2043,0.2963,0.6541,0.1984,0.1044,0.1106,0.3441,0.4444,478,0,extracted,0.3243,0.1096,0.1757,0.1793,0.0789,0.112
29,123,44,957,96,236,143,0.149,113,0,0.679,0.3849,0.1603,0.1925,0.2043,0.2963,0.6541,0.1984,0.1044,0.1106,0.3441,0.4444,478,0,extracted,0.3243,0.1096,0.1757,0.1793,0.0789,0.112
29,123,45,957,96,236,143,0.149,113,0,0.679,0.3849,0.1603,0.1925,0.2043,0.2963,0.6541,0.1984,0.1044,0.1106,0.3441,0.4444,478,0,extracted,0.3243,0.1096,0.1757,0.1793,0.0789,0.112
29,123,46,957,96,267,151,0.158,124,0,0.6813,0.3887,0.1959,0.2024,0.2581,0.3704,0.6541,0.1984,0.1044,0.1106,0.3441,0.4444,478,0,extracted,0.3355,0.1438,0.2065,0.1793,0.0789,0.112
29,123,47,957,96,267,151,0.158,124,0,0.6813,0.3887,0.1959,0.2024,0.2581,0.3704,0.6541,0.1984,0.1044,0.1106,0.3441,0.4444,478,0,extracted,0.3355,0.1438,0.2065,0.1793,0.0789,0.112
29,123,48,957,96,267,151,0.158,124,0,0.6813,0.3887,0.1959,0.2024,0.2581,0.3704,0.6541,0.1984,0.1044,0.1106,0.3441,0.4444,478,0,extracted,0.3355,0.1438,0.2065,0.1793,0.0789,0.112
29,123,49,957,96,267,151,0.158,124,0,0.6813,0.3887,0.1959,0.2024,0.2581,0.3704,0.6541,0.1984,0.1044,0.1106,0.3441,0.4444,478,0,extracted,0.3355,0.1438,0.2065,0.1793,0.0789,0.112
29,123,50,957,96,267,151,0.158,124,0,0.6813,0.3887,0.1959,0.2024,0.2581,0.3704,0.6541,0.1984,0.1044,0.1106,0.3441,0.4444,478,0,extracted,0.3355,0.1438,0.2065,0.1793,0.0789,0.112
29,123,51,957,96,291,155,0.162,137,0,0.6734,0.3347,0.1606,0.247,0.2151,0.3333,0.6541,0.1984,0.1044,0.1106,0.3441,0.4444,478,0,extracted,0.321,0.1375,0.2469,0.1793,0.0789,0.112
29,123,52,957,96,291,155,0.162,137,0,0.6734,0.3347,0.1606,0.247,0.2151,0.3333,0.6541,0.1984,0.1044,0.1106,0.3441,0.4444,478,0,extracted,0.321,0.1375,0.2469,0.1793,0.0789,0.112
29,123,53,957,96,291,155,0.162,137,0,0.6734,0.3347,0.1606,0.247,0.2151,0.3333,0.6541,0.1984,0.1044,0.1106,0.3441,0.4444,478,0,extracted,0.321,0.1375,0.2469,0.1793,0.0789,0.112
29,123,54,957,96,291,155,0.162,137,0,0.6734,0.3347,0.1606,0.247,0.2151,0.3333,0.6541,0.1984,0.1044,0.1106,0.3441,0.4444,478,0,extracted,0.321,0.1375,0.2469,0.1793,0.0789,0.112
29,123,55,957,96,355,206,0.215,170,0,0.6954,0.351,0.2067,0.2053,0.3333,0.4074,0.6541,0.1984,0.1044,0.1106,0.3441,0.4444,478,0,extracted,0.3005,0.1466,0.2073,0.1793,0.0789,0.112
29,123,56,957,96,355,206,0.215,170,0,0.6954,0.351,0.2067,0.2053,0.3333,0.4074,0.6541,0.1984,0.1044,0.1106,0.3441,0.4444,478,0,extracted,0.3005,0.1466,0.2073,0.1793,0.0789,0.112
29,123,57,957,96,355,206,0.215,170,0,0.6954,0.351,0.2067,0.2053,0.3333,0.4074,0.6541,0.1984,0.1044,0.1106,0.3441,0.4444,478,0,extracted,0.3005,0.1466,0.2073,0.1793,0.0789,0.112
29,123,58,957,96,355,206,0.215,170,0,0.6954,0.351,0.2067,0.2053,0.3333,0.4074,0.6541,0.1984,0.1044,0.1106,0.3441,0.4444,478,0,extracted,0.3005,0.1466,0.2073,0.1793,0.0789,0.112
29,123,59,957,96,355,206,0.215,170,0,0.6954,0.351,0.2067,0.2053,0.3333,0.4074,0.6541,0.1984,0.1044,0.1106,0.3441,0.4444,478,0,extracted,0.3005,0.1466,0.2073,0.1793,0.0789,0.112
29,123,60,957,96,390,230,0.24,192,0,0.6911,0.3333,0.1863,0.1914,0.3226,0.4074,0.6541,0.1984,0.1044,0.1106,0.3441,0.4444,478,0,extracted,0.2915,0.132,0.201,0.1793,0.0789,0.112
29,123,61,957,96,390,230,0.24,192,0,0.6911,0.3333,0.1863,0.1914,0.3226,0.4074,0.6541,0.1984,0.1044,0.1106,0.3441,0.4444,478,0,extracted,0.2915,0.132,0.201,0.1793,0.0789,0.112
29,123,62,957,96,390,230,0.24,192,0,0.6911,0.3333,0.1863,0.1914,0.3226,0.4074,0.6541,0.1984,0.1044,0.1106,0.3441,0.4444,478,0,extracted,0.2915,0.132,0.201,0.1793,0.0789,0.112
29,123,63,957,96,390,230,0.24,192,0,0.6911,0.3333,0.1863,0.1914,0.3226,0.4074,0.6541,0.1984,0.1044,0.1106,0.3441,0.4444,478,0,extracted,0.2915,0.132,0.201,0.1793,0.0789,0.112
29,123,64,957,96,390,230,0.24,192,0,0.6911,0.3333,0.1863,0.1914,0.3226,0.4074,0.6541,0.1984,0.1044,0.1106,0.3441,0.4444,478,0,extracted,0.2915,0.132,0.201,0.1793,0.0789,0.112
29,123,65,957,96,454,290,0.303,227,0,0.6727,0.2737,0.127,0.1316,0.2581,0.2963,0.6541,0.1984,0.1044,0.1106,0.3441,0.4444,478,0,extracted,0.2364,0.0917,0.1455,0.1793,0.0789,0.112
29,123,66,957,96,454,290,0.303,227,0,0.6727,0.2737,0.127,0.1316,0.2581,0.2963,0.6541,0.1984,0.1044,0.1106,0.3441,0.4444,478,0,extracted,0.2364,0.0917,0.1455,0.1793,0.0789,0.112
29,123,67,957,96,454,290,0.303,227,0,0.6727,0.2737,0.127,0.1316,0.2581,0.2963,0.6541,0.1984,0.1044,0.1106,0.3441,0.4444,478,0,extracted,0.2364,0.0917,0.1455,0.1793,0.0789,0.112
29,123,68,957,96,454,290,0.303,227,0,0.6727,0.2737,0.127,0.1316,0.2581,0.2963,0.6541,0.1984,0.1044,0.1106,0.3441,0.4444,478,0,extracted,0.2364,0.0917,0.1455,0.1793,0.0789,0.112
29,123,69,957,96,454,290,0.303,227,0,0.6727,0.2737,0.127,0.1316,0.2581,0.2963,0.6541,0.1984,0.1044,0.1106,0.3441,0.4444,478,0,extracted,0.2364,0.0917,0.1455,0.1793,0.0789,0.112
29,123,70,957,96,478,300,0.313,239,0,0.6952,0.2886,0.1578,0.1519,0.3333,0.4074,0.6541,0.1984,0.1044,0.1106,0.3441,0.4444,478,0,extracted,0.2348,0.1143,0.1457,0.1793,0.0789,0.112
29,123,71,957,96,478,300,0.313,239,0,0.6952,0.2886,0.1578,0.1519,0.3333,0.4074,0.6541,0.1984,0.1044,0.1106,0.3441,0.4444,478,0,extracted,0.2348,0.1143,0.1457,0.1793,0.0789,0.112
29,123,72,957,96,478,300,0.313,239,0,0.6952,0.2886,0.1578,0.1519,0.3333,0.4074,0.6541,0.1984,0.1044,0.1106,0.3441,0.4444,478,0,extracted,0.2348,0.1143,0.1457,0.1793,0.0789,0.112
29,123,73,957,96,478,300,0.313,239,0,0.6952,0.2886,0.1578,0.1519,0.3333,0.4074,0.6541,0.1984,0.1044,0.1106,0.3441,0.4444,478,0,extracted,0.2348,0.1143,0.1457,0.1793,0.0789,0.112
29,123,74,957,96,532,317,0.331,266,0,0.6789,0.2673,0.1493,0.1485,0.3226,0.4074,0.6541,0.1984,0.1044,0.1106,0.3441,0.4444,478,0,extracted,0.2511,0.1176,0.1614,0.1793,0.0789,0.112
29,123,75,957,96,532,317,0.331,266,0,0.6789,0.2673,0.1493,0.1485,0.3226,0.4074,0.6541,0.1984,0.1044,0.1106,0.3441,0.4444,478,0,extracted,0.2511,0.1176,0.1614,0.1793,0.0789,0.112
29,123,76,957,96,532,317,0.331,266,0,0.6789,0.2673,0.1493,0.1485,0.3226,0.4074,0.6541,0.1984,0.1044,0.1106,0.3441,0.4444,478,0,extracted,0.2511,0.1176,0.1614,0.1793,0.0789,0.112
29,123,77,957,96,532,317,0.331,266,0,0.6789,0.2673,0.1493,0.1485,0.3226,0.4074,0.6541,0.1984,0.1044,0.1106,0.3441,0.4444,478,0,extracted,0.2511,0.1176,0.1614,0.1793,0.0789,0.112
29,123,78,957,96,532,317,0.331,266,0,0.6789,0.2673,0.1493,0.1485,0.3226,0.4074,0.6541,0.1984,0.1044,0.1106,0.3441,0.4444,478,0,extracted,0.2511,0.1176,0.1614,0.1793,0.0789,0.112
29,123,79,957,96,605,349,0.365,304,0,0.6736,0.274,0.1468,0.1279,0.3441,0.4815,0.6541,0.1984,0.1044,0.1106,0.3441,0.4444,478,0,extracted,0.2429,0.1061,0.1215,0.1793,0.0789,0.112
29,123,80,957,96,605,349,0.365,304,0,0.6736,0.274,0.1468,0.1279,0.3441,0.4815,0.6541,0.1984,0.1044,0.1106,0.3441,0.4444,478,0,extracted,0.2429,0.1061,0.1215,0.1793,0.0789,0.112
29,123,81,957,96,605,349,0.365,304,0,0.6736,0.274,0.1468,0.1279,0.3441,0.4815,0.6541,0.1984,0.1044,0.1106,0.3441,0.4444,478,0,extracted,0.2429,0.1061,0.1215,0.1793,0.0789,0.112
29,123,82,957,96,605,349,0.365,304,0,0.6736,0.274,0.1468,0.1279,0.3441,0.4815,0.6541,0.1984,0.1044,0.1106,0.3441,0.4444,478,0,extracted,0.2429,0.1061,0.1215,0.1793,0.0789,0.112
29,123,83,957,96,605,349,0.365,304,0,0.6736,0.274,0.1468,0.1279,0.3441,0.4815,0.6541,0.1984,0.1044,0.1106,0.3441,0.4444,478,0,extracted,0.2429,0.1061,0.1215,0.1793,0.0789,0.112
29,123,84,957,96,750,422,0.441,375,0,0.6776,0.2466,0.1297,0.1448,0.3548,0.4074,0.6541,0.1984,0.1044,0.1106,0.3441,0.4444,478,0,extracted,0.2112,0.0997,0.1386,0.1793,0.0789,0.112
29,123,85,957,96,750,422,0.441,375,0,0.6776,0.2466,0.1297,0.1448,0.3548,0.4074,0.6541,0.1984,0.1044,0.1106,0.3441,0.4444,478,0,extracted,0.2112,0.0997,0.1386,0.1793,0.0789,0.112
29,123,86,957,96,750,422,0.441,375,0,0.6776,0.2466,0.1297,0.1448,0.3548,0.4074,0.6541,0.1984,0.1044,0.1106,0.3441,0.4444,478,0,extracted,0.2112,0.0997,0.1386,0.1793,0.0789,0.112
29,123,87,957,96,750,422,0.441,375,0,0.6776,0.2466,0.1297,0.1448,0.3548,0.4074,0.6541,0.1984,0.1044,0.1106,0.3441,0.4444,478,0,extracted,0.2112,0.0997,0.1386,0.1793,0.0789,0.112
29,123,88,957,96,750,422,0.441,375,0,0.6776,0.2466,0.1297,0.1448,0.3548,0.4074,0.6541,0.1984,0.1044,0.1106,0.3441,0.4444,478,0,extracted,0.2112,0.0997,0.1386,0.1793,0.0789,0.112
29,123,89,957,96,794,500,0.522,395,0,0.6706,0.2207,0.109,0.1087,0.3441,0.4444,0.6541,0.1984,0.1044,0.1106,0.3441,0.4444,478,0,extracted,0.1913,0.0758,0.0986,0.1793,0.0789,0.112
29,123,90,957,96,794,500,0.522,395,0,0.6706,0.2207,0.109,0.1087,0.3441,0.4444,0.6541,0.1984,0.1044,0.1106,0.3441,0.4444,478,0,extracted,0.1913,0.0758,0.0986,0.1793,0.0789,0.112
29,123,91,957,96,794,500,0.522,395,0,0.6706,0.2207,0.109,0.1087,0.3441,0.4444,0.6541,0.1984,0.1044,0.1106,0.3441,0.4444,478,0,extracted,0.1913,0.0758,0.0986,0.1793,0.0789,0.112
29,123,92,957,96,794,500,0.522,395,0,0.6706,0.2207,0.109,0.1087,0.3441,0.4444,0.6541,0.1984,0.1044,0.1106,0.3441,0.4444,478,0,extracted,0.1913,0.0758,0.0986,0.1793,0.0789,0.112
29,123,93,957,96,872,530,0.554,432,0,0.673,0.2186,0.1113,0.1077,0.3548,0.4815,0.6541,0.1984,0.1044,0.1106,0.3441,0.4444,478,0,extracted,0.2071,0.0774,0.1065,0.1793,0.0789,0.112
29,123,94,957,96,872,530,0.554,432,0,0.673,0.2186,0.1113,0.1077,0.3548,0.4815,0.6541,0.1984,0.1044,0.1106,0.3441,0.4444,478,0,extracted,0.2071,0.0774,0.1065,0.1793,0.0789,0.112
29,123,95,957,96,872,530,0.554,432,0,0.673,0.2186,0.1113,0.1077,0.3548,0.4815,0.6541,0.1984,0.1044,0.1106,0.3441,0.4444,478,0,extracted,0.2071,0.0774,0.1065,0.1793,0.0789,0.112
29,123,96,957,96,872,530,0.554,432,0,0.673,0.2186,0.1113,0.1077,0.3548,0.4815,0.6541,0.1984,0.1044,0.1106,0.3441,0.4444,478,0,extracted,0.2071,0.0774,0.1065,0.1793,0.0789,0.112
29,123,97,957,96,872,530,0.554,432,0,0.673,0.2186,0.1113,0.1077,0.3548,0.4815,0.6541,0.1984,0.1044,0.1106,0.3441,0.4444,478,0,extracted,0.2071,0.0774,0.1065,0.1793,0.0789,0.112
29,123,98,957,96,943,569,0.595,465,0,0.67,0.1948,0.1069,0.1005,0.3763,0.4815,0.6541,0.1984,0.1044,0.1106,0.3441,0.4444,478,0,extracted,0.1823,0.0809,0.1019,0.1793,0.0789,0.112
29,123,99,957,96,943,569,0.595,465,0,0.67,0.1948,0.1069,0.1005,0.3763,0.4815,0.6541,0.1984,0.1044,0.1106,0.3441,0.4444,478,0,extracted,0.1823,0.0809,0.1019,0.1793,0.0789,0.112
29,123,100,957,96,943,569,0.595,465,0,0.67,0.1948,0.1069,0.1005,0.3763,0.4815,0.6541,0.1984,0.1044,0.1106,0.3441,0.4444,478,0,extracted,0.1823,0.0809,0.1019,0.1793,0.0789,0.112
30,123,1,907,89,21,21,0.023,13,0,0.6633,0.1667,0.0377,0.1296,0.026,0.0476,0.6667,0.2328,0.0822,0.118,0.2727,0.381,464,0,extracted,0.1818,0.0312,0.1515,0.1808,0.0771,0.126
30,123,2,907,89,21,21,0.023,13,0,0.6633,0.1667,0.0377,0.1296,0.026,0.0476,0.6667,0.2328,0.0822,0.118,0.2727,0.381,464,0,extracted,0.1818,0.0312,0.1515,0.1808,0.0771,0.126
30,123,3,907,89,21,21,0.023,13,0,0.6633,0.1667,0.0377,0.1296,0.026,0.0476,0.6667,0.2328,0.0822,0.118,0.2727,0.381,464,0,extracted,0.1818,0.0312,0.1515,0.1808,0.0771,0.126
30,123,4,907,89,21,21,0.023,13,0,0.6633,0.1667,0.0377,0.1296,0.026,0.0476,0.6667,0.2328,0.0822,0.118,0.2727,0.381,464,0,extracted,0.1818,0.0312,0.1515,0.1808,0.0771,0.126
30,123,5,907,89,21,21,0.023,13,0,0.6633,0.1667,0.0377,0.1296,0.026,0.0476,0.6667,0.2328,0.0822,0.118,0.2727,0.381,464,0,extracted,0.1818,0.0312,0.1515,0.1808,0.0771,0.126
30,123,6,907,89,21,21,0.023,13,0,0.6633,0.1667,0.0377,0.1296,0.026,0.0476,0.6667,0.2328,0.0822,0.118,0.2727,0.381,464,0,extracted,0.1818,0.0312,0.1515,0.1808,0.0771,0.126
30,123,7,907,89,21,21,0.023,13,0,0.6633,0.1667,0.0377,0.1296,0.026,0.0476,0.6667,0.2328,0.0822,0.118,0.2727,0.381,464,0,extracted,0.1818,0.0312,0.1515,0.1808,0.0771,0.126
30,123,8,907,89,38,38,0.042,21,0,0.6872,0.24,0.0325,0.16,0.026,0.0476,0.6667,0.2328,0.0822,0.118,0.2727,0.381,464,0,extracted,0.2105,0.027,0.1579,0.1808,0.0771,0.126
30,123,9,907,89,38,38,0.042,21,0,0.6872,0.24,0.0325,0.16,0.026,0.0476,0.6667,0.2328,0.0822,0.118,0.2727,0.381,464,0,extracted,0.2105,0.027,0.1579,0.1808,0.0771,0.126
30,123,10,907,89,38,38,0.042,21,0,0.6872,0.24,0.0325,0.16,0.026,0.0476,0.6667,0.2328,0.0822,0.118,0.2727,0.381,464,0,extracted,0.2105,0.027,0.1579,0.1808,0.0771,0.126
30,123,11,907,89,38,38,0.042,21,0,0.6872,0.24,0.0325,0.16,0.026,0.0476,0.6667,0.2328,0.0822,0.118,0.2727,0.381,464,0,extracted,0.2105,0.027,0.1579,0.1808,0.0771,0.126
30,123,12,907,89,38,38,0.042,21,0,0.6872,0.24,0.0325,0.16,0.026,0.0476,0.6667,0.2328,0.0822,0.118,0.2727,0.381,464,0,extracted,0.2105,0.027,0.1579,0.1808,0.0771,0.126
30,123,13,907,89,63,42,0.046,38,0,0.6826,0.2636,0.0315,0.155,0.026,0.0476,0.6667,0.2328,0.0822,0.118,0.2727,0.381,464,0,extracted,0.2051,0.0263,0.1538,0.1808,0.0771,0.126
30,123,14,907,89,63,42,0.046,38,0,0.6826,0.2636,0.0315,0.155,0.026,0.0476,0.6667,0.2328,0.0822,0.118,0.2727,0.381,464,0,extracted,0.2051,0.0263,0.1538,0.1808,0.0771,0.126
30,123,15,907,89,63,42,0.046,38,0,0.6826,0.2636,0.0315,0.155,0.026,0.0476,0.6667,0.2328,0.0822,0.118,0.2727,0.381,464,0,extracted,0.2051,0.0263,0.1538,0.1808,0.0771,0.126
30,123,16,907,89,63,42,0.046,38,0,0.6826,0.2636,0.0315,0.155,0.026,0.0476,0.6667,0.2328,0.0822,0.118,0.2727,0.381,464,0,extracted,0.2051,0.0263,0.1538,0.1808,0.0771,0.126
30,123,17,907,89,63,42,0.046,38,0,0.6826,0.2636,0.0315,0.155,0.026,0.0476,0.6667,0.2328,0.0822,0.118,0.2727,0.381,464,0,extracted,0.2051,0.0263,0.1538,0.1808,0.0771,0.126
30,123,18,907,89,86,46,0.051,49,0,0.703,0.2707,0.0763,0.1805,0.039,0.0476,0.6667,0.2328,0.0822,0.118,0.2727,0.381,464,0,extracted,0.2619,0.0732,0.1905,0.1808,0.0771,0.126
30,123,19,907,89,86,46,0.051,49,0,0.703,0.2707,0.0763,0.1805,0.039,0.0476,0.6667,0.2328,0.0822,0.118,0.2727,0.381,464,0,extracted,0.2619,0.0732,0.1905,0.1808,0.0771,0.126
30,123,20,907,89,86,46,0.051,49,0,0.703,0.2707,0.0763,0.1805,0.039,0.0476,0.6667,0.2328,0.0822,0.118,0.2727,0.381,464,0,extracted,0.2619,0.0732,0.1905,0.1808,0.0771,0.126
30,123,21,907,89,86,46,0.051,49,0,0.703,0.2707,0.0763,0.1805,0.039,0.0476,0.6667,0.2328,0.0822,0.118,0.2727,0.381,464,0,extracted,0.2619,0.0732,0.1905,0.1808,0.0771,0.126
30,123,22,907,89,86,46,0.051,49,0,0.703,0.2707,0.0763,0.1805,0.039,0.0476,0.6667,0.2328,0.0822,0.118,0.2727,0.381,464,0,extracted,0.2619,0.0732,0.1905,0.1808,0.0771,0.126
30,123,23,907,89,122,72,0.079,68,0,0.6894,0.3899,0.0382,0.1887,0.039,0.0952,0.6667,0.2328,0.0822,0.118,0.2727,0.381,464,0,extracted,0.2626,0.0206,0.202,0.1808,0.0771,0.126
30,123,24,907,89,122,72,0.079,68,0,0.6894,0.3899,0.0382,0.1887,0.039,0.0952,0.6667,0.2328,0.0822,0.118,0.2727,0.381,464,0,extracted,0.2626,0.0206,0.202,0.1808,0.0771,0.126
30,123,25,907,89,122,72,0.079,68,0,0.6894,0.3899,0.0382,0.1887,0.039,0.0952,0.6667,0.2328,0.0822,0.118,0.2727,0.381,464,0,extracted,0.2626,0.0206,0.202,0.1808,0.0771,0.126
30,123,26,907,89,122,72,0.079,68,0,0.6894,0.3899,0.0382,0.1887,0.039,0.0952,0.6667,0.2328,0.0822,0.118,0.2727,0.381,464,0,extracted,0.2626,0.0206,0.202,0.1808,0.0771,0.126
30,123,27,907,89,122,72,0.079,68,0,0.6894,0.3899,0.0382,0.1887,0.039,0.0952,0.6667,0.2328,0.0822,0.118,0.2727,0.381,464,0,extracted,0.2626,0.0206,0.202,0.1808,0.0771,0.126
30,123,28,907,89,150,96,0.106,83,0,0.6959,0.4262,0.1105,0.2295,0.0909,0.1905,0.6667,0.2328,0.0822,0.118,0.2727,0.381,464,0,extracted,0.3684,0.0536,0.2281,0.1808,0.0771,0.126
30,123,29,907,89,150,96,0.106,83,0,0.6959,0.4262,0.1105,0.2295,0.0909,0.1905,0.6667,0.2328,0.0822,0.118,0.2727,0.381,464,0,extracted,0.3684,0.0536,0.2281,0.1808,0.0771,0.126
30,123,30,907,89,150,96,0.106,83,0,0.6959,0.4262,0.1105,0.2295,0.0909,0.1905,0.6667,0.2328,0.0822,0.118,0.2727,0.381,464,0,extracted,0.3684,0.0536,0.2281,0.1808,0.0771,0.126
30,123,31,907,89,150,96,0.106,83,0,0.6959,0.4262,0.1105,0.2295,0.0909,0.1905,0.6667,0.2328,0.0822,0.118,0.2727,0.381,464,0,extracted,0.3684,0.0536,0.2281,0.1808,0.0771,0.126
30,123,32,907,89,150,96,0.106,83,0,0.6959,0.4262,0.1105,0.2295,0.0909,0.1905,0.6667,0.2328,0.0822,0.118,0.2727,0.381,464,0,extracted,0.3684,0.0536,0.2281,0.1808,0.0771,0.126
30,123,33,907,89,192,118,0.13,105,0,0.6902,0.4293,0.0985,0.1951,0.1039,0.1905,0.6667,0.2328,0.0822,0.118,0.2727,0.381,464,0,extracted,0.3667,0.0678,0.2333,0.1808,0.0771,0.126
30,123,34,907,89,192,118,0.13,105,0,0.6902,0.4293,0.0985,0.1951,0.1039,0.1905,0.6667,0.2328,0.0822,0.118,0.2727,0.381,464,0,extracted,0.3667,0.0678,0.2333,0.1808,0.0771,0.126
30,123,35,907,89,192,118,0.13,105,0,0.6902,0.4293,0.0985,0.1951,0.1039,0.1905,0.6667,0.2328,0.0822,0.118,0.2727,0.381,464,0,extracted,0.3667,0.0678,0.2333,0.1808,0.0771,0.126
30,123,36,907,89,192,118,0.13,105,0,0.6902,0.4293,0.0985,0.1951,0.1039,0.1905,0.6667,0.2328,0.0822,0.118,0.2727,0.381,464,0,extracted,0.3667,0.0678,0.2333,0.1808,0.0771,0.126
30,123,37,907,89,192,118,0.13,105,0,0.6902,0.4293,0.0985,0.1951,0.1039,0.1905,0.6667,0.2328,0.0822,0.118,0.2727,0.381,464,0,extracted,0.3667,0.0678,0.2333,0.1808,0.0771,0.126
30,123,38,907,89,259,149,0.164,139,0,0.694,0.4255,0.1116,0.2043,0.1299,0.1905,0.6667,0.2328,0.0822,0.118,0.2727,0.381,464,0,extracted,0.3378,0.0822,0.2297,0.1808,0.0771,0.126
30,123,39,907,89,259,149,0.164,139,0,0.694,0.4255,0.1116,0.2043,0.1299,0.1905,0.6667,0.2328,0.0822,0.118,0.2727,0.381,464,0,extracted,0.3378,0.0822,0.2297,0.1808,0.0771,0.126
30,123,40,907,89,259,149,0.164,139,0,0.694,0.4255,0.1116,0.2043,0.1299,0.1905,0.6667,0.2328,0.0822,0.118,0.2727,0.381,464,0,extracted,0.3378,0.0822,0.2297,0.1808,0.0771,0.126
30,123,41,907,89,259,149,0.164,139,0,0.694,0.4255,0.1116,0.2043,0.1299,0.1905,0.6667,0.2328,0.0822,0.118,0.2727,0.381,464,0,extracted,0.3378,0.0822,0.2297,0.1808,0.0771,0.126
30,123,42,907,89,259,149,0.164,139,0,0.694,0.4255,0.1116,0.2043,0.1299,0.1905,0.6667,0.2328,0.0822,0.118,0.2727,0.381,464,0,extracted,0.3378,0.0822,0.2297,0.1808,0.0771,0.126
30,123,43,907,89,292,169,0.186,155,0,0.6903,0.4157,0.1107,0.1882,0.1429,0.2857,0.6667,0.2328,0.0822,0.118,0.2727,0.381,464,0,extracted,0.35,0.0759,0.2,0.1808,0.0771,0.126
30,123,44,907,89,292,169,0.186,155,0,0.6903,0.4157,0.1107,0.1882,0.1429,0.2857,0.6667,0.2328,0.0822,0.118,0.2727,0.381,464,0,extracted,0.35,0.0759,0.2,0.1808,0.0771,0.126
30,123,45,907,89,292,169,0.186,155,0,0.6903,0.4157,0.1107,0.1882,0.1429,0.2857,0.6667,0.2328,0.0822,0.118,0.2727,0.381,464,0,extracted,0.35,0.0759,0.2,0.1808,0.0771,0.126
30,123,46,907,89,292,169,0.186,155,0,0.6903,0.4157,0.1107,0.1882,0.1429,0.2857,0.6667,0.2328,0.0822,0.118,0.2727,0.381,464,0,extracted,0.35,0.0759,0.2,0.1808,0.0771,0.126
30,123,47,907,89,292,169,0.186,155,0,0.6903,0.4157,0.1107,0.1882,0.1429,0.2857,0.6667,0.2328,0.0822,0.118,0.2727,0.381,464,0,extracted,0.35,0.0759,0.2,0.1808,0.0771,0.126
30,123,48,907,89,336,207,0.228,177,0,0.6675,0.3618,0.0825,0.1775,0.1299,0.2857,0.6667,0.2328,0.0822,0.118,0.2727,0.381,464,0,extracted,0.3152,0.0613,0.1818,0.1808,0.0771,0.126
30,123,49,907,89,336,207,0.228,177,0,0.6675,0.3618,0.0825,0.1775,0.1299,0.2857,0.6667,0.2328,0.0822,0.118,0.2727,0.381,464,0,extracted,0.3152,0.0613,0.1818,0.1808,0.0771,0.126
30,123,50,907,89,336,207,0.228,177,0,0.6675,0.3618,0.0825,0.1775,0.1299,0.2857,0.6667,0.2328,0.0822,0.118,0.2727,0.381,464,0,extracted,0.3152,0.0613,0.1818,0.1808,0.0771,0.126
30,123,51,907,89,336,207,0.228,177,0,0.6675,0.3618,0.0825,0.1775,0.1299,0.2857,0.6667,0.2328,0.0822,0.118,0.2727,0.381,464,0,extracted,0.3152,0.0613,0.1818,0.1808,0.0771,0.126
30,123,52,907,89,336,207,0.228,177,0,0.6675,0.3618,0.0825,0.1775,0.1299,0.2857,0.6667,0.2328,0.0822,0.118,0.2727,0.381,464,0,extracted,0.3152,0.0613,0.1818,0.1808,0.0771,0.126
30,123,53,907,89,386,222,0.245,204,0,0.6791,0.3506,0.1046,0.1818,0.1429,0.2857,0.6667,0.2328,0.0822,0.118,0.2727,0.381,464,0,extracted,0.3333,0.0787,0.1889,0.1808,0.0771,0.126
30,123,54,907,89,386,222,0.245,204,0,0.6791,0.3506,0.1046,0.1818,0.1429,0.2857,0.6667,0.2328,0.0822,0.118,0.2727,0.381,464,0,extracted,0.3333,0.0787,0.1889,0.1808,0.0771,0.126
30,123,55,907,89,386,222,0.245,204,0,0.6791,0.3506,0.1046,0.1818,0.1429,0.2857,0.6667,0.2328,0.0822,0.118,0.2727,0.381,464,0,extracted,0.3333,0.0787,0.1889,0.1808,0.0771,0.126
30,123,56,907,89,386,222,0.245,204,0,0.6791,0.3506,0.1046,0.1818,0.1429,0.2857,0.6667,0.2328,0.0822,0.118,0.2727,0.381,464,0,extracted,0.3333,0.0787,0.1889,0.1808,0.0771,0.126
30,123,57,907,89,386,222,0.245,204,0,0.6791,0.3506,0.1046,0.1818,0.1429,0.2857,0.6667,0.2328,0.0822,0.118,0.2727,0.381,464,0,extracted,0.3333,0.0787,0.1889,0.1808,0.0771,0.126
30,123,58,907,89,439,266,0.293,232,0,0.6896,0.3295,0.1029,0.1818,0.1818,0.3333,0.6667,0.2328,0.0822,0.118,0.2727,0.381,464,0,extracted,0.303,0.0816,0.1919,0.1808,0.0771,0.126
30,123,59,907,89,439,266,0.293,232,0,0.6896,0.3295,0.1029,0.1818,0.1818,0.3333,0.6667,0.2328,0.0822,0.118,0.2727,0.381,464,0,extracted,0.303,0.0816,0.1919,0.1808,0.0771,0.126
30,123,60,907,89,439,266,0.293,232,0,0.6896,0.3295,0.1029,0.1818,0.1818,0.3333,0.6667,0.2328,0.0822,0.118,0.2727,0.381,464,0,extracted,0.303,0.0816,0.1919,0.1808,0.0771,0.126
30,123,61,907,89,439,266,0.293,232,0,0.6896,0.3295,0.1029,0.1818,0.1818,0.3333,0.6667,0.2328,0.0822,0.118,0.2727,0.381,464,0,extracted,0.303,0.0816,0.1919,0.1808,0.0771,0.126
30,123,62,907,89,439,266,0.293,232,0,0.6896,0.3295,0.1029,0.1818,0.1818,0.3333,0.6667,0.2328,0.0822,0.118,0.2727,0.381,464,0,extracted,0.303,0.0816,0.1919,0.1808,0.0771,0.126
30,123,63,907,89,484,291,0.321,254,0,0.6788,0.3138,0.1016,0.1489,0.1818,0.3333,0.6667,0.2328,0.0822,0.118,0.2727,0.381,464,0,extracted,0.2756,0.0807,0.1511,0.1808,0.0771,0.126
30,123,64,907,89,484,291,0.321,254,0,0.6788,0.3138,0.1016,0.1489,0.1818,0.3333,0.6667,0.2328,0.0822,0.118,0.2727,0.381,464,0,extracted,0.2756,0.0807,0.1511,0.1808,0.0771,0.126
30,123,65,907,89,484,291,0.321,254,0,0.6788,0.3138,0.1016,0.1489,0.1818,0.3333,0.6667,0.2328,0.0822,0.118,0.2727,0.381,464,0,extracted,0.2756,0.0807,0.1511,0.1808,0.0771,0.126
30,123,66,907,89,484,291,0.321,254,0,0.6788,0.3138,0.1016,0.1489,0.1818,0.3333,0.6667,0.2328,0.0822,0.118,0.2727,0.381,464,0,extracted,0.2756,0.0807,0.1511,0.1808,0.0771,0.126
30,123,67,907,89,484,291,0.321,254,0,0.6788,0.3138,0.1016,0.1489,0.1818,0.3333,0.6667,0.2328,0.0822,0.118,0.2727,0.381,464,0,extracted,0.2756,0.0807,0.1511,0.1808,0.0771,0.126
30,123,68,907,89,534,320,0.353,278,0,0.6784,0.3111,0.1141,0.1481,0.2468,0.3333,0.6667,0.2328,0.0822,0.118,0.2727,0.381,464,0,extracted,0.2605,0.0847,0.1765,0.1808,0.0771,0.126
30,123,69,907,89,534,320,0.353,278,0,0.6784,0.3111,0.1141,0.1481,0.2468,0.3333,0.6667,0.2328,0.0822,0.118,0.2727,0.381,464,0,extracted,0.2605,0.0847,0.1765,0.1808,0.0771,0.126
30,123,70,907,89,534,320,0.353,278,0,0.6784,0.3111,0.1141,0.1481,0.2468,0.3333,0.6667,0.2328,0.0822,0.118,0.2727,0.381,464,0,extracted,0.2605,0.0847,0.1765,0.1808,0.0771,0.126
30,123,71,907,89,534,320,0.353,278,0,0.6784,0.3111,0.1141,0.1481,0.2468,0.3333,0.6667,0.2328,0.0822,0.118,0.2727,0.381,464,0,extracted,0.2605,0.0847,0.1765,0.1808,0.0771,0.126
30,123,72,907,89,534,320,0.353,278,0,0.6784,0.3111,0.1141,0.1481,0.2468,0.3333,0.6667,0.2328,0.0822,0.118,0.2727,0.381,464,0,extracted,0.2605,0.0847,0.1765,0.1808,0.0771,0.126
30,123,73,907,89,578,337,0.372,297,0,0.6795,0.3026,0.095,0.1418,0.2208,0.381,0.6667,0.2328,0.0822,0.118,0.2727,0.381,464,0,extracted,0.25,0.065,0.1452,0.1808,0.0771,0.126
30,123,74,907,89,578,337,0.372,297,0,0.6795,0.3026,0.095,0.1418,0.2208,0.381,0.6667,0.2328,0.0822,0.118,0.2727,0.381,464,0,extracted,0.25,0.065,0.1452,0.1808,0.0771,0.126
30,123,75,907,89,578,337,0.372,297,0,0.6795,0.3026,0.095,0.1418,0.2208,0.381,0.6667,0.2328,0.0822,0.118,0.2727,0.381,464,0,extracted,0.25,0.065,0.1452,0.1808,0.0771,0.126
30,123,76,907,89,578,337,0.372,297,0,0.6795,0.3026,0.095,0.1418,0.2208,0.381,0.6667,0.2328,0.0822,0.118,0.2727,0.381,464,0,extracted,0.25,0.065,0.1452,0.1808,0.0771,0.126
30,123,77,907,89,578,337,0.372,297,0,0.6795,0.3026,0.095,0.1418,0.2208,0.381,0.6667,0.2328,0.0822,0.118,0.2727,0.381,464,0,extracted,0.25,0.065,0.1452,0.1808,0.0771,0.126
30,123,78,907,89,633,376,0.415,324,0,0.6812,0.2907,0.0959,0.1518,0.2208,0.381,0.6667,0.2328,0.0822,0.118,0.2727,0.381,464,0,extracted,0.2383,0.0655,0.1588,0.1808,0.0771,0.126
30,123,79,907,89,633,376,0.415,324,0,0.6812,0.2907,0.0959,0.1518,0.2208,0.381,0.6667,0.2328,0.0822,0.118,0.2727,0.381,464,0,extracted,0.2383,0.0655,0.1588,0.1808,0.0771,0.126
30,123,80,907,89,633,376,0.415,324,0,0.6812,0.2907,0.0959,0.1518,0.2208,0.381,0.6667,0.2328,0.0822,0.118,0.2727,0.381,464,0,extracted,0.2383,0.0655,0.1588,0.1808,0.0771,0.126
30,123,81,907,89,633,376,0.415,324,0,0.6812,0.2907,0.0959,0.1518,0.2208,0.381,0.6667,0.2328,0.0822,0.118,0.2727,0.381,464,0,extracted,0.2383,0.0655,0.1588,0.1808,0.0771,0.126
30,123,82,907,89,633,376,0.415,324,0,0.6812,0.2907,0.0959,0.1518,0.2208,0.381,0.6667,0.2328,0.0822,0.118,0.2727,0.381,464,0,extracted,0.2383,0.0655,0.1588,0.1808,0.0771,0.126
30,123,83,907,89,674,402,0.443,342,0,0.6936,0.2916,0.1278,0.1684,0.3247,0.5238,0.6667,0.2328,0.0822,0.118,0.2727,0.381,464,0,extracted,0.2534,0.0966,0.1781,0.1808,0.0771,0.126
30,123,84,907,89,674,402,0.443,342,0,0.6936,0.2916,0.1278,0.1684,0.3247,0.5238,0.6667,0.2328,0.0822,0.118,0.2727,0.381,464,0,extracted,0.2534,0.0966,0.1781,0.1808,0.0771,0.126
30,123,85,907,89,674,402,0.443,342,0,0.6936,0.2916,0.1278,0.1684,0.3247,0.5238,0.6667,0.2328,0.0822,0.118,0.2727,0.381,464,0,extracted,0.2534,0.0966,0.1781,0.1808,0.0771,0.126
30,123,86,907,89,674,402,0.443,342,0,0.6936,0.2916,0.1278,0.1684,0.3247,0.5238,0.6667,0.2328,0.0822,0.118,0.2727,0.381,464,0,extracted,0.2534,0.0966,0.1781,0.1808,0.0771,0.126
30,123,87,907,89,674,402,0.443,342,0,0.6936,0.2916,0.1278,0.1684,0.3247,0.5238,0.6667,0.2328,0.0822,0.118,0.2727,0.381,464,0,extracted,0.2534,0.0966,0.1781,0.1808,0.0771,0.126
30,123,88,907,89,717,428,0.472,364,0,0.7013,0.2918,0.1367,0.179,0.3636,0.5714,0.6667,0.2328,0.0822,0.118,0.2727,0.381,464,0,extracted,0.2436,0.1161,0.1923,0.1808,0.0771,0.126
30,123,89,907,89,717,428,0.472,364,0,0.7013,0.2918,0.1367,0.179,0.3636,0.5714,0.6667,0.2328,0.0822,0.118,0.2727,0.381,464,0,extracted,0.2436,0.1161,0.1923,0.1808,0.0771,0.126
30,123,90,907,89,717,428,0.472,364,0,0.7013,0.2918,0.1367,0.179,0.3636,0.5714,0.6667,0.2328,0.0822,0.118,0.2727,0.381,464,0,extracted,0.2436,0.1161,0.1923,0.1808,0.0771,0.126
30,123,91,907,89,717,428,0.472,364,0,0.7013,0.2918,0.1367,0.179,0.3636,0.5714,0.6667,0.2328,0.0822,0.118,0.2727,0.381,464,0,extracted,0.2436,0.1161,0.1923,0.1808,0.0771,0.126
30,123,92,907,89,717,428,0.472,364,0,0.7013,0.2918,0.1367,0.179,0.3636,0.5714,0.6667,0.2328,0.0822,0.118,0.2727,0.381,464,0,extracted,0.2436,0.1161,0.1923,0.1808,0.0771,0.126
30,123,93,907,89,787,472,0.52,400,0,0.6849,0.2688,0.1115,0.147,0.3377,0.4286,0.6667,0.2328,0.0822,0.118,0.2727,0.381,464,0,extracted,0.2083,0.0838,0.1488,0.1808,0.0771,0.126
30,123,94,907,89,787,472,0.52,400,0,0.6849,0.2688,0.1115,0.147,0.3377,0.4286,0.6667,0.2328,0.0822,0.118,0.2727,0.381,464,0,extracted,0.2083,0.0838,0.1488,0.1808,0.0771,0.126
30,123,95,907,89,787,472,0.52,400,0,0.6849,0.2688,0.1115,0.147,0.3377,0.4286,0.6667,0.2328,0.0822,0.118,0.2727,0.381,464,0,extracted,0.2083,0.0838,0.1488,0.1808,0.0771,0.126
30,123,96,907,89,787,472,0.52,400,0,0.6849,0.2688,0.1115,0.147,0.3377,0.4286,0.6667,0.2328,0.0822,0.118,0.2727,0.381,464,0,extracted,0.2083,0.0838,0.1488,0.1808,0.0771,0.126
30,123,97,907,89,787,472,0.52,400,0,0.6849,0.2688,0.1115,0.147,0.3377,0.4286,0.6667,0.2328,0.0822,0.118,0.2727,0.381,464,0,extracted,0.2083,0.0838,0.1488,0.1808,0.0771,0.126
30,123,98,907,89,896,527,0.581,453,0,0.6605,0.2226,0.088,0.0978,0.2727,0.381,0.6667,0.2328,0.0822,0.118,0.2727,0.381,464,0,extracted,0.1958,0.0657,0.1187,0.1808,0.0771,0.126
30,123,99,907,89,896,527,0.581,453,0,0.6605,0.2226,0.088,0.0978,0.2727,0.381,0.6667,0.2328,0.0822,0.118,0.2727,0.381,464,0,extracted,0.1958,0.0657,0.1187,0.1808,0.0771,0.126
30,123,100,907,89,896,527,0.581,453,0,0.6605,0.2226,0.088,0.0978,0.2727,0.381,0.6667,0.2328,0.0822,0.118,0.2727,0.381,464,0,extracted,0.1958,0.0657,0.1187,0.1808,0.0771,0.126
