text_idx,seed,ext_ratio_pct,orig_chars,ref_chars,ext_chars,hyb_chars,hyb_ratio,bart_input_tokens,bart_truncated,hyb_bert_f1,hyb_rouge1,hyb_rouge2,hyb_rougeL,hyb_kw_match,hyb_kw_content_match,gen_bert_f1,gen_rouge1,gen_rouge2,gen_rougeL,gen_kw_match,gen_kw_content_match,gen_bart_tokens,gen_bart_truncated,gen_length_basis,hyb_rouge1_morph,hyb_rouge2_morph,hyb_rougeL_morph,gen_rouge1_morph,gen_rouge2_morph,gen_rougeL_morph
1,2024,1,876,125,15,30,0.034,7,0,0.585,0.1161,0.0523,0.1032,0.01,0.0278,0.6816,0.2751,0.1558,0.1424,0.34,0.3889,429,0,extracted,0.1224,0.0417,0.102,0.2404,0.1183,0.1483
1,2024,2,876,125,15,30,0.034,7,0,0.585,0.1161,0.0523,0.1032,0.01,0.0278,0.6816,0.2751,0.1558,0.1424,0.34,0.3889,429,0,extracted,0.1224,0.0417,0.102,0.2404,0.1183,0.1483
1,2024,3,876,125,15,30,0.034,7,0,0.585,0.1161,0.0523,0.1032,0.01,0.0278,0.6816,0.2751,0.1558,0.1424,0.34,0.3889,429,0,extracted,0.1224,0.0417,0.102,0.2404,0.1183,0.1483
1,2024,4,876,125,15,30,0.034,7,0,0.585,0.1161,0.0523,0.1032,0.01,0.0278,0.6816,0.2751,0.1558,0.1424,0.34,0.3889,429,0,extracted,0.1224,0.0417,0.102,0.2404,0.1183,0.1483
1,2024,5,876,125,15,30,0.034,7,0,0.585,0.1161,0.0523,0.1032,0.01,0.0278,0.6816,0.2751,0.1558,0.1424,0.34,0.3889,429,0,extracted,0.1224,0.0417,0.102,0.2404,0.1183,0.1483
1,2024,6,876,125,15,30,0.034,7,0,0.585,0.1161,0.0523,0.1032,0.01,0.0278,0.6816,0.2751,0.1558,0.1424,0.34,0.3889,429,0,extracted,0.1224,0.0417,0.102,0.2404,0.1183,0.1483
1,2024,7,876,125,15,30,0.034,7,0,0.585,0.1161,0.0523,0.1032,0.01,0.0278,0.6816,0.2751,0.1558,0.1424,0.34,0.3889,429,0,extracted,0.1224,0.0417,0.102,0.2404,0.1183,0.1483
1,2024,8,876,125,15,30,0.034,7,0,0.585,0.1161,0.0523,0.1032,0.01,0.0278,0.6816,0.2751,0.1558,0.1424,0.34,0.3889,429,0,extracted,0.1224,0.0417,0.102,0.2404,0.1183,0.1483
1,2024,9,876,125,15,30,0.034,7,0,0.585,0.1161,0.0523,0.1032,0.01,0.0278,0.6816,0.2751,0.1558,0.1424,0.34,0.3889,429,0,extracted,0.1224,0.0417,0.102,0.2404,0.1183,0.1483
1,2024,10,876,125,47,47,0.054,21,0,0.6402,0.2791,0.1176,0.186,0.08,0.1389,0.6816,0.2751,0.1558,0.1424,0.34,0.3889,429,0,extracted,0.2569,0.1308,0.1835,0.2404,0.1183,0.1483
1,2024,11,876,125,47,47,0.054,21,0,0.6402,0.2791,0.1176,0.186,0.08,0.1389,0.6816,0.2751,0.1558,0.1424,0.34,0.3889,429,0,extracted,0.2569,0.1308,0.1835,0.2404,0.1183,0.1483
1,2024,12,876,125,47,47,0.054,21,0,0.6402,0.2791,0.1176,0.186,0.08,0.1389,0.6816,0.2751,0.1558,0.1424,0.34,0.3889,429,0,extracted,0.2569,0.1308,0.1835,0.2404,0.1183,0.1483
1,2024,13,876,125,47,47,0.054,21,0,0.6402,0.2791,0.1176,0.186,0.08,0.1389,0.6816,0.2751,0.1558,0.1424,0.34,0.3889,429,0,extracted,0.2569,0.1308,0.1835,0.2404,0.1183,0.1483
1,2024,14,876,125,47,47,0.054,21,0,0.6402,0.2791,0.1176,0.186,0.08,0.1389,0.6816,0.2751,0.1558,0.1424,0.34,0.3889,429,0,extracted,0.2569,0.1308,0.1835,0.2404,0.1183,0.1483
1,2024,15,876,125,47,47,0.054,21,0,0.6402,0.2791,0.1176,0.186,0.08,0.1389,0.6816,0.2751,0.1558,0.1424,0.34,0.3889,429,0,extracted,0.2569,0.1308,0.1835,0.2404,0.1183,0.1483
1,2024,16,876,125,47,47,0.054,21,0,0.6402,0.2791,0.1176,0.186,0.08,0.1389,0.6816,0.2751,0.1558,0.1424,0.34,0.3889,429,0,extracted,0.2569,0.1308,0.1835,0.2404,0.1183,0.1483
1,2024,17,876,125,85,53,0.061,36,0,0.7021,0.3596,0.2273,0.2247,0.18,0.1389,0.6816,0.2751,0.1558,0.1424,0.34,0.3889,429,0,extracted,0.3636,0.1481,0.2,0.2404,0.1183,0.1483
1,2024,18,876,125,85,53,0.061,36,0,0.7021,0.3596,0.2273,0.2247,0.18,0.1389,0.6816,0.2751,0.1558,0.1424,0.34,0.3889,429,0,extracted,0.3636,0.1481,0.2,0.2404,0.1183,0.1483
1,2024,19,876,125,85,53,0.061,36,0,0.7021,0.3596,0.2273,0.2247,0.18,0.1389,0.6816,0.2751,0.1558,0.1424,0.34,0.3889,429,0,extracted,0.3636,0.1481,0.2,0.2404,0.1183,0.1483
1,2024,20,876,125,85,53,0.061,36,0,0.7021,0.3596,0.2273,0.2247,0.18,0.1389,0.6816,0.2751,0.1558,0.1424,0.34,0.3889,429,0,extracted,0.3636,0.1481,0.2,0.2404,0.1183,0.1483
1,2024,21,876,125,85,53,0.061,36,0,0.7021,0.3596,0.2273,0.2247,0.18,0.1389,0.6816,0.2751,0.1558,0.1424,0.34,0.3889,429,0,extracted,0.3636,0.1481,0.2,0.2404,0.1183,0.1483
1,2024,22,876,125,85,53,0.061,36,0,0.7021,0.3596,0.2273,0.2247,0.18,0.1389,0.6816,0.2751,0.1558,0.1424,0.34,0.3889,429,0,extracted,0.3636,0.1481,0.2,0.2404,0.1183,0.1483
1,2024,23,876,125,85,53,0.061,36,0,0.7021,0.3596,0.2273,0.2247,0.18,0.1389,0.6816,0.2751,0.1558,0.1424,0.34,0.3889,429,0,extracted,0.3636,0.1481,0.2,0.2404,0.1183,0.1483
1,2024,24,876,125,131,73,0.083,59,0,0.647,0.3131,0.1122,0.1414,0.09,0.1667,0.6816,0.2751,0.1558,0.1424,0.34,0.3889,429,0,extracted,0.2857,0.129,0.1587,0.2404,0.1183,0.1483
1,2024,25,876,125,131,73,0.083,59,0,0.647,0.3131,0.1122,0.1414,0.09,0.1667,0.6816,0.2751,0.1558,0.1424,0.34,0.3889,429,0,extracted,0.2857,0.129,0.1587,0.2404,0.1183,0.1483
1,2024,26,876,125,131,73,0.083,59,0,0.647,0.3131,0.1122,0.1414,0.09,0.1667,0.6816,0.2751,0.1558,0.1424,0.34,0.3889,429,0,extracted,0.2857,0.129,0.1587,0.2404,0.1183,0.1483
1,2024,27,876,125,131,73,0.083,59,0,0.647,0.3131,0.1122,0.1414,0.09,0.1667,0.6816,0.2751,0.1558,0.1424,0.34,0.3889,429,0,extracted,0.2857,0.129,0.1587,0.2404,0.1183,0.1483
1,2024,28,876,125,131,73,0.083,59,0,0.647,0.3131,0.1122,0.1414,0.09,0.1667,0.6816,0.2751,0.1558,0.1424,0.34,0.3889,429,0,extracted,0.2857,0.129,0.1587,0.2404,0.1183,0.1483
1,2024,29,876,125,131,73,0.083,59,0,0.647,0.3131,0.1122,0.1414,0.09,0.1667,0.6816,0.2751,0.1558,0.1424,0.34,0.3889,429,0,extracted,0.2857,0.129,0.1587,0.2404,0.1183,0.1483
1,2024,30,876,125,131,73,0.083,59,0,0.647,0.3131,0.1122,0.1414,0.09,0.1667,0.6816,0.2751,0.1558,0.1424,0.34,0.3889,429,0,extracted,0.2857,0.129,0.1587,0.2404,0.1183,0.1483
1,2024,31,876,125,169,94,0.107,74,0,0.6601,0.3379,0.1014,0.1826,0.09,0.1667,0.6816,0.2751,0.1558,0.1424,0.34,0.3889,429,0,extracted,0.3309,0.1168,0.2014,0.2404,0.1183,0.1483
1,2024,32,876,125,169,94,0.107,74,0,0.6601,0.3379,0.1014,0.1826,0.09,0.1667,0.6816,0.2751,0.1558,0.1424,0.34,0.3889,429,0,extracted,0.3309,0.1168,0.2014,0.2404,0.1183,0.1483
1,2024,33,876,125,169,94,0.107,74,0,0.6601,0.3379,0.1014,0.1826,0.09,0.1667,0.6816,0.2751,0.1558,0.1424,0.34,0.3889,429,0,extracted,0.3309,0.1168,0.2014,0.2404,0.1183,0.1483
1,2024,34,876,125,169,94,0.107,74,0,0.6601,0.3379,0.1014,0.1826,0.09,0.1667,0.6816,0.2751,0.1558,0.1424,0.34,0.3889,429,0,extracted,0.3309,0.1168,0.2014,0.2404,0.1183,0.1483
1,2024,35,876,125,169,94,0.107,74,0,0.6601,0.3379,0.1014,0.1826,0.09,0.1667,0.6816,0.2751,0.1558,0.1424,0.34,0.3889,429,0,extracted,0.3309,0.1168,0.2014,0.2404,0.1183,0.1483
1,2024,36,876,125,169,94,0.107,74,0,0.6601,0.3379,0.1014,0.1826,0.09,0.1667,0.6816,0.2751,0.1558,0.1424,0.34,0.3889,429,0,extracted,0.3309,0.1168,0.2014,0.2404,0.1183,0.1483
1,2024,37,876,125,221,135,0.154,99,0,0.7303,0.5462,0.2946,0.2923,0.33,0.3611,0.6816,0.2751,0.1558,0.1424,0.34,0.3889,429,0,extracted,0.5153,0.2236,0.2945,0.2404,0.1183,0.1483
1,2024,38,876,125,221,135,0.154,99,0,0.7303,0.5462,0.2946,0.2923,0.33,0.3611,0.6816,0.2751,0.1558,0.1424,0.34,0.3889,429,0,extracted,0.5153,0.2236,0.2945,0.2404,0.1183,0.1483
1,2024,39,876,125,221,135,0.154,99,0,0.7303,0.5462,0.2946,0.2923,0.33,0.3611,0.6816,0.2751,0.1558,0.1424,0.34,0.3889,429,0,extracted,0.5153,0.2236,0.2945,0.2404,0.1183,0.1483
1,2024,40,876,125,221,135,0.154,99,0,0.7303,0.5462,0.2946,0.2923,0.33,0.3611,0.6816,0.2751,0.1558,0.1424,0.34,0.3889,429,0,extracted,0.5153,0.2236,0.2945,0.2404,0.1183,0.1483
1,2024,41,876,125,221,135,0.154,99,0,0.7303,0.5462,0.2946,0.2923,0.33,0.3611,0.6816,0.2751,0.1558,0.1424,0.34,0.3889,429,0,extracted,0.5153,0.2236,0.2945,0.2404,0.1183,0.1483
1,2024,42,876,125,221,135,0.154,99,0,0.7303,0.5462,0.2946,0.2923,0.33,0.3611,0.6816,0.2751,0.1558,0.1424,0.34,0.3889,429,0,extracted,0.5153,0.2236,0.2945,0.2404,0.1183,0.1483
1,2024,43,876,125,221,135,0.154,99,0,0.7303,0.5462,0.2946,0.2923,0.33,0.3611,0.6816,0.2751,0.1558,0.1424,0.34,0.3889,429,0,extracted,0.5153,0.2236,0.2945,0.2404,0.1183,0.1483
1,2024,44,876,125,260,156,0.178,116,0,0.6857,0.4626,0.2151,0.2562,0.25,0.2778,0.6816,0.2751,0.1558,0.1424,0.34,0.3889,429,0,extracted,0.4111,0.1685,0.2778,0.2404,0.1183,0.1483
1,2024,45,876,125,260,156,0.178,116,0,0.6857,0.4626,0.2151,0.2562,0.25,0.2778,0.6816,0.2751,0.1558,0.1424,0.34,0.3889,429,0,extracted,0.4111,0.1685,0.2778,0.2404,0.1183,0.1483
1,2024,46,876,125,260,156,0.178,116,0,0.6857,0.4626,0.2151,0.2562,0.25,0.2778,0.6816,0.2751,0.1558,0.1424,0.34,0.3889,429,0,extracted,0.4111,0.1685,0.2778,0.2404,0.1183,0.1483
1,2024,47,876,125,260,156,0.178,116,0,0.6857,0.4626,0.2151,0.2562,0.25,0.2778,0.6816,0.2751,0.1558,0.1424,0.34,0.3889,429,0,extracted,0.4111,0.1685,0.2778,0.2404,0.1183,0.1483
1,2024,48,876,125,260,156,0.178,116,0,0.6857,0.4626,0.2151,0.2562,0.25,0.2778,0.6816,0.2751,0.1558,0.1424,0.34,0.3889,429,0,extracted,0.4111,0.1685,0.2778,0.2404,0.1183,0.1483
1,2024,49,876,125,260,156,0.178,116,0,0.6857,0.4626,0.2151,0.2562,0.25,0.2778,0.6816,0.2751,0.1558,0.1424,0.34,0.3889,429,0,extracted,0.4111,0.1685,0.2778,0.2404,0.1183,0.1483
1,2024,50,876,125,314,185,0.211,141,0,0.7066,0.4774,0.1948,0.2452,0.25,0.2778,0.6816,0.2751,0.1558,0.1424,0.34,0.3889,429,0,extracted,0.4352,0.1675,0.2798,0.2404,0.1183,0.1483
1,2024,51,876,125,314,185,0.211,141,0,0.7066,0.4774,0.1948,0.2452,0.25,0.2778,0.6816,0.2751,0.1558,0.1424,0.34,0.3889,429,0,extracted,0.4352,0.1675,0.2798,0.2404,0.1183,0.1483
1,2024,52,876,125,314,185,0.211,141,0,0.7066,0.4774,0.1948,0.2452,0.25,0.2778,0.6816,0.2751,0.1558,0.1424,0.34,0.3889,429,0,extracted,0.4352,0.1675,0.2798,0.2404,0.1183,0.1483
1,2024,53,876,125,314,185,0.211,141,0,0.7066,0.4774,0.1948,0.2452,0.25,0.2778,0.6816,0.2751,0.1558,0.1424,0.34,0.3889,429,0,extracted,0.4352,0.1675,0.2798,0.2404,0.1183,0.1483
1,2024,54,876,125,314,185,0.211,141,0,0.7066,0.4774,0.1948,0.2452,0.25,0.2778,0.6816,0.2751,0.1558,0.1424,0.34,0.3889,429,0,extracted,0.4352,0.1675,0.2798,0.2404,0.1183,0.1483
1,2024,55,876,125,314,185,0.211,141,0,0.7066,0.4774,0.1948,0.2452,0.25,0.2778,0.6816,0.2751,0.1558,0.1424,0.34,0.3889,429,0,extracted,0.4352,0.1675,0.2798,0.2404,0.1183,0.1483
1,2024,56,876,125,314,185,0.211,141,0,0.7066,0.4774,0.1948,0.2452,0.25,0.2778,0.6816,0.2751,0.1558,0.1424,0.34,0.3889,429,0,extracted,0.4352,0.1675,0.2798,0.2404,0.1183,0.1483
1,2024,57,876,125,366,221,0.252,170,0,0.7133,0.4754,0.2274,0.2319,0.29,0.3611,0.6816,0.2751,0.1558,0.1424,0.34,0.3889,429,0,extracted,0.4186,0.1784,0.2512,0.2404,0.1183,0.1483
1,2024,58,876,125,366,221,0.252,170,0,0.7133,0.4754,0.2274,0.2319,0.29,0.3611,0.6816,0.2751,0.1558,0.1424,0.34,0.3889,429,0,extracted,0.4186,0.1784,0.2512,0.2404,0.1183,0.1483
1,2024,59,876,125,366,221,0.252,170,0,0.7133,0.4754,0.2274,0.2319,0.29,0.3611,0.6816,0.2751,0.1558,0.1424,0.34,0.3889,429,0,extracted,0.4186,0.1784,0.2512,0.2404,0.1183,0.1483
1,2024,60,876,125,366,221,0.252,170,0,0.7133,0.4754,0.2274,0.2319,0.29,0.3611,0.6816,0.2751,0.1558,0.1424,0.34,0.3889,429,0,extracted,0.4186,0.1784,0.2512,0.2404,0.1183,0.1483
1,2024,61,876,125,366,221,0.252,170,0,0.7133,0.4754,0.2274,0.2319,0.29,0.3611,0.6816,0.2751,0.1558,0.1424,0.34,0.3889,429,0,extracted,0.4186,0.1784,0.2512,0.2404,0.1183,0.1483
1,2024,62,876,125,366,221,0.252,170,0,0.7133,0.4754,0.2274,0.2319,0.29,0.3611,0.6816,0.2751,0.1558,0.1424,0.34,0.3889,429,0,extracted,0.4186,0.1784,0.2512,0.2404,0.1183,0.1483
1,2024,63,876,125,366,221,0.252,170,0,0.7133,0.4754,0.2274,0.2319,0.29,0.3611,0.6816,0.2751,0.1558,0.1424,0.34,0.3889,429,0,extracted,0.4186,0.1784,0.2512,0.2404,0.1183,0.1483
1,2024,64,876,125,416,249,0.284,195,0,0.6899,0.4129,0.1671,0.2091,0.26,0.2778,0.6816,0.2751,0.1558,0.1424,0.34,0.3889,429,0,extracted,0.3675,0.1379,0.2308,0.2404,0.1183,0.1483
1,2024,65,876,125,416,249,0.284,195,0,0.6899,0.4129,0.1671,0.2091,0.26,0.2778,0.6816,0.2751,0.1558,0.1424,0.34,0.3889,429,0,extracted,0.3675,0.1379,0.2308,0.2404,0.1183,0.1483
1,2024,66,876,125,416,249,0.284,195,0,0.6899,0.4129,0.1671,0.2091,0.26,0.2778,0.6816,0.2751,0.1558,0.1424,0.34,0.3889,429,0,extracted,0.3675,0.1379,0.2308,0.2404,0.1183,0.1483
1,2024,67,876,125,416,249,0.284,195,0,0.6899,0.4129,0.1671,0.2091,0.26,0.2778,0.6816,0.2751,0.1558,0.1424,0.34,0.3889,429,0,extracted,0.3675,0.1379,0.2308,0.2404,0.1183,0.1483
1,2024,68,876,125,416,249,0.284,195,0,0.6899,0.4129,0.1671,0.2091,0.26,0.2778,0.6816,0.2751,0.1558,0.1424,0.34,0.3889,429,0,extracted,0.3675,0.1379,0.2308,0.2404,0.1183,0.1483
1,2024,69,876,125,416,249,0.284,195,0,0.6899,0.4129,0.1671,0.2091,0.26,0.2778,0.6816,0.2751,0.1558,0.1424,0.34,0.3889,429,0,extracted,0.3675,0.1379,0.2308,0.2404,0.1183,0.1483
1,2024,70,876,125,416,249,0.284,195,0,0.6899,0.4129,0.1671,0.2091,0.26,0.2778,0.6816,0.2751,0.1558,0.1424,0.34,0.3889,429,0,extracted,0.3675,0.1379,0.2308,0.2404,0.1183,0.1483
1,2024,71,876,125,473,284,0.324,222,0,0.7165,0.4275,0.2469,0.2113,0.35,0.4167,0.6816,0.2751,0.1558,0.1424,0.34,0.3889,429,0,extracted,0.4015,0.1712,0.2085,0.2404,0.1183,0.1483
1,2024,72,876,125,473,284,0.324,222,0,0.7165,0.4275,0.2469,0.2113,0.35,0.4167,0.6816,0.2751,0.1558,0.1424,0.34,0.3889,429,0,extracted,0.4015,0.1712,0.2085,0.2404,0.1183,0.1483
1,2024,73,876,125,473,284,0.324,222,0,0.7165,0.4275,0.2469,0.2113,0.35,0.4167,0.6816,0.2751,0.1558,0.1424,0.34,0.3889,429,0,extracted,0.4015,0.1712,0.2085,0.2404,0.1183,0.1483
1,2024,74,876,125,473,284,0.324,222,0,0.7165,0.4275,0.2469,0.2113,0.35,0.4167,0.6816,0.2751,0.1558,0.1424,0.34,0.3889,429,0,extracted,0.4015,0.1712,0.2085,0.2404,0.1183,0.1483
1,2024,75,876,125,473,284,0.324,222,0,0.7165,0.4275,0.2469,0.2113,0.35,0.4167,0.6816,0.2751,0.1558,0.1424,0.34,0.3889,429,0,extracted,0.4015,0.1712,0.2085,0.2404,0.1183,0.1483
1,2024,76,876,125,473,284,0.324,222,0,0.7165,0.4275,0.2469,0.2113,0.35,0.4167,0.6816,0.2751,0.1558,0.1424,0.34,0.3889,429,0,extracted,0.4015,0.1712,0.2085,0.2404,0.1183,0.1483
1,2024,77,876,125,573,349,0.398,271,0,0.7038,0.3983,0.217,0.1822,0.36,0.4444,0.6816,0.2751,0.1558,0.1424,0.34,0.3889,429,0,extracted,0.3593,0.1502,0.1763,0.2404,0.1183,0.1483
1,2024,78,876,125,573,349,0.398,271,0,0.7038,0.3983,0.217,0.1822,0.36,0.4444,0.6816,0.2751,0.1558,0.1424,0.34,0.3889,429,0,extracted,0.3593,0.1502,0.1763,0.2404,0.1183,0.1483
1,2024,79,876,125,573,349,0.398,271,0,0.7038,0.3983,0.217,0.1822,0.36,0.4444,0.6816,0.2751,0.1558,0.1424,0.34,0.3889,429,0,extracted,0.3593,0.1502,0.1763,0.2404,0.1183,0.1483
1,2024,80,876,125,573,349,0.398,271,0,0.7038,0.3983,0.217,0.1822,0.36,0.4444,0.6816,0.2751,0.1558,0.1424,0.34,0.3889,429,0,extracted,0.3593,0.1502,0.1763,0.2404,0.1183,0.1483
1,2024,81,876,125,573,349,0.398,271,0,0.7038,0.3983,0.217,0.1822,0.36,0.4444,0.6816,0.2751,0.1558,0.1424,0.34,0.3889,429,0,extracted,0.3593,0.1502,0.1763,0.2404,0.1183,0.1483
1,2024,82,876,125,573,349,0.398,271,0,0.7038,0.3983,0.217,0.1822,0.36,0.4444,0.6816,0.2751,0.1558,0.1424,0.34,0.3889,429,0,extracted,0.3593,0.1502,0.1763,0.2404,0.1183,0.1483
1,2024,83,876,125,573,349,0.398,271,0,0.7038,0.3983,0.217,0.1822,0.36,0.4444,0.6816,0.2751,0.1558,0.1424,0.34,0.3889,429,0,extracted,0.3593,0.1502,0.1763,0.2404,0.1183,0.1483
1,2024,84,876,125,636,378,0.432,303,0,0.6837,0.3482,0.1748,0.1781,0.36,0.3611,0.6816,0.2751,0.1558,0.1424,0.34,0.3889,429,0,extracted,0.3067,0.1409,0.2067,0.2404,0.1183,0.1483
1,2024,85,876,125,636,378,0.432,303,0,0.6837,0.3482,0.1748,0.1781,0.36,0.3611,0.6816,0.2751,0.1558,0.1424,0.34,0.3889,429,0,extracted,0.3067,0.1409,0.2067,0.2404,0.1183,0.1483
1,2024,86,876,125,636,378,0.432,303,0,0.6837,0.3482,0.1748,0.1781,0.36,0.3611,0.6816,0.2751,0.1558,0.1424,0.34,0.3889,429,0,extracted,0.3067,0.1409,0.2067,0.2404,0.1183,0.1483
1,2024,87,876,125,636,378,0.432,303,0,0.6837,0.3482,0.1748,0.1781,0.36,0.3611,0.6816,0.2751,0.1558,0.1424,0.34,0.3889,429,0,extracted,0.3067,0.1409,0.2067,0.2404,0.1183,0.1483
1,2024,88,876,125,636,378,0.432,303,0,0.6837,0.3482,0.1748,0.1781,0.36,0.3611,0.6816,0.2751,0.1558,0.1424,0.34,0.3889,429,0,extracted,0.3067,0.1409,0.2067,0.2404,0.1183,0.1483
1,2024,89,876,125,636,378,0.432,303,0,0.6837,0.3482,0.1748,0.1781,0.36,0.3611,0.6816,0.2751,0.1558,0.1424,0.34,0.3889,429,0,extracted,0.3067,0.1409,0.2067,0.2404,0.1183,0.1483
1,2024,90,876,125,727,440,0.502,347,0,0.6845,0.3267,0.1421,0.1452,0.32,0.3611,0.6816,0.2751,0.1558,0.1424,0.34,0.3889,429,0,extracted,0.2961,0.1126,0.1711,0.2404,0.1183,0.1483
1,2024,91,876,125,727,440,0.502,347,0,0.6845,0.3267,0.1421,0.1452,0.32,0.3611,0.6816,0.2751,0.1558,0.1424,0.34,0.3889,429,0,extracted,0.2961,0.1126,0.1711,0.2404,0.1183,0.1483
1,2024,92,876,125,727,440,0.502,347,0,0.6845,0.3267,0.1421,0.1452,0.32,0.3611,0.6816,0.2751,0.1558,0.1424,0.34,0.3889,429,0,extracted,0.2961,0.1126,0.1711,0.2404,0.1183,0.1483
1,2024,93,876,125,727,440,0.502,347,0,0.6845,0.3267,0.1421,0.1452,0.32,0.3611,0.6816,0.2751,0.1558,0.1424,0.34,0.3889,429,0,extracted,0.2961,0.1126,0.1711,0.2404,0.1183,0.1483
1,2024,94,876,125,727,440,0.502,347,0,0.6845,0.3267,0.1421,0.1452,0.32,0.3611,0.6816,0.2751,0.1558,0.1424,0.34,0.3889,429,0,extracted,0.2961,0.1126,0.1711,0.2404,0.1183,0.1483
1,2024,95,876,125,727,440,0.502,347,0,0.6845,0.3267,0.1421,0.1452,0.32,0.3611,0.6816,0.2751,0.1558,0.1424,0.34,0.3889,429,0,extracted,0.2961,0.1126,0.1711,0.2404,0.1183,0.1483
1,2024,96,876,125,727,440,0.502,347,0,0.6845,0.3267,0.1421,0.1452,0.32,0.3611,0.6816,0.2751,0.1558,0.1424,0.34,0.3889,429,0,extracted,0.2961,0.1126,0.1711,0.2404,0.1183,0.1483
1,2024,97,876,125,865,505,0.576,418,0,0.6876,0.301,0.1591,0.1392,0.33,0.4167,0.6816,0.2751,0.1558,0.1424,0.34,0.3889,429,0,extracted,0.2613,0.1072,0.144,0.2404,0.1183,0.1483
1,2024,98,876,125,865,505,0.576,418,0,0.6876,0.301,0.1591,0.1392,0.33,0.4167,0.6816,0.2751,0.1558,0.1424,0.34,0.3889,429,0,extracted,0.2613,0.1072,0.144,0.2404,0.1183,0.1483
1,2024,99,876,125,865,505,0.576,418,0,0.6876,0.301,0.1591,0.1392,0.33,0.4167,0.6816,0.2751,0.1558,0.1424,0.34,0.3889,429,0,extracted,0.2613,0.1072,0.144,0.2404,0.1183,0.1483
1,2024,100,876,125,865,505,0.576,418,0,0.6876,0.301,0.1591,0.1392,0.33,0.4167,0.6816,0.2751,0.1558,0.1424,0.34,0.3889,429,0,extracted,0.2613,0.1072,0.144,0.2404,0.1183,0.1483
2,2024,1,1017,80,27,27,0.027,15,0,0.6793,0.2617,0.1333,0.1682,0.0909,0.1304,0.6209,0.1834,0.0764,0.0865,0.2727,0.2609,485,0,extracted,0.3288,0.169,0.2192,0.2035,0.0495,0.1263
2,2024,2,1017,80,27,27,0.027,15,0,0.6793,0.2617,0.1333,0.1682,0.0909,0.1304,0.6209,0.1834,0.0764,0.0865,0.2727,0.2609,485,0,extracted,0.3288,0.169,0.2192,0.2035,0.0495,0.1263
2,2024,3,1017,80,27,27,0.027,15,0,0.6793,0.2617,0.1333,0.1682,0.0909,0.1304,0.6209,0.1834,0.0764,0.0865,0.2727,0.2609,485,0,extracted,0.3288,0.169,0.2192,0.2035,0.0495,0.1263
2,2024,4,1017,80,27,27,0.027,15,0,0.6793,0.2617,0.1333,0.1682,0.0909,0.1304,0.6209,0.1834,0.0764,0.0865,0.2727,0.2609,485,0,extracted,0.3288,0.169,0.2192,0.2035,0.0495,0.1263
2,2024,5,1017,80,27,27,0.027,15,0,0.6793,0.2617,0.1333,0.1682,0.0909,0.1304,0.6209,0.1834,0.0764,0.0865,0.2727,0.2609,485,0,extracted,0.3288,0.169,0.2192,0.2035,0.0495,0.1263
2,2024,6,1017,80,27,27,0.027,15,0,0.6793,0.2617,0.1333,0.1682,0.0909,0.1304,0.6209,0.1834,0.0764,0.0865,0.2727,0.2609,485,0,extracted,0.3288,0.169,0.2192,0.2035,0.0495,0.1263
2,2024,7,1017,80,27,27,0.027,15,0,0.6793,0.2617,0.1333,0.1682,0.0909,0.1304,0.6209,0.1834,0.0764,0.0865,0.2727,0.2609,485,0,extracted,0.3288,0.169,0.2192,0.2035,0.0495,0.1263
2,2024,8,1017,80,27,27,0.027,15,0,0.6793,0.2617,0.1333,0.1682,0.0909,0.1304,0.6209,0.1834,0.0764,0.0865,0.2727,0.2609,485,0,extracted,0.3288,0.169,0.2192,0.2035,0.0495,0.1263
2,2024,9,1017,80,71,45,0.044,33,0,0.6846,0.352,0.1789,0.192,0.1429,0.2174,0.6209,0.1834,0.0764,0.0865,0.2727,0.2609,485,0,extracted,0.4048,0.1951,0.2381,0.2035,0.0495,0.1263
2,2024,10,1017,80,71,45,0.044,33,0,0.6846,0.352,0.1789,0.192,0.1429,0.2174,0.6209,0.1834,0.0764,0.0865,0.2727,0.2609,485,0,extracted,0.4048,0.1951,0.2381,0.2035,0.0495,0.1263
2,2024,11,1017,80,71,45,0.044,33,0,0.6846,0.352,0.1789,0.192,0.1429,0.2174,0.6209,0.1834,0.0764,0.0865,0.2727,0.2609,485,0,extracted,0.4048,0.1951,0.2381,0.2035,0.0495,0.1263
2,2024,12,1017,80,71,45,0.044,33,0,0.6846,0.352,0.1789,0.192,0.1429,0.2174,0.6209,0.1834,0.0764,0.0865,0.2727,0.2609,485,0,extracted,0.4048,0.1951,0.2381,0.2035,0.0495,0.1263
2,2024,13,1017,80,71,45,0.044,33,0,0.6846,0.352,0.1789,0.192,0.1429,0.2174,0.6209,0.1834,0.0764,0.0865,0.2727,0.2609,485,0,extracted,0.4048,0.1951,0.2381,0.2035,0.0495,0.1263
2,2024,14,1017,80,102,54,0.053,52,0,0.6884,0.3433,0.1364,0.1642,0.1169,0.1739,0.6209,0.1834,0.0764,0.0865,0.2727,0.2609,485,0,extracted,0.3409,0.1395,0.1818,0.2035,0.0495,0.1263
2,2024,15,1017,80,102,54,0.053,52,0,0.6884,0.3433,0.1364,0.1642,0.1169,0.1739,0.6209,0.1834,0.0764,0.0865,0.2727,0.2609,485,0,extracted,0.3409,0.1395,0.1818,0.2035,0.0495,0.1263
2,2024,16,1017,80,102,54,0.053,52,0,0.6884,0.3433,0.1364,0.1642,0.1169,0.1739,0.6209,0.1834,0.0764,0.0865,0.2727,0.2609,485,0,extracted,0.3409,0.1395,0.1818,0.2035,0.0495,0.1263
2,2024,17,1017,80,102,54,0.053,52,0,0.6884,0.3433,0.1364,0.1642,0.1169,0.1739,0.6209,0.1834,0.0764,0.0865,0.2727,0.2609,485,0,extracted,0.3409,0.1395,0.1818,0.2035,0.0495,0.1263
2,2024,18,1017,80,102,54,0.053,52,0,0.6884,0.3433,0.1364,0.1642,0.1169,0.1739,0.6209,0.1834,0.0764,0.0865,0.2727,0.2609,485,0,extracted,0.3409,0.1395,0.1818,0.2035,0.0495,0.1263
2,2024,19,1017,80,102,54,0.053,52,0,0.6884,0.3433,0.1364,0.1642,0.1169,0.1739,0.6209,0.1834,0.0764,0.0865,0.2727,0.2609,485,0,extracted,0.3409,0.1395,0.1818,0.2035,0.0495,0.1263
2,2024,20,1017,80,131,73,0.072,63,0,0.6747,0.4052,0.1589,0.1569,0.1558,0.2174,0.6209,0.1834,0.0764,0.0865,0.2727,0.2609,485,0,extracted,0.3922,0.12,0.1961,0.2035,0.0495,0.1263
2,2024,21,1017,80,131,73,0.072,63,0,0.6747,0.4052,0.1589,0.1569,0.1558,0.2174,0.6209,0.1834,0.0764,0.0865,0.2727,0.2609,485,0,extracted,0.3922,0.12,0.1961,0.2035,0.0495,0.1263
2,2024,22,1017,80,131,73,0.072,63,0,0.6747,0.4052,0.1589,0.1569,0.1558,0.2174,0.6209,0.1834,0.0764,0.0865,0.2727,0.2609,485,0,extracted,0.3922,0.12,0.1961,0.2035,0.0495,0.1263
2,2024,23,1017,80,131,73,0.072,63,0,0.6747,0.4052,0.1589,0.1569,0.1558,0.2174,0.6209,0.1834,0.0764,0.0865,0.2727,0.2609,485,0,extracted,0.3922,0.12,0.1961,0.2035,0.0495,0.1263
2,2024,24,1017,80,131,73,0.072,63,0,0.6747,0.4052,0.1589,0.1569,0.1558,0.2174,0.6209,0.1834,0.0764,0.0865,0.2727,0.2609,485,0,extracted,0.3922,0.12,0.1961,0.2035,0.0495,0.1263
2,2024,25,1017,80,131,73,0.072,63,0,0.6747,0.4052,0.1589,0.1569,0.1558,0.2174,0.6209,0.1834,0.0764,0.0865,0.2727,0.2609,485,0,extracted,0.3922,0.12,0.1961,0.2035,0.0495,0.1263
2,2024,26,1017,80,161,109,0.107,75,0,0.7126,0.4339,0.2032,0.254,0.2338,0.3043,0.6209,0.1834,0.0764,0.0865,0.2727,0.2609,485,0,extracted,0.4286,0.129,0.2381,0.2035,0.0495,0.1263
2,2024,27,1017,80,161,109,0.107,75,0,0.7126,0.4339,0.2032,0.254,0.2338,0.3043,0.6209,0.1834,0.0764,0.0865,0.2727,0.2609,485,0,extracted,0.4286,0.129,0.2381,0.2035,0.0495,0.1263
2,2024,28,1017,80,161,109,0.107,75,0,0.7126,0.4339,0.2032,0.254,0.2338,0.3043,0.6209,0.1834,0.0764,0.0865,0.2727,0.2609,485,0,extracted,0.4286,0.129,0.2381,0.2035,0.0495,0.1263
2,2024,29,1017,80,161,109,0.107,75,0,0.7126,0.4339,0.2032,0.254,0.2338,0.3043,0.6209,0.1834,0.0764,0.0865,0.2727,0.2609,485,0,extracted,0.4286,0.129,0.2381,0.2035,0.0495,0.1263
2,2024,30,1017,80,161,109,0.107,75,0,0.7126,0.4339,0.2032,0.254,0.2338,0.3043,0.6209,0.1834,0.0764,0.0865,0.2727,0.2609,485,0,extracted,0.4286,0.129,0.2381,0.2035,0.0495,0.1263
2,2024,31,1017,80,205,123,0.121,97,0,0.7098,0.4532,0.2388,0.197,0.2987,0.3478,0.6209,0.1834,0.0764,0.0865,0.2727,0.2609,485,0,extracted,0.4242,0.1692,0.1818,0.2035,0.0495,0.1263
2,2024,32,1017,80,205,123,0.121,97,0,0.7098,0.4532,0.2388,0.197,0.2987,0.3478,0.6209,0.1834,0.0764,0.0865,0.2727,0.2609,485,0,extracted,0.4242,0.1692,0.1818,0.2035,0.0495,0.1263
2,2024,33,1017,80,205,123,0.121,97,0,0.7098,0.4532,0.2388,0.197,0.2987,0.3478,0.6209,0.1834,0.0764,0.0865,0.2727,0.2609,485,0,extracted,0.4242,0.1692,0.1818,0.2035,0.0495,0.1263
2,2024,34,1017,80,205,123,0.121,97,0,0.7098,0.4532,0.2388,0.197,0.2987,0.3478,0.6209,0.1834,0.0764,0.0865,0.2727,0.2609,485,0,extracted,0.4242,0.1692,0.1818,0.2035,0.0495,0.1263
2,2024,35,1017,80,205,123,0.121,97,0,0.7098,0.4532,0.2388,0.197,0.2987,0.3478,0.6209,0.1834,0.0764,0.0865,0.2727,0.2609,485,0,extracted,0.4242,0.1692,0.1818,0.2035,0.0495,0.1263
2,2024,36,1017,80,205,123,0.121,97,0,0.7098,0.4532,0.2388,0.197,0.2987,0.3478,0.6209,0.1834,0.0764,0.0865,0.2727,0.2609,485,0,extracted,0.4242,0.1692,0.1818,0.2035,0.0495,0.1263
2,2024,37,1017,80,277,165,0.162,134,0,0.6938,0.3319,0.1717,0.1617,0.2468,0.2609,0.6209,0.1834,0.0764,0.0865,0.2727,0.2609,485,0,extracted,0.368,0.1301,0.208,0.2035,0.0495,0.1263
2,2024,38,1017,80,277,165,0.162,134,0,0.6938,0.3319,0.1717,0.1617,0.2468,0.2609,0.6209,0.1834,0.0764,0.0865,0.2727,0.2609,485,0,extracted,0.368,0.1301,0.208,0.2035,0.0495,0.1263
2,2024,39,1017,80,277,165,0.162,134,0,0.6938,0.3319,0.1717,0.1617,0.2468,0.2609,0.6209,0.1834,0.0764,0.0865,0.2727,0.2609,485,0,extracted,0.368,0.1301,0.208,0.2035,0.0495,0.1263
2,2024,40,1017,80,277,165,0.162,134,0,0.6938,0.3319,0.1717,0.1617,0.2468,0.2609,0.6209,0.1834,0.0764,0.0865,0.2727,0.2609,485,0,extracted,0.368,0.1301,0.208,0.2035,0.0495,0.1263
2,2024,41,1017,80,277,165,0.162,134,0,0.6938,0.3319,0.1717,0.1617,0.2468,0.2609,0.6209,0.1834,0.0764,0.0865,0.2727,0.2609,485,0,extracted,0.368,0.1301,0.208,0.2035,0.0495,0.1263
2,2024,42,1017,80,331,194,0.191,163,0,0.6895,0.3485,0.1527,0.1894,0.2597,0.3043,0.6209,0.1834,0.0764,0.0865,0.2727,0.2609,485,0,extracted,0.3709,0.1208,0.1987,0.2035,0.0495,0.1263
2,2024,43,1017,80,331,194,0.191,163,0,0.6895,0.3485,0.1527,0.1894,0.2597,0.3043,0.6209,0.1834,0.0764,0.0865,0.2727,0.2609,485,0,extracted,0.3709,0.1208,0.1987,0.2035,0.0495,0.1263
2,2024,44,1017,80,331,194,0.191,163,0,0.6895,0.3485,0.1527,0.1894,0.2597,0.3043,0.6209,0.1834,0.0764,0.0865,0.2727,0.2609,485,0,extracted,0.3709,0.1208,0.1987,0.2035,0.0495,0.1263
2,2024,45,1017,80,331,194,0.191,163,0,0.6895,0.3485,0.1527,0.1894,0.2597,0.3043,0.6209,0.1834,0.0764,0.0865,0.2727,0.2609,485,0,extracted,0.3709,0.1208,0.1987,0.2035,0.0495,0.1263
2,2024,46,1017,80,331,194,0.191,163,0,0.6895,0.3485,0.1527,0.1894,0.2597,0.3043,0.6209,0.1834,0.0764,0.0865,0.2727,0.2609,485,0,extracted,0.3709,0.1208,0.1987,0.2035,0.0495,0.1263
2,2024,47,1017,80,331,194,0.191,163,0,0.6895,0.3485,0.1527,0.1894,0.2597,0.3043,0.6209,0.1834,0.0764,0.0865,0.2727,0.2609,485,0,extracted,0.3709,0.1208,0.1987,0.2035,0.0495,0.1263
2,2024,48,1017,80,380,235,0.231,187,0,0.6888,0.3397,0.1613,0.1667,0.3117,0.3478,0.6209,0.1834,0.0764,0.0865,0.2727,0.2609,485,0,extracted,0.3168,0.12,0.198,0.2035,0.0495,0.1263
2,2024,49,1017,80,380,235,0.231,187,0,0.6888,0.3397,0.1613,0.1667,0.3117,0.3478,0.6209,0.1834,0.0764,0.0865,0.2727,0.2609,485,0,extracted,0.3168,0.12,0.198,0.2035,0.0495,0.1263
2,2024,50,1017,80,380,235,0.231,187,0,0.6888,0.3397,0.1613,0.1667,0.3117,0.3478,0.6209,0.1834,0.0764,0.0865,0.2727,0.2609,485,0,extracted,0.3168,0.12,0.198,0.2035,0.0495,0.1263
2,2024,51,1017,80,380,235,0.231,187,0,0.6888,0.3397,0.1613,0.1667,0.3117,0.3478,0.6209,0.1834,0.0764,0.0865,0.2727,0.2609,485,0,extracted,0.3168,0.12,0.198,0.2035,0.0495,0.1263
2,2024,52,1017,80,380,235,0.231,187,0,0.6888,0.3397,0.1613,0.1667,0.3117,0.3478,0.6209,0.1834,0.0764,0.0865,0.2727,0.2609,485,0,extracted,0.3168,0.12,0.198,0.2035,0.0495,0.1263
2,2024,53,1017,80,446,268,0.264,217,0,0.6805,0.295,0.1187,0.1357,0.2468,0.2609,0.6209,0.1834,0.0764,0.0865,0.2727,0.2609,485,0,extracted,0.2917,0.0842,0.1875,0.2035,0.0495,0.1263
2,2024,54,1017,80,446,268,0.264,217,0,0.6805,0.295,0.1187,0.1357,0.2468,0.2609,0.6209,0.1834,0.0764,0.0865,0.2727,0.2609,485,0,extracted,0.2917,0.0842,0.1875,0.2035,0.0495,0.1263
2,2024,55,1017,80,446,268,0.264,217,0,0.6805,0.295,0.1187,0.1357,0.2468,0.2609,0.6209,0.1834,0.0764,0.0865,0.2727,0.2609,485,0,extracted,0.2917,0.0842,0.1875,0.2035,0.0495,0.1263
2,2024,56,1017,80,446,268,0.264,217,0,0.6805,0.295,0.1187,0.1357,0.2468,0.2609,0.6209,0.1834,0.0764,0.0865,0.2727,0.2609,485,0,extracted,0.2917,0.0842,0.1875,0.2035,0.0495,0.1263
2,2024,57,1017,80,446,268,0.264,217,0,0.6805,0.295,0.1187,0.1357,0.2468,0.2609,0.6209,0.1834,0.0764,0.0865,0.2727,0.2609,485,0,extracted,0.2917,0.0842,0.1875,0.2035,0.0495,0.1263
2,2024,58,1017,80,446,268,0.264,217,0,0.6805,0.295,0.1187,0.1357,0.2468,0.2609,0.6209,0.1834,0.0764,0.0865,0.2727,0.2609,485,0,extracted,0.2917,0.0842,0.1875,0.2035,0.0495,0.1263
2,2024,59,1017,80,523,312,0.307,247,0,0.6924,0.3274,0.1594,0.1535,0.3766,0.4348,0.6209,0.1834,0.0764,0.0865,0.2727,0.2609,485,0,extracted,0.2738,0.1073,0.1749,0.2035,0.0495,0.1263
2,2024,60,1017,80,523,312,0.307,247,0,0.6924,0.3274,0.1594,0.1535,0.3766,0.4348,0.6209,0.1834,0.0764,0.0865,0.2727,0.2609,485,0,extracted,0.2738,0.1073,0.1749,0.2035,0.0495,0.1263
2,2024,61,1017,80,523,312,0.307,247,0,0.6924,0.3274,0.1594,0.1535,0.3766,0.4348,0.6209,0.1834,0.0764,0.0865,0.2727,0.2609,485,0,extracted,0.2738,0.1073,0.1749,0.2035,0.0495,0.1263
2,2024,62,1017,80,523,312,0.307,247,0,0.6924,0.3274,0.1594,0.1535,0.3766,0.4348,0.6209,0.1834,0.0764,0.0865,0.2727,0.2609,485,0,extracted,0.2738,0.1073,0.1749,0.2035,0.0495,0.1263
2,2024,63,1017,80,523,312,0.307,247,0,0.6924,0.3274,0.1594,0.1535,0.3766,0.4348,0.6209,0.1834,0.0764,0.0865,0.2727,0.2609,485,0,extracted,0.2738,0.1073,0.1749,0.2035,0.0495,0.1263
2,2024,64,1017,80,584,344,0.338,270,0,0.6866,0.3148,0.1557,0.1501,0.3896,0.5217,0.6209,0.1834,0.0764,0.0865,0.2727,0.2609,485,0,extracted,0.3077,0.1143,0.1781,0.2035,0.0495,0.1263
2,2024,65,1017,80,584,344,0.338,270,0,0.6866,0.3148,0.1557,0.1501,0.3896,0.5217,0.6209,0.1834,0.0764,0.0865,0.2727,0.2609,485,0,extracted,0.3077,0.1143,0.1781,0.2035,0.0495,0.1263
2,2024,66,1017,80,584,344,0.338,270,0,0.6866,0.3148,0.1557,0.1501,0.3896,0.5217,0.6209,0.1834,0.0764,0.0865,0.2727,0.2609,485,0,extracted,0.3077,0.1143,0.1781,0.2035,0.0495,0.1263
2,2024,67,1017,80,584,344,0.338,270,0,0.6866,0.3148,0.1557,0.1501,0.3896,0.5217,0.6209,0.1834,0.0764,0.0865,0.2727,0.2609,485,0,extracted,0.3077,0.1143,0.1781,0.2035,0.0495,0.1263
2,2024,68,1017,80,584,344,0.338,270,0,0.6866,0.3148,0.1557,0.1501,0.3896,0.5217,0.6209,0.1834,0.0764,0.0865,0.2727,0.2609,485,0,extracted,0.3077,0.1143,0.1781,0.2035,0.0495,0.1263
2,2024,69,1017,80,584,344,0.338,270,0,0.6866,0.3148,0.1557,0.1501,0.3896,0.5217,0.6209,0.1834,0.0764,0.0865,0.2727,0.2609,485,0,extracted,0.3077,0.1143,0.1781,0.2035,0.0495,0.1263
2,2024,70,1017,80,624,354,0.348,288,0,0.6932,0.3141,0.1531,0.1524,0.4026,0.5652,0.6209,0.1834,0.0764,0.0865,0.2727,0.2609,485,0,extracted,0.2754,0.1022,0.1594,0.2035,0.0495,0.1263
2,2024,71,1017,80,624,354,0.348,288,0,0.6932,0.3141,0.1531,0.1524,0.4026,0.5652,0.6209,0.1834,0.0764,0.0865,0.2727,0.2609,485,0,extracted,0.2754,0.1022,0.1594,0.2035,0.0495,0.1263
2,2024,72,1017,80,624,354,0.348,288,0,0.6932,0.3141,0.1531,0.1524,0.4026,0.5652,0.6209,0.1834,0.0764,0.0865,0.2727,0.2609,485,0,extracted,0.2754,0.1022,0.1594,0.2035,0.0495,0.1263
2,2024,73,1017,80,624,354,0.348,288,0,0.6932,0.3141,0.1531,0.1524,0.4026,0.5652,0.6209,0.1834,0.0764,0.0865,0.2727,0.2609,485,0,extracted,0.2754,0.1022,0.1594,0.2035,0.0495,0.1263
2,2024,74,1017,80,624,354,0.348,288,0,0.6932,0.3141,0.1531,0.1524,0.4026,0.5652,0.6209,0.1834,0.0764,0.0865,0.2727,0.2609,485,0,extracted,0.2754,0.1022,0.1594,0.2035,0.0495,0.1263
2,2024,75,1017,80,688,387,0.381,319,0,0.6885,0.2851,0.1322,0.1579,0.3636,0.4783,0.6209,0.1834,0.0764,0.0865,0.2727,0.2609,485,0,extracted,0.2677,0.0824,0.1636,0.2035,0.0495,0.1263
2,2024,76,1017,80,688,387,0.381,319,0,0.6885,0.2851,0.1322,0.1579,0.3636,0.4783,0.6209,0.1834,0.0764,0.0865,0.2727,0.2609,485,0,extracted,0.2677,0.0824,0.1636,0.2035,0.0495,0.1263
2,2024,77,1017,80,688,387,0.381,319,0,0.6885,0.2851,0.1322,0.1579,0.3636,0.4783,0.6209,0.1834,0.0764,0.0865,0.2727,0.2609,485,0,extracted,0.2677,0.0824,0.1636,0.2035,0.0495,0.1263
2,2024,78,1017,80,688,387,0.381,319,0,0.6885,0.2851,0.1322,0.1579,0.3636,0.4783,0.6209,0.1834,0.0764,0.0865,0.2727,0.2609,485,0,extracted,0.2677,0.0824,0.1636,0.2035,0.0495,0.1263
2,2024,79,1017,80,688,387,0.381,319,0,0.6885,0.2851,0.1322,0.1579,0.3636,0.4783,0.6209,0.1834,0.0764,0.0865,0.2727,0.2609,485,0,extracted,0.2677,0.0824,0.1636,0.2035,0.0495,0.1263
2,2024,80,1017,80,688,387,0.381,319,0,0.6885,0.2851,0.1322,0.1579,0.3636,0.4783,0.6209,0.1834,0.0764,0.0865,0.2727,0.2609,485,0,extracted,0.2677,0.0824,0.1636,0.2035,0.0495,0.1263
2,2024,81,1017,80,730,420,0.413,341,0,0.6814,0.264,0.1285,0.156,0.3896,0.5217,0.6209,0.1834,0.0764,0.0865,0.2727,0.2609,485,0,extracted,0.2284,0.0807,0.1481,0.2035,0.0495,0.1263
2,2024,82,1017,80,730,420,0.413,341,0,0.6814,0.264,0.1285,0.156,0.3896,0.5217,0.6209,0.1834,0.0764,0.0865,0.2727,0.2609,485,0,extracted,0.2284,0.0807,0.1481,0.2035,0.0495,0.1263
2,2024,83,1017,80,730,420,0.413,341,0,0.6814,0.264,0.1285,0.156,0.3896,0.5217,0.6209,0.1834,0.0764,0.0865,0.2727,0.2609,485,0,extracted,0.2284,0.0807,0.1481,0.2035,0.0495,0.1263
2,2024,84,1017,80,730,420,0.413,341,0,0.6814,0.264,0.1285,0.156,0.3896,0.5217,0.6209,0.1834,0.0764,0.0865,0.2727,0.2609,485,0,extracted,0.2284,0.0807,0.1481,0.2035,0.0495,0.1263
2,2024,85,1017,80,730,420,0.413,341,0,0.6814,0.264,0.1285,0.156,0.3896,0.5217,0.6209,0.1834,0.0764,0.0865,0.2727,0.2609,485,0,extracted,0.2284,0.0807,0.1481,0.2035,0.0495,0.1263
2,2024,86,1017,80,730,420,0.413,341,0,0.6814,0.264,0.1285,0.156,0.3896,0.5217,0.6209,0.1834,0.0764,0.0865,0.2727,0.2609,485,0,extracted,0.2284,0.0807,0.1481,0.2035,0.0495,0.1263
2,2024,87,1017,80,783,459,0.451,365,0,0.6746,0.2598,0.1225,0.1181,0.3766,0.5217,0.6209,0.1834,0.0764,0.0865,0.2727,0.2609,485,0,extracted,0.2652,0.0866,0.1505,0.2035,0.0495,0.1263
2,2024,88,1017,80,783,459,0.451,365,0,0.6746,0.2598,0.1225,0.1181,0.3766,0.5217,0.6209,0.1834,0.0764,0.0865,0.2727,0.2609,485,0,extracted,0.2652,0.0866,0.1505,0.2035,0.0495,0.1263
2,2024,89,1017,80,783,459,0.451,365,0,0.6746,0.2598,0.1225,0.1181,0.3766,0.5217,0.6209,0.1834,0.0764,0.0865,0.2727,0.2609,485,0,extracted,0.2652,0.0866,0.1505,0.2035,0.0495,0.1263
2,2024,90,1017,80,783,459,0.451,365,0,0.6746,0.2598,0.1225,0.1181,0.3766,0.5217,0.6209,0.1834,0.0764,0.0865,0.2727,0.2609,485,0,extracted,0.2652,0.0866,0.1505,0.2035,0.0495,0.1263
2,2024,91,1017,80,783,459,0.451,365,0,0.6746,0.2598,0.1225,0.1181,0.3766,0.5217,0.6209,0.1834,0.0764,0.0865,0.2727,0.2609,485,0,extracted,0.2652,0.0866,0.1505,0.2035,0.0495,0.1263
2,2024,92,1017,80,868,494,0.486,403,0,0.6865,0.2509,0.1294,0.1254,0.4545,0.6087,0.6209,0.1834,0.0764,0.0865,0.2727,0.2609,485,0,extracted,0.2271,0.078,0.1274,0.2035,0.0495,0.1263
2,2024,93,1017,80,868,494,0.486,403,0,0.6865,0.2509,0.1294,0.1254,0.4545,0.6087,0.6209,0.1834,0.0764,0.0865,0.2727,0.2609,485,0,extracted,0.2271,0.078,0.1274,0.2035,0.0495,0.1263
2,2024,94,1017,80,868,494,0.486,403,0,0.6865,0.2509,0.1294,0.1254,0.4545,0.6087,0.6209,0.1834,0.0764,0.0865,0.2727,0.2609,485,0,extracted,0.2271,0.078,0.1274,0.2035,0.0495,0.1263
2,2024,95,1017,80,868,494,0.486,403,0,0.6865,0.2509,0.1294,0.1254,0.4545,0.6087,0.6209,0.1834,0.0764,0.0865,0.2727,0.2609,485,0,extracted,0.2271,0.078,0.1274,0.2035,0.0495,0.1263
2,2024,96,1017,80,868,494,0.486,403,0,0.6865,0.2509,0.1294,0.1254,0.4545,0.6087,0.6209,0.1834,0.0764,0.0865,0.2727,0.2609,485,0,extracted,0.2271,0.078,0.1274,0.2035,0.0495,0.1263
2,2024,97,1017,80,868,494,0.486,403,0,0.6865,0.2509,0.1294,0.1254,0.4545,0.6087,0.6209,0.1834,0.0764,0.0865,0.2727,0.2609,485,0,extracted,0.2271,0.078,0.1274,0.2035,0.0495,0.1263
2,2024,98,1017,80,1005,548,0.539,474,0,0.6688,0.2075,0.1138,0.1005,0.4286,0.5217,0.6209,0.1834,0.0764,0.0865,0.2727,0.2609,485,0,extracted,0.2382,0.0946,0.1379,0.2035,0.0495,0.1263
2,2024,99,1017,80,1005,548,0.539,474,0,0.6688,0.2075,0.1138,0.1005,0.4286,0.5217,0.6209,0.1834,0.0764,0.0865,0.2727,0.2609,485,0,extracted,0.2382,0.0946,0.1379,0.2035,0.0495,0.1263
2,2024,100,1017,80,1005,548,0.539,474,0,0.6688,0.2075,0.1138,0.1005,0.4286,0.5217,0.6209,0.1834,0.0764,0.0865,0.2727,0.2609,485,0,extracted,0.2382,0.0946,0.1379,0.2035,0.0495,0.1263
3,2024,1,1074,149,12,18,0.017,8,0,0.591,0.1078,0.0242,0.0838,0.02,0.0238,0.6994,0.3129,0.1664,0.1578,0.36,0.4762,512,1,extracted,0.0893,0.0,0.0714,0.2969,0.1491,0.179
3,2024,2,1074,149,12,18,0.017,8,0,0.591,0.1078,0.0242,0.0838,0.02,0.0238,0.6994,0.3129,0.1664,0.1578,0.36,0.4762,512,1,extracted,0.0893,0.0,0.0714,0.2969,0.1491,0.179
3,2024,3,1074,149,12,18,0.017,8,0,0.591,0.1078,0.0242,0.0838,0.02,0.0238,0.6994,0.3129,0.1664,0.1578,0.36,0.4762,512,1,extracted,0.0893,0.0,0.0714,0.2969,0.1491,0.179
3,2024,4,1074,149,12,18,0.017,8,0,0.591,0.1078,0.0242,0.0838,0.02,0.0238,0.6994,0.3129,0.1664,0.1578,0.36,0.4762,512,1,extracted,0.0893,0.0,0.0714,0.2969,0.1491,0.179
3,2024,5,1074,149,12,18,0.017,8,0,0.591,0.1078,0.0242,0.0838,0.02,0.0238,0.6994,0.3129,0.1664,0.1578,0.36,0.4762,512,1,extracted,0.0893,0.0,0.0714,0.2969,0.1491,0.179
3,2024,6,1074,149,12,18,0.017,8,0,0.591,0.1078,0.0242,0.0838,0.02,0.0238,0.6994,0.3129,0.1664,0.1578,0.36,0.4762,512,1,extracted,0.0893,0.0,0.0714,0.2969,0.1491,0.179
3,2024,7,1074,149,12,18,0.017,8,0,0.591,0.1078,0.0242,0.0838,0.02,0.0238,0.6994,0.3129,0.1664,0.1578,0.36,0.4762,512,1,extracted,0.0893,0.0,0.0714,0.2969,0.1491,0.179
3,2024,8,1074,149,34,34,0.032,18,0,0.6467,0.2732,0.1326,0.1749,0.12,0.119,0.6994,0.3129,0.1664,0.1578,0.36,0.4762,512,1,extracted,0.2314,0.084,0.1653,0.2969,0.1491,0.179
3,2024,9,1074,149,34,34,0.032,18,0,0.6467,0.2732,0.1326,0.1749,0.12,0.119,0.6994,0.3129,0.1664,0.1578,0.36,0.4762,512,1,extracted,0.2314,0.084,0.1653,0.2969,0.1491,0.179
3,2024,10,1074,149,34,34,0.032,18,0,0.6467,0.2732,0.1326,0.1749,0.12,0.119,0.6994,0.3129,0.1664,0.1578,0.36,0.4762,512,1,extracted,0.2314,0.084,0.1653,0.2969,0.1491,0.179
3,2024,11,1074,149,34,34,0.032,18,0,0.6467,0.2732,0.1326,0.1749,0.12,0.119,0.6994,0.3129,0.1664,0.1578,0.36,0.4762,512,1,extracted,0.2314,0.084,0.1653,0.2969,0.1491,0.179
3,2024,12,1074,149,53,39,0.036,27,0,0.6761,0.3085,0.1398,0.1277,0.11,0.119,0.6994,0.3129,0.1664,0.1578,0.36,0.4762,512,1,extracted,0.2419,0.0492,0.1452,0.2969,0.1491,0.179
3,2024,13,1074,149,53,39,0.036,27,0,0.6761,0.3085,0.1398,0.1277,0.11,0.119,0.6994,0.3129,0.1664,0.1578,0.36,0.4762,512,1,extracted,0.2419,0.0492,0.1452,0.2969,0.1491,0.179
3,2024,14,1074,149,53,39,0.036,27,0,0.6761,0.3085,0.1398,0.1277,0.11,0.119,0.6994,0.3129,0.1664,0.1578,0.36,0.4762,512,1,extracted,0.2419,0.0492,0.1452,0.2969,0.1491,0.179
3,2024,15,1074,149,53,39,0.036,27,0,0.6761,0.3085,0.1398,0.1277,0.11,0.119,0.6994,0.3129,0.1664,0.1578,0.36,0.4762,512,1,extracted,0.2419,0.0492,0.1452,0.2969,0.1491,0.179
3,2024,16,1074,149,53,39,0.036,27,0,0.6761,0.3085,0.1398,0.1277,0.11,0.119,0.6994,0.3129,0.1664,0.1578,0.36,0.4762,512,1,extracted,0.2419,0.0492,0.1452,0.2969,0.1491,0.179
3,2024,17,1074,149,77,47,0.044,38,0,0.6194,0.2551,0.0515,0.1531,0.02,0.0476,0.6994,0.3129,0.1664,0.1578,0.36,0.4762,512,1,extracted,0.1955,0.0305,0.1504,0.2969,0.1491,0.179
3,2024,18,1074,149,77,47,0.044,38,0,0.6194,0.2551,0.0515,0.1531,0.02,0.0476,0.6994,0.3129,0.1664,0.1578,0.36,0.4762,512,1,extracted,0.1955,0.0305,0.1504,0.2969,0.1491,0.179
3,2024,19,1074,149,77,47,0.044,38,0,0.6194,0.2551,0.0515,0.1531,0.02,0.0476,0.6994,0.3129,0.1664,0.1578,0.36,0.4762,512,1,extracted,0.1955,0.0305,0.1504,0.2969,0.1491,0.179
3,2024,20,1074,149,77,47,0.044,38,0,0.6194,0.2551,0.0515,0.1531,0.02,0.0476,0.6994,0.3129,0.1664,0.1578,0.36,0.4762,512,1,extracted,0.1955,0.0305,0.1504,0.2969,0.1491,0.179
3,2024,21,1074,149,77,47,0.044,38,0,0.6194,0.2551,0.0515,0.1531,0.02,0.0476,0.6994,0.3129,0.1664,0.1578,0.36,0.4762,512,1,extracted,0.1955,0.0305,0.1504,0.2969,0.1491,0.179
3,2024,22,1074,149,111,62,0.058,55,0,0.6851,0.3507,0.134,0.2085,0.12,0.1429,0.6994,0.3129,0.1664,0.1578,0.36,0.4762,512,1,extracted,0.2411,0.0719,0.1844,0.2969,0.1491,0.179
3,2024,23,1074,149,111,62,0.058,55,0,0.6851,0.3507,0.134,0.2085,0.12,0.1429,0.6994,0.3129,0.1664,0.1578,0.36,0.4762,512,1,extracted,0.2411,0.0719,0.1844,0.2969,0.1491,0.179
3,2024,24,1074,149,111,62,0.058,55,0,0.6851,0.3507,0.134,0.2085,0.12,0.1429,0.6994,0.3129,0.1664,0.1578,0.36,0.4762,512,1,extracted,0.2411,0.0719,0.1844,0.2969,0.1491,0.179
3,2024,25,1074,149,111,62,0.058,55,0,0.6851,0.3507,0.134,0.2085,0.12,0.1429,0.6994,0.3129,0.1664,0.1578,0.36,0.4762,512,1,extracted,0.2411,0.0719,0.1844,0.2969,0.1491,0.179
3,2024,26,1074,149,111,62,0.058,55,0,0.6851,0.3507,0.134,0.2085,0.12,0.1429,0.6994,0.3129,0.1664,0.1578,0.36,0.4762,512,1,extracted,0.2411,0.0719,0.1844,0.2969,0.1491,0.179
3,2024,27,1074,149,142,89,0.083,70,0,0.6902,0.395,0.1441,0.2101,0.14,0.1667,0.6994,0.3129,0.1664,0.1578,0.36,0.4762,512,1,extracted,0.3439,0.0645,0.2038,0.2969,0.1491,0.179
3,2024,28,1074,149,142,89,0.083,70,0,0.6902,0.395,0.1441,0.2101,0.14,0.1667,0.6994,0.3129,0.1664,0.1578,0.36,0.4762,512,1,extracted,0.3439,0.0645,0.2038,0.2969,0.1491,0.179
3,2024,29,1074,149,142,89,0.083,70,0,0.6902,0.395,0.1441,0.2101,0.14,0.1667,0.6994,0.3129,0.1664,0.1578,0.36,0.4762,512,1,extracted,0.3439,0.0645,0.2038,0.2969,0.1491,0.179
3,2024,30,1074,149,142,89,0.083,70,0,0.6902,0.395,0.1441,0.2101,0.14,0.1667,0.6994,0.3129,0.1664,0.1578,0.36,0.4762,512,1,extracted,0.3439,0.0645,0.2038,0.2969,0.1491,0.179
3,2024,31,1074,149,182,104,0.097,93,0,0.6847,0.4743,0.2151,0.2372,0.19,0.2143,0.6994,0.3129,0.1664,0.1578,0.36,0.4762,512,1,extracted,0.3855,0.1463,0.2289,0.2969,0.1491,0.179
3,2024,32,1074,149,182,104,0.097,93,0,0.6847,0.4743,0.2151,0.2372,0.19,0.2143,0.6994,0.3129,0.1664,0.1578,0.36,0.4762,512,1,extracted,0.3855,0.1463,0.2289,0.2969,0.1491,0.179
3,2024,33,1074,149,182,104,0.097,93,0,0.6847,0.4743,0.2151,0.2372,0.19,0.2143,0.6994,0.3129,0.1664,0.1578,0.36,0.4762,512,1,extracted,0.3855,0.1463,0.2289,0.2969,0.1491,0.179
3,2024,34,1074,149,182,104,0.097,93,0,0.6847,0.4743,0.2151,0.2372,0.19,0.2143,0.6994,0.3129,0.1664,0.1578,0.36,0.4762,512,1,extracted,0.3855,0.1463,0.2289,0.2969,0.1491,0.179
3,2024,35,1074,149,182,104,0.097,93,0,0.6847,0.4743,0.2151,0.2372,0.19,0.2143,0.6994,0.3129,0.1664,0.1578,0.36,0.4762,512,1,extracted,0.3855,0.1463,0.2289,0.2969,0.1491,0.179
3,2024,36,1074,149,218,128,0.119,111,0,0.6809,0.4838,0.2036,0.231,0.19,0.2143,0.6994,0.3129,0.1664,0.1578,0.36,0.4762,512,1,extracted,0.3913,0.1319,0.2283,0.2969,0.1491,0.179
3,2024,37,1074,149,218,128,0.119,111,0,0.6809,0.4838,0.2036,0.231,0.19,0.2143,0.6994,0.3129,0.1664,0.1578,0.36,0.4762,512,1,extracted,0.3913,0.1319,0.2283,0.2969,0.1491,0.179
3,2024,38,1074,149,218,128,0.119,111,0,0.6809,0.4838,0.2036,0.231,0.19,0.2143,0.6994,0.3129,0.1664,0.1578,0.36,0.4762,512,1,extracted,0.3913,0.1319,0.2283,0.2969,0.1491,0.179
3,2024,39,1074,149,218,128,0.119,111,0,0.6809,0.4838,0.2036,0.231,0.19,0.2143,0.6994,0.3129,0.1664,0.1578,0.36,0.4762,512,1,extracted,0.3913,0.1319,0.2283,0.2969,0.1491,0.179
3,2024,40,1074,149,218,128,0.119,111,0,0.6809,0.4838,0.2036,0.231,0.19,0.2143,0.6994,0.3129,0.1664,0.1578,0.36,0.4762,512,1,extracted,0.3913,0.1319,0.2283,0.2969,0.1491,0.179
3,2024,41,1074,149,290,170,0.158,151,0,0.6755,0.4953,0.2524,0.1881,0.33,0.3333,0.6994,0.3129,0.1664,0.1578,0.36,0.4762,512,1,extracted,0.4175,0.1863,0.2039,0.2969,0.1491,0.179
3,2024,42,1074,149,290,170,0.158,151,0,0.6755,0.4953,0.2524,0.1881,0.33,0.3333,0.6994,0.3129,0.1664,0.1578,0.36,0.4762,512,1,extracted,0.4175,0.1863,0.2039,0.2969,0.1491,0.179
3,2024,43,1074,149,290,170,0.158,151,0,0.6755,0.4953,0.2524,0.1881,0.33,0.3333,0.6994,0.3129,0.1664,0.1578,0.36,0.4762,512,1,extracted,0.4175,0.1863,0.2039,0.2969,0.1491,0.179
3,2024,44,1074,149,290,170,0.158,151,0,0.6755,0.4953,0.2524,0.1881,0.33,0.3333,0.6994,0.3129,0.1664,0.1578,0.36,0.4762,512,1,extracted,0.4175,0.1863,0.2039,0.2969,0.1491,0.179
3,2024,45,1074,149,290,170,0.158,151,0,0.6755,0.4953,0.2524,0.1881,0.33,0.3333,0.6994,0.3129,0.1664,0.1578,0.36,0.4762,512,1,extracted,0.4175,0.1863,0.2039,0.2969,0.1491,0.179
3,2024,46,1074,149,336,209,0.195,174,0,0.7019,0.5378,0.2704,0.2633,0.34,0.4762,0.6994,0.3129,0.1664,0.1578,0.36,0.4762,512,1,extracted,0.487,0.1667,0.2783,0.2969,0.1491,0.179
3,2024,47,1074,149,336,209,0.195,174,0,0.7019,0.5378,0.2704,0.2633,0.34,0.4762,0.6994,0.3129,0.1664,0.1578,0.36,0.4762,512,1,extracted,0.487,0.1667,0.2783,0.2969,0.1491,0.179
3,2024,48,1074,149,336,209,0.195,174,0,0.7019,0.5378,0.2704,0.2633,0.34,0.4762,0.6994,0.3129,0.1664,0.1578,0.36,0.4762,512,1,extracted,0.487,0.1667,0.2783,0.2969,0.1491,0.179
3,2024,49,1074,149,336,209,0.195,174,0,0.7019,0.5378,0.2704,0.2633,0.34,0.4762,0.6994,0.3129,0.1664,0.1578,0.36,0.4762,512,1,extracted,0.487,0.1667,0.2783,0.2969,0.1491,0.179
3,2024,50,1074,149,336,209,0.195,174,0,0.7019,0.5378,0.2704,0.2633,0.34,0.4762,0.6994,0.3129,0.1664,0.1578,0.36,0.4762,512,1,extracted,0.487,0.1667,0.2783,0.2969,0.1491,0.179
3,2024,51,1074,149,395,253,0.236,214,0,0.6977,0.5387,0.2757,0.2244,0.38,0.5238,0.6994,0.3129,0.1664,0.1578,0.36,0.4762,512,1,extracted,0.4769,0.1783,0.2385,0.2969,0.1491,0.179
3,2024,52,1074,149,395,253,0.236,214,0,0.6977,0.5387,0.2757,0.2244,0.38,0.5238,0.6994,0.3129,0.1664,0.1578,0.36,0.4762,512,1,extracted,0.4769,0.1783,0.2385,0.2969,0.1491,0.179
3,2024,53,1074,149,395,253,0.236,214,0,0.6977,0.5387,0.2757,0.2244,0.38,0.5238,0.6994,0.3129,0.1664,0.1578,0.36,0.4762,512,1,extracted,0.4769,0.1783,0.2385,0.2969,0.1491,0.179
3,2024,54,1074,149,395,253,0.236,214,0,0.6977,0.5387,0.2757,0.2244,0.38,0.5238,0.6994,0.3129,0.1664,0.1578,0.36,0.4762,512,1,extracted,0.4769,0.1783,0.2385,0.2969,0.1491,0.179
3,2024,55,1074,149,440,274,0.255,239,0,0.6899,0.4692,0.2238,0.1754,0.34,0.5,0.6994,0.3129,0.1664,0.1578,0.36,0.4762,512,1,extracted,0.4338,0.1481,0.1985,0.2969,0.1491,0.179
3,2024,56,1074,149,440,274,0.255,239,0,0.6899,0.4692,0.2238,0.1754,0.34,0.5,0.6994,0.3129,0.1664,0.1578,0.36,0.4762,512,1,extracted,0.4338,0.1481,0.1985,0.2969,0.1491,0.179
3,2024,57,1074,149,440,274,0.255,239,0,0.6899,0.4692,0.2238,0.1754,0.34,0.5,0.6994,0.3129,0.1664,0.1578,0.36,0.4762,512,1,extracted,0.4338,0.1481,0.1985,0.2969,0.1491,0.179
3,2024,58,1074,149,440,274,0.255,239,0,0.6899,0.4692,0.2238,0.1754,0.34,0.5,0.6994,0.3129,0.1664,0.1578,0.36,0.4762,512,1,extracted,0.4338,0.1481,0.1985,0.2969,0.1491,0.179
3,2024,59,1074,149,440,274,0.255,239,0,0.6899,0.4692,0.2238,0.1754,0.34,0.5,0.6994,0.3129,0.1664,0.1578,0.36,0.4762,512,1,extracted,0.4338,0.1481,0.1985,0.2969,0.1491,0.179
3,2024,60,1074,149,476,294,0.274,254,0,0.688,0.4842,0.25,0.2081,0.42,0.5476,0.6994,0.3129,0.1664,0.1578,0.36,0.4762,512,1,extracted,0.4452,0.1708,0.2261,0.2969,0.1491,0.179
3,2024,61,1074,149,476,294,0.274,254,0,0.688,0.4842,0.25,0.2081,0.42,0.5476,0.6994,0.3129,0.1664,0.1578,0.36,0.4762,512,1,extracted,0.4452,0.1708,0.2261,0.2969,0.1491,0.179
3,2024,62,1074,149,476,294,0.274,254,0,0.688,0.4842,0.25,0.2081,0.42,0.5476,0.6994,0.3129,0.1664,0.1578,0.36,0.4762,512,1,extracted,0.4452,0.1708,0.2261,0.2969,0.1491,0.179
3,2024,63,1074,149,476,294,0.274,254,0,0.688,0.4842,0.25,0.2081,0.42,0.5476,0.6994,0.3129,0.1664,0.1578,0.36,0.4762,512,1,extracted,0.4452,0.1708,0.2261,0.2969,0.1491,0.179
3,2024,64,1074,149,476,294,0.274,254,0,0.688,0.4842,0.25,0.2081,0.42,0.5476,0.6994,0.3129,0.1664,0.1578,0.36,0.4762,512,1,extracted,0.4452,0.1708,0.2261,0.2969,0.1491,0.179
3,2024,65,1074,149,525,327,0.304,279,0,0.7038,0.4968,0.2537,0.2189,0.45,0.5952,0.6994,0.3129,0.1664,0.1578,0.36,0.4762,512,1,extracted,0.4641,0.1645,0.2288,0.2969,0.1491,0.179
3,2024,66,1074,149,525,327,0.304,279,0,0.7038,0.4968,0.2537,0.2189,0.45,0.5952,0.6994,0.3129,0.1664,0.1578,0.36,0.4762,512,1,extracted,0.4641,0.1645,0.2288,0.2969,0.1491,0.179
3,2024,67,1074,149,525,327,0.304,279,0,0.7038,0.4968,0.2537,0.2189,0.45,0.5952,0.6994,0.3129,0.1664,0.1578,0.36,0.4762,512,1,extracted,0.4641,0.1645,0.2288,0.2969,0.1491,0.179
3,2024,68,1074,149,525,327,0.304,279,0,0.7038,0.4968,0.2537,0.2189,0.45,0.5952,0.6994,0.3129,0.1664,0.1578,0.36,0.4762,512,1,extracted,0.4641,0.1645,0.2288,0.2969,0.1491,0.179
3,2024,69,1074,149,525,327,0.304,279,0,0.7038,0.4968,0.2537,0.2189,0.45,0.5952,0.6994,0.3129,0.1664,0.1578,0.36,0.4762,512,1,extracted,0.4641,0.1645,0.2288,0.2969,0.1491,0.179
3,2024,70,1074,149,576,354,0.33,303,0,0.6898,0.4542,0.224,0.2032,0.43,0.5714,0.6994,0.3129,0.1664,0.1578,0.36,0.4762,512,1,extracted,0.4214,0.1709,0.2138,0.2969,0.1491,0.179
3,2024,71,1074,149,576,354,0.33,303,0,0.6898,0.4542,0.224,0.2032,0.43,0.5714,0.6994,0.3129,0.1664,0.1578,0.36,0.4762,512,1,extracted,0.4214,0.1709,0.2138,0.2969,0.1491,0.179
3,2024,72,1074,149,576,354,0.33,303,0,0.6898,0.4542,0.224,0.2032,0.43,0.5714,0.6994,0.3129,0.1664,0.1578,0.36,0.4762,512,1,extracted,0.4214,0.1709,0.2138,0.2969,0.1491,0.179
3,2024,73,1074,149,576,354,0.33,303,0,0.6898,0.4542,0.224,0.2032,0.43,0.5714,0.6994,0.3129,0.1664,0.1578,0.36,0.4762,512,1,extracted,0.4214,0.1709,0.2138,0.2969,0.1491,0.179
3,2024,74,1074,149,652,387,0.36,339,0,0.679,0.4262,0.2289,0.1944,0.44,0.5,0.6994,0.3129,0.1664,0.1578,0.36,0.4762,512,1,extracted,0.3964,0.1905,0.213,0.2969,0.1491,0.179
3,2024,75,1074,149,652,387,0.36,339,0,0.679,0.4262,0.2289,0.1944,0.44,0.5,0.6994,0.3129,0.1664,0.1578,0.36,0.4762,512,1,extracted,0.3964,0.1905,0.213,0.2969,0.1491,0.179
3,2024,76,1074,149,652,387,0.36,339,0,0.679,0.4262,0.2289,0.1944,0.44,0.5,0.6994,0.3129,0.1664,0.1578,0.36,0.4762,512,1,extracted,0.3964,0.1905,0.213,0.2969,0.1491,0.179
3,2024,77,1074,149,652,387,0.36,339,0,0.679,0.4262,0.2289,0.1944,0.44,0.5,0.6994,0.3129,0.1664,0.1578,0.36,0.4762,512,1,extracted,0.3964,0.1905,0.213,0.2969,0.1491,0.179
3,2024,78,1074,149,652,387,0.36,339,0,0.679,0.4262,0.2289,0.1944,0.44,0.5,0.6994,0.3129,0.1664,0.1578,0.36,0.4762,512,1,extracted,0.3964,0.1905,0.213,0.2969,0.1491,0.179
3,2024,79,1074,149,743,434,0.404,384,0,0.6844,0.4234,0.2176,0.1962,0.46,0.5952,0.6994,0.3129,0.1664,0.1578,0.36,0.4762,512,1,extracted,0.3913,0.1639,0.2065,0.2969,0.1491,0.179
3,2024,80,1074,149,743,434,0.404,384,0,0.6844,0.4234,0.2176,0.1962,0.46,0.5952,0.6994,0.3129,0.1664,0.1578,0.36,0.4762,512,1,extracted,0.3913,0.1639,0.2065,0.2969,0.1491,0.179
3,2024,81,1074,149,743,434,0.404,384,0,0.6844,0.4234,0.2176,0.1962,0.46,0.5952,0.6994,0.3129,0.1664,0.1578,0.36,0.4762,512,1,extracted,0.3913,0.1639,0.2065,0.2969,0.1491,0.179
3,2024,82,1074,149,743,434,0.404,384,0,0.6844,0.4234,0.2176,0.1962,0.46,0.5952,0.6994,0.3129,0.1664,0.1578,0.36,0.4762,512,1,extracted,0.3913,0.1639,0.2065,0.2969,0.1491,0.179
3,2024,83,1074,149,743,434,0.404,384,0,0.6844,0.4234,0.2176,0.1962,0.46,0.5952,0.6994,0.3129,0.1664,0.1578,0.36,0.4762,512,1,extracted,0.3913,0.1639,0.2065,0.2969,0.1491,0.179
3,2024,84,1074,149,814,507,0.472,420,0,0.7419,0.3817,0.2144,0.1893,0.48,0.6667,0.6994,0.3129,0.1664,0.1578,0.36,0.4762,512,1,extracted,0.3538,0.1659,0.2075,0.2969,0.1491,0.179
3,2024,85,1074,149,814,507,0.472,420,0,0.7419,0.3817,0.2144,0.1893,0.48,0.6667,0.6994,0.3129,0.1664,0.1578,0.36,0.4762,512,1,extracted,0.3538,0.1659,0.2075,0.2969,0.1491,0.179
3,2024,86,1074,149,814,507,0.472,420,0,0.7419,0.3817,0.2144,0.1893,0.48,0.6667,0.6994,0.3129,0.1664,0.1578,0.36,0.4762,512,1,extracted,0.3538,0.1659,0.2075,0.2969,0.1491,0.179
3,2024,87,1074,149,814,507,0.472,420,0,0.7419,0.3817,0.2144,0.1893,0.48,0.6667,0.6994,0.3129,0.1664,0.1578,0.36,0.4762,512,1,extracted,0.3538,0.1659,0.2075,0.2969,0.1491,0.179
3,2024,88,1074,149,814,507,0.472,420,0,0.7419,0.3817,0.2144,0.1893,0.48,0.6667,0.6994,0.3129,0.1664,0.1578,0.36,0.4762,512,1,extracted,0.3538,0.1659,0.2075,0.2969,0.1491,0.179
3,2024,89,1074,149,866,486,0.453,445,0,0.7263,0.3817,0.2057,0.1767,0.45,0.6429,0.6994,0.3129,0.1664,0.1578,0.36,0.4762,512,1,extracted,0.3474,0.1415,0.169,0.2969,0.1491,0.179
3,2024,90,1074,149,866,486,0.453,445,0,0.7263,0.3817,0.2057,0.1767,0.45,0.6429,0.6994,0.3129,0.1664,0.1578,0.36,0.4762,512,1,extracted,0.3474,0.1415,0.169,0.2969,0.1491,0.179
3,2024,91,1074,149,866,486,0.453,445,0,0.7263,0.3817,0.2057,0.1767,0.45,0.6429,0.6994,0.3129,0.1664,0.1578,0.36,0.4762,512,1,extracted,0.3474,0.1415,0.169,0.2969,0.1491,0.179
3,2024,92,1074,149,866,486,0.453,445,0,0.7263,0.3817,0.2057,0.1767,0.45,0.6429,0.6994,0.3129,0.1664,0.1578,0.36,0.4762,512,1,extracted,0.3474,0.1415,0.169,0.2969,0.1491,0.179
3,2024,93,1074,149,974,576,0.536,497,0,0.7119,0.3102,0.1639,0.1579,0.4,0.5952,0.6994,0.3129,0.1664,0.1578,0.36,0.4762,512,1,extracted,0.3241,0.1395,0.1898,0.2969,0.1491,0.179
3,2024,94,1074,149,974,576,0.536,497,0,0.7119,0.3102,0.1639,0.1579,0.4,0.5952,0.6994,0.3129,0.1664,0.1578,0.36,0.4762,512,1,extracted,0.3241,0.1395,0.1898,0.2969,0.1491,0.179
3,2024,95,1074,149,974,576,0.536,497,0,0.7119,0.3102,0.1639,0.1579,0.4,0.5952,0.6994,0.3129,0.1664,0.1578,0.36,0.4762,512,1,extracted,0.3241,0.1395,0.1898,0.2969,0.1491,0.179
3,2024,96,1074,149,974,576,0.536,497,0,0.7119,0.3102,0.1639,0.1579,0.4,0.5952,0.6994,0.3129,0.1664,0.1578,0.36,0.4762,512,1,extracted,0.3241,0.1395,0.1898,0.2969,0.1491,0.179
3,2024,97,1074,149,974,576,0.536,497,0,0.7119,0.3102,0.1639,0.1579,0.4,0.5952,0.6994,0.3129,0.1664,0.1578,0.36,0.4762,512,1,extracted,0.3241,0.1395,0.1898,0.2969,0.1491,0.179
3,2024,98,1074,149,1064,583,0.543,512,1,0.7249,0.3447,0.1948,0.1532,0.46,0.6429,0.6994,0.3129,0.1664,0.1578,0.36,0.4762,512,1,extracted,0.3283,0.1649,0.1771,0.2969,0.1491,0.179
3,2024,99,1074,149,1064,583,0.543,512,1,0.7249,0.3447,0.1948,0.1532,0.46,0.6429,0.6994,0.3129,0.1664,0.1578,0.36,0.4762,512,1,extracted,0.3283,0.1649,0.1771,0.2969,0.1491,0.179
3,2024,100,1074,149,1064,583,0.543,512,1,0.7249,0.3447,0.1948,0.1532,0.46,0.6429,0.6994,0.3129,0.1664,0.1578,0.36,0.4762,512,1,extracted,0.3283,0.1649,0.1771,0.2969,0.1491,0.179
4,2024,1,708,116,15,17,0.024,11,0,0.5853,0.0602,0.0,0.0451,0.0,0.0,0.6809,0.2992,0.1445,0.1515,0.35,0.3714,343,0,extracted,0.05,0.0,0.05,0.2462,0.0604,0.1381
4,2024,2,708,116,15,17,0.024,11,0,0.5853,0.0602,0.0,0.0451,0.0,0.0,0.6809,0.2992,0.1445,0.1515,0.35,0.3714,343,0,extracted,0.05,0.0,0.05,0.2462,0.0604,0.1381
4,2024,3,708,116,15,17,0.024,11,0,0.5853,0.0602,0.0,0.0451,0.0,0.0,0.6809,0.2992,0.1445,0.1515,0.35,0.3714,343,0,extracted,0.05,0.0,0.05,0.2462,0.0604,0.1381
4,2024,4,708,116,15,17,0.024,11,0,0.5853,0.0602,0.0,0.0451,0.0,0.0,0.6809,0.2992,0.1445,0.1515,0.35,0.3714,343,0,extracted,0.05,0.0,0.05,0.2462,0.0604,0.1381
4,2024,5,708,116,15,17,0.024,11,0,0.5853,0.0602,0.0,0.0451,0.0,0.0,0.6809,0.2992,0.1445,0.1515,0.35,0.3714,343,0,extracted,0.05,0.0,0.05,0.2462,0.0604,0.1381
4,2024,6,708,116,15,17,0.024,11,0,0.5853,0.0602,0.0,0.0451,0.0,0.0,0.6809,0.2992,0.1445,0.1515,0.35,0.3714,343,0,extracted,0.05,0.0,0.05,0.2462,0.0604,0.1381
4,2024,7,708,116,15,17,0.024,11,0,0.5853,0.0602,0.0,0.0451,0.0,0.0,0.6809,0.2992,0.1445,0.1515,0.35,0.3714,343,0,extracted,0.05,0.0,0.05,0.2462,0.0604,0.1381
4,2024,8,708,116,15,17,0.024,11,0,0.5853,0.0602,0.0,0.0451,0.0,0.0,0.6809,0.2992,0.1445,0.1515,0.35,0.3714,343,0,extracted,0.05,0.0,0.05,0.2462,0.0604,0.1381
4,2024,9,708,116,15,17,0.024,11,0,0.5853,0.0602,0.0,0.0451,0.0,0.0,0.6809,0.2992,0.1445,0.1515,0.35,0.3714,343,0,extracted,0.05,0.0,0.05,0.2462,0.0604,0.1381
4,2024,10,708,116,15,17,0.024,11,0,0.5853,0.0602,0.0,0.0451,0.0,0.0,0.6809,0.2992,0.1445,0.1515,0.35,0.3714,343,0,extracted,0.05,0.0,0.05,0.2462,0.0604,0.1381
4,2024,11,708,116,70,42,0.059,45,0,0.6323,0.2675,0.0645,0.1401,0.04,0.1143,0.6809,0.2992,0.1445,0.1515,0.35,0.3714,343,0,extracted,0.3,0.0204,0.18,0.2462,0.0604,0.1381
4,2024,12,708,116,70,42,0.059,45,0,0.6323,0.2675,0.0645,0.1401,0.04,0.1143,0.6809,0.2992,0.1445,0.1515,0.35,0.3714,343,0,extracted,0.3,0.0204,0.18,0.2462,0.0604,0.1381
4,2024,13,708,116,70,42,0.059,45,0,0.6323,0.2675,0.0645,0.1401,0.04,0.1143,0.6809,0.2992,0.1445,0.1515,0.35,0.3714,343,0,extracted,0.3,0.0204,0.18,0.2462,0.0604,0.1381
4,2024,14,708,116,70,42,0.059,45,0,0.6323,0.2675,0.0645,0.1401,0.04,0.1143,0.6809,0.2992,0.1445,0.1515,0.35,0.3714,343,0,extracted,0.3,0.0204,0.18,0.2462,0.0604,0.1381
4,2024,15,708,116,70,42,0.059,45,0,0.6323,0.2675,0.0645,0.1401,0.04,0.1143,0.6809,0.2992,0.1445,0.1515,0.35,0.3714,343,0,extracted,0.3,0.0204,0.18,0.2462,0.0604,0.1381
4,2024,16,708,116,70,42,0.059,45,0,0.6323,0.2675,0.0645,0.1401,0.04,0.1143,0.6809,0.2992,0.1445,0.1515,0.35,0.3714,343,0,extracted,0.3,0.0204,0.18,0.2462,0.0604,0.1381
4,2024,17,708,116,70,42,0.059,45,0,0.6323,0.2675,0.0645,0.1401,0.04,0.1143,0.6809,0.2992,0.1445,0.1515,0.35,0.3714,343,0,extracted,0.3,0.0204,0.18,0.2462,0.0604,0.1381
4,2024,18,708,116,116,62,0.088,66,0,0.6327,0.2938,0.0571,0.1469,0.04,0.1143,0.6809,0.2992,0.1445,0.1515,0.35,0.3714,343,0,extracted,0.3009,0.018,0.177,0.2462,0.0604,0.1381
4,2024,19,708,116,116,62,0.088,66,0,0.6327,0.2938,0.0571,0.1469,0.04,0.1143,0.6809,0.2992,0.1445,0.1515,0.35,0.3714,343,0,extracted,0.3009,0.018,0.177,0.2462,0.0604,0.1381
4,2024,20,708,116,116,62,0.088,66,0,0.6327,0.2938,0.0571,0.1469,0.04,0.1143,0.6809,0.2992,0.1445,0.1515,0.35,0.3714,343,0,extracted,0.3009,0.018,0.177,0.2462,0.0604,0.1381
4,2024,21,708,116,116,62,0.088,66,0,0.6327,0.2938,0.0571,0.1469,0.04,0.1143,0.6809,0.2992,0.1445,0.1515,0.35,0.3714,343,0,extracted,0.3009,0.018,0.177,0.2462,0.0604,0.1381
4,2024,22,708,116,116,62,0.088,66,0,0.6327,0.2938,0.0571,0.1469,0.04,0.1143,0.6809,0.2992,0.1445,0.1515,0.35,0.3714,343,0,extracted,0.3009,0.018,0.177,0.2462,0.0604,0.1381
4,2024,23,708,116,116,62,0.088,66,0,0.6327,0.2938,0.0571,0.1469,0.04,0.1143,0.6809,0.2992,0.1445,0.1515,0.35,0.3714,343,0,extracted,0.3009,0.018,0.177,0.2462,0.0604,0.1381
4,2024,24,708,116,116,62,0.088,66,0,0.6327,0.2938,0.0571,0.1469,0.04,0.1143,0.6809,0.2992,0.1445,0.1515,0.35,0.3714,343,0,extracted,0.3009,0.018,0.177,0.2462,0.0604,0.1381
4,2024,25,708,116,167,94,0.133,97,0,0.6676,0.3349,0.1063,0.1627,0.08,0.2,0.6809,0.2992,0.1445,0.1515,0.35,0.3714,343,0,extracted,0.3676,0.0597,0.2059,0.2462,0.0604,0.1381
4,2024,26,708,116,167,94,0.133,97,0,0.6676,0.3349,0.1063,0.1627,0.08,0.2,0.6809,0.2992,0.1445,0.1515,0.35,0.3714,343,0,extracted,0.3676,0.0597,0.2059,0.2462,0.0604,0.1381
4,2024,27,708,116,167,94,0.133,97,0,0.6676,0.3349,0.1063,0.1627,0.08,0.2,0.6809,0.2992,0.1445,0.1515,0.35,0.3714,343,0,extracted,0.3676,0.0597,0.2059,0.2462,0.0604,0.1381
4,2024,28,708,116,167,94,0.133,97,0,0.6676,0.3349,0.1063,0.1627,0.08,0.2,0.6809,0.2992,0.1445,0.1515,0.35,0.3714,343,0,extracted,0.3676,0.0597,0.2059,0.2462,0.0604,0.1381
4,2024,29,708,116,167,94,0.133,97,0,0.6676,0.3349,0.1063,0.1627,0.08,0.2,0.6809,0.2992,0.1445,0.1515,0.35,0.3714,343,0,extracted,0.3676,0.0597,0.2059,0.2462,0.0604,0.1381
4,2024,30,708,116,167,94,0.133,97,0,0.6676,0.3349,0.1063,0.1627,0.08,0.2,0.6809,0.2992,0.1445,0.1515,0.35,0.3714,343,0,extracted,0.3676,0.0597,0.2059,0.2462,0.0604,0.1381
4,2024,31,708,116,167,94,0.133,97,0,0.6676,0.3349,0.1063,0.1627,0.08,0.2,0.6809,0.2992,0.1445,0.1515,0.35,0.3714,343,0,extracted,0.3676,0.0597,0.2059,0.2462,0.0604,0.1381
4,2024,32,708,116,167,94,0.133,97,0,0.6676,0.3349,0.1063,0.1627,0.08,0.2,0.6809,0.2992,0.1445,0.1515,0.35,0.3714,343,0,extracted,0.3676,0.0597,0.2059,0.2462,0.0604,0.1381
4,2024,33,708,116,204,120,0.169,107,0,0.6888,0.2435,0.0702,0.1478,0.06,0.1714,0.6809,0.2992,0.1445,0.1515,0.35,0.3714,343,0,extracted,0.2462,0.0469,0.1846,0.2462,0.0604,0.1381
4,2024,34,708,116,204,120,0.169,107,0,0.6888,0.2435,0.0702,0.1478,0.06,0.1714,0.6809,0.2992,0.1445,0.1515,0.35,0.3714,343,0,extracted,0.2462,0.0469,0.1846,0.2462,0.0604,0.1381
4,2024,35,708,116,204,120,0.169,107,0,0.6888,0.2435,0.0702,0.1478,0.06,0.1714,0.6809,0.2992,0.1445,0.1515,0.35,0.3714,343,0,extracted,0.2462,0.0469,0.1846,0.2462,0.0604,0.1381
4,2024,36,708,116,204,120,0.169,107,0,0.6888,0.2435,0.0702,0.1478,0.06,0.1714,0.6809,0.2992,0.1445,0.1515,0.35,0.3714,343,0,extracted,0.2462,0.0469,0.1846,0.2462,0.0604,0.1381
4,2024,37,708,116,204,120,0.169,107,0,0.6888,0.2435,0.0702,0.1478,0.06,0.1714,0.6809,0.2992,0.1445,0.1515,0.35,0.3714,343,0,extracted,0.2462,0.0469,0.1846,0.2462,0.0604,0.1381
4,2024,38,708,116,204,120,0.169,107,0,0.6888,0.2435,0.0702,0.1478,0.06,0.1714,0.6809,0.2992,0.1445,0.1515,0.35,0.3714,343,0,extracted,0.2462,0.0469,0.1846,0.2462,0.0604,0.1381
4,2024,39,708,116,204,120,0.169,107,0,0.6888,0.2435,0.0702,0.1478,0.06,0.1714,0.6809,0.2992,0.1445,0.1515,0.35,0.3714,343,0,extracted,0.2462,0.0469,0.1846,0.2462,0.0604,0.1381
4,2024,40,708,116,236,150,0.212,124,0,0.6871,0.3154,0.1085,0.1692,0.11,0.1714,0.6809,0.2992,0.1445,0.1515,0.35,0.3714,343,0,extracted,0.28,0.0676,0.1733,0.2462,0.0604,0.1381
4,2024,41,708,116,236,150,0.212,124,0,0.6871,0.3154,0.1085,0.1692,0.11,0.1714,0.6809,0.2992,0.1445,0.1515,0.35,0.3714,343,0,extracted,0.28,0.0676,0.1733,0.2462,0.0604,0.1381
4,2024,42,708,116,236,150,0.212,124,0,0.6871,0.3154,0.1085,0.1692,0.11,0.1714,0.6809,0.2992,0.1445,0.1515,0.35,0.3714,343,0,extracted,0.28,0.0676,0.1733,0.2462,0.0604,0.1381
4,2024,43,708,116,236,150,0.212,124,0,0.6871,0.3154,0.1085,0.1692,0.11,0.1714,0.6809,0.2992,0.1445,0.1515,0.35,0.3714,343,0,extracted,0.28,0.0676,0.1733,0.2462,0.0604,0.1381
4,2024,44,708,116,236,150,0.212,124,0,0.6871,0.3154,0.1085,0.1692,0.11,0.1714,0.6809,0.2992,0.1445,0.1515,0.35,0.3714,343,0,extracted,0.28,0.0676,0.1733,0.2462,0.0604,0.1381
4,2024,45,708,116,236,150,0.212,124,0,0.6871,0.3154,0.1085,0.1692,0.11,0.1714,0.6809,0.2992,0.1445,0.1515,0.35,0.3714,343,0,extracted,0.28,0.0676,0.1733,0.2462,0.0604,0.1381
4,2024,46,708,116,236,150,0.212,124,0,0.6871,0.3154,0.1085,0.1692,0.11,0.1714,0.6809,0.2992,0.1445,0.1515,0.35,0.3714,343,0,extracted,0.28,0.0676,0.1733,0.2462,0.0604,0.1381
4,2024,47,708,116,280,155,0.219,143,0,0.6857,0.3409,0.1298,0.1742,0.13,0.2,0.6809,0.2992,0.1445,0.1515,0.35,0.3714,343,0,extracted,0.3396,0.0764,0.1761,0.2462,0.0604,0.1381
4,2024,48,708,116,280,155,0.219,143,0,0.6857,0.3409,0.1298,0.1742,0.13,0.2,0.6809,0.2992,0.1445,0.1515,0.35,0.3714,343,0,extracted,0.3396,0.0764,0.1761,0.2462,0.0604,0.1381
4,2024,49,708,116,280,155,0.219,143,0,0.6857,0.3409,0.1298,0.1742,0.13,0.2,0.6809,0.2992,0.1445,0.1515,0.35,0.3714,343,0,extracted,0.3396,0.0764,0.1761,0.2462,0.0604,0.1381
4,2024,50,708,116,280,155,0.219,143,0,0.6857,0.3409,0.1298,0.1742,0.13,0.2,0.6809,0.2992,0.1445,0.1515,0.35,0.3714,343,0,extracted,0.3396,0.0764,0.1761,0.2462,0.0604,0.1381
4,2024,51,708,116,280,155,0.219,143,0,0.6857,0.3409,0.1298,0.1742,0.13,0.2,0.6809,0.2992,0.1445,0.1515,0.35,0.3714,343,0,extracted,0.3396,0.0764,0.1761,0.2462,0.0604,0.1381
4,2024,52,708,116,280,155,0.219,143,0,0.6857,0.3409,0.1298,0.1742,0.13,0.2,0.6809,0.2992,0.1445,0.1515,0.35,0.3714,343,0,extracted,0.3396,0.0764,0.1761,0.2462,0.0604,0.1381
4,2024,53,708,116,280,155,0.219,143,0,0.6857,0.3409,0.1298,0.1742,0.13,0.2,0.6809,0.2992,0.1445,0.1515,0.35,0.3714,343,0,extracted,0.3396,0.0764,0.1761,0.2462,0.0604,0.1381
4,2024,54,708,116,335,187,0.264,168,0,0.6687,0.3576,0.12,0.1589,0.14,0.2286,0.6809,0.2992,0.1445,0.1515,0.35,0.3714,343,0,extracted,0.3005,0.0628,0.1658,0.2462,0.0604,0.1381
4,2024,55,708,116,335,187,0.264,168,0,0.6687,0.3576,0.12,0.1589,0.14,0.2286,0.6809,0.2992,0.1445,0.1515,0.35,0.3714,343,0,extracted,0.3005,0.0628,0.1658,0.2462,0.0604,0.1381
4,2024,56,708,116,335,187,0.264,168,0,0.6687,0.3576,0.12,0.1589,0.14,0.2286,0.6809,0.2992,0.1445,0.1515,0.35,0.3714,343,0,extracted,0.3005,0.0628,0.1658,0.2462,0.0604,0.1381
4,2024,57,708,116,335,187,0.264,168,0,0.6687,0.3576,0.12,0.1589,0.14,0.2286,0.6809,0.2992,0.1445,0.1515,0.35,0.3714,343,0,extracted,0.3005,0.0628,0.1658,0.2462,0.0604,0.1381
4,2024,58,708,116,335,187,0.264,168,0,0.6687,0.3576,0.12,0.1589,0.14,0.2286,0.6809,0.2992,0.1445,0.1515,0.35,0.3714,343,0,extracted,0.3005,0.0628,0.1658,0.2462,0.0604,0.1381
4,2024,59,708,116,335,187,0.264,168,0,0.6687,0.3576,0.12,0.1589,0.14,0.2286,0.6809,0.2992,0.1445,0.1515,0.35,0.3714,343,0,extracted,0.3005,0.0628,0.1658,0.2462,0.0604,0.1381
4,2024,60,708,116,335,187,0.264,168,0,0.6687,0.3576,0.12,0.1589,0.14,0.2286,0.6809,0.2992,0.1445,0.1515,0.35,0.3714,343,0,extracted,0.3005,0.0628,0.1658,0.2462,0.0604,0.1381
4,2024,61,708,116,390,222,0.314,200,0,0.6607,0.368,0.1313,0.1721,0.19,0.2286,0.6809,0.2992,0.1445,0.1515,0.35,0.3714,343,0,extracted,0.3019,0.0857,0.1698,0.2462,0.0604,0.1381
4,2024,62,708,116,390,222,0.314,200,0,0.6607,0.368,0.1313,0.1721,0.19,0.2286,0.6809,0.2992,0.1445,0.1515,0.35,0.3714,343,0,extracted,0.3019,0.0857,0.1698,0.2462,0.0604,0.1381
4,2024,63,708,116,390,222,0.314,200,0,0.6607,0.368,0.1313,0.1721,0.19,0.2286,0.6809,0.2992,0.1445,0.1515,0.35,0.3714,343,0,extracted,0.3019,0.0857,0.1698,0.2462,0.0604,0.1381
4,2024,64,708,116,390,222,0.314,200,0,0.6607,0.368,0.1313,0.1721,0.19,0.2286,0.6809,0.2992,0.1445,0.1515,0.35,0.3714,343,0,extracted,0.3019,0.0857,0.1698,0.2462,0.0604,0.1381
4,2024,65,708,116,390,222,0.314,200,0,0.6607,0.368,0.1313,0.1721,0.19,0.2286,0.6809,0.2992,0.1445,0.1515,0.35,0.3714,343,0,extracted,0.3019,0.0857,0.1698,0.2462,0.0604,0.1381
4,2024,66,708,116,390,222,0.314,200,0,0.6607,0.368,0.1313,0.1721,0.19,0.2286,0.6809,0.2992,0.1445,0.1515,0.35,0.3714,343,0,extracted,0.3019,0.0857,0.1698,0.2462,0.0604,0.1381
4,2024,67,708,116,390,222,0.314,200,0,0.6607,0.368,0.1313,0.1721,0.19,0.2286,0.6809,0.2992,0.1445,0.1515,0.35,0.3714,343,0,extracted,0.3019,0.0857,0.1698,0.2462,0.0604,0.1381
4,2024,68,708,116,458,275,0.388,231,0,0.6845,0.3125,0.1204,0.1667,0.21,0.2571,0.6809,0.2992,0.1445,0.1515,0.35,0.3714,343,0,extracted,0.3043,0.0702,0.1826,0.2462,0.0604,0.1381
4,2024,69,708,116,458,275,0.388,231,0,0.6845,0.3125,0.1204,0.1667,0.21,0.2571,0.6809,0.2992,0.1445,0.1515,0.35,0.3714,343,0,extracted,0.3043,0.0702,0.1826,0.2462,0.0604,0.1381
4,2024,70,708,116,458,275,0.388,231,0,0.6845,0.3125,0.1204,0.1667,0.21,0.2571,0.6809,0.2992,0.1445,0.1515,0.35,0.3714,343,0,extracted,0.3043,0.0702,0.1826,0.2462,0.0604,0.1381
4,2024,71,708,116,458,275,0.388,231,0,0.6845,0.3125,0.1204,0.1667,0.21,0.2571,0.6809,0.2992,0.1445,0.1515,0.35,0.3714,343,0,extracted,0.3043,0.0702,0.1826,0.2462,0.0604,0.1381
4,2024,72,708,116,458,275,0.388,231,0,0.6845,0.3125,0.1204,0.1667,0.21,0.2571,0.6809,0.2992,0.1445,0.1515,0.35,0.3714,343,0,extracted,0.3043,0.0702,0.1826,0.2462,0.0604,0.1381
4,2024,73,708,116,458,275,0.388,231,0,0.6845,0.3125,0.1204,0.1667,0.21,0.2571,0.6809,0.2992,0.1445,0.1515,0.35,0.3714,343,0,extracted,0.3043,0.0702,0.1826,0.2462,0.0604,0.1381
4,2024,74,708,116,458,275,0.388,231,0,0.6845,0.3125,0.1204,0.1667,0.21,0.2571,0.6809,0.2992,0.1445,0.1515,0.35,0.3714,343,0,extracted,0.3043,0.0702,0.1826,0.2462,0.0604,0.1381
4,2024,75,708,116,458,275,0.388,231,0,0.6845,0.3125,0.1204,0.1667,0.21,0.2571,0.6809,0.2992,0.1445,0.1515,0.35,0.3714,343,0,extracted,0.3043,0.0702,0.1826,0.2462,0.0604,0.1381
4,2024,76,708,116,515,325,0.459,250,0,0.686,0.3494,0.1478,0.2115,0.31,0.3429,0.6809,0.2992,0.1445,0.1515,0.35,0.3714,343,0,extracted,0.2946,0.0781,0.186,0.2462,0.0604,0.1381
4,2024,77,708,116,515,325,0.459,250,0,0.686,0.3494,0.1478,0.2115,0.31,0.3429,0.6809,0.2992,0.1445,0.1515,0.35,0.3714,343,0,extracted,0.2946,0.0781,0.186,0.2462,0.0604,0.1381
4,2024,78,708,116,515,325,0.459,250,0,0.686,0.3494,0.1478,0.2115,0.31,0.3429,0.6809,0.2992,0.1445,0.1515,0.35,0.3714,343,0,extracted,0.2946,0.0781,0.186,0.2462,0.0604,0.1381
4,2024,79,708,116,515,325,0.459,250,0,0.686,0.3494,0.1478,0.2115,0.31,0.3429,0.6809,0.2992,0.1445,0.1515,0.35,0.3714,343,0,extracted,0.2946,0.0781,0.186,0.2462,0.0604,0.1381
4,2024,80,708,116,515,325,0.459,250,0,0.686,0.3494,0.1478,0.2115,0.31,0.3429,0.6809,0.2992,0.1445,0.1515,0.35,0.3714,343,0,extracted,0.2946,0.0781,0.186,0.2462,0.0604,0.1381
4,2024,81,708,116,515,325,0.459,250,0,0.686,0.3494,0.1478,0.2115,0.31,0.3429,0.6809,0.2992,0.1445,0.1515,0.35,0.3714,343,0,extracted,0.2946,0.0781,0.186,0.2462,0.0604,0.1381
4,2024,82,708,116,515,325,0.459,250,0,0.686,0.3494,0.1478,0.2115,0.31,0.3429,0.6809,0.2992,0.1445,0.1515,0.35,0.3714,343,0,extracted,0.2946,0.0781,0.186,0.2462,0.0604,0.1381
4,2024,83,708,116,583,358,0.506,284,0,0.6782,0.3425,0.1614,0.1903,0.36,0.3714,0.6809,0.2992,0.1445,0.1515,0.35,0.3714,343,0,extracted,0.2838,0.0816,0.1757,0.2462,0.0604,0.1381
4,2024,84,708,116,583,358,0.506,284,0,0.6782,0.3425,0.1614,0.1903,0.36,0.3714,0.6809,0.2992,0.1445,0.1515,0.35,0.3714,343,0,extracted,0.2838,0.0816,0.1757,0.2462,0.0604,0.1381
4,2024,85,708,116,583,358,0.506,284,0,0.6782,0.3425,0.1614,0.1903,0.36,0.3714,0.6809,0.2992,0.1445,0.1515,0.35,0.3714,343,0,extracted,0.2838,0.0816,0.1757,0.2462,0.0604,0.1381
4,2024,86,708,116,583,358,0.506,284,0,0.6782,0.3425,0.1614,0.1903,0.36,0.3714,0.6809,0.2992,0.1445,0.1515,0.35,0.3714,343,0,extracted,0.2838,0.0816,0.1757,0.2462,0.0604,0.1381
4,2024,87,708,116,583,358,0.506,284,0,0.6782,0.3425,0.1614,0.1903,0.36,0.3714,0.6809,0.2992,0.1445,0.1515,0.35,0.3714,343,0,extracted,0.2838,0.0816,0.1757,0.2462,0.0604,0.1381
4,2024,88,708,116,583,358,0.506,284,0,0.6782,0.3425,0.1614,0.1903,0.36,0.3714,0.6809,0.2992,0.1445,0.1515,0.35,0.3714,343,0,extracted,0.2838,0.0816,0.1757,0.2462,0.0604,0.1381
4,2024,89,708,116,583,358,0.506,284,0,0.6782,0.3425,0.1614,0.1903,0.36,0.3714,0.6809,0.2992,0.1445,0.1515,0.35,0.3714,343,0,extracted,0.2838,0.0816,0.1757,0.2462,0.0604,0.1381
4,2024,90,708,116,648,400,0.565,312,0,0.6688,0.2992,0.1265,0.1614,0.31,0.3429,0.6809,0.2992,0.1445,0.1515,0.35,0.3714,343,0,extracted,0.2649,0.0533,0.1457,0.2462,0.0604,0.1381
4,2024,91,708,116,648,400,0.565,312,0,0.6688,0.2992,0.1265,0.1614,0.31,0.3429,0.6809,0.2992,0.1445,0.1515,0.35,0.3714,343,0,extracted,0.2649,0.0533,0.1457,0.2462,0.0604,0.1381
4,2024,92,708,116,648,400,0.565,312,0,0.6688,0.2992,0.1265,0.1614,0.31,0.3429,0.6809,0.2992,0.1445,0.1515,0.35,0.3714,343,0,extracted,0.2649,0.0533,0.1457,0.2462,0.0604,0.1381
4,2024,93,708,116,648,400,0.565,312,0,0.6688,0.2992,0.1265,0.1614,0.31,0.3429,0.6809,0.2992,0.1445,0.1515,0.35,0.3714,343,0,extracted,0.2649,0.0533,0.1457,0.2462,0.0604,0.1381
4,2024,94,708,116,648,400,0.565,312,0,0.6688,0.2992,0.1265,0.1614,0.31,0.3429,0.6809,0.2992,0.1445,0.1515,0.35,0.3714,343,0,extracted,0.2649,0.0533,0.1457,0.2462,0.0604,0.1381
4,2024,95,708,116,648,400,0.565,312,0,0.6688,0.2992,0.1265,0.1614,0.31,0.3429,0.6809,0.2992,0.1445,0.1515,0.35,0.3714,343,0,extracted,0.2649,0.0533,0.1457,0.2462,0.0604,0.1381
4,2024,96,708,116,648,400,0.565,312,0,0.6688,0.2992,0.1265,0.1614,0.31,0.3429,0.6809,0.2992,0.1445,0.1515,0.35,0.3714,343,0,extracted,0.2649,0.0533,0.1457,0.2462,0.0604,0.1381
4,2024,97,708,116,699,434,0.613,337,0,0.6771,0.2868,0.1255,0.1654,0.33,0.3143,0.6809,0.2992,0.1445,0.1515,0.35,0.3714,343,0,extracted,0.2385,0.0554,0.1468,0.2462,0.0604,0.1381
4,2024,98,708,116,699,434,0.613,337,0,0.6771,0.2868,0.1255,0.1654,0.33,0.3143,0.6809,0.2992,0.1445,0.1515,0.35,0.3714,343,0,extracted,0.2385,0.0554,0.1468,0.2462,0.0604,0.1381
4,2024,99,708,116,699,434,0.613,337,0,0.6771,0.2868,0.1255,0.1654,0.33,0.3143,0.6809,0.2992,0.1445,0.1515,0.35,0.3714,343,0,extracted,0.2385,0.0554,0.1468,0.2462,0.0604,0.1381
4,2024,100,708,116,699,434,0.613,337,0,0.6771,0.2868,0.1255,0.1654,0.33,0.3143,0.6809,0.2992,0.1445,0.1515,0.35,0.3714,343,0,extracted,0.2385,0.0554,0.1468,0.2462,0.0604,0.1381
5,2024,1,670,68,19,21,0.031,11,0,0.6582,0.2697,0.046,0.1348,0.0303,0.0526,0.7068,0.2489,0.1318,0.1312,0.4394,0.6842,326,0,extracted,0.2308,0.0,0.1538,0.2375,0.0927,0.1533
5,2024,2,670,68,19,21,0.031,11,0,0.6582,0.2697,0.046,0.1348,0.0303,0.0526,0.7068,0.2489,0.1318,0.1312,0.4394,0.6842,326,0,extracted,0.2308,0.0,0.1538,0.2375,0.0927,0.1533
5,2024,3,670,68,19,21,0.031,11,0,0.6582,0.2697,0.046,0.1348,0.0303,0.0526,0.7068,0.2489,0.1318,0.1312,0.4394,0.6842,326,0,extracted,0.2308,0.0,0.1538,0.2375,0.0927,0.1533
5,2024,4,670,68,19,21,0.031,11,0,0.6582,0.2697,0.046,0.1348,0.0303,0.0526,0.7068,0.2489,0.1318,0.1312,0.4394,0.6842,326,0,extracted,0.2308,0.0,0.1538,0.2375,0.0927,0.1533
5,2024,5,670,68,19,21,0.031,11,0,0.6582,0.2697,0.046,0.1348,0.0303,0.0526,0.7068,0.2489,0.1318,0.1312,0.4394,0.6842,326,0,extracted,0.2308,0.0,0.1538,0.2375,0.0927,0.1533
5,2024,6,670,68,19,21,0.031,11,0,0.6582,0.2697,0.046,0.1348,0.0303,0.0526,0.7068,0.2489,0.1318,0.1312,0.4394,0.6842,326,0,extracted,0.2308,0.0,0.1538,0.2375,0.0927,0.1533
5,2024,7,670,68,19,21,0.031,11,0,0.6582,0.2697,0.046,0.1348,0.0303,0.0526,0.7068,0.2489,0.1318,0.1312,0.4394,0.6842,326,0,extracted,0.2308,0.0,0.1538,0.2375,0.0927,0.1533
5,2024,8,670,68,19,21,0.031,11,0,0.6582,0.2697,0.046,0.1348,0.0303,0.0526,0.7068,0.2489,0.1318,0.1312,0.4394,0.6842,326,0,extracted,0.2308,0.0,0.1538,0.2375,0.0927,0.1533
5,2024,9,670,68,19,21,0.031,11,0,0.6582,0.2697,0.046,0.1348,0.0303,0.0526,0.7068,0.2489,0.1318,0.1312,0.4394,0.6842,326,0,extracted,0.2308,0.0,0.1538,0.2375,0.0927,0.1533
5,2024,10,670,68,19,21,0.031,11,0,0.6582,0.2697,0.046,0.1348,0.0303,0.0526,0.7068,0.2489,0.1318,0.1312,0.4394,0.6842,326,0,extracted,0.2308,0.0,0.1538,0.2375,0.0927,0.1533
5,2024,11,670,68,46,45,0.067,22,0,0.6832,0.3894,0.1081,0.177,0.0909,0.1579,0.7068,0.2489,0.1318,0.1312,0.4394,0.6842,326,0,extracted,0.3824,0.0606,0.2059,0.2375,0.0927,0.1533
5,2024,12,670,68,46,45,0.067,22,0,0.6832,0.3894,0.1081,0.177,0.0909,0.1579,0.7068,0.2489,0.1318,0.1312,0.4394,0.6842,326,0,extracted,0.3824,0.0606,0.2059,0.2375,0.0927,0.1533
5,2024,13,670,68,46,45,0.067,22,0,0.6832,0.3894,0.1081,0.177,0.0909,0.1579,0.7068,0.2489,0.1318,0.1312,0.4394,0.6842,326,0,extracted,0.3824,0.0606,0.2059,0.2375,0.0927,0.1533
5,2024,14,670,68,46,45,0.067,22,0,0.6832,0.3894,0.1081,0.177,0.0909,0.1579,0.7068,0.2489,0.1318,0.1312,0.4394,0.6842,326,0,extracted,0.3824,0.0606,0.2059,0.2375,0.0927,0.1533
5,2024,15,670,68,46,45,0.067,22,0,0.6832,0.3894,0.1081,0.177,0.0909,0.1579,0.7068,0.2489,0.1318,0.1312,0.4394,0.6842,326,0,extracted,0.3824,0.0606,0.2059,0.2375,0.0927,0.1533
5,2024,16,670,68,46,45,0.067,22,0,0.6832,0.3894,0.1081,0.177,0.0909,0.1579,0.7068,0.2489,0.1318,0.1312,0.4394,0.6842,326,0,extracted,0.3824,0.0606,0.2059,0.2375,0.0927,0.1533
5,2024,17,670,68,46,45,0.067,22,0,0.6832,0.3894,0.1081,0.177,0.0909,0.1579,0.7068,0.2489,0.1318,0.1312,0.4394,0.6842,326,0,extracted,0.3824,0.0606,0.2059,0.2375,0.0927,0.1533
5,2024,18,670,68,63,46,0.069,29,0,0.6799,0.3158,0.0893,0.193,0.0758,0.1579,0.7068,0.2489,0.1318,0.1312,0.4394,0.6842,326,0,extracted,0.3478,0.0896,0.2319,0.2375,0.0927,0.1533
5,2024,19,670,68,63,46,0.069,29,0,0.6799,0.3158,0.0893,0.193,0.0758,0.1579,0.7068,0.2489,0.1318,0.1312,0.4394,0.6842,326,0,extracted,0.3478,0.0896,0.2319,0.2375,0.0927,0.1533
5,2024,20,670,68,63,46,0.069,29,0,0.6799,0.3158,0.0893,0.193,0.0758,0.1579,0.7068,0.2489,0.1318,0.1312,0.4394,0.6842,326,0,extracted,0.3478,0.0896,0.2319,0.2375,0.0927,0.1533
5,2024,21,670,68,63,46,0.069,29,0,0.6799,0.3158,0.0893,0.193,0.0758,0.1579,0.7068,0.2489,0.1318,0.1312,0.4394,0.6842,326,0,extracted,0.3478,0.0896,0.2319,0.2375,0.0927,0.1533
5,2024,22,670,68,63,46,0.069,29,0,0.6799,0.3158,0.0893,0.193,0.0758,0.1579,0.7068,0.2489,0.1318,0.1312,0.4394,0.6842,326,0,extracted,0.3478,0.0896,0.2319,0.2375,0.0927,0.1533
5,2024,23,670,68,63,46,0.069,29,0,0.6799,0.3158,0.0893,0.193,0.0758,0.1579,0.7068,0.2489,0.1318,0.1312,0.4394,0.6842,326,0,extracted,0.3478,0.0896,0.2319,0.2375,0.0927,0.1533
5,2024,24,670,68,63,46,0.069,29,0,0.6799,0.3158,0.0893,0.193,0.0758,0.1579,0.7068,0.2489,0.1318,0.1312,0.4394,0.6842,326,0,extracted,0.3478,0.0896,0.2319,0.2375,0.0927,0.1533
5,2024,25,670,68,88,54,0.081,38,0,0.6577,0.2623,0.0667,0.1639,0.0606,0.1053,0.7068,0.2489,0.1318,0.1312,0.4394,0.6842,326,0,extracted,0.2667,0.0548,0.1867,0.2375,0.0927,0.1533
5,2024,26,670,68,88,54,0.081,38,0,0.6577,0.2623,0.0667,0.1639,0.0606,0.1053,0.7068,0.2489,0.1318,0.1312,0.4394,0.6842,326,0,extracted,0.2667,0.0548,0.1867,0.2375,0.0927,0.1533
5,2024,27,670,68,88,54,0.081,38,0,0.6577,0.2623,0.0667,0.1639,0.0606,0.1053,0.7068,0.2489,0.1318,0.1312,0.4394,0.6842,326,0,extracted,0.2667,0.0548,0.1867,0.2375,0.0927,0.1533
5,2024,28,670,68,88,54,0.081,38,0,0.6577,0.2623,0.0667,0.1639,0.0606,0.1053,0.7068,0.2489,0.1318,0.1312,0.4394,0.6842,326,0,extracted,0.2667,0.0548,0.1867,0.2375,0.0927,0.1533
5,2024,29,670,68,88,54,0.081,38,0,0.6577,0.2623,0.0667,0.1639,0.0606,0.1053,0.7068,0.2489,0.1318,0.1312,0.4394,0.6842,326,0,extracted,0.2667,0.0548,0.1867,0.2375,0.0927,0.1533
5,2024,30,670,68,88,54,0.081,38,0,0.6577,0.2623,0.0667,0.1639,0.0606,0.1053,0.7068,0.2489,0.1318,0.1312,0.4394,0.6842,326,0,extracted,0.2667,0.0548,0.1867,0.2375,0.0927,0.1533
5,2024,31,670,68,88,54,0.081,38,0,0.6577,0.2623,0.0667,0.1639,0.0606,0.1053,0.7068,0.2489,0.1318,0.1312,0.4394,0.6842,326,0,extracted,0.2667,0.0548,0.1867,0.2375,0.0927,0.1533
5,2024,32,670,68,88,54,0.081,38,0,0.6577,0.2623,0.0667,0.1639,0.0606,0.1053,0.7068,0.2489,0.1318,0.1312,0.4394,0.6842,326,0,extracted,0.2667,0.0548,0.1867,0.2375,0.0927,0.1533
5,2024,33,670,68,112,72,0.107,50,0,0.6688,0.3143,0.087,0.1571,0.0909,0.2105,0.7068,0.2489,0.1318,0.1312,0.4394,0.6842,326,0,extracted,0.3218,0.0706,0.1839,0.2375,0.0927,0.1533
5,2024,34,670,68,112,72,0.107,50,0,0.6688,0.3143,0.087,0.1571,0.0909,0.2105,0.7068,0.2489,0.1318,0.1312,0.4394,0.6842,326,0,extracted,0.3218,0.0706,0.1839,0.2375,0.0927,0.1533
5,2024,35,670,68,112,72,0.107,50,0,0.6688,0.3143,0.087,0.1571,0.0909,0.2105,0.7068,0.2489,0.1318,0.1312,0.4394,0.6842,326,0,extracted,0.3218,0.0706,0.1839,0.2375,0.0927,0.1533
5,2024,36,670,68,112,72,0.107,50,0,0.6688,0.3143,0.087,0.1571,0.0909,0.2105,0.7068,0.2489,0.1318,0.1312,0.4394,0.6842,326,0,extracted,0.3218,0.0706,0.1839,0.2375,0.0927,0.1533
5,2024,37,670,68,112,72,0.107,50,0,0.6688,0.3143,0.087,0.1571,0.0909,0.2105,0.7068,0.2489,0.1318,0.1312,0.4394,0.6842,326,0,extracted,0.3218,0.0706,0.1839,0.2375,0.0927,0.1533
5,2024,38,670,68,112,72,0.107,50,0,0.6688,0.3143,0.087,0.1571,0.0909,0.2105,0.7068,0.2489,0.1318,0.1312,0.4394,0.6842,326,0,extracted,0.3218,0.0706,0.1839,0.2375,0.0927,0.1533
5,2024,39,670,68,112,72,0.107,50,0,0.6688,0.3143,0.087,0.1571,0.0909,0.2105,0.7068,0.2489,0.1318,0.1312,0.4394,0.6842,326,0,extracted,0.3218,0.0706,0.1839,0.2375,0.0927,0.1533
5,2024,40,670,68,144,87,0.13,66,0,0.6864,0.3484,0.1176,0.1935,0.1364,0.2632,0.7068,0.2489,0.1318,0.1312,0.4394,0.6842,326,0,extracted,0.36,0.102,0.2,0.2375,0.0927,0.1533
5,2024,41,670,68,144,87,0.13,66,0,0.6864,0.3484,0.1176,0.1935,0.1364,0.2632,0.7068,0.2489,0.1318,0.1312,0.4394,0.6842,326,0,extracted,0.36,0.102,0.2,0.2375,0.0927,0.1533
5,2024,42,670,68,144,87,0.13,66,0,0.6864,0.3484,0.1176,0.1935,0.1364,0.2632,0.7068,0.2489,0.1318,0.1312,0.4394,0.6842,326,0,extracted,0.36,0.102,0.2,0.2375,0.0927,0.1533
5,2024,43,670,68,144,87,0.13,66,0,0.6864,0.3484,0.1176,0.1935,0.1364,0.2632,0.7068,0.2489,0.1318,0.1312,0.4394,0.6842,326,0,extracted,0.36,0.102,0.2,0.2375,0.0927,0.1533
5,2024,44,670,68,144,87,0.13,66,0,0.6864,0.3484,0.1176,0.1935,0.1364,0.2632,0.7068,0.2489,0.1318,0.1312,0.4394,0.6842,326,0,extracted,0.36,0.102,0.2,0.2375,0.0927,0.1533
5,2024,45,670,68,144,87,0.13,66,0,0.6864,0.3484,0.1176,0.1935,0.1364,0.2632,0.7068,0.2489,0.1318,0.1312,0.4394,0.6842,326,0,extracted,0.36,0.102,0.2,0.2375,0.0927,0.1533
5,2024,46,670,68,144,87,0.13,66,0,0.6864,0.3484,0.1176,0.1935,0.1364,0.2632,0.7068,0.2489,0.1318,0.1312,0.4394,0.6842,326,0,extracted,0.36,0.102,0.2,0.2375,0.0927,0.1533
5,2024,47,670,68,201,124,0.185,95,0,0.6946,0.3474,0.1489,0.2,0.2121,0.4211,0.7068,0.2489,0.1318,0.1312,0.4394,0.6842,326,0,extracted,0.359,0.1043,0.2222,0.2375,0.0927,0.1533
5,2024,48,670,68,201,124,0.185,95,0,0.6946,0.3474,0.1489,0.2,0.2121,0.4211,0.7068,0.2489,0.1318,0.1312,0.4394,0.6842,326,0,extracted,0.359,0.1043,0.2222,0.2375,0.0927,0.1533
5,2024,49,670,68,201,124,0.185,95,0,0.6946,0.3474,0.1489,0.2,0.2121,0.4211,0.7068,0.2489,0.1318,0.1312,0.4394,0.6842,326,0,extracted,0.359,0.1043,0.2222,0.2375,0.0927,0.1533
5,2024,50,670,68,201,124,0.185,95,0,0.6946,0.3474,0.1489,0.2,0.2121,0.4211,0.7068,0.2489,0.1318,0.1312,0.4394,0.6842,326,0,extracted,0.359,0.1043,0.2222,0.2375,0.0927,0.1533
5,2024,51,670,68,201,124,0.185,95,0,0.6946,0.3474,0.1489,0.2,0.2121,0.4211,0.7068,0.2489,0.1318,0.1312,0.4394,0.6842,326,0,extracted,0.359,0.1043,0.2222,0.2375,0.0927,0.1533
5,2024,52,670,68,201,124,0.185,95,0,0.6946,0.3474,0.1489,0.2,0.2121,0.4211,0.7068,0.2489,0.1318,0.1312,0.4394,0.6842,326,0,extracted,0.359,0.1043,0.2222,0.2375,0.0927,0.1533
5,2024,53,670,68,201,124,0.185,95,0,0.6946,0.3474,0.1489,0.2,0.2121,0.4211,0.7068,0.2489,0.1318,0.1312,0.4394,0.6842,326,0,extracted,0.359,0.1043,0.2222,0.2375,0.0927,0.1533
5,2024,54,670,68,239,148,0.221,112,0,0.6739,0.2571,0.0769,0.1048,0.1212,0.2632,0.7068,0.2489,0.1318,0.1312,0.4394,0.6842,326,0,extracted,0.2764,0.0661,0.1138,0.2375,0.0927,0.1533
5,2024,55,670,68,239,148,0.221,112,0,0.6739,0.2571,0.0769,0.1048,0.1212,0.2632,0.7068,0.2489,0.1318,0.1312,0.4394,0.6842,326,0,extracted,0.2764,0.0661,0.1138,0.2375,0.0927,0.1533
5,2024,56,670,68,239,148,0.221,112,0,0.6739,0.2571,0.0769,0.1048,0.1212,0.2632,0.7068,0.2489,0.1318,0.1312,0.4394,0.6842,326,0,extracted,0.2764,0.0661,0.1138,0.2375,0.0927,0.1533
5,2024,57,670,68,239,148,0.221,112,0,0.6739,0.2571,0.0769,0.1048,0.1212,0.2632,0.7068,0.2489,0.1318,0.1312,0.4394,0.6842,326,0,extracted,0.2764,0.0661,0.1138,0.2375,0.0927,0.1533
5,2024,58,670,68,239,148,0.221,112,0,0.6739,0.2571,0.0769,0.1048,0.1212,0.2632,0.7068,0.2489,0.1318,0.1312,0.4394,0.6842,326,0,extracted,0.2764,0.0661,0.1138,0.2375,0.0927,0.1533
5,2024,59,670,68,239,148,0.221,112,0,0.6739,0.2571,0.0769,0.1048,0.1212,0.2632,0.7068,0.2489,0.1318,0.1312,0.4394,0.6842,326,0,extracted,0.2764,0.0661,0.1138,0.2375,0.0927,0.1533
5,2024,60,670,68,239,148,0.221,112,0,0.6739,0.2571,0.0769,0.1048,0.1212,0.2632,0.7068,0.2489,0.1318,0.1312,0.4394,0.6842,326,0,extracted,0.2764,0.0661,0.1138,0.2375,0.0927,0.1533
5,2024,61,670,68,280,169,0.252,132,0,0.6877,0.2931,0.1304,0.1638,0.2273,0.4211,0.7068,0.2489,0.1318,0.1312,0.4394,0.6842,326,0,extracted,0.3359,0.1085,0.1832,0.2375,0.0927,0.1533
5,2024,62,670,68,280,169,0.252,132,0,0.6877,0.2931,0.1304,0.1638,0.2273,0.4211,0.7068,0.2489,0.1318,0.1312,0.4394,0.6842,326,0,extracted,0.3359,0.1085,0.1832,0.2375,0.0927,0.1533
5,2024,63,670,68,280,169,0.252,132,0,0.6877,0.2931,0.1304,0.1638,0.2273,0.4211,0.7068,0.2489,0.1318,0.1312,0.4394,0.6842,326,0,extracted,0.3359,0.1085,0.1832,0.2375,0.0927,0.1533
5,2024,64,670,68,280,169,0.252,132,0,0.6877,0.2931,0.1304,0.1638,0.2273,0.4211,0.7068,0.2489,0.1318,0.1312,0.4394,0.6842,326,0,extracted,0.3359,0.1085,0.1832,0.2375,0.0927,0.1533
5,2024,65,670,68,280,169,0.252,132,0,0.6877,0.2931,0.1304,0.1638,0.2273,0.4211,0.7068,0.2489,0.1318,0.1312,0.4394,0.6842,326,0,extracted,0.3359,0.1085,0.1832,0.2375,0.0927,0.1533
5,2024,66,670,68,280,169,0.252,132,0,0.6877,0.2931,0.1304,0.1638,0.2273,0.4211,0.7068,0.2489,0.1318,0.1312,0.4394,0.6842,326,0,extracted,0.3359,0.1085,0.1832,0.2375,0.0927,0.1533
5,2024,67,670,68,280,169,0.252,132,0,0.6877,0.2931,0.1304,0.1638,0.2273,0.4211,0.7068,0.2489,0.1318,0.1312,0.4394,0.6842,326,0,extracted,0.3359,0.1085,0.1832,0.2375,0.0927,0.1533
5,2024,68,670,68,330,193,0.288,163,0,0.6816,0.2692,0.1395,0.1692,0.2727,0.4737,0.7068,0.2489,0.1318,0.1312,0.4394,0.6842,326,0,extracted,0.2874,0.1091,0.1677,0.2375,0.0927,0.1533
5,2024,69,670,68,330,193,0.288,163,0,0.6816,0.2692,0.1395,0.1692,0.2727,0.4737,0.7068,0.2489,0.1318,0.1312,0.4394,0.6842,326,0,extracted,0.2874,0.1091,0.1677,0.2375,0.0927,0.1533
5,2024,70,670,68,330,193,0.288,163,0,0.6816,0.2692,0.1395,0.1692,0.2727,0.4737,0.7068,0.2489,0.1318,0.1312,0.4394,0.6842,326,0,extracted,0.2874,0.1091,0.1677,0.2375,0.0927,0.1533
5,2024,71,670,68,330,193,0.288,163,0,0.6816,0.2692,0.1395,0.1692,0.2727,0.4737,0.7068,0.2489,0.1318,0.1312,0.4394,0.6842,326,0,extracted,0.2874,0.1091,0.1677,0.2375,0.0927,0.1533
5,2024,72,670,68,330,193,0.288,163,0,0.6816,0.2692,0.1395,0.1692,0.2727,0.4737,0.7068,0.2489,0.1318,0.1312,0.4394,0.6842,326,0,extracted,0.2874,0.1091,0.1677,0.2375,0.0927,0.1533
5,2024,73,670,68,330,193,0.288,163,0,0.6816,0.2692,0.1395,0.1692,0.2727,0.4737,0.7068,0.2489,0.1318,0.1312,0.4394,0.6842,326,0,extracted,0.2874,0.1091,0.1677,0.2375,0.0927,0.1533
5,2024,74,670,68,330,193,0.288,163,0,0.6816,0.2692,0.1395,0.1692,0.2727,0.4737,0.7068,0.2489,0.1318,0.1312,0.4394,0.6842,326,0,extracted,0.2874,0.1091,0.1677,0.2375,0.0927,0.1533
5,2024,75,670,68,330,193,0.288,163,0,0.6816,0.2692,0.1395,0.1692,0.2727,0.4737,0.7068,0.2489,0.1318,0.1312,0.4394,0.6842,326,0,extracted,0.2874,0.1091,0.1677,0.2375,0.0927,0.1533
5,2024,76,670,68,376,227,0.339,185,0,0.6716,0.2509,0.1263,0.1324,0.2727,0.4737,0.7068,0.2489,0.1318,0.1312,0.4394,0.6842,326,0,extracted,0.2907,0.1059,0.1279,0.2375,0.0927,0.1533
5,2024,77,670,68,376,227,0.339,185,0,0.6716,0.2509,0.1263,0.1324,0.2727,0.4737,0.7068,0.2489,0.1318,0.1312,0.4394,0.6842,326,0,extracted,0.2907,0.1059,0.1279,0.2375,0.0927,0.1533
5,2024,78,670,68,376,227,0.339,185,0,0.6716,0.2509,0.1263,0.1324,0.2727,0.4737,0.7068,0.2489,0.1318,0.1312,0.4394,0.6842,326,0,extracted,0.2907,0.1059,0.1279,0.2375,0.0927,0.1533
5,2024,79,670,68,376,227,0.339,185,0,0.6716,0.2509,0.1263,0.1324,0.2727,0.4737,0.7068,0.2489,0.1318,0.1312,0.4394,0.6842,326,0,extracted,0.2907,0.1059,0.1279,0.2375,0.0927,0.1533
5,2024,80,670,68,376,227,0.339,185,0,0.6716,0.2509,0.1263,0.1324,0.2727,0.4737,0.7068,0.2489,0.1318,0.1312,0.4394,0.6842,326,0,extracted,0.2907,0.1059,0.1279,0.2375,0.0927,0.1533
5,2024,81,670,68,376,227,0.339,185,0,0.6716,0.2509,0.1263,0.1324,0.2727,0.4737,0.7068,0.2489,0.1318,0.1312,0.4394,0.6842,326,0,extracted,0.2907,0.1059,0.1279,0.2375,0.0927,0.1533
5,2024,82,670,68,376,227,0.339,185,0,0.6716,0.2509,0.1263,0.1324,0.2727,0.4737,0.7068,0.2489,0.1318,0.1312,0.4394,0.6842,326,0,extracted,0.2907,0.1059,0.1279,0.2375,0.0927,0.1533
5,2024,83,670,68,472,277,0.413,232,0,0.6822,0.2136,0.1075,0.1365,0.2727,0.4737,0.7068,0.2489,0.1318,0.1312,0.4394,0.6842,326,0,extracted,0.2415,0.0878,0.1353,0.2375,0.0927,0.1533
5,2024,84,670,68,472,277,0.413,232,0,0.6822,0.2136,0.1075,0.1365,0.2727,0.4737,0.7068,0.2489,0.1318,0.1312,0.4394,0.6842,326,0,extracted,0.2415,0.0878,0.1353,0.2375,0.0927,0.1533
5,2024,85,670,68,472,277,0.413,232,0,0.6822,0.2136,0.1075,0.1365,0.2727,0.4737,0.7068,0.2489,0.1318,0.1312,0.4394,0.6842,326,0,extracted,0.2415,0.0878,0.1353,0.2375,0.0927,0.1533
5,2024,86,670,68,472,277,0.413,232,0,0.6822,0.2136,0.1075,0.1365,0.2727,0.4737,0.7068,0.2489,0.1318,0.1312,0.4394,0.6842,326,0,extracted,0.2415,0.0878,0.1353,0.2375,0.0927,0.1533
5,2024,87,670,68,472,277,0.413,232,0,0.6822,0.2136,0.1075,0.1365,0.2727,0.4737,0.7068,0.2489,0.1318,0.1312,0.4394,0.6842,326,0,extracted,0.2415,0.0878,0.1353,0.2375,0.0927,0.1533
5,2024,88,670,68,472,277,0.413,232,0,0.6822,0.2136,0.1075,0.1365,0.2727,0.4737,0.7068,0.2489,0.1318,0.1312,0.4394,0.6842,326,0,extracted,0.2415,0.0878,0.1353,0.2375,0.0927,0.1533
5,2024,89,670,68,472,277,0.413,232,0,0.6822,0.2136,0.1075,0.1365,0.2727,0.4737,0.7068,0.2489,0.1318,0.1312,0.4394,0.6842,326,0,extracted,0.2415,0.0878,0.1353,0.2375,0.0927,0.1533
5,2024,90,670,68,555,341,0.509,274,0,0.677,0.2321,0.1092,0.1333,0.3333,0.4737,0.7068,0.2489,0.1318,0.1312,0.4394,0.6842,326,0,extracted,0.2083,0.0756,0.1417,0.2375,0.0927,0.1533
5,2024,91,670,68,555,341,0.509,274,0,0.677,0.2321,0.1092,0.1333,0.3333,0.4737,0.7068,0.2489,0.1318,0.1312,0.4394,0.6842,326,0,extracted,0.2083,0.0756,0.1417,0.2375,0.0927,0.1533
5,2024,92,670,68,555,341,0.509,274,0,0.677,0.2321,0.1092,0.1333,0.3333,0.4737,0.7068,0.2489,0.1318,0.1312,0.4394,0.6842,326,0,extracted,0.2083,0.0756,0.1417,0.2375,0.0927,0.1533
5,2024,93,670,68,555,341,0.509,274,0,0.677,0.2321,0.1092,0.1333,0.3333,0.4737,0.7068,0.2489,0.1318,0.1312,0.4394,0.6842,326,0,extracted,0.2083,0.0756,0.1417,0.2375,0.0927,0.1533
5,2024,94,670,68,555,341,0.509,274,0,0.677,0.2321,0.1092,0.1333,0.3333,0.4737,0.7068,0.2489,0.1318,0.1312,0.4394,0.6842,326,0,extracted,0.2083,0.0756,0.1417,0.2375,0.0927,0.1533
5,2024,95,670,68,555,341,0.509,274,0,0.677,0.2321,0.1092,0.1333,0.3333,0.4737,0.7068,0.2489,0.1318,0.1312,0.4394,0.6842,326,0,extracted,0.2083,0.0756,0.1417,0.2375,0.0927,0.1533
5,2024,96,670,68,555,341,0.509,274,0,0.677,0.2321,0.1092,0.1333,0.3333,0.4737,0.7068,0.2489,0.1318,0.1312,0.4394,0.6842,326,0,extracted,0.2083,0.0756,0.1417,0.2375,0.0927,0.1533
5,2024,97,670,68,663,397,0.593,322,0,0.7023,0.2066,0.1236,0.1538,0.4242,0.6316,0.7068,0.2489,0.1318,0.1312,0.4394,0.6842,326,0,extracted,0.2098,0.0915,0.1469,0.2375,0.0927,0.1533
5,2024,98,670,68,663,397,0.593,322,0,0.7023,0.2066,0.1236,0.1538,0.4242,0.6316,0.7068,0.2489,0.1318,0.1312,0.4394,0.6842,326,0,extracted,0.2098,0.0915,0.1469,0.2375,0.0927,0.1533
5,2024,99,670,68,663,397,0.593,322,0,0.7023,0.2066,0.1236,0.1538,0.4242,0.6316,0.7068,0.2489,0.1318,0.1312,0.4394,0.6842,326,0,extracted,0.2098,0.0915,0.1469,0.2375,0.0927,0.1533
5,2024,100,670,68,663,397,0.593,322,0,0.7023,0.2066,0.1236,0.1538,0.4242,0.6316,0.7068,0.2489,0.1318,0.1312,0.4394,0.6842,326,0,extracted,0.2098,0.0915,0.1469,0.2375,0.0927,0.1533
6,2024,1,745,131,10,14,0.019,9,0,0.5651,0.0552,0.028,0.0552,0.0204,0.0333,0.6509,0.3599,0.1922,0.2005,0.3367,0.3667,367,0,extracted,0.0909,0.0465,0.0909,0.3038,0.0936,0.2025
6,2024,2,745,131,10,14,0.019,9,0,0.5651,0.0552,0.028,0.0552,0.0204,0.0333,0.6509,0.3599,0.1922,0.2005,0.3367,0.3667,367,0,extracted,0.0909,0.0465,0.0909,0.3038,0.0936,0.2025
6,2024,3,745,131,10,14,0.019,9,0,0.5651,0.0552,0.028,0.0552,0.0204,0.0333,0.6509,0.3599,0.1922,0.2005,0.3367,0.3667,367,0,extracted,0.0909,0.0465,0.0909,0.3038,0.0936,0.2025
6,2024,4,745,131,10,14,0.019,9,0,0.5651,0.0552,0.028,0.0552,0.0204,0.0333,0.6509,0.3599,0.1922,0.2005,0.3367,0.3667,367,0,extracted,0.0909,0.0465,0.0909,0.3038,0.0936,0.2025
6,2024,5,745,131,10,14,0.019,9,0,0.5651,0.0552,0.028,0.0552,0.0204,0.0333,0.6509,0.3599,0.1922,0.2005,0.3367,0.3667,367,0,extracted,0.0909,0.0465,0.0909,0.3038,0.0936,0.2025
6,2024,6,745,131,10,14,0.019,9,0,0.5651,0.0552,0.028,0.0552,0.0204,0.0333,0.6509,0.3599,0.1922,0.2005,0.3367,0.3667,367,0,extracted,0.0909,0.0465,0.0909,0.3038,0.0936,0.2025
6,2024,7,745,131,10,14,0.019,9,0,0.5651,0.0552,0.028,0.0552,0.0204,0.0333,0.6509,0.3599,0.1922,0.2005,0.3367,0.3667,367,0,extracted,0.0909,0.0465,0.0909,0.3038,0.0936,0.2025
6,2024,8,745,131,10,14,0.019,9,0,0.5651,0.0552,0.028,0.0552,0.0204,0.0333,0.6509,0.3599,0.1922,0.2005,0.3367,0.3667,367,0,extracted,0.0909,0.0465,0.0909,0.3038,0.0936,0.2025
6,2024,9,745,131,24,23,0.031,16,0,0.5565,0.1039,0.0263,0.0779,0.0204,0.0333,0.6509,0.3599,0.1922,0.2005,0.3367,0.3667,367,0,extracted,0.129,0.044,0.129,0.3038,0.0936,0.2025
6,2024,10,745,131,24,23,0.031,16,0,0.5565,0.1039,0.0263,0.0779,0.0204,0.0333,0.6509,0.3599,0.1922,0.2005,0.3367,0.3667,367,0,extracted,0.129,0.044,0.129,0.3038,0.0936,0.2025
6,2024,11,745,131,24,23,0.031,16,0,0.5565,0.1039,0.0263,0.0779,0.0204,0.0333,0.6509,0.3599,0.1922,0.2005,0.3367,0.3667,367,0,extracted,0.129,0.044,0.129,0.3038,0.0936,0.2025
6,2024,12,745,131,24,23,0.031,16,0,0.5565,0.1039,0.0263,0.0779,0.0204,0.0333,0.6509,0.3599,0.1922,0.2005,0.3367,0.3667,367,0,extracted,0.129,0.044,0.129,0.3038,0.0936,0.2025
6,2024,13,745,131,24,23,0.031,16,0,0.5565,0.1039,0.0263,0.0779,0.0204,0.0333,0.6509,0.3599,0.1922,0.2005,0.3367,0.3667,367,0,extracted,0.129,0.044,0.129,0.3038,0.0936,0.2025
6,2024,14,745,131,34,33,0.044,21,0,0.5728,0.1585,0.037,0.0854,0.0204,0.0333,0.6509,0.3599,0.1922,0.2005,0.3367,0.3667,367,0,extracted,0.198,0.0606,0.1386,0.3038,0.0936,0.2025
6,2024,15,745,131,34,33,0.044,21,0,0.5728,0.1585,0.037,0.0854,0.0204,0.0333,0.6509,0.3599,0.1922,0.2005,0.3367,0.3667,367,0,extracted,0.198,0.0606,0.1386,0.3038,0.0936,0.2025
6,2024,16,745,131,34,33,0.044,21,0,0.5728,0.1585,0.037,0.0854,0.0204,0.0333,0.6509,0.3599,0.1922,0.2005,0.3367,0.3667,367,0,extracted,0.198,0.0606,0.1386,0.3038,0.0936,0.2025
6,2024,17,745,131,34,33,0.044,21,0,0.5728,0.1585,0.037,0.0854,0.0204,0.0333,0.6509,0.3599,0.1922,0.2005,0.3367,0.3667,367,0,extracted,0.198,0.0606,0.1386,0.3038,0.0936,0.2025
6,2024,18,745,131,34,33,0.044,21,0,0.5728,0.1585,0.037,0.0854,0.0204,0.0333,0.6509,0.3599,0.1922,0.2005,0.3367,0.3667,367,0,extracted,0.198,0.0606,0.1386,0.3038,0.0936,0.2025
6,2024,19,745,131,34,33,0.044,21,0,0.5728,0.1585,0.037,0.0854,0.0204,0.0333,0.6509,0.3599,0.1922,0.2005,0.3367,0.3667,367,0,extracted,0.198,0.0606,0.1386,0.3038,0.0936,0.2025
6,2024,20,745,131,48,31,0.042,30,0,0.6138,0.1728,0.075,0.1235,0.0612,0.0333,0.6509,0.3599,0.1922,0.2005,0.3367,0.3667,367,0,extracted,0.1429,0.0417,0.102,0.3038,0.0936,0.2025
6,2024,21,745,131,48,31,0.042,30,0,0.6138,0.1728,0.075,0.1235,0.0612,0.0333,0.6509,0.3599,0.1922,0.2005,0.3367,0.3667,367,0,extracted,0.1429,0.0417,0.102,0.3038,0.0936,0.2025
6,2024,22,745,131,48,31,0.042,30,0,0.6138,0.1728,0.075,0.1235,0.0612,0.0333,0.6509,0.3599,0.1922,0.2005,0.3367,0.3667,367,0,extracted,0.1429,0.0417,0.102,0.3038,0.0936,0.2025
6,2024,23,745,131,48,31,0.042,30,0,0.6138,0.1728,0.075,0.1235,0.0612,0.0333,0.6509,0.3599,0.1922,0.2005,0.3367,0.3667,367,0,extracted,0.1429,0.0417,0.102,0.3038,0.0936,0.2025
6,2024,24,745,131,48,31,0.042,30,0,0.6138,0.1728,0.075,0.1235,0.0612,0.0333,0.6509,0.3599,0.1922,0.2005,0.3367,0.3667,367,0,extracted,0.1429,0.0417,0.102,0.3038,0.0936,0.2025
6,2024,25,745,131,48,31,0.042,30,0,0.6138,0.1728,0.075,0.1235,0.0612,0.0333,0.6509,0.3599,0.1922,0.2005,0.3367,0.3667,367,0,extracted,0.1429,0.0417,0.102,0.3038,0.0936,0.2025
6,2024,26,745,131,69,43,0.058,43,0,0.6164,0.2299,0.0698,0.1494,0.0612,0.0333,0.6509,0.3599,0.1922,0.2005,0.3367,0.3667,367,0,extracted,0.1698,0.0385,0.1509,0.3038,0.0936,0.2025
6,2024,27,745,131,69,43,0.058,43,0,0.6164,0.2299,0.0698,0.1494,0.0612,0.0333,0.6509,0.3599,0.1922,0.2005,0.3367,0.3667,367,0,extracted,0.1698,0.0385,0.1509,0.3038,0.0936,0.2025
6,2024,28,745,131,69,43,0.058,43,0,0.6164,0.2299,0.0698,0.1494,0.0612,0.0333,0.6509,0.3599,0.1922,0.2005,0.3367,0.3667,367,0,extracted,0.1698,0.0385,0.1509,0.3038,0.0936,0.2025
6,2024,29,745,131,69,43,0.058,43,0,0.6164,0.2299,0.0698,0.1494,0.0612,0.0333,0.6509,0.3599,0.1922,0.2005,0.3367,0.3667,367,0,extracted,0.1698,0.0385,0.1509,0.3038,0.0936,0.2025
6,2024,30,745,131,69,43,0.058,43,0,0.6164,0.2299,0.0698,0.1494,0.0612,0.0333,0.6509,0.3599,0.1922,0.2005,0.3367,0.3667,367,0,extracted,0.1698,0.0385,0.1509,0.3038,0.0936,0.2025
6,2024,31,745,131,83,49,0.066,50,0,0.617,0.2444,0.0562,0.1333,0.051,0.0333,0.6509,0.3599,0.1922,0.2005,0.3367,0.3667,367,0,extracted,0.1373,0.02,0.1176,0.3038,0.0936,0.2025
6,2024,32,745,131,83,49,0.066,50,0,0.617,0.2444,0.0562,0.1333,0.051,0.0333,0.6509,0.3599,0.1922,0.2005,0.3367,0.3667,367,0,extracted,0.1373,0.02,0.1176,0.3038,0.0936,0.2025
6,2024,33,745,131,83,49,0.066,50,0,0.617,0.2444,0.0562,0.1333,0.051,0.0333,0.6509,0.3599,0.1922,0.2005,0.3367,0.3667,367,0,extracted,0.1373,0.02,0.1176,0.3038,0.0936,0.2025
6,2024,34,745,131,83,49,0.066,50,0,0.617,0.2444,0.0562,0.1333,0.051,0.0333,0.6509,0.3599,0.1922,0.2005,0.3367,0.3667,367,0,extracted,0.1373,0.02,0.1176,0.3038,0.0936,0.2025
6,2024,35,745,131,83,49,0.066,50,0,0.617,0.2444,0.0562,0.1333,0.051,0.0333,0.6509,0.3599,0.1922,0.2005,0.3367,0.3667,367,0,extracted,0.1373,0.02,0.1176,0.3038,0.0936,0.2025
6,2024,36,745,131,83,49,0.066,50,0,0.617,0.2444,0.0562,0.1333,0.051,0.0333,0.6509,0.3599,0.1922,0.2005,0.3367,0.3667,367,0,extracted,0.1373,0.02,0.1176,0.3038,0.0936,0.2025
6,2024,37,745,131,104,63,0.085,61,0,0.6372,0.268,0.0833,0.1443,0.0714,0.0333,0.6509,0.3599,0.1922,0.2005,0.3367,0.3667,367,0,extracted,0.1897,0.0702,0.1207,0.3038,0.0936,0.2025
6,2024,38,745,131,104,63,0.085,61,0,0.6372,0.268,0.0833,0.1443,0.0714,0.0333,0.6509,0.3599,0.1922,0.2005,0.3367,0.3667,367,0,extracted,0.1897,0.0702,0.1207,0.3038,0.0936,0.2025
6,2024,39,745,131,104,63,0.085,61,0,0.6372,0.268,0.0833,0.1443,0.0714,0.0333,0.6509,0.3599,0.1922,0.2005,0.3367,0.3667,367,0,extracted,0.1897,0.0702,0.1207,0.3038,0.0936,0.2025
6,2024,40,745,131,104,63,0.085,61,0,0.6372,0.268,0.0833,0.1443,0.0714,0.0333,0.6509,0.3599,0.1922,0.2005,0.3367,0.3667,367,0,extracted,0.1897,0.0702,0.1207,0.3038,0.0936,0.2025
6,2024,41,745,131,104,63,0.085,61,0,0.6372,0.268,0.0833,0.1443,0.0714,0.0333,0.6509,0.3599,0.1922,0.2005,0.3367,0.3667,367,0,extracted,0.1897,0.0702,0.1207,0.3038,0.0936,0.2025
6,2024,42,745,131,122,79,0.106,69,0,0.633,0.2857,0.1154,0.1905,0.1122,0.0667,0.6509,0.3599,0.1922,0.2005,0.3367,0.3667,367,0,extracted,0.2295,0.0833,0.1967,0.3038,0.0936,0.2025
6,2024,43,745,131,122,79,0.106,69,0,0.633,0.2857,0.1154,0.1905,0.1122,0.0667,0.6509,0.3599,0.1922,0.2005,0.3367,0.3667,367,0,extracted,0.2295,0.0833,0.1967,0.3038,0.0936,0.2025
6,2024,44,745,131,122,79,0.106,69,0,0.633,0.2857,0.1154,0.1905,0.1122,0.0667,0.6509,0.3599,0.1922,0.2005,0.3367,0.3667,367,0,extracted,0.2295,0.0833,0.1967,0.3038,0.0936,0.2025
6,2024,45,745,131,122,79,0.106,69,0,0.633,0.2857,0.1154,0.1905,0.1122,0.0667,0.6509,0.3599,0.1922,0.2005,0.3367,0.3667,367,0,extracted,0.2295,0.0833,0.1967,0.3038,0.0936,0.2025
6,2024,46,745,131,122,79,0.106,69,0,0.633,0.2857,0.1154,0.1905,0.1122,0.0667,0.6509,0.3599,0.1922,0.2005,0.3367,0.3667,367,0,extracted,0.2295,0.0833,0.1967,0.3038,0.0936,0.2025
6,2024,47,745,131,122,79,0.106,69,0,0.633,0.2857,0.1154,0.1905,0.1122,0.0667,0.6509,0.3599,0.1922,0.2005,0.3367,0.3667,367,0,extracted,0.2295,0.0833,0.1967,0.3038,0.0936,0.2025
6,2024,48,745,131,160,92,0.123,89,0,0.6357,0.3049,0.1448,0.1973,0.1327,0.1,0.6509,0.3599,0.1922,0.2005,0.3367,0.3667,367,0,extracted,0.2121,0.0923,0.1667,0.3038,0.0936,0.2025
6,2024,49,745,131,160,92,0.123,89,0,0.6357,0.3049,0.1448,0.1973,0.1327,0.1,0.6509,0.3599,0.1922,0.2005,0.3367,0.3667,367,0,extracted,0.2121,0.0923,0.1667,0.3038,0.0936,0.2025
6,2024,50,745,131,160,92,0.123,89,0,0.6357,0.3049,0.1448,0.1973,0.1327,0.1,0.6509,0.3599,0.1922,0.2005,0.3367,0.3667,367,0,extracted,0.2121,0.0923,0.1667,0.3038,0.0936,0.2025
6,2024,51,745,131,160,92,0.123,89,0,0.6357,0.3049,0.1448,0.1973,0.1327,0.1,0.6509,0.3599,0.1922,0.2005,0.3367,0.3667,367,0,extracted,0.2121,0.0923,0.1667,0.3038,0.0936,0.2025
6,2024,52,745,131,160,92,0.123,89,0,0.6357,0.3049,0.1448,0.1973,0.1327,0.1,0.6509,0.3599,0.1922,0.2005,0.3367,0.3667,367,0,extracted,0.2121,0.0923,0.1667,0.3038,0.0936,0.2025
6,2024,53,745,131,192,112,0.15,106,0,0.6313,0.3128,0.1162,0.1893,0.1327,0.1333,0.6509,0.3599,0.1922,0.2005,0.3367,0.3667,367,0,extracted,0.2466,0.0833,0.1781,0.3038,0.0936,0.2025
6,2024,54,745,131,192,112,0.15,106,0,0.6313,0.3128,0.1162,0.1893,0.1327,0.1333,0.6509,0.3599,0.1922,0.2005,0.3367,0.3667,367,0,extracted,0.2466,0.0833,0.1781,0.3038,0.0936,0.2025
6,2024,55,745,131,192,112,0.15,106,0,0.6313,0.3128,0.1162,0.1893,0.1327,0.1333,0.6509,0.3599,0.1922,0.2005,0.3367,0.3667,367,0,extracted,0.2466,0.0833,0.1781,0.3038,0.0936,0.2025
6,2024,56,745,131,192,112,0.15,106,0,0.6313,0.3128,0.1162,0.1893,0.1327,0.1333,0.6509,0.3599,0.1922,0.2005,0.3367,0.3667,367,0,extracted,0.2466,0.0833,0.1781,0.3038,0.0936,0.2025
6,2024,57,745,131,192,112,0.15,106,0,0.6313,0.3128,0.1162,0.1893,0.1327,0.1333,0.6509,0.3599,0.1922,0.2005,0.3367,0.3667,367,0,extracted,0.2466,0.0833,0.1781,0.3038,0.0936,0.2025
6,2024,58,745,131,192,112,0.15,106,0,0.6313,0.3128,0.1162,0.1893,0.1327,0.1333,0.6509,0.3599,0.1922,0.2005,0.3367,0.3667,367,0,extracted,0.2466,0.0833,0.1781,0.3038,0.0936,0.2025
6,2024,59,745,131,222,125,0.168,119,0,0.6438,0.3828,0.1417,0.2031,0.1429,0.1667,0.6509,0.3599,0.1922,0.2005,0.3367,0.3667,367,0,extracted,0.2581,0.0915,0.1806,0.3038,0.0936,0.2025
6,2024,60,745,131,222,125,0.168,119,0,0.6438,0.3828,0.1417,0.2031,0.1429,0.1667,0.6509,0.3599,0.1922,0.2005,0.3367,0.3667,367,0,extracted,0.2581,0.0915,0.1806,0.3038,0.0936,0.2025
6,2024,61,745,131,222,125,0.168,119,0,0.6438,0.3828,0.1417,0.2031,0.1429,0.1667,0.6509,0.3599,0.1922,0.2005,0.3367,0.3667,367,0,extracted,0.2581,0.0915,0.1806,0.3038,0.0936,0.2025
6,2024,62,745,131,222,125,0.168,119,0,0.6438,0.3828,0.1417,0.2031,0.1429,0.1667,0.6509,0.3599,0.1922,0.2005,0.3367,0.3667,367,0,extracted,0.2581,0.0915,0.1806,0.3038,0.0936,0.2025
6,2024,63,745,131,222,125,0.168,119,0,0.6438,0.3828,0.1417,0.2031,0.1429,0.1667,0.6509,0.3599,0.1922,0.2005,0.3367,0.3667,367,0,extracted,0.2581,0.0915,0.1806,0.3038,0.0936,0.2025
6,2024,64,745,131,291,170,0.228,155,0,0.6431,0.331,0.125,0.1724,0.1531,0.1667,0.6509,0.3599,0.1922,0.2005,0.3367,0.3667,367,0,extracted,0.24,0.0811,0.1733,0.3038,0.0936,0.2025
6,2024,65,745,131,291,170,0.228,155,0,0.6431,0.331,0.125,0.1724,0.1531,0.1667,0.6509,0.3599,0.1922,0.2005,0.3367,0.3667,367,0,extracted,0.24,0.0811,0.1733,0.3038,0.0936,0.2025
6,2024,66,745,131,291,170,0.228,155,0,0.6431,0.331,0.125,0.1724,0.1531,0.1667,0.6509,0.3599,0.1922,0.2005,0.3367,0.3667,367,0,extracted,0.24,0.0811,0.1733,0.3038,0.0936,0.2025
6,2024,67,745,131,291,170,0.228,155,0,0.6431,0.331,0.125,0.1724,0.1531,0.1667,0.6509,0.3599,0.1922,0.2005,0.3367,0.3667,367,0,extracted,0.24,0.0811,0.1733,0.3038,0.0936,0.2025
6,2024,68,745,131,291,170,0.228,155,0,0.6431,0.331,0.125,0.1724,0.1531,0.1667,0.6509,0.3599,0.1922,0.2005,0.3367,0.3667,367,0,extracted,0.24,0.0811,0.1733,0.3038,0.0936,0.2025
6,2024,69,745,131,291,170,0.228,155,0,0.6431,0.331,0.125,0.1724,0.1531,0.1667,0.6509,0.3599,0.1922,0.2005,0.3367,0.3667,367,0,extracted,0.24,0.0811,0.1733,0.3038,0.0936,0.2025
6,2024,70,745,131,335,200,0.268,177,0,0.6451,0.4146,0.2086,0.2317,0.2959,0.2667,0.6509,0.3599,0.1922,0.2005,0.3367,0.3667,367,0,extracted,0.2737,0.0957,0.1789,0.3038,0.0936,0.2025
6,2024,71,745,131,335,200,0.268,177,0,0.6451,0.4146,0.2086,0.2317,0.2959,0.2667,0.6509,0.3599,0.1922,0.2005,0.3367,0.3667,367,0,extracted,0.2737,0.0957,0.1789,0.3038,0.0936,0.2025
6,2024,72,745,131,335,200,0.268,177,0,0.6451,0.4146,0.2086,0.2317,0.2959,0.2667,0.6509,0.3599,0.1922,0.2005,0.3367,0.3667,367,0,extracted,0.2737,0.0957,0.1789,0.3038,0.0936,0.2025
6,2024,73,745,131,335,200,0.268,177,0,0.6451,0.4146,0.2086,0.2317,0.2959,0.2667,0.6509,0.3599,0.1922,0.2005,0.3367,0.3667,367,0,extracted,0.2737,0.0957,0.1789,0.3038,0.0936,0.2025
6,2024,74,745,131,335,200,0.268,177,0,0.6451,0.4146,0.2086,0.2317,0.2959,0.2667,0.6509,0.3599,0.1922,0.2005,0.3367,0.3667,367,0,extracted,0.2737,0.0957,0.1789,0.3038,0.0936,0.2025
6,2024,75,745,131,398,249,0.334,207,0,0.6637,0.4211,0.2063,0.2105,0.3367,0.3333,0.6509,0.3599,0.1922,0.2005,0.3367,0.3667,367,0,extracted,0.3063,0.0909,0.1982,0.3038,0.0936,0.2025
6,2024,76,745,131,398,249,0.334,207,0,0.6637,0.4211,0.2063,0.2105,0.3367,0.3333,0.6509,0.3599,0.1922,0.2005,0.3367,0.3667,367,0,extracted,0.3063,0.0909,0.1982,0.3038,0.0936,0.2025
6,2024,77,745,131,398,249,0.334,207,0,0.6637,0.4211,0.2063,0.2105,0.3367,0.3333,0.6509,0.3599,0.1922,0.2005,0.3367,0.3667,367,0,extracted,0.3063,0.0909,0.1982,0.3038,0.0936,0.2025
6,2024,78,745,131,398,249,0.334,207,0,0.6637,0.4211,0.2063,0.2105,0.3367,0.3333,0.6509,0.3599,0.1922,0.2005,0.3367,0.3667,367,0,extracted,0.3063,0.0909,0.1982,0.3038,0.0936,0.2025
6,2024,79,745,131,398,249,0.334,207,0,0.6637,0.4211,0.2063,0.2105,0.3367,0.3333,0.6509,0.3599,0.1922,0.2005,0.3367,0.3667,367,0,extracted,0.3063,0.0909,0.1982,0.3038,0.0936,0.2025
6,2024,80,745,131,398,249,0.334,207,0,0.6637,0.4211,0.2063,0.2105,0.3367,0.3333,0.6509,0.3599,0.1922,0.2005,0.3367,0.3667,367,0,extracted,0.3063,0.0909,0.1982,0.3038,0.0936,0.2025
6,2024,81,745,131,487,283,0.38,248,0,0.674,0.3573,0.2095,0.2481,0.3265,0.3667,0.6509,0.3599,0.1922,0.2005,0.3367,0.3667,367,0,extracted,0.2857,0.093,0.212,0.3038,0.0936,0.2025
6,2024,82,745,131,487,283,0.38,248,0,0.674,0.3573,0.2095,0.2481,0.3265,0.3667,0.6509,0.3599,0.1922,0.2005,0.3367,0.3667,367,0,extracted,0.2857,0.093,0.212,0.3038,0.0936,0.2025
6,2024,83,745,131,487,283,0.38,248,0,0.674,0.3573,0.2095,0.2481,0.3265,0.3667,0.6509,0.3599,0.1922,0.2005,0.3367,0.3667,367,0,extracted,0.2857,0.093,0.212,0.3038,0.0936,0.2025
6,2024,84,745,131,487,283,0.38,248,0,0.674,0.3573,0.2095,0.2481,0.3265,0.3667,0.6509,0.3599,0.1922,0.2005,0.3367,0.3667,367,0,extracted,0.2857,0.093,0.212,0.3038,0.0936,0.2025
6,2024,85,745,131,487,283,0.38,248,0,0.674,0.3573,0.2095,0.2481,0.3265,0.3667,0.6509,0.3599,0.1922,0.2005,0.3367,0.3667,367,0,extracted,0.2857,0.093,0.212,0.3038,0.0936,0.2025
6,2024,86,745,131,487,283,0.38,248,0,0.674,0.3573,0.2095,0.2481,0.3265,0.3667,0.6509,0.3599,0.1922,0.2005,0.3367,0.3667,367,0,extracted,0.2857,0.093,0.212,0.3038,0.0936,0.2025
6,2024,87,745,131,572,337,0.452,288,0,0.6706,0.3939,0.2242,0.2101,0.398,0.4333,0.6509,0.3599,0.1922,0.2005,0.3367,0.3667,367,0,extracted,0.3133,0.1053,0.2008,0.3038,0.0936,0.2025
6,2024,88,745,131,572,337,0.452,288,0,0.6706,0.3939,0.2242,0.2101,0.398,0.4333,0.6509,0.3599,0.1922,0.2005,0.3367,0.3667,367,0,extracted,0.3133,0.1053,0.2008,0.3038,0.0936,0.2025
6,2024,89,745,131,572,337,0.452,288,0,0.6706,0.3939,0.2242,0.2101,0.398,0.4333,0.6509,0.3599,0.1922,0.2005,0.3367,0.3667,367,0,extracted,0.3133,0.1053,0.2008,0.3038,0.0936,0.2025
6,2024,90,745,131,572,337,0.452,288,0,0.6706,0.3939,0.2242,0.2101,0.398,0.4333,0.6509,0.3599,0.1922,0.2005,0.3367,0.3667,367,0,extracted,0.3133,0.1053,0.2008,0.3038,0.0936,0.2025
6,2024,91,745,131,572,337,0.452,288,0,0.6706,0.3939,0.2242,0.2101,0.398,0.4333,0.6509,0.3599,0.1922,0.2005,0.3367,0.3667,367,0,extracted,0.3133,0.1053,0.2008,0.3038,0.0936,0.2025
6,2024,92,745,131,637,365,0.49,314,0,0.6496,0.334,0.1656,0.1938,0.3061,0.3667,0.6509,0.3599,0.1922,0.2005,0.3367,0.3667,367,0,extracted,0.25,0.063,0.1641,0.3038,0.0936,0.2025
6,2024,93,745,131,637,365,0.49,314,0,0.6496,0.334,0.1656,0.1938,0.3061,0.3667,0.6509,0.3599,0.1922,0.2005,0.3367,0.3667,367,0,extracted,0.25,0.063,0.1641,0.3038,0.0936,0.2025
6,2024,94,745,131,637,365,0.49,314,0,0.6496,0.334,0.1656,0.1938,0.3061,0.3667,0.6509,0.3599,0.1922,0.2005,0.3367,0.3667,367,0,extracted,0.25,0.063,0.1641,0.3038,0.0936,0.2025
6,2024,95,745,131,637,365,0.49,314,0,0.6496,0.334,0.1656,0.1938,0.3061,0.3667,0.6509,0.3599,0.1922,0.2005,0.3367,0.3667,367,0,extracted,0.25,0.063,0.1641,0.3038,0.0936,0.2025
6,2024,96,745,131,637,365,0.49,314,0,0.6496,0.334,0.1656,0.1938,0.3061,0.3667,0.6509,0.3599,0.1922,0.2005,0.3367,0.3667,367,0,extracted,0.25,0.063,0.1641,0.3038,0.0936,0.2025
6,2024,97,745,131,637,365,0.49,314,0,0.6496,0.334,0.1656,0.1938,0.3061,0.3667,0.6509,0.3599,0.1922,0.2005,0.3367,0.3667,367,0,extracted,0.25,0.063,0.1641,0.3038,0.0936,0.2025
6,2024,98,745,131,736,449,0.603,360,0,0.67,0.3222,0.1898,0.1961,0.4286,0.4667,0.6509,0.3599,0.1922,0.2005,0.3367,0.3667,367,0,extracted,0.2579,0.1076,0.1698,0.3038,0.0936,0.2025
6,2024,99,745,131,736,449,0.603,360,0,0.67,0.3222,0.1898,0.1961,0.4286,0.4667,0.6509,0.3599,0.1922,0.2005,0.3367,0.3667,367,0,extracted,0.2579,0.1076,0.1698,0.3038,0.0936,0.2025
6,2024,100,745,131,736,449,0.603,360,0,0.67,0.3222,0.1898,0.1961,0.4286,0.4667,0.6509,0.3599,0.1922,0.2005,0.3367,0.3667,367,0,extracted,0.2579,0.1076,0.1698,0.3038,0.0936,0.2025
7,2024,1,1054,71,11,20,0.019,7,0,0.6678,0.1758,0.0449,0.1099,0.0299,0.0952,0.658,0.1605,0.0745,0.0921,0.3433,0.4286,512,1,extracted,0.1875,0.0,0.0938,0.1701,0.0739,0.1149
7,2024,2,1054,71,11,20,0.019,7,0,0.6678,0.1758,0.0449,0.1099,0.0299,0.0952,0.658,0.1605,0.0745,0.0921,0.3433,0.4286,512,1,extracted,0.1875,0.0,0.0938,0.1701,0.0739,0.1149
7,2024,3,1054,71,11,20,0.019,7,0,0.6678,0.1758,0.0449,0.1099,0.0299,0.0952,0.658,0.1605,0.0745,0.0921,0.3433,0.4286,512,1,extracted,0.1875,0.0,0.0938,0.1701,0.0739,0.1149
7,2024,4,1054,71,11,20,0.019,7,0,0.6678,0.1758,0.0449,0.1099,0.0299,0.0952,0.658,0.1605,0.0745,0.0921,0.3433,0.4286,512,1,extracted,0.1875,0.0,0.0938,0.1701,0.0739,0.1149
7,2024,5,1054,71,11,20,0.019,7,0,0.6678,0.1758,0.0449,0.1099,0.0299,0.0952,0.658,0.1605,0.0745,0.0921,0.3433,0.4286,512,1,extracted,0.1875,0.0,0.0938,0.1701,0.0739,0.1149
7,2024,6,1054,71,11,20,0.019,7,0,0.6678,0.1758,0.0449,0.1099,0.0299,0.0952,0.658,0.1605,0.0745,0.0921,0.3433,0.4286,512,1,extracted,0.1875,0.0,0.0938,0.1701,0.0739,0.1149
7,2024,7,1054,71,26,26,0.025,16,0,0.7006,0.3093,0.1053,0.2268,0.0746,0.1429,0.658,0.1605,0.0745,0.0921,0.3433,0.4286,512,1,extracted,0.3143,0.0294,0.2,0.1701,0.0739,0.1149
7,2024,8,1054,71,26,26,0.025,16,0,0.7006,0.3093,0.1053,0.2268,0.0746,0.1429,0.658,0.1605,0.0745,0.0921,0.3433,0.4286,512,1,extracted,0.3143,0.0294,0.2,0.1701,0.0739,0.1149
7,2024,9,1054,71,26,26,0.025,16,0,0.7006,0.3093,0.1053,0.2268,0.0746,0.1429,0.658,0.1605,0.0745,0.0921,0.3433,0.4286,512,1,extracted,0.3143,0.0294,0.2,0.1701,0.0739,0.1149
7,2024,10,1054,71,26,26,0.025,16,0,0.7006,0.3093,0.1053,0.2268,0.0746,0.1429,0.658,0.1605,0.0745,0.0921,0.3433,0.4286,512,1,extracted,0.3143,0.0294,0.2,0.1701,0.0739,0.1149
7,2024,11,1054,71,45,41,0.039,24,0,0.6703,0.3571,0.0727,0.1607,0.0597,0.1429,0.658,0.1605,0.0745,0.0921,0.3433,0.4286,512,1,extracted,0.3457,0.0,0.1235,0.1701,0.0739,0.1149
7,2024,12,1054,71,45,41,0.039,24,0,0.6703,0.3571,0.0727,0.1607,0.0597,0.1429,0.658,0.1605,0.0745,0.0921,0.3433,0.4286,512,1,extracted,0.3457,0.0,0.1235,0.1701,0.0739,0.1149
7,2024,13,1054,71,45,41,0.039,24,0,0.6703,0.3571,0.0727,0.1607,0.0597,0.1429,0.658,0.1605,0.0745,0.0921,0.3433,0.4286,512,1,extracted,0.3457,0.0,0.1235,0.1701,0.0739,0.1149
7,2024,14,1054,71,45,41,0.039,24,0,0.6703,0.3571,0.0727,0.1607,0.0597,0.1429,0.658,0.1605,0.0745,0.0921,0.3433,0.4286,512,1,extracted,0.3457,0.0,0.1235,0.1701,0.0739,0.1149
7,2024,15,1054,71,45,41,0.039,24,0,0.6703,0.3571,0.0727,0.1607,0.0597,0.1429,0.658,0.1605,0.0745,0.0921,0.3433,0.4286,512,1,extracted,0.3457,0.0,0.1235,0.1701,0.0739,0.1149
7,2024,16,1054,71,64,46,0.044,32,0,0.6319,0.2564,0.0174,0.1197,0.0149,0.0476,0.658,0.1605,0.0745,0.0921,0.3433,0.4286,512,1,extracted,0.2439,0.0,0.122,0.1701,0.0739,0.1149
7,2024,17,1054,71,64,46,0.044,32,0,0.6319,0.2564,0.0174,0.1197,0.0149,0.0476,0.658,0.1605,0.0745,0.0921,0.3433,0.4286,512,1,extracted,0.2439,0.0,0.122,0.1701,0.0739,0.1149
7,2024,18,1054,71,64,46,0.044,32,0,0.6319,0.2564,0.0174,0.1197,0.0149,0.0476,0.658,0.1605,0.0745,0.0921,0.3433,0.4286,512,1,extracted,0.2439,0.0,0.122,0.1701,0.0739,0.1149
7,2024,19,1054,71,64,46,0.044,32,0,0.6319,0.2564,0.0174,0.1197,0.0149,0.0476,0.658,0.1605,0.0745,0.0921,0.3433,0.4286,512,1,extracted,0.2439,0.0,0.122,0.1701,0.0739,0.1149
7,2024,20,1054,71,83,56,0.053,40,0,0.61,0.2992,0.016,0.126,0.0149,0.0,0.658,0.1605,0.0745,0.0921,0.3433,0.4286,512,1,extracted,0.2791,0.0,0.1163,0.1701,0.0739,0.1149
7,2024,21,1054,71,83,56,0.053,40,0,0.61,0.2992,0.016,0.126,0.0149,0.0,0.658,0.1605,0.0745,0.0921,0.3433,0.4286,512,1,extracted,0.2791,0.0,0.1163,0.1701,0.0739,0.1149
7,2024,22,1054,71,83,56,0.053,40,0,0.61,0.2992,0.016,0.126,0.0149,0.0,0.658,0.1605,0.0745,0.0921,0.3433,0.4286,512,1,extracted,0.2791,0.0,0.1163,0.1701,0.0739,0.1149
7,2024,23,1054,71,83,56,0.053,40,0,0.61,0.2992,0.016,0.126,0.0149,0.0,0.658,0.1605,0.0745,0.0921,0.3433,0.4286,512,1,extracted,0.2791,0.0,0.1163,0.1701,0.0739,0.1149
7,2024,24,1054,71,122,68,0.065,64,0,0.6861,0.4604,0.1168,0.259,0.1045,0.1905,0.658,0.1605,0.0745,0.0921,0.3433,0.4286,512,1,extracted,0.3878,0.0625,0.2449,0.1701,0.0739,0.1149
7,2024,25,1054,71,122,68,0.065,64,0,0.6861,0.4604,0.1168,0.259,0.1045,0.1905,0.658,0.1605,0.0745,0.0921,0.3433,0.4286,512,1,extracted,0.3878,0.0625,0.2449,0.1701,0.0739,0.1149
7,2024,26,1054,71,122,68,0.065,64,0,0.6861,0.4604,0.1168,0.259,0.1045,0.1905,0.658,0.1605,0.0745,0.0921,0.3433,0.4286,512,1,extracted,0.3878,0.0625,0.2449,0.1701,0.0739,0.1149
7,2024,27,1054,71,122,68,0.065,64,0,0.6861,0.4604,0.1168,0.259,0.1045,0.1905,0.658,0.1605,0.0745,0.0921,0.3433,0.4286,512,1,extracted,0.3878,0.0625,0.2449,0.1701,0.0739,0.1149
7,2024,28,1054,71,122,68,0.065,64,0,0.6861,0.4604,0.1168,0.259,0.1045,0.1905,0.658,0.1605,0.0745,0.0921,0.3433,0.4286,512,1,extracted,0.3878,0.0625,0.2449,0.1701,0.0739,0.1149
7,2024,29,1054,71,145,83,0.079,77,0,0.702,0.5195,0.1711,0.2857,0.1791,0.3333,0.658,0.1605,0.0745,0.0921,0.3433,0.4286,512,1,extracted,0.4865,0.1101,0.2523,0.1701,0.0739,0.1149
7,2024,30,1054,71,145,83,0.079,77,0,0.702,0.5195,0.1711,0.2857,0.1791,0.3333,0.658,0.1605,0.0745,0.0921,0.3433,0.4286,512,1,extracted,0.4865,0.1101,0.2523,0.1701,0.0739,0.1149
7,2024,31,1054,71,145,83,0.079,77,0,0.702,0.5195,0.1711,0.2857,0.1791,0.3333,0.658,0.1605,0.0745,0.0921,0.3433,0.4286,512,1,extracted,0.4865,0.1101,0.2523,0.1701,0.0739,0.1149
7,2024,32,1054,71,145,83,0.079,77,0,0.702,0.5195,0.1711,0.2857,0.1791,0.3333,0.658,0.1605,0.0745,0.0921,0.3433,0.4286,512,1,extracted,0.4865,0.1101,0.2523,0.1701,0.0739,0.1149
7,2024,33,1054,71,182,107,0.102,99,0,0.7061,0.5281,0.1932,0.3146,0.2239,0.381,0.658,0.1605,0.0745,0.0921,0.3433,0.4286,512,1,extracted,0.4921,0.129,0.3016,0.1701,0.0739,0.1149
7,2024,34,1054,71,182,107,0.102,99,0,0.7061,0.5281,0.1932,0.3146,0.2239,0.381,0.658,0.1605,0.0745,0.0921,0.3433,0.4286,512,1,extracted,0.4921,0.129,0.3016,0.1701,0.0739,0.1149
7,2024,35,1054,71,182,107,0.102,99,0,0.7061,0.5281,0.1932,0.3146,0.2239,0.381,0.658,0.1605,0.0745,0.0921,0.3433,0.4286,512,1,extracted,0.4921,0.129,0.3016,0.1701,0.0739,0.1149
7,2024,36,1054,71,182,107,0.102,99,0,0.7061,0.5281,0.1932,0.3146,0.2239,0.381,0.658,0.1605,0.0745,0.0921,0.3433,0.4286,512,1,extracted,0.4921,0.129,0.3016,0.1701,0.0739,0.1149
7,2024,37,1054,71,209,119,0.113,113,0,0.7182,0.5579,0.234,0.2632,0.2985,0.5238,0.658,0.1605,0.0745,0.0921,0.3433,0.4286,512,1,extracted,0.5,0.1385,0.2273,0.1701,0.0739,0.1149
7,2024,38,1054,71,209,119,0.113,113,0,0.7182,0.5579,0.234,0.2632,0.2985,0.5238,0.658,0.1605,0.0745,0.0921,0.3433,0.4286,512,1,extracted,0.5,0.1385,0.2273,0.1701,0.0739,0.1149
7,2024,39,1054,71,209,119,0.113,113,0,0.7182,0.5579,0.234,0.2632,0.2985,0.5238,0.658,0.1605,0.0745,0.0921,0.3433,0.4286,512,1,extracted,0.5,0.1385,0.2273,0.1701,0.0739,0.1149
7,2024,40,1054,71,209,119,0.113,113,0,0.7182,0.5579,0.234,0.2632,0.2985,0.5238,0.658,0.1605,0.0745,0.0921,0.3433,0.4286,512,1,extracted,0.5,0.1385,0.2273,0.1701,0.0739,0.1149
7,2024,41,1054,71,209,119,0.113,113,0,0.7182,0.5579,0.234,0.2632,0.2985,0.5238,0.658,0.1605,0.0745,0.0921,0.3433,0.4286,512,1,extracted,0.5,0.1385,0.2273,0.1701,0.0739,0.1149
7,2024,42,1054,71,265,161,0.153,145,0,0.7167,0.4655,0.2,0.2414,0.2985,0.4762,0.658,0.1605,0.0745,0.0921,0.3433,0.4286,512,1,extracted,0.4472,0.1384,0.2236,0.1701,0.0739,0.1149
7,2024,43,1054,71,265,161,0.153,145,0,0.7167,0.4655,0.2,0.2414,0.2985,0.4762,0.658,0.1605,0.0745,0.0921,0.3433,0.4286,512,1,extracted,0.4472,0.1384,0.2236,0.1701,0.0739,0.1149
7,2024,44,1054,71,265,161,0.153,145,0,0.7167,0.4655,0.2,0.2414,0.2985,0.4762,0.658,0.1605,0.0745,0.0921,0.3433,0.4286,512,1,extracted,0.4472,0.1384,0.2236,0.1701,0.0739,0.1149
7,2024,45,1054,71,265,161,0.153,145,0,0.7167,0.4655,0.2,0.2414,0.2985,0.4762,0.658,0.1605,0.0745,0.0921,0.3433,0.4286,512,1,extracted,0.4472,0.1384,0.2236,0.1701,0.0739,0.1149
7,2024,46,1054,71,306,184,0.175,165,0,0.7096,0.4444,0.184,0.2381,0.3134,0.5238,0.658,0.1605,0.0745,0.0921,0.3433,0.4286,512,1,extracted,0.4561,0.1302,0.2222,0.1701,0.0739,0.1149
7,2024,47,1054,71,306,184,0.175,165,0,0.7096,0.4444,0.184,0.2381,0.3134,0.5238,0.658,0.1605,0.0745,0.0921,0.3433,0.4286,512,1,extracted,0.4561,0.1302,0.2222,0.1701,0.0739,0.1149
7,2024,48,1054,71,306,184,0.175,165,0,0.7096,0.4444,0.184,0.2381,0.3134,0.5238,0.658,0.1605,0.0745,0.0921,0.3433,0.4286,512,1,extracted,0.4561,0.1302,0.2222,0.1701,0.0739,0.1149
7,2024,49,1054,71,306,184,0.175,165,0,0.7096,0.4444,0.184,0.2381,0.3134,0.5238,0.658,0.1605,0.0745,0.0921,0.3433,0.4286,512,1,extracted,0.4561,0.1302,0.2222,0.1701,0.0739,0.1149
7,2024,50,1054,71,349,214,0.203,189,0,0.6988,0.3789,0.1625,0.2105,0.3134,0.4762,0.658,0.1605,0.0745,0.0921,0.3433,0.4286,512,1,extracted,0.3918,0.125,0.2165,0.1701,0.0739,0.1149
7,2024,51,1054,71,349,214,0.203,189,0,0.6988,0.3789,0.1625,0.2105,0.3134,0.4762,0.658,0.1605,0.0745,0.0921,0.3433,0.4286,512,1,extracted,0.3918,0.125,0.2165,0.1701,0.0739,0.1149
7,2024,52,1054,71,349,214,0.203,189,0,0.6988,0.3789,0.1625,0.2105,0.3134,0.4762,0.658,0.1605,0.0745,0.0921,0.3433,0.4286,512,1,extracted,0.3918,0.125,0.2165,0.1701,0.0739,0.1149
7,2024,53,1054,71,349,214,0.203,189,0,0.6988,0.3789,0.1625,0.2105,0.3134,0.4762,0.658,0.1605,0.0745,0.0921,0.3433,0.4286,512,1,extracted,0.3918,0.125,0.2165,0.1701,0.0739,0.1149
7,2024,54,1054,71,349,214,0.203,189,0,0.6988,0.3789,0.1625,0.2105,0.3134,0.4762,0.658,0.1605,0.0745,0.0921,0.3433,0.4286,512,1,extracted,0.3918,0.125,0.2165,0.1701,0.0739,0.1149
7,2024,55,1054,71,394,244,0.231,212,0,0.6983,0.3683,0.1534,0.2222,0.3284,0.5238,0.658,0.1605,0.0745,0.0921,0.3433,0.4286,512,1,extracted,0.3442,0.1033,0.2047,0.1701,0.0739,0.1149
7,2024,56,1054,71,394,244,0.231,212,0,0.6983,0.3683,0.1534,0.2222,0.3284,0.5238,0.658,0.1605,0.0745,0.0921,0.3433,0.4286,512,1,extracted,0.3442,0.1033,0.2047,0.1701,0.0739,0.1149
7,2024,57,1054,71,394,244,0.231,212,0,0.6983,0.3683,0.1534,0.2222,0.3284,0.5238,0.658,0.1605,0.0745,0.0921,0.3433,0.4286,512,1,extracted,0.3442,0.1033,0.2047,0.1701,0.0739,0.1149
7,2024,58,1054,71,394,244,0.231,212,0,0.6983,0.3683,0.1534,0.2222,0.3284,0.5238,0.658,0.1605,0.0745,0.0921,0.3433,0.4286,512,1,extracted,0.3442,0.1033,0.2047,0.1701,0.0739,0.1149
7,2024,59,1054,71,455,275,0.261,246,0,0.6961,0.3237,0.1512,0.1965,0.3433,0.4762,0.658,0.1605,0.0745,0.0921,0.3433,0.4286,512,1,extracted,0.319,0.1217,0.1983,0.1701,0.0739,0.1149
7,2024,60,1054,71,455,275,0.261,246,0,0.6961,0.3237,0.1512,0.1965,0.3433,0.4762,0.658,0.1605,0.0745,0.0921,0.3433,0.4286,512,1,extracted,0.319,0.1217,0.1983,0.1701,0.0739,0.1149
7,2024,61,1054,71,455,275,0.261,246,0,0.6961,0.3237,0.1512,0.1965,0.3433,0.4762,0.658,0.1605,0.0745,0.0921,0.3433,0.4286,512,1,extracted,0.319,0.1217,0.1983,0.1701,0.0739,0.1149
7,2024,62,1054,71,455,275,0.261,246,0,0.6961,0.3237,0.1512,0.1965,0.3433,0.4762,0.658,0.1605,0.0745,0.0921,0.3433,0.4286,512,1,extracted,0.319,0.1217,0.1983,0.1701,0.0739,0.1149
7,2024,63,1054,71,455,275,0.261,246,0,0.6961,0.3237,0.1512,0.1965,0.3433,0.4762,0.658,0.1605,0.0745,0.0921,0.3433,0.4286,512,1,extracted,0.319,0.1217,0.1983,0.1701,0.0739,0.1149
7,2024,64,1054,71,506,304,0.288,273,0,0.6931,0.2987,0.1394,0.176,0.3433,0.4762,0.658,0.1605,0.0745,0.0921,0.3433,0.4286,512,1,extracted,0.2925,0.1116,0.1818,0.1701,0.0739,0.1149
7,2024,65,1054,71,506,304,0.288,273,0,0.6931,0.2987,0.1394,0.176,0.3433,0.4762,0.658,0.1605,0.0745,0.0921,0.3433,0.4286,512,1,extracted,0.2925,0.1116,0.1818,0.1701,0.0739,0.1149
7,2024,66,1054,71,506,304,0.288,273,0,0.6931,0.2987,0.1394,0.176,0.3433,0.4762,0.658,0.1605,0.0745,0.0921,0.3433,0.4286,512,1,extracted,0.2925,0.1116,0.1818,0.1701,0.0739,0.1149
7,2024,67,1054,71,506,304,0.288,273,0,0.6931,0.2987,0.1394,0.176,0.3433,0.4762,0.658,0.1605,0.0745,0.0921,0.3433,0.4286,512,1,extracted,0.2925,0.1116,0.1818,0.1701,0.0739,0.1149
7,2024,68,1054,71,601,366,0.347,321,0,0.7105,0.2713,0.1663,0.1701,0.4925,0.5714,0.658,0.1605,0.0745,0.0921,0.3433,0.4286,512,1,extracted,0.2828,0.1559,0.1953,0.1701,0.0739,0.1149
7,2024,69,1054,71,601,366,0.347,321,0,0.7105,0.2713,0.1663,0.1701,0.4925,0.5714,0.658,0.1605,0.0745,0.0921,0.3433,0.4286,512,1,extracted,0.2828,0.1559,0.1953,0.1701,0.0739,0.1149
7,2024,70,1054,71,601,366,0.347,321,0,0.7105,0.2713,0.1663,0.1701,0.4925,0.5714,0.658,0.1605,0.0745,0.0921,0.3433,0.4286,512,1,extracted,0.2828,0.1559,0.1953,0.1701,0.0739,0.1149
7,2024,71,1054,71,601,366,0.347,321,0,0.7105,0.2713,0.1663,0.1701,0.4925,0.5714,0.658,0.1605,0.0745,0.0921,0.3433,0.4286,512,1,extracted,0.2828,0.1559,0.1953,0.1701,0.0739,0.1149
7,2024,72,1054,71,641,391,0.371,341,0,0.7045,0.2597,0.1609,0.1515,0.5075,0.619,0.658,0.1605,0.0745,0.0921,0.3433,0.4286,512,1,extracted,0.2722,0.1592,0.1519,0.1701,0.0739,0.1149
7,2024,73,1054,71,641,391,0.371,341,0,0.7045,0.2597,0.1609,0.1515,0.5075,0.619,0.658,0.1605,0.0745,0.0921,0.3433,0.4286,512,1,extracted,0.2722,0.1592,0.1519,0.1701,0.0739,0.1149
7,2024,74,1054,71,641,391,0.371,341,0,0.7045,0.2597,0.1609,0.1515,0.5075,0.619,0.658,0.1605,0.0745,0.0921,0.3433,0.4286,512,1,extracted,0.2722,0.1592,0.1519,0.1701,0.0739,0.1149
7,2024,75,1054,71,641,391,0.371,341,0,0.7045,0.2597,0.1609,0.1515,0.5075,0.619,0.658,0.1605,0.0745,0.0921,0.3433,0.4286,512,1,extracted,0.2722,0.1592,0.1519,0.1701,0.0739,0.1149
7,2024,76,1054,71,641,391,0.371,341,0,0.7045,0.2597,0.1609,0.1515,0.5075,0.619,0.658,0.1605,0.0745,0.0921,0.3433,0.4286,512,1,extracted,0.2722,0.1592,0.1519,0.1701,0.0739,0.1149
7,2024,77,1054,71,697,417,0.396,370,0,0.6995,0.2557,0.1656,0.1608,0.5522,0.619,0.658,0.1605,0.0745,0.0921,0.3433,0.4286,512,1,extracted,0.2606,0.1524,0.1697,0.1701,0.0739,0.1149
7,2024,78,1054,71,697,417,0.396,370,0,0.6995,0.2557,0.1656,0.1608,0.5522,0.619,0.658,0.1605,0.0745,0.0921,0.3433,0.4286,512,1,extracted,0.2606,0.1524,0.1697,0.1701,0.0739,0.1149
7,2024,79,1054,71,697,417,0.396,370,0,0.6995,0.2557,0.1656,0.1608,0.5522,0.619,0.658,0.1605,0.0745,0.0921,0.3433,0.4286,512,1,extracted,0.2606,0.1524,0.1697,0.1701,0.0739,0.1149
7,2024,80,1054,71,697,417,0.396,370,0,0.6995,0.2557,0.1656,0.1608,0.5522,0.619,0.658,0.1605,0.0745,0.0921,0.3433,0.4286,512,1,extracted,0.2606,0.1524,0.1697,0.1701,0.0739,0.1149
7,2024,81,1054,71,739,436,0.414,393,0,0.7034,0.2421,0.1554,0.1508,0.5373,0.5238,0.658,0.1605,0.0745,0.0921,0.3433,0.4286,512,1,extracted,0.2456,0.1471,0.1696,0.1701,0.0739,0.1149
7,2024,82,1054,71,739,436,0.414,393,0,0.7034,0.2421,0.1554,0.1508,0.5373,0.5238,0.658,0.1605,0.0745,0.0921,0.3433,0.4286,512,1,extracted,0.2456,0.1471,0.1696,0.1701,0.0739,0.1149
7,2024,83,1054,71,739,436,0.414,393,0,0.7034,0.2421,0.1554,0.1508,0.5373,0.5238,0.658,0.1605,0.0745,0.0921,0.3433,0.4286,512,1,extracted,0.2456,0.1471,0.1696,0.1701,0.0739,0.1149
7,2024,84,1054,71,739,436,0.414,393,0,0.7034,0.2421,0.1554,0.1508,0.5373,0.5238,0.658,0.1605,0.0745,0.0921,0.3433,0.4286,512,1,extracted,0.2456,0.1471,0.1696,0.1701,0.0739,0.1149
7,2024,85,1054,71,799,476,0.452,423,0,0.6863,0.2239,0.1473,0.1211,0.5522,0.619,0.658,0.1605,0.0745,0.0921,0.3433,0.4286,512,1,extracted,0.2404,0.1484,0.1421,0.1701,0.0739,0.1149
7,2024,86,1054,71,799,476,0.452,423,0,0.6863,0.2239,0.1473,0.1211,0.5522,0.619,0.658,0.1605,0.0745,0.0921,0.3433,0.4286,512,1,extracted,0.2404,0.1484,0.1421,0.1701,0.0739,0.1149
7,2024,87,1054,71,799,476,0.452,423,0,0.6863,0.2239,0.1473,0.1211,0.5522,0.619,0.658,0.1605,0.0745,0.0921,0.3433,0.4286,512,1,extracted,0.2404,0.1484,0.1421,0.1701,0.0739,0.1149
7,2024,88,1054,71,799,476,0.452,423,0,0.6863,0.2239,0.1473,0.1211,0.5522,0.619,0.658,0.1605,0.0745,0.0921,0.3433,0.4286,512,1,extracted,0.2404,0.1484,0.1421,0.1701,0.0739,0.1149
7,2024,89,1054,71,799,476,0.452,423,0,0.6863,0.2239,0.1473,0.1211,0.5522,0.619,0.658,0.1605,0.0745,0.0921,0.3433,0.4286,512,1,extracted,0.2404,0.1484,0.1421,0.1701,0.0739,0.1149
7,2024,90,1054,71,856,509,0.483,449,0,0.6783,0.2092,0.1281,0.1312,0.4925,0.5714,0.658,0.1605,0.0745,0.0921,0.3433,0.4286,512,1,extracted,0.2485,0.1369,0.1538,0.1701,0.0739,0.1149
7,2024,91,1054,71,856,509,0.483,449,0,0.6783,0.2092,0.1281,0.1312,0.4925,0.5714,0.658,0.1605,0.0745,0.0921,0.3433,0.4286,512,1,extracted,0.2485,0.1369,0.1538,0.1701,0.0739,0.1149
7,2024,92,1054,71,856,509,0.483,449,0,0.6783,0.2092,0.1281,0.1312,0.4925,0.5714,0.658,0.1605,0.0745,0.0921,0.3433,0.4286,512,1,extracted,0.2485,0.1369,0.1538,0.1701,0.0739,0.1149
7,2024,93,1054,71,856,509,0.483,449,0,0.6783,0.2092,0.1281,0.1312,0.4925,0.5714,0.658,0.1605,0.0745,0.0921,0.3433,0.4286,512,1,extracted,0.2485,0.1369,0.1538,0.1701,0.0739,0.1149
7,2024,94,1054,71,930,559,0.53,486,0,0.6405,0.1538,0.074,0.109,0.3134,0.3333,0.658,0.1605,0.0745,0.0921,0.3433,0.4286,512,1,extracted,0.1799,0.0827,0.1234,0.1701,0.0739,0.1149
7,2024,95,1054,71,930,559,0.53,486,0,0.6405,0.1538,0.074,0.109,0.3134,0.3333,0.658,0.1605,0.0745,0.0921,0.3433,0.4286,512,1,extracted,0.1799,0.0827,0.1234,0.1701,0.0739,0.1149
7,2024,96,1054,71,930,559,0.53,486,0,0.6405,0.1538,0.074,0.109,0.3134,0.3333,0.658,0.1605,0.0745,0.0921,0.3433,0.4286,512,1,extracted,0.1799,0.0827,0.1234,0.1701,0.0739,0.1149
7,2024,97,1054,71,930,559,0.53,486,0,0.6405,0.1538,0.074,0.109,0.3134,0.3333,0.658,0.1605,0.0745,0.0921,0.3433,0.4286,512,1,extracted,0.1799,0.0827,0.1234,0.1701,0.0739,0.1149
7,2024,98,1054,71,1039,618,0.586,512,1,0.6776,0.1691,0.0848,0.1108,0.3881,0.4762,0.658,0.1605,0.0745,0.0921,0.3433,0.4286,512,1,extracted,0.1818,0.0868,0.1227,0.1701,0.0739,0.1149
7,2024,99,1054,71,1039,618,0.586,512,1,0.6776,0.1691,0.0848,0.1108,0.3881,0.4762,0.658,0.1605,0.0745,0.0921,0.3433,0.4286,512,1,extracted,0.1818,0.0868,0.1227,0.1701,0.0739,0.1149
7,2024,100,1054,71,1039,618,0.586,512,1,0.6776,0.1691,0.0848,0.1108,0.3881,0.4762,0.658,0.1605,0.0745,0.0921,0.3433,0.4286,512,1,extracted,0.1818,0.0868,0.1227,0.1701,0.0739,0.1149
8,2024,1,905,77,27,27,0.03,15,0,0.7048,0.2692,0.0588,0.1731,0.0411,0.1,0.6638,0.1761,0.08,0.1229,0.3151,0.45,456,0,extracted,0.254,0.0656,0.2222,0.1485,0.0427,0.122
8,2024,2,905,77,27,27,0.03,15,0,0.7048,0.2692,0.0588,0.1731,0.0411,0.1,0.6638,0.1761,0.08,0.1229,0.3151,0.45,456,0,extracted,0.254,0.0656,0.2222,0.1485,0.0427,0.122
8,2024,3,905,77,27,27,0.03,15,0,0.7048,0.2692,0.0588,0.1731,0.0411,0.1,0.6638,0.1761,0.08,0.1229,0.3151,0.45,456,0,extracted,0.254,0.0656,0.2222,0.1485,0.0427,0.122
8,2024,4,905,77,27,27,0.03,15,0,0.7048,0.2692,0.0588,0.1731,0.0411,0.1,0.6638,0.1761,0.08,0.1229,0.3151,0.45,456,0,extracted,0.254,0.0656,0.2222,0.1485,0.0427,0.122
8,2024,5,905,77,27,27,0.03,15,0,0.7048,0.2692,0.0588,0.1731,0.0411,0.1,0.6638,0.1761,0.08,0.1229,0.3151,0.45,456,0,extracted,0.254,0.0656,0.2222,0.1485,0.0427,0.122
8,2024,6,905,77,27,27,0.03,15,0,0.7048,0.2692,0.0588,0.1731,0.0411,0.1,0.6638,0.1761,0.08,0.1229,0.3151,0.45,456,0,extracted,0.254,0.0656,0.2222,0.1485,0.0427,0.122
8,2024,7,905,77,27,27,0.03,15,0,0.7048,0.2692,0.0588,0.1731,0.0411,0.1,0.6638,0.1761,0.08,0.1229,0.3151,0.45,456,0,extracted,0.254,0.0656,0.2222,0.1485,0.0427,0.122
8,2024,8,905,77,27,27,0.03,15,0,0.7048,0.2692,0.0588,0.1731,0.0411,0.1,0.6638,0.1761,0.08,0.1229,0.3151,0.45,456,0,extracted,0.254,0.0656,0.2222,0.1485,0.0427,0.122
8,2024,9,905,77,27,27,0.03,15,0,0.7048,0.2692,0.0588,0.1731,0.0411,0.1,0.6638,0.1761,0.08,0.1229,0.3151,0.45,456,0,extracted,0.254,0.0656,0.2222,0.1485,0.0427,0.122
8,2024,10,905,77,60,39,0.043,29,0,0.6961,0.3103,0.0877,0.1552,0.0685,0.15,0.6638,0.1761,0.08,0.1229,0.3151,0.45,456,0,extracted,0.3099,0.087,0.1972,0.1485,0.0427,0.122
8,2024,11,905,77,60,39,0.043,29,0,0.6961,0.3103,0.0877,0.1552,0.0685,0.15,0.6638,0.1761,0.08,0.1229,0.3151,0.45,456,0,extracted,0.3099,0.087,0.1972,0.1485,0.0427,0.122
8,2024,12,905,77,60,39,0.043,29,0,0.6961,0.3103,0.0877,0.1552,0.0685,0.15,0.6638,0.1761,0.08,0.1229,0.3151,0.45,456,0,extracted,0.3099,0.087,0.1972,0.1485,0.0427,0.122
8,2024,13,905,77,60,39,0.043,29,0,0.6961,0.3103,0.0877,0.1552,0.0685,0.15,0.6638,0.1761,0.08,0.1229,0.3151,0.45,456,0,extracted,0.3099,0.087,0.1972,0.1485,0.0427,0.122
8,2024,14,905,77,60,39,0.043,29,0,0.6961,0.3103,0.0877,0.1552,0.0685,0.15,0.6638,0.1761,0.08,0.1229,0.3151,0.45,456,0,extracted,0.3099,0.087,0.1972,0.1485,0.0427,0.122
8,2024,15,905,77,60,39,0.043,29,0,0.6961,0.3103,0.0877,0.1552,0.0685,0.15,0.6638,0.1761,0.08,0.1229,0.3151,0.45,456,0,extracted,0.3099,0.087,0.1972,0.1485,0.0427,0.122
8,2024,16,905,77,60,39,0.043,29,0,0.6961,0.3103,0.0877,0.1552,0.0685,0.15,0.6638,0.1761,0.08,0.1229,0.3151,0.45,456,0,extracted,0.3099,0.087,0.1972,0.1485,0.0427,0.122
8,2024,17,905,77,116,64,0.071,56,0,0.7037,0.4714,0.2174,0.2714,0.1918,0.25,0.6638,0.1761,0.08,0.1229,0.3151,0.45,456,0,extracted,0.4198,0.0759,0.2222,0.1485,0.0427,0.122
8,2024,18,905,77,116,64,0.071,56,0,0.7037,0.4714,0.2174,0.2714,0.1918,0.25,0.6638,0.1761,0.08,0.1229,0.3151,0.45,456,0,extracted,0.4198,0.0759,0.2222,0.1485,0.0427,0.122
8,2024,19,905,77,116,64,0.071,56,0,0.7037,0.4714,0.2174,0.2714,0.1918,0.25,0.6638,0.1761,0.08,0.1229,0.3151,0.45,456,0,extracted,0.4198,0.0759,0.2222,0.1485,0.0427,0.122
8,2024,20,905,77,116,64,0.071,56,0,0.7037,0.4714,0.2174,0.2714,0.1918,0.25,0.6638,0.1761,0.08,0.1229,0.3151,0.45,456,0,extracted,0.4198,0.0759,0.2222,0.1485,0.0427,0.122
8,2024,21,905,77,116,64,0.071,56,0,0.7037,0.4714,0.2174,0.2714,0.1918,0.25,0.6638,0.1761,0.08,0.1229,0.3151,0.45,456,0,extracted,0.4198,0.0759,0.2222,0.1485,0.0427,0.122
8,2024,22,905,77,116,64,0.071,56,0,0.7037,0.4714,0.2174,0.2714,0.1918,0.25,0.6638,0.1761,0.08,0.1229,0.3151,0.45,456,0,extracted,0.4198,0.0759,0.2222,0.1485,0.0427,0.122
8,2024,23,905,77,116,64,0.071,56,0,0.7037,0.4714,0.2174,0.2714,0.1918,0.25,0.6638,0.1761,0.08,0.1229,0.3151,0.45,456,0,extracted,0.4198,0.0759,0.2222,0.1485,0.0427,0.122
8,2024,24,905,77,175,104,0.115,87,0,0.6914,0.3204,0.0894,0.1547,0.1096,0.25,0.6638,0.1761,0.08,0.1229,0.3151,0.45,456,0,extracted,0.3729,0.0517,0.2034,0.1485,0.0427,0.122
8,2024,25,905,77,175,104,0.115,87,0,0.6914,0.3204,0.0894,0.1547,0.1096,0.25,0.6638,0.1761,0.08,0.1229,0.3151,0.45,456,0,extracted,0.3729,0.0517,0.2034,0.1485,0.0427,0.122
8,2024,26,905,77,175,104,0.115,87,0,0.6914,0.3204,0.0894,0.1547,0.1096,0.25,0.6638,0.1761,0.08,0.1229,0.3151,0.45,456,0,extracted,0.3729,0.0517,0.2034,0.1485,0.0427,0.122
8,2024,27,905,77,175,104,0.115,87,0,0.6914,0.3204,0.0894,0.1547,0.1096,0.25,0.6638,0.1761,0.08,0.1229,0.3151,0.45,456,0,extracted,0.3729,0.0517,0.2034,0.1485,0.0427,0.122
8,2024,28,905,77,175,104,0.115,87,0,0.6914,0.3204,0.0894,0.1547,0.1096,0.25,0.6638,0.1761,0.08,0.1229,0.3151,0.45,456,0,extracted,0.3729,0.0517,0.2034,0.1485,0.0427,0.122
8,2024,29,905,77,175,104,0.115,87,0,0.6914,0.3204,0.0894,0.1547,0.1096,0.25,0.6638,0.1761,0.08,0.1229,0.3151,0.45,456,0,extracted,0.3729,0.0517,0.2034,0.1485,0.0427,0.122
8,2024,30,905,77,175,104,0.115,87,0,0.6914,0.3204,0.0894,0.1547,0.1096,0.25,0.6638,0.1761,0.08,0.1229,0.3151,0.45,456,0,extracted,0.3729,0.0517,0.2034,0.1485,0.0427,0.122
8,2024,31,905,77,215,119,0.131,107,0,0.7085,0.3878,0.1134,0.1735,0.1507,0.25,0.6638,0.1761,0.08,0.1229,0.3151,0.45,456,0,extracted,0.3529,0.0342,0.2017,0.1485,0.0427,0.122
8,2024,32,905,77,215,119,0.131,107,0,0.7085,0.3878,0.1134,0.1735,0.1507,0.25,0.6638,0.1761,0.08,0.1229,0.3151,0.45,456,0,extracted,0.3529,0.0342,0.2017,0.1485,0.0427,0.122
8,2024,33,905,77,215,119,0.131,107,0,0.7085,0.3878,0.1134,0.1735,0.1507,0.25,0.6638,0.1761,0.08,0.1229,0.3151,0.45,456,0,extracted,0.3529,0.0342,0.2017,0.1485,0.0427,0.122
8,2024,34,905,77,215,119,0.131,107,0,0.7085,0.3878,0.1134,0.1735,0.1507,0.25,0.6638,0.1761,0.08,0.1229,0.3151,0.45,456,0,extracted,0.3529,0.0342,0.2017,0.1485,0.0427,0.122
8,2024,35,905,77,215,119,0.131,107,0,0.7085,0.3878,0.1134,0.1735,0.1507,0.25,0.6638,0.1761,0.08,0.1229,0.3151,0.45,456,0,extracted,0.3529,0.0342,0.2017,0.1485,0.0427,0.122
8,2024,36,905,77,215,119,0.131,107,0,0.7085,0.3878,0.1134,0.1735,0.1507,0.25,0.6638,0.1761,0.08,0.1229,0.3151,0.45,456,0,extracted,0.3529,0.0342,0.2017,0.1485,0.0427,0.122
8,2024,37,905,77,263,149,0.165,130,0,0.6981,0.354,0.0804,0.1327,0.1233,0.2,0.6638,0.1761,0.08,0.1229,0.3151,0.45,456,0,extracted,0.3,0.0145,0.1429,0.1485,0.0427,0.122
8,2024,38,905,77,263,149,0.165,130,0,0.6981,0.354,0.0804,0.1327,0.1233,0.2,0.6638,0.1761,0.08,0.1229,0.3151,0.45,456,0,extracted,0.3,0.0145,0.1429,0.1485,0.0427,0.122
8,2024,39,905,77,263,149,0.165,130,0,0.6981,0.354,0.0804,0.1327,0.1233,0.2,0.6638,0.1761,0.08,0.1229,0.3151,0.45,456,0,extracted,0.3,0.0145,0.1429,0.1485,0.0427,0.122
8,2024,40,905,77,263,149,0.165,130,0,0.6981,0.354,0.0804,0.1327,0.1233,0.2,0.6638,0.1761,0.08,0.1229,0.3151,0.45,456,0,extracted,0.3,0.0145,0.1429,0.1485,0.0427,0.122
8,2024,41,905,77,263,149,0.165,130,0,0.6981,0.354,0.0804,0.1327,0.1233,0.2,0.6638,0.1761,0.08,0.1229,0.3151,0.45,456,0,extracted,0.3,0.0145,0.1429,0.1485,0.0427,0.122
8,2024,42,905,77,263,149,0.165,130,0,0.6981,0.354,0.0804,0.1327,0.1233,0.2,0.6638,0.1761,0.08,0.1229,0.3151,0.45,456,0,extracted,0.3,0.0145,0.1429,0.1485,0.0427,0.122
8,2024,43,905,77,263,149,0.165,130,0,0.6981,0.354,0.0804,0.1327,0.1233,0.2,0.6638,0.1761,0.08,0.1229,0.3151,0.45,456,0,extracted,0.3,0.0145,0.1429,0.1485,0.0427,0.122
8,2024,44,905,77,314,186,0.206,159,0,0.6784,0.313,0.0923,0.145,0.1644,0.25,0.6638,0.1761,0.08,0.1229,0.3151,0.45,456,0,extracted,0.271,0.0392,0.1806,0.1485,0.0427,0.122
8,2024,45,905,77,314,186,0.206,159,0,0.6784,0.313,0.0923,0.145,0.1644,0.25,0.6638,0.1761,0.08,0.1229,0.3151,0.45,456,0,extracted,0.271,0.0392,0.1806,0.1485,0.0427,0.122
8,2024,46,905,77,314,186,0.206,159,0,0.6784,0.313,0.0923,0.145,0.1644,0.25,0.6638,0.1761,0.08,0.1229,0.3151,0.45,456,0,extracted,0.271,0.0392,0.1806,0.1485,0.0427,0.122
8,2024,47,905,77,314,186,0.206,159,0,0.6784,0.313,0.0923,0.145,0.1644,0.25,0.6638,0.1761,0.08,0.1229,0.3151,0.45,456,0,extracted,0.271,0.0392,0.1806,0.1485,0.0427,0.122
8,2024,48,905,77,314,186,0.206,159,0,0.6784,0.313,0.0923,0.145,0.1644,0.25,0.6638,0.1761,0.08,0.1229,0.3151,0.45,456,0,extracted,0.271,0.0392,0.1806,0.1485,0.0427,0.122
8,2024,49,905,77,314,186,0.206,159,0,0.6784,0.313,0.0923,0.145,0.1644,0.25,0.6638,0.1761,0.08,0.1229,0.3151,0.45,456,0,extracted,0.271,0.0392,0.1806,0.1485,0.0427,0.122
8,2024,50,905,77,400,249,0.275,209,0,0.6868,0.2708,0.1238,0.1354,0.2603,0.3,0.6638,0.1761,0.08,0.1229,0.3151,0.45,456,0,extracted,0.2277,0.06,0.1485,0.1485,0.0427,0.122
8,2024,51,905,77,400,249,0.275,209,0,0.6868,0.2708,0.1238,0.1354,0.2603,0.3,0.6638,0.1761,0.08,0.1229,0.3151,0.45,456,0,extracted,0.2277,0.06,0.1485,0.1485,0.0427,0.122
8,2024,52,905,77,400,249,0.275,209,0,0.6868,0.2708,0.1238,0.1354,0.2603,0.3,0.6638,0.1761,0.08,0.1229,0.3151,0.45,456,0,extracted,0.2277,0.06,0.1485,0.1485,0.0427,0.122
8,2024,53,905,77,400,249,0.275,209,0,0.6868,0.2708,0.1238,0.1354,0.2603,0.3,0.6638,0.1761,0.08,0.1229,0.3151,0.45,456,0,extracted,0.2277,0.06,0.1485,0.1485,0.0427,0.122
8,2024,54,905,77,400,249,0.275,209,0,0.6868,0.2708,0.1238,0.1354,0.2603,0.3,0.6638,0.1761,0.08,0.1229,0.3151,0.45,456,0,extracted,0.2277,0.06,0.1485,0.1485,0.0427,0.122
8,2024,55,905,77,400,249,0.275,209,0,0.6868,0.2708,0.1238,0.1354,0.2603,0.3,0.6638,0.1761,0.08,0.1229,0.3151,0.45,456,0,extracted,0.2277,0.06,0.1485,0.1485,0.0427,0.122
8,2024,56,905,77,400,249,0.275,209,0,0.6868,0.2708,0.1238,0.1354,0.2603,0.3,0.6638,0.1761,0.08,0.1229,0.3151,0.45,456,0,extracted,0.2277,0.06,0.1485,0.1485,0.0427,0.122
8,2024,57,905,77,445,259,0.286,234,0,0.678,0.2446,0.0554,0.0979,0.1233,0.25,0.6638,0.1761,0.08,0.1229,0.3151,0.45,456,0,extracted,0.2472,0.0,0.1348,0.1485,0.0427,0.122
8,2024,58,905,77,445,259,0.286,234,0,0.678,0.2446,0.0554,0.0979,0.1233,0.25,0.6638,0.1761,0.08,0.1229,0.3151,0.45,456,0,extracted,0.2472,0.0,0.1348,0.1485,0.0427,0.122
8,2024,59,905,77,445,259,0.286,234,0,0.678,0.2446,0.0554,0.0979,0.1233,0.25,0.6638,0.1761,0.08,0.1229,0.3151,0.45,456,0,extracted,0.2472,0.0,0.1348,0.1485,0.0427,0.122
8,2024,60,905,77,445,259,0.286,234,0,0.678,0.2446,0.0554,0.0979,0.1233,0.25,0.6638,0.1761,0.08,0.1229,0.3151,0.45,456,0,extracted,0.2472,0.0,0.1348,0.1485,0.0427,0.122
8,2024,61,905,77,445,259,0.286,234,0,0.678,0.2446,0.0554,0.0979,0.1233,0.25,0.6638,0.1761,0.08,0.1229,0.3151,0.45,456,0,extracted,0.2472,0.0,0.1348,0.1485,0.0427,0.122
8,2024,62,905,77,445,259,0.286,234,0,0.678,0.2446,0.0554,0.0979,0.1233,0.25,0.6638,0.1761,0.08,0.1229,0.3151,0.45,456,0,extracted,0.2472,0.0,0.1348,0.1485,0.0427,0.122
8,2024,63,905,77,445,259,0.286,234,0,0.678,0.2446,0.0554,0.0979,0.1233,0.25,0.6638,0.1761,0.08,0.1229,0.3151,0.45,456,0,extracted,0.2472,0.0,0.1348,0.1485,0.0427,0.122
8,2024,64,905,77,496,286,0.316,257,0,0.6732,0.25,0.0914,0.1023,0.2192,0.3,0.6638,0.1761,0.08,0.1229,0.3151,0.45,456,0,extracted,0.246,0.0216,0.1497,0.1485,0.0427,0.122
8,2024,65,905,77,496,286,0.316,257,0,0.6732,0.25,0.0914,0.1023,0.2192,0.3,0.6638,0.1761,0.08,0.1229,0.3151,0.45,456,0,extracted,0.246,0.0216,0.1497,0.1485,0.0427,0.122
8,2024,66,905,77,496,286,0.316,257,0,0.6732,0.25,0.0914,0.1023,0.2192,0.3,0.6638,0.1761,0.08,0.1229,0.3151,0.45,456,0,extracted,0.246,0.0216,0.1497,0.1485,0.0427,0.122
8,2024,67,905,77,496,286,0.316,257,0,0.6732,0.25,0.0914,0.1023,0.2192,0.3,0.6638,0.1761,0.08,0.1229,0.3151,0.45,456,0,extracted,0.246,0.0216,0.1497,0.1485,0.0427,0.122
8,2024,68,905,77,496,286,0.316,257,0,0.6732,0.25,0.0914,0.1023,0.2192,0.3,0.6638,0.1761,0.08,0.1229,0.3151,0.45,456,0,extracted,0.246,0.0216,0.1497,0.1485,0.0427,0.122
8,2024,69,905,77,496,286,0.316,257,0,0.6732,0.25,0.0914,0.1023,0.2192,0.3,0.6638,0.1761,0.08,0.1229,0.3151,0.45,456,0,extracted,0.246,0.0216,0.1497,0.1485,0.0427,0.122
8,2024,70,905,77,496,286,0.316,257,0,0.6732,0.25,0.0914,0.1023,0.2192,0.3,0.6638,0.1761,0.08,0.1229,0.3151,0.45,456,0,extracted,0.246,0.0216,0.1497,0.1485,0.0427,0.122
8,2024,71,905,77,592,356,0.393,299,0,0.6805,0.2454,0.107,0.1481,0.3014,0.45,0.6638,0.1761,0.08,0.1229,0.3151,0.45,456,0,extracted,0.2105,0.053,0.1278,0.1485,0.0427,0.122
8,2024,72,905,77,592,356,0.393,299,0,0.6805,0.2454,0.107,0.1481,0.3014,0.45,0.6638,0.1761,0.08,0.1229,0.3151,0.45,456,0,extracted,0.2105,0.053,0.1278,0.1485,0.0427,0.122
8,2024,73,905,77,592,356,0.393,299,0,0.6805,0.2454,0.107,0.1481,0.3014,0.45,0.6638,0.1761,0.08,0.1229,0.3151,0.45,456,0,extracted,0.2105,0.053,0.1278,0.1485,0.0427,0.122
8,2024,74,905,77,592,356,0.393,299,0,0.6805,0.2454,0.107,0.1481,0.3014,0.45,0.6638,0.1761,0.08,0.1229,0.3151,0.45,456,0,extracted,0.2105,0.053,0.1278,0.1485,0.0427,0.122
8,2024,75,905,77,592,356,0.393,299,0,0.6805,0.2454,0.107,0.1481,0.3014,0.45,0.6638,0.1761,0.08,0.1229,0.3151,0.45,456,0,extracted,0.2105,0.053,0.1278,0.1485,0.0427,0.122
8,2024,76,905,77,592,356,0.393,299,0,0.6805,0.2454,0.107,0.1481,0.3014,0.45,0.6638,0.1761,0.08,0.1229,0.3151,0.45,456,0,extracted,0.2105,0.053,0.1278,0.1485,0.0427,0.122
8,2024,77,905,77,661,393,0.434,331,0,0.6957,0.2603,0.1525,0.1518,0.4521,0.65,0.6638,0.1761,0.08,0.1229,0.3151,0.45,456,0,extracted,0.2406,0.0909,0.1504,0.1485,0.0427,0.122
8,2024,78,905,77,661,393,0.434,331,0,0.6957,0.2603,0.1525,0.1518,0.4521,0.65,0.6638,0.1761,0.08,0.1229,0.3151,0.45,456,0,extracted,0.2406,0.0909,0.1504,0.1485,0.0427,0.122
8,2024,79,905,77,661,393,0.434,331,0,0.6957,0.2603,0.1525,0.1518,0.4521,0.65,0.6638,0.1761,0.08,0.1229,0.3151,0.45,456,0,extracted,0.2406,0.0909,0.1504,0.1485,0.0427,0.122
8,2024,80,905,77,661,393,0.434,331,0,0.6957,0.2603,0.1525,0.1518,0.4521,0.65,0.6638,0.1761,0.08,0.1229,0.3151,0.45,456,0,extracted,0.2406,0.0909,0.1504,0.1485,0.0427,0.122
8,2024,81,905,77,661,393,0.434,331,0,0.6957,0.2603,0.1525,0.1518,0.4521,0.65,0.6638,0.1761,0.08,0.1229,0.3151,0.45,456,0,extracted,0.2406,0.0909,0.1504,0.1485,0.0427,0.122
8,2024,82,905,77,661,393,0.434,331,0,0.6957,0.2603,0.1525,0.1518,0.4521,0.65,0.6638,0.1761,0.08,0.1229,0.3151,0.45,456,0,extracted,0.2406,0.0909,0.1504,0.1485,0.0427,0.122
8,2024,83,905,77,661,393,0.434,331,0,0.6957,0.2603,0.1525,0.1518,0.4521,0.65,0.6638,0.1761,0.08,0.1229,0.3151,0.45,456,0,extracted,0.2406,0.0909,0.1504,0.1485,0.0427,0.122
8,2024,84,905,77,743,445,0.492,375,0,0.6729,0.2218,0.1172,0.1323,0.3836,0.6,0.6638,0.1761,0.08,0.1229,0.3151,0.45,456,0,extracted,0.1987,0.08,0.1325,0.1485,0.0427,0.122
8,2024,85,905,77,743,445,0.492,375,0,0.6729,0.2218,0.1172,0.1323,0.3836,0.6,0.6638,0.1761,0.08,0.1229,0.3151,0.45,456,0,extracted,0.1987,0.08,0.1325,0.1485,0.0427,0.122
8,2024,86,905,77,743,445,0.492,375,0,0.6729,0.2218,0.1172,0.1323,0.3836,0.6,0.6638,0.1761,0.08,0.1229,0.3151,0.45,456,0,extracted,0.1987,0.08,0.1325,0.1485,0.0427,0.122
8,2024,87,905,77,743,445,0.492,375,0,0.6729,0.2218,0.1172,0.1323,0.3836,0.6,0.6638,0.1761,0.08,0.1229,0.3151,0.45,456,0,extracted,0.1987,0.08,0.1325,0.1485,0.0427,0.122
8,2024,88,905,77,743,445,0.492,375,0,0.6729,0.2218,0.1172,0.1323,0.3836,0.6,0.6638,0.1761,0.08,0.1229,0.3151,0.45,456,0,extracted,0.1987,0.08,0.1325,0.1485,0.0427,0.122
8,2024,89,905,77,743,445,0.492,375,0,0.6729,0.2218,0.1172,0.1323,0.3836,0.6,0.6638,0.1761,0.08,0.1229,0.3151,0.45,456,0,extracted,0.1987,0.08,0.1325,0.1485,0.0427,0.122
8,2024,90,905,77,821,508,0.561,415,0,0.6817,0.2134,0.114,0.1446,0.4247,0.6,0.6638,0.1761,0.08,0.1229,0.3151,0.45,456,0,extracted,0.1761,0.08,0.1364,0.1485,0.0427,0.122
8,2024,91,905,77,821,508,0.561,415,0,0.6817,0.2134,0.114,0.1446,0.4247,0.6,0.6638,0.1761,0.08,0.1229,0.3151,0.45,456,0,extracted,0.1761,0.08,0.1364,0.1485,0.0427,0.122
8,2024,92,905,77,821,508,0.561,415,0,0.6817,0.2134,0.114,0.1446,0.4247,0.6,0.6638,0.1761,0.08,0.1229,0.3151,0.45,456,0,extracted,0.1761,0.08,0.1364,0.1485,0.0427,0.122
8,2024,93,905,77,821,508,0.561,415,0,0.6817,0.2134,0.114,0.1446,0.4247,0.6,0.6638,0.1761,0.08,0.1229,0.3151,0.45,456,0,extracted,0.1761,0.08,0.1364,0.1485,0.0427,0.122
8,2024,94,905,77,821,508,0.561,415,0,0.6817,0.2134,0.114,0.1446,0.4247,0.6,0.6638,0.1761,0.08,0.1229,0.3151,0.45,456,0,extracted,0.1761,0.08,0.1364,0.1485,0.0427,0.122
8,2024,95,905,77,821,508,0.561,415,0,0.6817,0.2134,0.114,0.1446,0.4247,0.6,0.6638,0.1761,0.08,0.1229,0.3151,0.45,456,0,extracted,0.1761,0.08,0.1364,0.1485,0.0427,0.122
8,2024,96,905,77,821,508,0.561,415,0,0.6817,0.2134,0.114,0.1446,0.4247,0.6,0.6638,0.1761,0.08,0.1229,0.3151,0.45,456,0,extracted,0.1761,0.08,0.1364,0.1485,0.0427,0.122
8,2024,97,905,77,896,555,0.613,447,0,0.682,0.1997,0.1049,0.1553,0.4384,0.65,0.6638,0.1761,0.08,0.1229,0.3151,0.45,456,0,extracted,0.1596,0.0501,0.1197,0.1485,0.0427,0.122
8,2024,98,905,77,896,555,0.613,447,0,0.682,0.1997,0.1049,0.1553,0.4384,0.65,0.6638,0.1761,0.08,0.1229,0.3151,0.45,456,0,extracted,0.1596,0.0501,0.1197,0.1485,0.0427,0.122
8,2024,99,905,77,896,555,0.613,447,0,0.682,0.1997,0.1049,0.1553,0.4384,0.65,0.6638,0.1761,0.08,0.1229,0.3151,0.45,456,0,extracted,0.1596,0.0501,0.1197,0.1485,0.0427,0.122
8,2024,100,905,77,896,555,0.613,447,0,0.682,0.1997,0.1049,0.1553,0.4384,0.65,0.6638,0.1761,0.08,0.1229,0.3151,0.45,456,0,extracted,0.1596,0.0501,0.1197,0.1485,0.0427,0.122
9,2024,1,895,100,29,29,0.032,14,0,0.6686,0.2326,0.0315,0.155,0.0204,0.0714,0.6549,0.1994,0.0862,0.1074,0.2755,0.3571,395,0,extracted,0.1667,0.0244,0.1429,0.202,0.0693,0.1281
9,2024,2,895,100,29,29,0.032,14,0,0.6686,0.2326,0.0315,0.155,0.0204,0.0714,0.6549,0.1994,0.0862,0.1074,0.2755,0.3571,395,0,extracted,0.1667,0.0244,0.1429,0.202,0.0693,0.1281
9,2024,3,895,100,29,29,0.032,14,0,0.6686,0.2326,0.0315,0.155,0.0204,0.0714,0.6549,0.1994,0.0862,0.1074,0.2755,0.3571,395,0,extracted,0.1667,0.0244,0.1429,0.202,0.0693,0.1281
9,2024,4,895,100,29,29,0.032,14,0,0.6686,0.2326,0.0315,0.155,0.0204,0.0714,0.6549,0.1994,0.0862,0.1074,0.2755,0.3571,395,0,extracted,0.1667,0.0244,0.1429,0.202,0.0693,0.1281
9,2024,5,895,100,29,29,0.032,14,0,0.6686,0.2326,0.0315,0.155,0.0204,0.0714,0.6549,0.1994,0.0862,0.1074,0.2755,0.3571,395,0,extracted,0.1667,0.0244,0.1429,0.202,0.0693,0.1281
9,2024,6,895,100,29,29,0.032,14,0,0.6686,0.2326,0.0315,0.155,0.0204,0.0714,0.6549,0.1994,0.0862,0.1074,0.2755,0.3571,395,0,extracted,0.1667,0.0244,0.1429,0.202,0.0693,0.1281
9,2024,7,895,100,29,29,0.032,14,0,0.6686,0.2326,0.0315,0.155,0.0204,0.0714,0.6549,0.1994,0.0862,0.1074,0.2755,0.3571,395,0,extracted,0.1667,0.0244,0.1429,0.202,0.0693,0.1281
9,2024,8,895,100,29,29,0.032,14,0,0.6686,0.2326,0.0315,0.155,0.0204,0.0714,0.6549,0.1994,0.0862,0.1074,0.2755,0.3571,395,0,extracted,0.1667,0.0244,0.1429,0.202,0.0693,0.1281
9,2024,9,895,100,29,29,0.032,14,0,0.6686,0.2326,0.0315,0.155,0.0204,0.0714,0.6549,0.1994,0.0862,0.1074,0.2755,0.3571,395,0,extracted,0.1667,0.0244,0.1429,0.202,0.0693,0.1281
9,2024,10,895,100,57,43,0.048,27,0,0.6559,0.2657,0.0709,0.1259,0.051,0.1429,0.6549,0.1994,0.0862,0.1074,0.2755,0.3571,395,0,extracted,0.2609,0.0667,0.1739,0.202,0.0693,0.1281
9,2024,11,895,100,57,43,0.048,27,0,0.6559,0.2657,0.0709,0.1259,0.051,0.1429,0.6549,0.1994,0.0862,0.1074,0.2755,0.3571,395,0,extracted,0.2609,0.0667,0.1739,0.202,0.0693,0.1281
9,2024,12,895,100,57,43,0.048,27,0,0.6559,0.2657,0.0709,0.1259,0.051,0.1429,0.6549,0.1994,0.0862,0.1074,0.2755,0.3571,395,0,extracted,0.2609,0.0667,0.1739,0.202,0.0693,0.1281
9,2024,13,895,100,57,43,0.048,27,0,0.6559,0.2657,0.0709,0.1259,0.051,0.1429,0.6549,0.1994,0.0862,0.1074,0.2755,0.3571,395,0,extracted,0.2609,0.0667,0.1739,0.202,0.0693,0.1281
9,2024,14,895,100,57,43,0.048,27,0,0.6559,0.2657,0.0709,0.1259,0.051,0.1429,0.6549,0.1994,0.0862,0.1074,0.2755,0.3571,395,0,extracted,0.2609,0.0667,0.1739,0.202,0.0693,0.1281
9,2024,15,895,100,57,43,0.048,27,0,0.6559,0.2657,0.0709,0.1259,0.051,0.1429,0.6549,0.1994,0.0862,0.1074,0.2755,0.3571,395,0,extracted,0.2609,0.0667,0.1739,0.202,0.0693,0.1281
9,2024,16,895,100,99,62,0.069,49,0,0.668,0.3086,0.075,0.1235,0.0612,0.1429,0.6549,0.1994,0.0862,0.1074,0.2755,0.3571,395,0,extracted,0.2857,0.0777,0.1524,0.202,0.0693,0.1281
9,2024,17,895,100,99,62,0.069,49,0,0.668,0.3086,0.075,0.1235,0.0612,0.1429,0.6549,0.1994,0.0862,0.1074,0.2755,0.3571,395,0,extracted,0.2857,0.0777,0.1524,0.202,0.0693,0.1281
9,2024,18,895,100,99,62,0.069,49,0,0.668,0.3086,0.075,0.1235,0.0612,0.1429,0.6549,0.1994,0.0862,0.1074,0.2755,0.3571,395,0,extracted,0.2857,0.0777,0.1524,0.202,0.0693,0.1281
9,2024,19,895,100,99,62,0.069,49,0,0.668,0.3086,0.075,0.1235,0.0612,0.1429,0.6549,0.1994,0.0862,0.1074,0.2755,0.3571,395,0,extracted,0.2857,0.0777,0.1524,0.202,0.0693,0.1281
9,2024,20,895,100,99,62,0.069,49,0,0.668,0.3086,0.075,0.1235,0.0612,0.1429,0.6549,0.1994,0.0862,0.1074,0.2755,0.3571,395,0,extracted,0.2857,0.0777,0.1524,0.202,0.0693,0.1281
9,2024,21,895,100,99,62,0.069,49,0,0.668,0.3086,0.075,0.1235,0.0612,0.1429,0.6549,0.1994,0.0862,0.1074,0.2755,0.3571,395,0,extracted,0.2857,0.0777,0.1524,0.202,0.0693,0.1281
9,2024,22,895,100,128,86,0.096,57,0,0.7055,0.4409,0.1196,0.2151,0.1122,0.25,0.6549,0.1994,0.0862,0.1074,0.2755,0.3571,395,0,extracted,0.3833,0.0678,0.2167,0.202,0.0693,0.1281
9,2024,23,895,100,128,86,0.096,57,0,0.7055,0.4409,0.1196,0.2151,0.1122,0.25,0.6549,0.1994,0.0862,0.1074,0.2755,0.3571,395,0,extracted,0.3833,0.0678,0.2167,0.202,0.0693,0.1281
9,2024,24,895,100,128,86,0.096,57,0,0.7055,0.4409,0.1196,0.2151,0.1122,0.25,0.6549,0.1994,0.0862,0.1074,0.2755,0.3571,395,0,extracted,0.3833,0.0678,0.2167,0.202,0.0693,0.1281
9,2024,25,895,100,128,86,0.096,57,0,0.7055,0.4409,0.1196,0.2151,0.1122,0.25,0.6549,0.1994,0.0862,0.1074,0.2755,0.3571,395,0,extracted,0.3833,0.0678,0.2167,0.202,0.0693,0.1281
9,2024,26,895,100,128,86,0.096,57,0,0.7055,0.4409,0.1196,0.2151,0.1122,0.25,0.6549,0.1994,0.0862,0.1074,0.2755,0.3571,395,0,extracted,0.3833,0.0678,0.2167,0.202,0.0693,0.1281
9,2024,27,895,100,128,86,0.096,57,0,0.7055,0.4409,0.1196,0.2151,0.1122,0.25,0.6549,0.1994,0.0862,0.1074,0.2755,0.3571,395,0,extracted,0.3833,0.0678,0.2167,0.202,0.0693,0.1281
9,2024,28,895,100,128,86,0.096,57,0,0.7055,0.4409,0.1196,0.2151,0.1122,0.25,0.6549,0.1994,0.0862,0.1074,0.2755,0.3571,395,0,extracted,0.3833,0.0678,0.2167,0.202,0.0693,0.1281
9,2024,29,895,100,179,94,0.105,79,0,0.6946,0.4227,0.1146,0.1856,0.1122,0.25,0.6549,0.1994,0.0862,0.1074,0.2755,0.3571,395,0,extracted,0.368,0.065,0.192,0.202,0.0693,0.1281
9,2024,30,895,100,179,94,0.105,79,0,0.6946,0.4227,0.1146,0.1856,0.1122,0.25,0.6549,0.1994,0.0862,0.1074,0.2755,0.3571,395,0,extracted,0.368,0.065,0.192,0.202,0.0693,0.1281
9,2024,31,895,100,179,94,0.105,79,0,0.6946,0.4227,0.1146,0.1856,0.1122,0.25,0.6549,0.1994,0.0862,0.1074,0.2755,0.3571,395,0,extracted,0.368,0.065,0.192,0.202,0.0693,0.1281
9,2024,32,895,100,179,94,0.105,79,0,0.6946,0.4227,0.1146,0.1856,0.1122,0.25,0.6549,0.1994,0.0862,0.1074,0.2755,0.3571,395,0,extracted,0.368,0.065,0.192,0.202,0.0693,0.1281
9,2024,33,895,100,179,94,0.105,79,0,0.6946,0.4227,0.1146,0.1856,0.1122,0.25,0.6549,0.1994,0.0862,0.1074,0.2755,0.3571,395,0,extracted,0.368,0.065,0.192,0.202,0.0693,0.1281
9,2024,34,895,100,179,94,0.105,79,0,0.6946,0.4227,0.1146,0.1856,0.1122,0.25,0.6549,0.1994,0.0862,0.1074,0.2755,0.3571,395,0,extracted,0.368,0.065,0.192,0.202,0.0693,0.1281
9,2024,35,895,100,219,137,0.153,100,0,0.6841,0.3644,0.1368,0.1864,0.1633,0.3214,0.6549,0.1994,0.0862,0.1074,0.2755,0.3571,395,0,extracted,0.359,0.1039,0.1795,0.202,0.0693,0.1281
9,2024,36,895,100,219,137,0.153,100,0,0.6841,0.3644,0.1368,0.1864,0.1633,0.3214,0.6549,0.1994,0.0862,0.1074,0.2755,0.3571,395,0,extracted,0.359,0.1039,0.1795,0.202,0.0693,0.1281
9,2024,37,895,100,219,137,0.153,100,0,0.6841,0.3644,0.1368,0.1864,0.1633,0.3214,0.6549,0.1994,0.0862,0.1074,0.2755,0.3571,395,0,extracted,0.359,0.1039,0.1795,0.202,0.0693,0.1281
9,2024,38,895,100,219,137,0.153,100,0,0.6841,0.3644,0.1368,0.1864,0.1633,0.3214,0.6549,0.1994,0.0862,0.1074,0.2755,0.3571,395,0,extracted,0.359,0.1039,0.1795,0.202,0.0693,0.1281
9,2024,39,895,100,219,137,0.153,100,0,0.6841,0.3644,0.1368,0.1864,0.1633,0.3214,0.6549,0.1994,0.0862,0.1074,0.2755,0.3571,395,0,extracted,0.359,0.1039,0.1795,0.202,0.0693,0.1281
9,2024,40,895,100,219,137,0.153,100,0,0.6841,0.3644,0.1368,0.1864,0.1633,0.3214,0.6549,0.1994,0.0862,0.1074,0.2755,0.3571,395,0,extracted,0.359,0.1039,0.1795,0.202,0.0693,0.1281
9,2024,41,895,100,259,160,0.179,116,0,0.6825,0.378,0.1587,0.1969,0.2041,0.3571,0.6549,0.1994,0.0862,0.1074,0.2755,0.3571,395,0,extracted,0.4054,0.1096,0.2297,0.202,0.0693,0.1281
9,2024,42,895,100,259,160,0.179,116,0,0.6825,0.378,0.1587,0.1969,0.2041,0.3571,0.6549,0.1994,0.0862,0.1074,0.2755,0.3571,395,0,extracted,0.4054,0.1096,0.2297,0.202,0.0693,0.1281
9,2024,43,895,100,259,160,0.179,116,0,0.6825,0.378,0.1587,0.1969,0.2041,0.3571,0.6549,0.1994,0.0862,0.1074,0.2755,0.3571,395,0,extracted,0.4054,0.1096,0.2297,0.202,0.0693,0.1281
9,2024,44,895,100,259,160,0.179,116,0,0.6825,0.378,0.1587,0.1969,0.2041,0.3571,0.6549,0.1994,0.0862,0.1074,0.2755,0.3571,395,0,extracted,0.4054,0.1096,0.2297,0.202,0.0693,0.1281
9,2024,45,895,100,259,160,0.179,116,0,0.6825,0.378,0.1587,0.1969,0.2041,0.3571,0.6549,0.1994,0.0862,0.1074,0.2755,0.3571,395,0,extracted,0.4054,0.1096,0.2297,0.202,0.0693,0.1281
9,2024,46,895,100,259,160,0.179,116,0,0.6825,0.378,0.1587,0.1969,0.2041,0.3571,0.6549,0.1994,0.0862,0.1074,0.2755,0.3571,395,0,extracted,0.4054,0.1096,0.2297,0.202,0.0693,0.1281
9,2024,47,895,100,342,207,0.231,148,0,0.6718,0.3725,0.1316,0.1699,0.2041,0.3571,0.6549,0.1994,0.0862,0.1074,0.2755,0.3571,395,0,extracted,0.3756,0.1026,0.1929,0.202,0.0693,0.1281
9,2024,48,895,100,342,207,0.231,148,0,0.6718,0.3725,0.1316,0.1699,0.2041,0.3571,0.6549,0.1994,0.0862,0.1074,0.2755,0.3571,395,0,extracted,0.3756,0.1026,0.1929,0.202,0.0693,0.1281
9,2024,49,895,100,342,207,0.231,148,0,0.6718,0.3725,0.1316,0.1699,0.2041,0.3571,0.6549,0.1994,0.0862,0.1074,0.2755,0.3571,395,0,extracted,0.3756,0.1026,0.1929,0.202,0.0693,0.1281
9,2024,50,895,100,342,207,0.231,148,0,0.6718,0.3725,0.1316,0.1699,0.2041,0.3571,0.6549,0.1994,0.0862,0.1074,0.2755,0.3571,395,0,extracted,0.3756,0.1026,0.1929,0.202,0.0693,0.1281
9,2024,51,895,100,342,207,0.231,148,0,0.6718,0.3725,0.1316,0.1699,0.2041,0.3571,0.6549,0.1994,0.0862,0.1074,0.2755,0.3571,395,0,extracted,0.3756,0.1026,0.1929,0.202,0.0693,0.1281
9,2024,52,895,100,342,207,0.231,148,0,0.6718,0.3725,0.1316,0.1699,0.2041,0.3571,0.6549,0.1994,0.0862,0.1074,0.2755,0.3571,395,0,extracted,0.3756,0.1026,0.1929,0.202,0.0693,0.1281
9,2024,53,895,100,342,207,0.231,148,0,0.6718,0.3725,0.1316,0.1699,0.2041,0.3571,0.6549,0.1994,0.0862,0.1074,0.2755,0.3571,395,0,extracted,0.3756,0.1026,0.1929,0.202,0.0693,0.1281
9,2024,54,895,100,390,238,0.266,167,0,0.6628,0.3373,0.119,0.1538,0.2041,0.3571,0.6549,0.1994,0.0862,0.1074,0.2755,0.3571,395,0,extracted,0.3458,0.1038,0.1869,0.202,0.0693,0.1281
9,2024,55,895,100,390,238,0.266,167,0,0.6628,0.3373,0.119,0.1538,0.2041,0.3571,0.6549,0.1994,0.0862,0.1074,0.2755,0.3571,395,0,extracted,0.3458,0.1038,0.1869,0.202,0.0693,0.1281
9,2024,56,895,100,390,238,0.266,167,0,0.6628,0.3373,0.119,0.1538,0.2041,0.3571,0.6549,0.1994,0.0862,0.1074,0.2755,0.3571,395,0,extracted,0.3458,0.1038,0.1869,0.202,0.0693,0.1281
9,2024,57,895,100,390,238,0.266,167,0,0.6628,0.3373,0.119,0.1538,0.2041,0.3571,0.6549,0.1994,0.0862,0.1074,0.2755,0.3571,395,0,extracted,0.3458,0.1038,0.1869,0.202,0.0693,0.1281
9,2024,58,895,100,390,238,0.266,167,0,0.6628,0.3373,0.119,0.1538,0.2041,0.3571,0.6549,0.1994,0.0862,0.1074,0.2755,0.3571,395,0,extracted,0.3458,0.1038,0.1869,0.202,0.0693,0.1281
9,2024,59,895,100,390,238,0.266,167,0,0.6628,0.3373,0.119,0.1538,0.2041,0.3571,0.6549,0.1994,0.0862,0.1074,0.2755,0.3571,395,0,extracted,0.3458,0.1038,0.1869,0.202,0.0693,0.1281
9,2024,60,895,100,444,277,0.309,193,0,0.6783,0.3767,0.16,0.1698,0.2959,0.4643,0.6549,0.1994,0.0862,0.1074,0.2755,0.3571,395,0,extracted,0.3691,0.0952,0.1803,0.202,0.0693,0.1281
9,2024,61,895,100,444,277,0.309,193,0,0.6783,0.3767,0.16,0.1698,0.2959,0.4643,0.6549,0.1994,0.0862,0.1074,0.2755,0.3571,395,0,extracted,0.3691,0.0952,0.1803,0.202,0.0693,0.1281
9,2024,62,895,100,444,277,0.309,193,0,0.6783,0.3767,0.16,0.1698,0.2959,0.4643,0.6549,0.1994,0.0862,0.1074,0.2755,0.3571,395,0,extracted,0.3691,0.0952,0.1803,0.202,0.0693,0.1281
9,2024,63,895,100,444,277,0.309,193,0,0.6783,0.3767,0.16,0.1698,0.2959,0.4643,0.6549,0.1994,0.0862,0.1074,0.2755,0.3571,395,0,extracted,0.3691,0.0952,0.1803,0.202,0.0693,0.1281
9,2024,64,895,100,444,277,0.309,193,0,0.6783,0.3767,0.16,0.1698,0.2959,0.4643,0.6549,0.1994,0.0862,0.1074,0.2755,0.3571,395,0,extracted,0.3691,0.0952,0.1803,0.202,0.0693,0.1281
9,2024,65,895,100,444,277,0.309,193,0,0.6783,0.3767,0.16,0.1698,0.2959,0.4643,0.6549,0.1994,0.0862,0.1074,0.2755,0.3571,395,0,extracted,0.3691,0.0952,0.1803,0.202,0.0693,0.1281
9,2024,66,895,100,493,312,0.349,214,0,0.6736,0.3155,0.1171,0.1505,0.2347,0.3929,0.6549,0.1994,0.0862,0.1074,0.2755,0.3571,395,0,extracted,0.3059,0.087,0.1647,0.202,0.0693,0.1281
9,2024,67,895,100,493,312,0.349,214,0,0.6736,0.3155,0.1171,0.1505,0.2347,0.3929,0.6549,0.1994,0.0862,0.1074,0.2755,0.3571,395,0,extracted,0.3059,0.087,0.1647,0.202,0.0693,0.1281
9,2024,68,895,100,493,312,0.349,214,0,0.6736,0.3155,0.1171,0.1505,0.2347,0.3929,0.6549,0.1994,0.0862,0.1074,0.2755,0.3571,395,0,extracted,0.3059,0.087,0.1647,0.202,0.0693,0.1281
9,2024,69,895,100,493,312,0.349,214,0,0.6736,0.3155,0.1171,0.1505,0.2347,0.3929,0.6549,0.1994,0.0862,0.1074,0.2755,0.3571,395,0,extracted,0.3059,0.087,0.1647,0.202,0.0693,0.1281
9,2024,70,895,100,493,312,0.349,214,0,0.6736,0.3155,0.1171,0.1505,0.2347,0.3929,0.6549,0.1994,0.0862,0.1074,0.2755,0.3571,395,0,extracted,0.3059,0.087,0.1647,0.202,0.0693,0.1281
9,2024,71,895,100,493,312,0.349,214,0,0.6736,0.3155,0.1171,0.1505,0.2347,0.3929,0.6549,0.1994,0.0862,0.1074,0.2755,0.3571,395,0,extracted,0.3059,0.087,0.1647,0.202,0.0693,0.1281
9,2024,72,895,100,565,361,0.403,245,0,0.6777,0.295,0.1133,0.1432,0.2551,0.4286,0.6549,0.1994,0.0862,0.1074,0.2755,0.3571,395,0,extracted,0.2847,0.0769,0.1528,0.202,0.0693,0.1281
9,2024,73,895,100,565,361,0.403,245,0,0.6777,0.295,0.1133,0.1432,0.2551,0.4286,0.6549,0.1994,0.0862,0.1074,0.2755,0.3571,395,0,extracted,0.2847,0.0769,0.1528,0.202,0.0693,0.1281
9,2024,74,895,100,565,361,0.403,245,0,0.6777,0.295,0.1133,0.1432,0.2551,0.4286,0.6549,0.1994,0.0862,0.1074,0.2755,0.3571,395,0,extracted,0.2847,0.0769,0.1528,0.202,0.0693,0.1281
9,2024,75,895,100,565,361,0.403,245,0,0.6777,0.295,0.1133,0.1432,0.2551,0.4286,0.6549,0.1994,0.0862,0.1074,0.2755,0.3571,395,0,extracted,0.2847,0.0769,0.1528,0.202,0.0693,0.1281
9,2024,76,895,100,565,361,0.403,245,0,0.6777,0.295,0.1133,0.1432,0.2551,0.4286,0.6549,0.1994,0.0862,0.1074,0.2755,0.3571,395,0,extracted,0.2847,0.0769,0.1528,0.202,0.0693,0.1281
9,2024,77,895,100,565,361,0.403,245,0,0.6777,0.295,0.1133,0.1432,0.2551,0.4286,0.6549,0.1994,0.0862,0.1074,0.2755,0.3571,395,0,extracted,0.2847,0.0769,0.1528,0.202,0.0693,0.1281
9,2024,78,895,100,565,361,0.403,245,0,0.6777,0.295,0.1133,0.1432,0.2551,0.4286,0.6549,0.1994,0.0862,0.1074,0.2755,0.3571,395,0,extracted,0.2847,0.0769,0.1528,0.202,0.0693,0.1281
9,2024,79,895,100,660,391,0.437,288,0,0.6753,0.2729,0.1022,0.1385,0.2449,0.3929,0.6549,0.1994,0.0862,0.1074,0.2755,0.3571,395,0,extracted,0.2637,0.0647,0.1736,0.202,0.0693,0.1281
9,2024,80,895,100,660,391,0.437,288,0,0.6753,0.2729,0.1022,0.1385,0.2449,0.3929,0.6549,0.1994,0.0862,0.1074,0.2755,0.3571,395,0,extracted,0.2637,0.0647,0.1736,0.202,0.0693,0.1281
9,2024,81,895,100,660,391,0.437,288,0,0.6753,0.2729,0.1022,0.1385,0.2449,0.3929,0.6549,0.1994,0.0862,0.1074,0.2755,0.3571,395,0,extracted,0.2637,0.0647,0.1736,0.202,0.0693,0.1281
9,2024,82,895,100,660,391,0.437,288,0,0.6753,0.2729,0.1022,0.1385,0.2449,0.3929,0.6549,0.1994,0.0862,0.1074,0.2755,0.3571,395,0,extracted,0.2637,0.0647,0.1736,0.202,0.0693,0.1281
9,2024,83,895,100,660,391,0.437,288,0,0.6753,0.2729,0.1022,0.1385,0.2449,0.3929,0.6549,0.1994,0.0862,0.1074,0.2755,0.3571,395,0,extracted,0.2637,0.0647,0.1736,0.202,0.0693,0.1281
9,2024,84,895,100,660,391,0.437,288,0,0.6753,0.2729,0.1022,0.1385,0.2449,0.3929,0.6549,0.1994,0.0862,0.1074,0.2755,0.3571,395,0,extracted,0.2637,0.0647,0.1736,0.202,0.0693,0.1281
9,2024,85,895,100,749,460,0.514,334,0,0.6678,0.2532,0.0944,0.1266,0.2551,0.4286,0.6549,0.1994,0.0862,0.1074,0.2755,0.3571,395,0,extracted,0.2523,0.0725,0.1441,0.202,0.0693,0.1281
9,2024,86,895,100,749,460,0.514,334,0,0.6678,0.2532,0.0944,0.1266,0.2551,0.4286,0.6549,0.1994,0.0862,0.1074,0.2755,0.3571,395,0,extracted,0.2523,0.0725,0.1441,0.202,0.0693,0.1281
9,2024,87,895,100,749,460,0.514,334,0,0.6678,0.2532,0.0944,0.1266,0.2551,0.4286,0.6549,0.1994,0.0862,0.1074,0.2755,0.3571,395,0,extracted,0.2523,0.0725,0.1441,0.202,0.0693,0.1281
9,2024,88,895,100,749,460,0.514,334,0,0.6678,0.2532,0.0944,0.1266,0.2551,0.4286,0.6549,0.1994,0.0862,0.1074,0.2755,0.3571,395,0,extracted,0.2523,0.0725,0.1441,0.202,0.0693,0.1281
9,2024,89,895,100,749,460,0.514,334,0,0.6678,0.2532,0.0944,0.1266,0.2551,0.4286,0.6549,0.1994,0.0862,0.1074,0.2755,0.3571,395,0,extracted,0.2523,0.0725,0.1441,0.202,0.0693,0.1281
9,2024,90,895,100,749,460,0.514,334,0,0.6678,0.2532,0.0944,0.1266,0.2551,0.4286,0.6549,0.1994,0.0862,0.1074,0.2755,0.3571,395,0,extracted,0.2523,0.0725,0.1441,0.202,0.0693,0.1281
9,2024,91,895,100,819,501,0.56,362,0,0.6599,0.2189,0.0777,0.1212,0.2347,0.3571,0.6549,0.1994,0.0862,0.1074,0.2755,0.3571,395,0,extracted,0.2327,0.0613,0.1496,0.202,0.0693,0.1281
9,2024,92,895,100,819,501,0.56,362,0,0.6599,0.2189,0.0777,0.1212,0.2347,0.3571,0.6549,0.1994,0.0862,0.1074,0.2755,0.3571,395,0,extracted,0.2327,0.0613,0.1496,0.202,0.0693,0.1281
9,2024,93,895,100,819,501,0.56,362,0,0.6599,0.2189,0.0777,0.1212,0.2347,0.3571,0.6549,0.1994,0.0862,0.1074,0.2755,0.3571,395,0,extracted,0.2327,0.0613,0.1496,0.202,0.0693,0.1281
9,2024,94,895,100,819,501,0.56,362,0,0.6599,0.2189,0.0777,0.1212,0.2347,0.3571,0.6549,0.1994,0.0862,0.1074,0.2755,0.3571,395,0,extracted,0.2327,0.0613,0.1496,0.202,0.0693,0.1281
9,2024,95,895,100,819,501,0.56,362,0,0.6599,0.2189,0.0777,0.1212,0.2347,0.3571,0.6549,0.1994,0.0862,0.1074,0.2755,0.3571,395,0,extracted,0.2327,0.0613,0.1496,0.202,0.0693,0.1281
9,2024,96,895,100,819,501,0.56,362,0,0.6599,0.2189,0.0777,0.1212,0.2347,0.3571,0.6549,0.1994,0.0862,0.1074,0.2755,0.3571,395,0,extracted,0.2327,0.0613,0.1496,0.202,0.0693,0.1281
9,2024,97,895,100,884,541,0.604,387,0,0.6665,0.2275,0.1109,0.1201,0.3571,0.4643,0.6549,0.1994,0.0862,0.1074,0.2755,0.3571,395,0,extracted,0.235,0.084,0.141,0.202,0.0693,0.1281
9,2024,98,895,100,884,541,0.604,387,0,0.6665,0.2275,0.1109,0.1201,0.3571,0.4643,0.6549,0.1994,0.0862,0.1074,0.2755,0.3571,395,0,extracted,0.235,0.084,0.141,0.202,0.0693,0.1281
9,2024,99,895,100,884,541,0.604,387,0,0.6665,0.2275,0.1109,0.1201,0.3571,0.4643,0.6549,0.1994,0.0862,0.1074,0.2755,0.3571,395,0,extracted,0.235,0.084,0.141,0.202,0.0693,0.1281
9,2024,100,895,100,884,541,0.604,387,0,0.6665,0.2275,0.1109,0.1201,0.3571,0.4643,0.6549,0.1994,0.0862,0.1074,0.2755,0.3571,395,0,extracted,0.235,0.084,0.141,0.202,0.0693,0.1281
10,2024,1,871,164,16,25,0.029,8,0,0.5974,0.1693,0.0321,0.0847,0.01,0.0238,0.6682,0.3964,0.2242,0.161,0.38,0.4524,425,0,extracted,0.1296,0.0189,0.1111,0.3204,0.1039,0.1499
10,2024,2,871,164,16,25,0.029,8,0,0.5974,0.1693,0.0321,0.0847,0.01,0.0238,0.6682,0.3964,0.2242,0.161,0.38,0.4524,425,0,extracted,0.1296,0.0189,0.1111,0.3204,0.1039,0.1499
10,2024,3,871,164,16,25,0.029,8,0,0.5974,0.1693,0.0321,0.0847,0.01,0.0238,0.6682,0.3964,0.2242,0.161,0.38,0.4524,425,0,extracted,0.1296,0.0189,0.1111,0.3204,0.1039,0.1499
10,2024,4,871,164,16,25,0.029,8,0,0.5974,0.1693,0.0321,0.0847,0.01,0.0238,0.6682,0.3964,0.2242,0.161,0.38,0.4524,425,0,extracted,0.1296,0.0189,0.1111,0.3204,0.1039,0.1499
10,2024,5,871,164,16,25,0.029,8,0,0.5974,0.1693,0.0321,0.0847,0.01,0.0238,0.6682,0.3964,0.2242,0.161,0.38,0.4524,425,0,extracted,0.1296,0.0189,0.1111,0.3204,0.1039,0.1499
10,2024,6,871,164,16,25,0.029,8,0,0.5974,0.1693,0.0321,0.0847,0.01,0.0238,0.6682,0.3964,0.2242,0.161,0.38,0.4524,425,0,extracted,0.1296,0.0189,0.1111,0.3204,0.1039,0.1499
10,2024,7,871,164,16,25,0.029,8,0,0.5974,0.1693,0.0321,0.0847,0.01,0.0238,0.6682,0.3964,0.2242,0.161,0.38,0.4524,425,0,extracted,0.1296,0.0189,0.1111,0.3204,0.1039,0.1499
10,2024,8,871,164,16,25,0.029,8,0,0.5974,0.1693,0.0321,0.0847,0.01,0.0238,0.6682,0.3964,0.2242,0.161,0.38,0.4524,425,0,extracted,0.1296,0.0189,0.1111,0.3204,0.1039,0.1499
10,2024,9,871,164,16,25,0.029,8,0,0.5974,0.1693,0.0321,0.0847,0.01,0.0238,0.6682,0.3964,0.2242,0.161,0.38,0.4524,425,0,extracted,0.1296,0.0189,0.1111,0.3204,0.1039,0.1499
10,2024,10,871,164,39,39,0.045,17,0,0.6635,0.2759,0.0896,0.197,0.06,0.0714,0.6682,0.3964,0.2242,0.161,0.38,0.4524,425,0,extracted,0.2373,0.0517,0.1864,0.3204,0.1039,0.1499
10,2024,11,871,164,39,39,0.045,17,0,0.6635,0.2759,0.0896,0.197,0.06,0.0714,0.6682,0.3964,0.2242,0.161,0.38,0.4524,425,0,extracted,0.2373,0.0517,0.1864,0.3204,0.1039,0.1499
10,2024,12,871,164,39,39,0.045,17,0,0.6635,0.2759,0.0896,0.197,0.06,0.0714,0.6682,0.3964,0.2242,0.161,0.38,0.4524,425,0,extracted,0.2373,0.0517,0.1864,0.3204,0.1039,0.1499
10,2024,13,871,164,39,39,0.045,17,0,0.6635,0.2759,0.0896,0.197,0.06,0.0714,0.6682,0.3964,0.2242,0.161,0.38,0.4524,425,0,extracted,0.2373,0.0517,0.1864,0.3204,0.1039,0.1499
10,2024,14,871,164,39,39,0.045,17,0,0.6635,0.2759,0.0896,0.197,0.06,0.0714,0.6682,0.3964,0.2242,0.161,0.38,0.4524,425,0,extracted,0.2373,0.0517,0.1864,0.3204,0.1039,0.1499
10,2024,15,871,164,39,39,0.045,17,0,0.6635,0.2759,0.0896,0.197,0.06,0.0714,0.6682,0.3964,0.2242,0.161,0.38,0.4524,425,0,extracted,0.2373,0.0517,0.1864,0.3204,0.1039,0.1499
10,2024,16,871,164,89,57,0.065,40,0,0.6502,0.2661,0.0833,0.1835,0.06,0.0714,0.6682,0.3964,0.2242,0.161,0.38,0.4524,425,0,extracted,0.2295,0.05,0.1803,0.3204,0.1039,0.1499
10,2024,17,871,164,89,57,0.065,40,0,0.6502,0.2661,0.0833,0.1835,0.06,0.0714,0.6682,0.3964,0.2242,0.161,0.38,0.4524,425,0,extracted,0.2295,0.05,0.1803,0.3204,0.1039,0.1499
10,2024,18,871,164,89,57,0.065,40,0,0.6502,0.2661,0.0833,0.1835,0.06,0.0714,0.6682,0.3964,0.2242,0.161,0.38,0.4524,425,0,extracted,0.2295,0.05,0.1803,0.3204,0.1039,0.1499
10,2024,19,871,164,89,57,0.065,40,0,0.6502,0.2661,0.0833,0.1835,0.06,0.0714,0.6682,0.3964,0.2242,0.161,0.38,0.4524,425,0,extracted,0.2295,0.05,0.1803,0.3204,0.1039,0.1499
10,2024,20,871,164,89,57,0.065,40,0,0.6502,0.2661,0.0833,0.1835,0.06,0.0714,0.6682,0.3964,0.2242,0.161,0.38,0.4524,425,0,extracted,0.2295,0.05,0.1803,0.3204,0.1039,0.1499
10,2024,21,871,164,89,57,0.065,40,0,0.6502,0.2661,0.0833,0.1835,0.06,0.0714,0.6682,0.3964,0.2242,0.161,0.38,0.4524,425,0,extracted,0.2295,0.05,0.1803,0.3204,0.1039,0.1499
10,2024,22,871,164,144,82,0.094,70,0,0.6765,0.4571,0.2305,0.2449,0.09,0.2381,0.6682,0.3964,0.2242,0.161,0.38,0.4524,425,0,extracted,0.3235,0.0746,0.1324,0.3204,0.1039,0.1499
10,2024,23,871,164,144,82,0.094,70,0,0.6765,0.4571,0.2305,0.2449,0.09,0.2381,0.6682,0.3964,0.2242,0.161,0.38,0.4524,425,0,extracted,0.3235,0.0746,0.1324,0.3204,0.1039,0.1499
10,2024,24,871,164,144,82,0.094,70,0,0.6765,0.4571,0.2305,0.2449,0.09,0.2381,0.6682,0.3964,0.2242,0.161,0.38,0.4524,425,0,extracted,0.3235,0.0746,0.1324,0.3204,0.1039,0.1499
10,2024,25,871,164,144,82,0.094,70,0,0.6765,0.4571,0.2305,0.2449,0.09,0.2381,0.6682,0.3964,0.2242,0.161,0.38,0.4524,425,0,extracted,0.3235,0.0746,0.1324,0.3204,0.1039,0.1499
10,2024,26,871,164,144,82,0.094,70,0,0.6765,0.4571,0.2305,0.2449,0.09,0.2381,0.6682,0.3964,0.2242,0.161,0.38,0.4524,425,0,extracted,0.3235,0.0746,0.1324,0.3204,0.1039,0.1499
10,2024,27,871,164,144,82,0.094,70,0,0.6765,0.4571,0.2305,0.2449,0.09,0.2381,0.6682,0.3964,0.2242,0.161,0.38,0.4524,425,0,extracted,0.3235,0.0746,0.1324,0.3204,0.1039,0.1499
10,2024,28,871,164,144,82,0.094,70,0,0.6765,0.4571,0.2305,0.2449,0.09,0.2381,0.6682,0.3964,0.2242,0.161,0.38,0.4524,425,0,extracted,0.3235,0.0746,0.1324,0.3204,0.1039,0.1499
10,2024,29,871,164,177,102,0.117,85,0,0.7108,0.4981,0.289,0.2189,0.14,0.2619,0.6682,0.3964,0.2242,0.161,0.38,0.4524,425,0,extracted,0.3946,0.0966,0.2041,0.3204,0.1039,0.1499
10,2024,30,871,164,177,102,0.117,85,0,0.7108,0.4981,0.289,0.2189,0.14,0.2619,0.6682,0.3964,0.2242,0.161,0.38,0.4524,425,0,extracted,0.3946,0.0966,0.2041,0.3204,0.1039,0.1499
10,2024,31,871,164,177,102,0.117,85,0,0.7108,0.4981,0.289,0.2189,0.14,0.2619,0.6682,0.3964,0.2242,0.161,0.38,0.4524,425,0,extracted,0.3946,0.0966,0.2041,0.3204,0.1039,0.1499
10,2024,32,871,164,177,102,0.117,85,0,0.7108,0.4981,0.289,0.2189,0.14,0.2619,0.6682,0.3964,0.2242,0.161,0.38,0.4524,425,0,extracted,0.3946,0.0966,0.2041,0.3204,0.1039,0.1499
10,2024,33,871,164,177,102,0.117,85,0,0.7108,0.4981,0.289,0.2189,0.14,0.2619,0.6682,0.3964,0.2242,0.161,0.38,0.4524,425,0,extracted,0.3946,0.0966,0.2041,0.3204,0.1039,0.1499
10,2024,34,871,164,177,102,0.117,85,0,0.7108,0.4981,0.289,0.2189,0.14,0.2619,0.6682,0.3964,0.2242,0.161,0.38,0.4524,425,0,extracted,0.3946,0.0966,0.2041,0.3204,0.1039,0.1499
10,2024,35,871,164,258,157,0.18,119,0,0.7105,0.5625,0.283,0.2,0.19,0.2857,0.6682,0.3964,0.2242,0.161,0.38,0.4524,425,0,extracted,0.4309,0.1341,0.1878,0.3204,0.1039,0.1499
10,2024,36,871,164,258,157,0.18,119,0,0.7105,0.5625,0.283,0.2,0.19,0.2857,0.6682,0.3964,0.2242,0.161,0.38,0.4524,425,0,extracted,0.4309,0.1341,0.1878,0.3204,0.1039,0.1499
10,2024,37,871,164,258,157,0.18,119,0,0.7105,0.5625,0.283,0.2,0.19,0.2857,0.6682,0.3964,0.2242,0.161,0.38,0.4524,425,0,extracted,0.4309,0.1341,0.1878,0.3204,0.1039,0.1499
10,2024,38,871,164,258,157,0.18,119,0,0.7105,0.5625,0.283,0.2,0.19,0.2857,0.6682,0.3964,0.2242,0.161,0.38,0.4524,425,0,extracted,0.4309,0.1341,0.1878,0.3204,0.1039,0.1499
10,2024,39,871,164,258,157,0.18,119,0,0.7105,0.5625,0.283,0.2,0.19,0.2857,0.6682,0.3964,0.2242,0.161,0.38,0.4524,425,0,extracted,0.4309,0.1341,0.1878,0.3204,0.1039,0.1499
10,2024,40,871,164,258,157,0.18,119,0,0.7105,0.5625,0.283,0.2,0.19,0.2857,0.6682,0.3964,0.2242,0.161,0.38,0.4524,425,0,extracted,0.4309,0.1341,0.1878,0.3204,0.1039,0.1499
10,2024,41,871,164,291,170,0.195,133,0,0.6956,0.5826,0.3021,0.2222,0.22,0.3333,0.6682,0.3964,0.2242,0.161,0.38,0.4524,425,0,extracted,0.4656,0.1283,0.1905,0.3204,0.1039,0.1499
10,2024,42,871,164,291,170,0.195,133,0,0.6956,0.5826,0.3021,0.2222,0.22,0.3333,0.6682,0.3964,0.2242,0.161,0.38,0.4524,425,0,extracted,0.4656,0.1283,0.1905,0.3204,0.1039,0.1499
10,2024,43,871,164,291,170,0.195,133,0,0.6956,0.5826,0.3021,0.2222,0.22,0.3333,0.6682,0.3964,0.2242,0.161,0.38,0.4524,425,0,extracted,0.4656,0.1283,0.1905,0.3204,0.1039,0.1499
10,2024,44,871,164,291,170,0.195,133,0,0.6956,0.5826,0.3021,0.2222,0.22,0.3333,0.6682,0.3964,0.2242,0.161,0.38,0.4524,425,0,extracted,0.4656,0.1283,0.1905,0.3204,0.1039,0.1499
10,2024,45,871,164,291,170,0.195,133,0,0.6956,0.5826,0.3021,0.2222,0.22,0.3333,0.6682,0.3964,0.2242,0.161,0.38,0.4524,425,0,extracted,0.4656,0.1283,0.1905,0.3204,0.1039,0.1499
10,2024,46,871,164,291,170,0.195,133,0,0.6956,0.5826,0.3021,0.2222,0.22,0.3333,0.6682,0.3964,0.2242,0.161,0.38,0.4524,425,0,extracted,0.4656,0.1283,0.1905,0.3204,0.1039,0.1499
10,2024,47,871,164,330,211,0.242,152,0,0.6723,0.5081,0.2174,0.2108,0.23,0.2143,0.6682,0.3964,0.2242,0.161,0.38,0.4524,425,0,extracted,0.4286,0.134,0.2245,0.3204,0.1039,0.1499
10,2024,48,871,164,330,211,0.242,152,0,0.6723,0.5081,0.2174,0.2108,0.23,0.2143,0.6682,0.3964,0.2242,0.161,0.38,0.4524,425,0,extracted,0.4286,0.134,0.2245,0.3204,0.1039,0.1499
10,2024,49,871,164,330,211,0.242,152,0,0.6723,0.5081,0.2174,0.2108,0.23,0.2143,0.6682,0.3964,0.2242,0.161,0.38,0.4524,425,0,extracted,0.4286,0.134,0.2245,0.3204,0.1039,0.1499
10,2024,50,871,164,330,211,0.242,152,0,0.6723,0.5081,0.2174,0.2108,0.23,0.2143,0.6682,0.3964,0.2242,0.161,0.38,0.4524,425,0,extracted,0.4286,0.134,0.2245,0.3204,0.1039,0.1499
10,2024,51,871,164,330,211,0.242,152,0,0.6723,0.5081,0.2174,0.2108,0.23,0.2143,0.6682,0.3964,0.2242,0.161,0.38,0.4524,425,0,extracted,0.4286,0.134,0.2245,0.3204,0.1039,0.1499
10,2024,52,871,164,330,211,0.242,152,0,0.6723,0.5081,0.2174,0.2108,0.23,0.2143,0.6682,0.3964,0.2242,0.161,0.38,0.4524,425,0,extracted,0.4286,0.134,0.2245,0.3204,0.1039,0.1499
10,2024,53,871,164,330,211,0.242,152,0,0.6723,0.5081,0.2174,0.2108,0.23,0.2143,0.6682,0.3964,0.2242,0.161,0.38,0.4524,425,0,extracted,0.4286,0.134,0.2245,0.3204,0.1039,0.1499
10,2024,54,871,164,382,240,0.276,175,0,0.6677,0.4887,0.2127,0.2267,0.24,0.2143,0.6682,0.3964,0.2242,0.161,0.38,0.4524,425,0,extracted,0.4286,0.1058,0.2476,0.3204,0.1039,0.1499
10,2024,55,871,164,382,240,0.276,175,0,0.6677,0.4887,0.2127,0.2267,0.24,0.2143,0.6682,0.3964,0.2242,0.161,0.38,0.4524,425,0,extracted,0.4286,0.1058,0.2476,0.3204,0.1039,0.1499
10,2024,56,871,164,382,240,0.276,175,0,0.6677,0.4887,0.2127,0.2267,0.24,0.2143,0.6682,0.3964,0.2242,0.161,0.38,0.4524,425,0,extracted,0.4286,0.1058,0.2476,0.3204,0.1039,0.1499
10,2024,57,871,164,382,240,0.276,175,0,0.6677,0.4887,0.2127,0.2267,0.24,0.2143,0.6682,0.3964,0.2242,0.161,0.38,0.4524,425,0,extracted,0.4286,0.1058,0.2476,0.3204,0.1039,0.1499
10,2024,58,871,164,382,240,0.276,175,0,0.6677,0.4887,0.2127,0.2267,0.24,0.2143,0.6682,0.3964,0.2242,0.161,0.38,0.4524,425,0,extracted,0.4286,0.1058,0.2476,0.3204,0.1039,0.1499
10,2024,59,871,164,382,240,0.276,175,0,0.6677,0.4887,0.2127,0.2267,0.24,0.2143,0.6682,0.3964,0.2242,0.161,0.38,0.4524,425,0,extracted,0.4286,0.1058,0.2476,0.3204,0.1039,0.1499
10,2024,60,871,164,448,270,0.31,203,0,0.6687,0.4548,0.2238,0.2181,0.29,0.2619,0.6682,0.3964,0.2242,0.161,0.38,0.4524,425,0,extracted,0.3902,0.1393,0.2358,0.3204,0.1039,0.1499
10,2024,61,871,164,448,270,0.31,203,0,0.6687,0.4548,0.2238,0.2181,0.29,0.2619,0.6682,0.3964,0.2242,0.161,0.38,0.4524,425,0,extracted,0.3902,0.1393,0.2358,0.3204,0.1039,0.1499
10,2024,62,871,164,448,270,0.31,203,0,0.6687,0.4548,0.2238,0.2181,0.29,0.2619,0.6682,0.3964,0.2242,0.161,0.38,0.4524,425,0,extracted,0.3902,0.1393,0.2358,0.3204,0.1039,0.1499
10,2024,63,871,164,448,270,0.31,203,0,0.6687,0.4548,0.2238,0.2181,0.29,0.2619,0.6682,0.3964,0.2242,0.161,0.38,0.4524,425,0,extracted,0.3902,0.1393,0.2358,0.3204,0.1039,0.1499
10,2024,64,871,164,448,270,0.31,203,0,0.6687,0.4548,0.2238,0.2181,0.29,0.2619,0.6682,0.3964,0.2242,0.161,0.38,0.4524,425,0,extracted,0.3902,0.1393,0.2358,0.3204,0.1039,0.1499
10,2024,65,871,164,448,270,0.31,203,0,0.6687,0.4548,0.2238,0.2181,0.29,0.2619,0.6682,0.3964,0.2242,0.161,0.38,0.4524,425,0,extracted,0.3902,0.1393,0.2358,0.3204,0.1039,0.1499
10,2024,66,871,164,498,291,0.334,228,0,0.6945,0.5145,0.2921,0.2371,0.3,0.4286,0.6682,0.3964,0.2242,0.161,0.38,0.4524,425,0,extracted,0.4681,0.1459,0.2043,0.3204,0.1039,0.1499
10,2024,67,871,164,498,291,0.334,228,0,0.6945,0.5145,0.2921,0.2371,0.3,0.4286,0.6682,0.3964,0.2242,0.161,0.38,0.4524,425,0,extracted,0.4681,0.1459,0.2043,0.3204,0.1039,0.1499
10,2024,68,871,164,498,291,0.334,228,0,0.6945,0.5145,0.2921,0.2371,0.3,0.4286,0.6682,0.3964,0.2242,0.161,0.38,0.4524,425,0,extracted,0.4681,0.1459,0.2043,0.3204,0.1039,0.1499
10,2024,69,871,164,498,291,0.334,228,0,0.6945,0.5145,0.2921,0.2371,0.3,0.4286,0.6682,0.3964,0.2242,0.161,0.38,0.4524,425,0,extracted,0.4681,0.1459,0.2043,0.3204,0.1039,0.1499
10,2024,70,871,164,498,291,0.334,228,0,0.6945,0.5145,0.2921,0.2371,0.3,0.4286,0.6682,0.3964,0.2242,0.161,0.38,0.4524,425,0,extracted,0.4681,0.1459,0.2043,0.3204,0.1039,0.1499
10,2024,71,871,164,498,291,0.334,228,0,0.6945,0.5145,0.2921,0.2371,0.3,0.4286,0.6682,0.3964,0.2242,0.161,0.38,0.4524,425,0,extracted,0.4681,0.1459,0.2043,0.3204,0.1039,0.1499
10,2024,72,871,164,569,345,0.396,265,0,0.6852,0.479,0.2485,0.2595,0.26,0.4286,0.6682,0.3964,0.2242,0.161,0.38,0.4524,425,0,extracted,0.4231,0.1163,0.2462,0.3204,0.1039,0.1499
10,2024,73,871,164,569,345,0.396,265,0,0.6852,0.479,0.2485,0.2595,0.26,0.4286,0.6682,0.3964,0.2242,0.161,0.38,0.4524,425,0,extracted,0.4231,0.1163,0.2462,0.3204,0.1039,0.1499
10,2024,74,871,164,569,345,0.396,265,0,0.6852,0.479,0.2485,0.2595,0.26,0.4286,0.6682,0.3964,0.2242,0.161,0.38,0.4524,425,0,extracted,0.4231,0.1163,0.2462,0.3204,0.1039,0.1499
10,2024,75,871,164,569,345,0.396,265,0,0.6852,0.479,0.2485,0.2595,0.26,0.4286,0.6682,0.3964,0.2242,0.161,0.38,0.4524,425,0,extracted,0.4231,0.1163,0.2462,0.3204,0.1039,0.1499
10,2024,76,871,164,569,345,0.396,265,0,0.6852,0.479,0.2485,0.2595,0.26,0.4286,0.6682,0.3964,0.2242,0.161,0.38,0.4524,425,0,extracted,0.4231,0.1163,0.2462,0.3204,0.1039,0.1499
10,2024,77,871,164,569,345,0.396,265,0,0.6852,0.479,0.2485,0.2595,0.26,0.4286,0.6682,0.3964,0.2242,0.161,0.38,0.4524,425,0,extracted,0.4231,0.1163,0.2462,0.3204,0.1039,0.1499
10,2024,78,871,164,569,345,0.396,265,0,0.6852,0.479,0.2485,0.2595,0.26,0.4286,0.6682,0.3964,0.2242,0.161,0.38,0.4524,425,0,extracted,0.4231,0.1163,0.2462,0.3204,0.1039,0.1499
10,2024,79,871,164,644,390,0.448,301,0,0.6842,0.4332,0.2355,0.1986,0.37,0.3571,0.6682,0.3964,0.2242,0.161,0.38,0.4524,425,0,extracted,0.3537,0.1036,0.2058,0.3204,0.1039,0.1499
10,2024,80,871,164,644,390,0.448,301,0,0.6842,0.4332,0.2355,0.1986,0.37,0.3571,0.6682,0.3964,0.2242,0.161,0.38,0.4524,425,0,extracted,0.3537,0.1036,0.2058,0.3204,0.1039,0.1499
10,2024,81,871,164,644,390,0.448,301,0,0.6842,0.4332,0.2355,0.1986,0.37,0.3571,0.6682,0.3964,0.2242,0.161,0.38,0.4524,425,0,extracted,0.3537,0.1036,0.2058,0.3204,0.1039,0.1499
10,2024,82,871,164,644,390,0.448,301,0,0.6842,0.4332,0.2355,0.1986,0.37,0.3571,0.6682,0.3964,0.2242,0.161,0.38,0.4524,425,0,extracted,0.3537,0.1036,0.2058,0.3204,0.1039,0.1499
10,2024,83,871,164,644,390,0.448,301,0,0.6842,0.4332,0.2355,0.1986,0.37,0.3571,0.6682,0.3964,0.2242,0.161,0.38,0.4524,425,0,extracted,0.3537,0.1036,0.2058,0.3204,0.1039,0.1499
10,2024,84,871,164,644,390,0.448,301,0,0.6842,0.4332,0.2355,0.1986,0.37,0.3571,0.6682,0.3964,0.2242,0.161,0.38,0.4524,425,0,extracted,0.3537,0.1036,0.2058,0.3204,0.1039,0.1499
10,2024,85,871,164,706,414,0.475,335,0,0.6789,0.461,0.247,0.2426,0.34,0.5238,0.6682,0.3964,0.2242,0.161,0.38,0.4524,425,0,extracted,0.3877,0.1115,0.2031,0.3204,0.1039,0.1499
10,2024,86,871,164,706,414,0.475,335,0,0.6789,0.461,0.247,0.2426,0.34,0.5238,0.6682,0.3964,0.2242,0.161,0.38,0.4524,425,0,extracted,0.3877,0.1115,0.2031,0.3204,0.1039,0.1499
10,2024,87,871,164,706,414,0.475,335,0,0.6789,0.461,0.247,0.2426,0.34,0.5238,0.6682,0.3964,0.2242,0.161,0.38,0.4524,425,0,extracted,0.3877,0.1115,0.2031,0.3204,0.1039,0.1499
10,2024,88,871,164,706,414,0.475,335,0,0.6789,0.461,0.247,0.2426,0.34,0.5238,0.6682,0.3964,0.2242,0.161,0.38,0.4524,425,0,extracted,0.3877,0.1115,0.2031,0.3204,0.1039,0.1499
10,2024,89,871,164,706,414,0.475,335,0,0.6789,0.461,0.247,0.2426,0.34,0.5238,0.6682,0.3964,0.2242,0.161,0.38,0.4524,425,0,extracted,0.3877,0.1115,0.2031,0.3204,0.1039,0.1499
10,2024,90,871,164,706,414,0.475,335,0,0.6789,0.461,0.247,0.2426,0.34,0.5238,0.6682,0.3964,0.2242,0.161,0.38,0.4524,425,0,extracted,0.3877,0.1115,0.2031,0.3204,0.1039,0.1499
10,2024,91,871,164,773,447,0.513,368,0,0.6795,0.4393,0.2566,0.2197,0.38,0.5238,0.6682,0.3964,0.2242,0.161,0.38,0.4524,425,0,extracted,0.3793,0.1214,0.1839,0.3204,0.1039,0.1499
10,2024,92,871,164,773,447,0.513,368,0,0.6795,0.4393,0.2566,0.2197,0.38,0.5238,0.6682,0.3964,0.2242,0.161,0.38,0.4524,425,0,extracted,0.3793,0.1214,0.1839,0.3204,0.1039,0.1499
10,2024,93,871,164,773,447,0.513,368,0,0.6795,0.4393,0.2566,0.2197,0.38,0.5238,0.6682,0.3964,0.2242,0.161,0.38,0.4524,425,0,extracted,0.3793,0.1214,0.1839,0.3204,0.1039,0.1499
10,2024,94,871,164,773,447,0.513,368,0,0.6795,0.4393,0.2566,0.2197,0.38,0.5238,0.6682,0.3964,0.2242,0.161,0.38,0.4524,425,0,extracted,0.3793,0.1214,0.1839,0.3204,0.1039,0.1499
10,2024,95,871,164,773,447,0.513,368,0,0.6795,0.4393,0.2566,0.2197,0.38,0.5238,0.6682,0.3964,0.2242,0.161,0.38,0.4524,425,0,extracted,0.3793,0.1214,0.1839,0.3204,0.1039,0.1499
10,2024,96,871,164,773,447,0.513,368,0,0.6795,0.4393,0.2566,0.2197,0.38,0.5238,0.6682,0.3964,0.2242,0.161,0.38,0.4524,425,0,extracted,0.3793,0.1214,0.1839,0.3204,0.1039,0.1499
10,2024,97,871,164,860,510,0.586,415,0,0.6684,0.3923,0.2057,0.1813,0.39,0.4524,0.6682,0.3964,0.2242,0.161,0.38,0.4524,425,0,extracted,0.3256,0.1091,0.1654,0.3204,0.1039,0.1499
10,2024,98,871,164,860,510,0.586,415,0,0.6684,0.3923,0.2057,0.1813,0.39,0.4524,0.6682,0.3964,0.2242,0.161,0.38,0.4524,425,0,extracted,0.3256,0.1091,0.1654,0.3204,0.1039,0.1499
10,2024,99,871,164,860,510,0.586,415,0,0.6684,0.3923,0.2057,0.1813,0.39,0.4524,0.6682,0.3964,0.2242,0.161,0.38,0.4524,425,0,extracted,0.3256,0.1091,0.1654,0.3204,0.1039,0.1499
10,2024,100,871,164,860,510,0.586,415,0,0.6684,0.3923,0.2057,0.1813,0.39,0.4524,0.6682,0.3964,0.2242,0.161,0.38,0.4524,425,0,extracted,0.3256,0.1091,0.1654,0.3204,0.1039,0.1499
11,2024,1,1188,95,18,21,0.018,11,0,0.6161,0.1043,0.0,0.087,0.0,0.0,0.6526,0.1647,0.0697,0.0875,0.2791,0.2963,512,1,extracted,0.1143,0.0,0.0857,0.1333,0.0406,0.0929
11,2024,2,1188,95,18,21,0.018,11,0,0.6161,0.1043,0.0,0.087,0.0,0.0,0.6526,0.1647,0.0697,0.0875,0.2791,0.2963,512,1,extracted,0.1143,0.0,0.0857,0.1333,0.0406,0.0929
11,2024,3,1188,95,18,21,0.018,11,0,0.6161,0.1043,0.0,0.087,0.0,0.0,0.6526,0.1647,0.0697,0.0875,0.2791,0.2963,512,1,extracted,0.1143,0.0,0.0857,0.1333,0.0406,0.0929
11,2024,4,1188,95,18,21,0.018,11,0,0.6161,0.1043,0.0,0.087,0.0,0.0,0.6526,0.1647,0.0697,0.0875,0.2791,0.2963,512,1,extracted,0.1143,0.0,0.0857,0.1333,0.0406,0.0929
11,2024,5,1188,95,18,21,0.018,11,0,0.6161,0.1043,0.0,0.087,0.0,0.0,0.6526,0.1647,0.0697,0.0875,0.2791,0.2963,512,1,extracted,0.1143,0.0,0.0857,0.1333,0.0406,0.0929
11,2024,6,1188,95,18,21,0.018,11,0,0.6161,0.1043,0.0,0.087,0.0,0.0,0.6526,0.1647,0.0697,0.0875,0.2791,0.2963,512,1,extracted,0.1143,0.0,0.0857,0.1333,0.0406,0.0929
11,2024,7,1188,95,18,21,0.018,11,0,0.6161,0.1043,0.0,0.087,0.0,0.0,0.6526,0.1647,0.0697,0.0875,0.2791,0.2963,512,1,extracted,0.1143,0.0,0.0857,0.1333,0.0406,0.0929
11,2024,8,1188,95,40,29,0.024,26,0,0.6551,0.1951,0.0826,0.1301,0.0581,0.037,0.6526,0.1647,0.0697,0.0875,0.2791,0.2963,512,1,extracted,0.1408,0.0,0.1127,0.1333,0.0406,0.0929
11,2024,9,1188,95,40,29,0.024,26,0,0.6551,0.1951,0.0826,0.1301,0.0581,0.037,0.6526,0.1647,0.0697,0.0875,0.2791,0.2963,512,1,extracted,0.1408,0.0,0.1127,0.1333,0.0406,0.0929
11,2024,10,1188,95,40,29,0.024,26,0,0.6551,0.1951,0.0826,0.1301,0.0581,0.037,0.6526,0.1647,0.0697,0.0875,0.2791,0.2963,512,1,extracted,0.1408,0.0,0.1127,0.1333,0.0406,0.0929
11,2024,11,1188,95,40,29,0.024,26,0,0.6551,0.1951,0.0826,0.1301,0.0581,0.037,0.6526,0.1647,0.0697,0.0875,0.2791,0.2963,512,1,extracted,0.1408,0.0,0.1127,0.1333,0.0406,0.0929
11,2024,12,1188,95,65,36,0.03,40,0,0.6564,0.2462,0.0781,0.1538,0.0581,0.0741,0.6526,0.1647,0.0697,0.0875,0.2791,0.2963,512,1,extracted,0.1795,0.0,0.1282,0.1333,0.0406,0.0929
11,2024,13,1188,95,65,36,0.03,40,0,0.6564,0.2462,0.0781,0.1538,0.0581,0.0741,0.6526,0.1647,0.0697,0.0875,0.2791,0.2963,512,1,extracted,0.1795,0.0,0.1282,0.1333,0.0406,0.0929
11,2024,14,1188,95,65,36,0.03,40,0,0.6564,0.2462,0.0781,0.1538,0.0581,0.0741,0.6526,0.1647,0.0697,0.0875,0.2791,0.2963,512,1,extracted,0.1795,0.0,0.1282,0.1333,0.0406,0.0929
11,2024,15,1188,95,65,36,0.03,40,0,0.6564,0.2462,0.0781,0.1538,0.0581,0.0741,0.6526,0.1647,0.0697,0.0875,0.2791,0.2963,512,1,extracted,0.1795,0.0,0.1282,0.1333,0.0406,0.0929
11,2024,16,1188,95,65,36,0.03,40,0,0.6564,0.2462,0.0781,0.1538,0.0581,0.0741,0.6526,0.1647,0.0697,0.0875,0.2791,0.2963,512,1,extracted,0.1795,0.0,0.1282,0.1333,0.0406,0.0929
11,2024,17,1188,95,94,46,0.039,49,0,0.6552,0.3,0.0725,0.1714,0.0581,0.0741,0.6526,0.1647,0.0697,0.0875,0.2791,0.2963,512,1,extracted,0.2169,0.0,0.1446,0.1333,0.0406,0.0929
11,2024,18,1188,95,94,46,0.039,49,0,0.6552,0.3,0.0725,0.1714,0.0581,0.0741,0.6526,0.1647,0.0697,0.0875,0.2791,0.2963,512,1,extracted,0.2169,0.0,0.1446,0.1333,0.0406,0.0929
11,2024,19,1188,95,94,46,0.039,49,0,0.6552,0.3,0.0725,0.1714,0.0581,0.0741,0.6526,0.1647,0.0697,0.0875,0.2791,0.2963,512,1,extracted,0.2169,0.0,0.1446,0.1333,0.0406,0.0929
11,2024,20,1188,95,94,46,0.039,49,0,0.6552,0.3,0.0725,0.1714,0.0581,0.0741,0.6526,0.1647,0.0697,0.0875,0.2791,0.2963,512,1,extracted,0.2169,0.0,0.1446,0.1333,0.0406,0.0929
11,2024,21,1188,95,94,46,0.039,49,0,0.6552,0.3,0.0725,0.1714,0.0581,0.0741,0.6526,0.1647,0.0697,0.0875,0.2791,0.2963,512,1,extracted,0.2169,0.0,0.1446,0.1333,0.0406,0.0929
11,2024,22,1188,95,133,76,0.064,65,0,0.6845,0.3529,0.1071,0.2118,0.093,0.0741,0.6526,0.1647,0.0697,0.0875,0.2791,0.2963,512,1,extracted,0.2745,0.06,0.2157,0.1333,0.0406,0.0929
11,2024,23,1188,95,133,76,0.064,65,0,0.6845,0.3529,0.1071,0.2118,0.093,0.0741,0.6526,0.1647,0.0697,0.0875,0.2791,0.2963,512,1,extracted,0.2745,0.06,0.2157,0.1333,0.0406,0.0929
11,2024,24,1188,95,133,76,0.064,65,0,0.6845,0.3529,0.1071,0.2118,0.093,0.0741,0.6526,0.1647,0.0697,0.0875,0.2791,0.2963,512,1,extracted,0.2745,0.06,0.2157,0.1333,0.0406,0.0929
11,2024,25,1188,95,133,76,0.064,65,0,0.6845,0.3529,0.1071,0.2118,0.093,0.0741,0.6526,0.1647,0.0697,0.0875,0.2791,0.2963,512,1,extracted,0.2745,0.06,0.2157,0.1333,0.0406,0.0929
11,2024,26,1188,95,133,76,0.064,65,0,0.6845,0.3529,0.1071,0.2118,0.093,0.0741,0.6526,0.1647,0.0697,0.0875,0.2791,0.2963,512,1,extracted,0.2745,0.06,0.2157,0.1333,0.0406,0.0929
11,2024,27,1188,95,171,113,0.095,83,0,0.651,0.2899,0.0976,0.1449,0.1163,0.1481,0.6526,0.1647,0.0697,0.0875,0.2791,0.2963,512,1,extracted,0.2992,0.048,0.1732,0.1333,0.0406,0.0929
11,2024,28,1188,95,171,113,0.095,83,0,0.651,0.2899,0.0976,0.1449,0.1163,0.1481,0.6526,0.1647,0.0697,0.0875,0.2791,0.2963,512,1,extracted,0.2992,0.048,0.1732,0.1333,0.0406,0.0929
11,2024,29,1188,95,171,113,0.095,83,0,0.651,0.2899,0.0976,0.1449,0.1163,0.1481,0.6526,0.1647,0.0697,0.0875,0.2791,0.2963,512,1,extracted,0.2992,0.048,0.1732,0.1333,0.0406,0.0929
11,2024,30,1188,95,171,113,0.095,83,0,0.651,0.2899,0.0976,0.1449,0.1163,0.1481,0.6526,0.1647,0.0697,0.0875,0.2791,0.2963,512,1,extracted,0.2992,0.048,0.1732,0.1333,0.0406,0.0929
11,2024,31,1188,95,236,137,0.115,114,0,0.6638,0.3049,0.0995,0.1525,0.1163,0.0741,0.6526,0.1647,0.0697,0.0875,0.2791,0.2963,512,1,extracted,0.2545,0.0556,0.1818,0.1333,0.0406,0.0929
11,2024,32,1188,95,236,137,0.115,114,0,0.6638,0.3049,0.0995,0.1525,0.1163,0.0741,0.6526,0.1647,0.0697,0.0875,0.2791,0.2963,512,1,extracted,0.2545,0.0556,0.1818,0.1333,0.0406,0.0929
11,2024,33,1188,95,236,137,0.115,114,0,0.6638,0.3049,0.0995,0.1525,0.1163,0.0741,0.6526,0.1647,0.0697,0.0875,0.2791,0.2963,512,1,extracted,0.2545,0.0556,0.1818,0.1333,0.0406,0.0929
11,2024,34,1188,95,236,137,0.115,114,0,0.6638,0.3049,0.0995,0.1525,0.1163,0.0741,0.6526,0.1647,0.0697,0.0875,0.2791,0.2963,512,1,extracted,0.2545,0.0556,0.1818,0.1333,0.0406,0.0929
11,2024,35,1188,95,236,137,0.115,114,0,0.6638,0.3049,0.0995,0.1525,0.1163,0.0741,0.6526,0.1647,0.0697,0.0875,0.2791,0.2963,512,1,extracted,0.2545,0.0556,0.1818,0.1333,0.0406,0.0929
11,2024,36,1188,95,277,169,0.142,134,0,0.6573,0.3346,0.1098,0.1868,0.1512,0.1481,0.6526,0.1647,0.0697,0.0875,0.2791,0.2963,512,1,extracted,0.2817,0.0571,0.2113,0.1333,0.0406,0.0929
11,2024,37,1188,95,277,169,0.142,134,0,0.6573,0.3346,0.1098,0.1868,0.1512,0.1481,0.6526,0.1647,0.0697,0.0875,0.2791,0.2963,512,1,extracted,0.2817,0.0571,0.2113,0.1333,0.0406,0.0929
11,2024,38,1188,95,277,169,0.142,134,0,0.6573,0.3346,0.1098,0.1868,0.1512,0.1481,0.6526,0.1647,0.0697,0.0875,0.2791,0.2963,512,1,extracted,0.2817,0.0571,0.2113,0.1333,0.0406,0.0929
11,2024,39,1188,95,277,169,0.142,134,0,0.6573,0.3346,0.1098,0.1868,0.1512,0.1481,0.6526,0.1647,0.0697,0.0875,0.2791,0.2963,512,1,extracted,0.2817,0.0571,0.2113,0.1333,0.0406,0.0929
11,2024,40,1188,95,277,169,0.142,134,0,0.6573,0.3346,0.1098,0.1868,0.1512,0.1481,0.6526,0.1647,0.0697,0.0875,0.2791,0.2963,512,1,extracted,0.2817,0.0571,0.2113,0.1333,0.0406,0.0929
11,2024,41,1188,95,340,214,0.18,158,0,0.6848,0.3533,0.1745,0.1667,0.2907,0.3333,0.6526,0.1647,0.0697,0.0875,0.2791,0.2963,512,1,extracted,0.3537,0.1241,0.2041,0.1333,0.0406,0.0929
11,2024,42,1188,95,340,214,0.18,158,0,0.6848,0.3533,0.1745,0.1667,0.2907,0.3333,0.6526,0.1647,0.0697,0.0875,0.2791,0.2963,512,1,extracted,0.3537,0.1241,0.2041,0.1333,0.0406,0.0929
11,2024,43,1188,95,340,214,0.18,158,0,0.6848,0.3533,0.1745,0.1667,0.2907,0.3333,0.6526,0.1647,0.0697,0.0875,0.2791,0.2963,512,1,extracted,0.3537,0.1241,0.2041,0.1333,0.0406,0.0929
11,2024,44,1188,95,340,214,0.18,158,0,0.6848,0.3533,0.1745,0.1667,0.2907,0.3333,0.6526,0.1647,0.0697,0.0875,0.2791,0.2963,512,1,extracted,0.3537,0.1241,0.2041,0.1333,0.0406,0.0929
11,2024,45,1188,95,340,214,0.18,158,0,0.6848,0.3533,0.1745,0.1667,0.2907,0.3333,0.6526,0.1647,0.0697,0.0875,0.2791,0.2963,512,1,extracted,0.3537,0.1241,0.2041,0.1333,0.0406,0.0929
11,2024,46,1188,95,392,235,0.198,181,0,0.6858,0.3901,0.1682,0.161,0.314,0.3704,0.6526,0.1647,0.0697,0.0875,0.2791,0.2963,512,1,extracted,0.3584,0.0936,0.1734,0.1333,0.0406,0.0929
11,2024,47,1188,95,392,235,0.198,181,0,0.6858,0.3901,0.1682,0.161,0.314,0.3704,0.6526,0.1647,0.0697,0.0875,0.2791,0.2963,512,1,extracted,0.3584,0.0936,0.1734,0.1333,0.0406,0.0929
11,2024,48,1188,95,392,235,0.198,181,0,0.6858,0.3901,0.1682,0.161,0.314,0.3704,0.6526,0.1647,0.0697,0.0875,0.2791,0.2963,512,1,extracted,0.3584,0.0936,0.1734,0.1333,0.0406,0.0929
11,2024,49,1188,95,392,235,0.198,181,0,0.6858,0.3901,0.1682,0.161,0.314,0.3704,0.6526,0.1647,0.0697,0.0875,0.2791,0.2963,512,1,extracted,0.3584,0.0936,0.1734,0.1333,0.0406,0.0929
11,2024,50,1188,95,392,235,0.198,181,0,0.6858,0.3901,0.1682,0.161,0.314,0.3704,0.6526,0.1647,0.0697,0.0875,0.2791,0.2963,512,1,extracted,0.3584,0.0936,0.1734,0.1333,0.0406,0.0929
11,2024,51,1188,95,458,279,0.235,208,0,0.6905,0.3592,0.1671,0.1662,0.3372,0.4074,0.6526,0.1647,0.0697,0.0875,0.2791,0.2963,512,1,extracted,0.3049,0.1086,0.1794,0.1333,0.0406,0.0929
11,2024,52,1188,95,458,279,0.235,208,0,0.6905,0.3592,0.1671,0.1662,0.3372,0.4074,0.6526,0.1647,0.0697,0.0875,0.2791,0.2963,512,1,extracted,0.3049,0.1086,0.1794,0.1333,0.0406,0.0929
11,2024,53,1188,95,458,279,0.235,208,0,0.6905,0.3592,0.1671,0.1662,0.3372,0.4074,0.6526,0.1647,0.0697,0.0875,0.2791,0.2963,512,1,extracted,0.3049,0.1086,0.1794,0.1333,0.0406,0.0929
11,2024,54,1188,95,458,279,0.235,208,0,0.6905,0.3592,0.1671,0.1662,0.3372,0.4074,0.6526,0.1647,0.0697,0.0875,0.2791,0.2963,512,1,extracted,0.3049,0.1086,0.1794,0.1333,0.0406,0.0929
11,2024,55,1188,95,502,303,0.255,229,0,0.6735,0.3139,0.1374,0.1468,0.3023,0.3704,0.6526,0.1647,0.0697,0.0875,0.2791,0.2963,512,1,extracted,0.2857,0.0811,0.1696,0.1333,0.0406,0.0929
11,2024,56,1188,95,502,303,0.255,229,0,0.6735,0.3139,0.1374,0.1468,0.3023,0.3704,0.6526,0.1647,0.0697,0.0875,0.2791,0.2963,512,1,extracted,0.2857,0.0811,0.1696,0.1333,0.0406,0.0929
11,2024,57,1188,95,502,303,0.255,229,0,0.6735,0.3139,0.1374,0.1468,0.3023,0.3704,0.6526,0.1647,0.0697,0.0875,0.2791,0.2963,512,1,extracted,0.2857,0.0811,0.1696,0.1333,0.0406,0.0929
11,2024,58,1188,95,502,303,0.255,229,0,0.6735,0.3139,0.1374,0.1468,0.3023,0.3704,0.6526,0.1647,0.0697,0.0875,0.2791,0.2963,512,1,extracted,0.2857,0.0811,0.1696,0.1333,0.0406,0.0929
11,2024,59,1188,95,502,303,0.255,229,0,0.6735,0.3139,0.1374,0.1468,0.3023,0.3704,0.6526,0.1647,0.0697,0.0875,0.2791,0.2963,512,1,extracted,0.2857,0.0811,0.1696,0.1333,0.0406,0.0929
11,2024,60,1188,95,560,344,0.29,255,0,0.687,0.3151,0.1468,0.1735,0.3605,0.4815,0.6526,0.1647,0.0697,0.0875,0.2791,0.2963,512,1,extracted,0.2835,0.0873,0.1811,0.1333,0.0406,0.0929
11,2024,61,1188,95,560,344,0.29,255,0,0.687,0.3151,0.1468,0.1735,0.3605,0.4815,0.6526,0.1647,0.0697,0.0875,0.2791,0.2963,512,1,extracted,0.2835,0.0873,0.1811,0.1333,0.0406,0.0929
11,2024,62,1188,95,560,344,0.29,255,0,0.687,0.3151,0.1468,0.1735,0.3605,0.4815,0.6526,0.1647,0.0697,0.0875,0.2791,0.2963,512,1,extracted,0.2835,0.0873,0.1811,0.1333,0.0406,0.0929
11,2024,63,1188,95,560,344,0.29,255,0,0.687,0.3151,0.1468,0.1735,0.3605,0.4815,0.6526,0.1647,0.0697,0.0875,0.2791,0.2963,512,1,extracted,0.2835,0.0873,0.1811,0.1333,0.0406,0.0929
11,2024,64,1188,95,560,344,0.29,255,0,0.687,0.3151,0.1468,0.1735,0.3605,0.4815,0.6526,0.1647,0.0697,0.0875,0.2791,0.2963,512,1,extracted,0.2835,0.0873,0.1811,0.1333,0.0406,0.0929
11,2024,65,1188,95,617,361,0.304,276,0,0.6833,0.3043,0.1438,0.1432,0.3605,0.4815,0.6526,0.1647,0.0697,0.0875,0.2791,0.2963,512,1,extracted,0.3013,0.0844,0.1506,0.1333,0.0406,0.0929
11,2024,66,1188,95,617,361,0.304,276,0,0.6833,0.3043,0.1438,0.1432,0.3605,0.4815,0.6526,0.1647,0.0697,0.0875,0.2791,0.2963,512,1,extracted,0.3013,0.0844,0.1506,0.1333,0.0406,0.0929
11,2024,67,1188,95,617,361,0.304,276,0,0.6833,0.3043,0.1438,0.1432,0.3605,0.4815,0.6526,0.1647,0.0697,0.0875,0.2791,0.2963,512,1,extracted,0.3013,0.0844,0.1506,0.1333,0.0406,0.0929
11,2024,68,1188,95,617,361,0.304,276,0,0.6833,0.3043,0.1438,0.1432,0.3605,0.4815,0.6526,0.1647,0.0697,0.0875,0.2791,0.2963,512,1,extracted,0.3013,0.0844,0.1506,0.1333,0.0406,0.0929
11,2024,69,1188,95,617,361,0.304,276,0,0.6833,0.3043,0.1438,0.1432,0.3605,0.4815,0.6526,0.1647,0.0697,0.0875,0.2791,0.2963,512,1,extracted,0.3013,0.0844,0.1506,0.1333,0.0406,0.0929
11,2024,70,1188,95,656,414,0.348,296,0,0.6892,0.2619,0.1474,0.1627,0.3953,0.4815,0.6526,0.1647,0.0697,0.0875,0.2791,0.2963,512,1,extracted,0.2509,0.0842,0.1812,0.1333,0.0406,0.0929
11,2024,71,1188,95,656,414,0.348,296,0,0.6892,0.2619,0.1474,0.1627,0.3953,0.4815,0.6526,0.1647,0.0697,0.0875,0.2791,0.2963,512,1,extracted,0.2509,0.0842,0.1812,0.1333,0.0406,0.0929
11,2024,72,1188,95,656,414,0.348,296,0,0.6892,0.2619,0.1474,0.1627,0.3953,0.4815,0.6526,0.1647,0.0697,0.0875,0.2791,0.2963,512,1,extracted,0.2509,0.0842,0.1812,0.1333,0.0406,0.0929
11,2024,73,1188,95,656,414,0.348,296,0,0.6892,0.2619,0.1474,0.1627,0.3953,0.4815,0.6526,0.1647,0.0697,0.0875,0.2791,0.2963,512,1,extracted,0.2509,0.0842,0.1812,0.1333,0.0406,0.0929
11,2024,74,1188,95,753,463,0.39,338,0,0.672,0.2693,0.1405,0.1472,0.4186,0.5556,0.6526,0.1647,0.0697,0.0875,0.2791,0.2963,512,1,extracted,0.2242,0.0712,0.1534,0.1333,0.0406,0.0929
11,2024,75,1188,95,753,463,0.39,338,0,0.672,0.2693,0.1405,0.1472,0.4186,0.5556,0.6526,0.1647,0.0697,0.0875,0.2791,0.2963,512,1,extracted,0.2242,0.0712,0.1534,0.1333,0.0406,0.0929
11,2024,76,1188,95,753,463,0.39,338,0,0.672,0.2693,0.1405,0.1472,0.4186,0.5556,0.6526,0.1647,0.0697,0.0875,0.2791,0.2963,512,1,extracted,0.2242,0.0712,0.1534,0.1333,0.0406,0.0929
11,2024,77,1188,95,753,463,0.39,338,0,0.672,0.2693,0.1405,0.1472,0.4186,0.5556,0.6526,0.1647,0.0697,0.0875,0.2791,0.2963,512,1,extracted,0.2242,0.0712,0.1534,0.1333,0.0406,0.0929
11,2024,78,1188,95,753,463,0.39,338,0,0.672,0.2693,0.1405,0.1472,0.4186,0.5556,0.6526,0.1647,0.0697,0.0875,0.2791,0.2963,512,1,extracted,0.2242,0.0712,0.1534,0.1333,0.0406,0.0929
11,2024,79,1188,95,809,484,0.407,358,0,0.6872,0.2491,0.1389,0.1488,0.4302,0.5185,0.6526,0.1647,0.0697,0.0875,0.2791,0.2963,512,1,extracted,0.2178,0.0865,0.1547,0.1333,0.0406,0.0929
11,2024,80,1188,95,809,484,0.407,358,0,0.6872,0.2491,0.1389,0.1488,0.4302,0.5185,0.6526,0.1647,0.0697,0.0875,0.2791,0.2963,512,1,extracted,0.2178,0.0865,0.1547,0.1333,0.0406,0.0929
11,2024,81,1188,95,809,484,0.407,358,0,0.6872,0.2491,0.1389,0.1488,0.4302,0.5185,0.6526,0.1647,0.0697,0.0875,0.2791,0.2963,512,1,extracted,0.2178,0.0865,0.1547,0.1333,0.0406,0.0929
11,2024,82,1188,95,809,484,0.407,358,0,0.6872,0.2491,0.1389,0.1488,0.4302,0.5185,0.6526,0.1647,0.0697,0.0875,0.2791,0.2963,512,1,extracted,0.2178,0.0865,0.1547,0.1333,0.0406,0.0929
11,2024,83,1188,95,809,484,0.407,358,0,0.6872,0.2491,0.1389,0.1488,0.4302,0.5185,0.6526,0.1647,0.0697,0.0875,0.2791,0.2963,512,1,extracted,0.2178,0.0865,0.1547,0.1333,0.0406,0.0929
11,2024,84,1188,95,880,528,0.444,394,0,0.6881,0.2362,0.1201,0.1294,0.3953,0.4815,0.6526,0.1647,0.0697,0.0875,0.2791,0.2963,512,1,extracted,0.2123,0.073,0.1453,0.1333,0.0406,0.0929
11,2024,85,1188,95,880,528,0.444,394,0,0.6881,0.2362,0.1201,0.1294,0.3953,0.4815,0.6526,0.1647,0.0697,0.0875,0.2791,0.2963,512,1,extracted,0.2123,0.073,0.1453,0.1333,0.0406,0.0929
11,2024,86,1188,95,880,528,0.444,394,0,0.6881,0.2362,0.1201,0.1294,0.3953,0.4815,0.6526,0.1647,0.0697,0.0875,0.2791,0.2963,512,1,extracted,0.2123,0.073,0.1453,0.1333,0.0406,0.0929
11,2024,87,1188,95,880,528,0.444,394,0,0.6881,0.2362,0.1201,0.1294,0.3953,0.4815,0.6526,0.1647,0.0697,0.0875,0.2791,0.2963,512,1,extracted,0.2123,0.073,0.1453,0.1333,0.0406,0.0929
11,2024,88,1188,95,880,528,0.444,394,0,0.6881,0.2362,0.1201,0.1294,0.3953,0.4815,0.6526,0.1647,0.0697,0.0875,0.2791,0.2963,512,1,extracted,0.2123,0.073,0.1453,0.1333,0.0406,0.0929
11,2024,89,1188,95,943,569,0.479,422,0,0.6807,0.2287,0.1131,0.1098,0.3953,0.4074,0.6526,0.1647,0.0697,0.0875,0.2791,0.2963,512,1,extracted,0.2022,0.0791,0.1292,0.1333,0.0406,0.0929
11,2024,90,1188,95,943,569,0.479,422,0,0.6807,0.2287,0.1131,0.1098,0.3953,0.4074,0.6526,0.1647,0.0697,0.0875,0.2791,0.2963,512,1,extracted,0.2022,0.0791,0.1292,0.1333,0.0406,0.0929
11,2024,91,1188,95,943,569,0.479,422,0,0.6807,0.2287,0.1131,0.1098,0.3953,0.4074,0.6526,0.1647,0.0697,0.0875,0.2791,0.2963,512,1,extracted,0.2022,0.0791,0.1292,0.1333,0.0406,0.0929
11,2024,92,1188,95,943,569,0.479,422,0,0.6807,0.2287,0.1131,0.1098,0.3953,0.4074,0.6526,0.1647,0.0697,0.0875,0.2791,0.2963,512,1,extracted,0.2022,0.0791,0.1292,0.1333,0.0406,0.0929
11,2024,93,1188,95,1024,580,0.488,461,0,0.6779,0.2252,0.1084,0.1111,0.3837,0.4074,0.6526,0.1647,0.0697,0.0875,0.2791,0.2963,512,1,extracted,0.1846,0.0619,0.1128,0.1333,0.0406,0.0929
11,2024,94,1188,95,1024,580,0.488,461,0,0.6779,0.2252,0.1084,0.1111,0.3837,0.4074,0.6526,0.1647,0.0697,0.0875,0.2791,0.2963,512,1,extracted,0.1846,0.0619,0.1128,0.1333,0.0406,0.0929
11,2024,95,1188,95,1024,580,0.488,461,0,0.6779,0.2252,0.1084,0.1111,0.3837,0.4074,0.6526,0.1647,0.0697,0.0875,0.2791,0.2963,512,1,extracted,0.1846,0.0619,0.1128,0.1333,0.0406,0.0929
11,2024,96,1188,95,1024,580,0.488,461,0,0.6779,0.2252,0.1084,0.1111,0.3837,0.4074,0.6526,0.1647,0.0697,0.0875,0.2791,0.2963,512,1,extracted,0.1846,0.0619,0.1128,0.1333,0.0406,0.0929
11,2024,97,1188,95,1024,580,0.488,461,0,0.6779,0.2252,0.1084,0.1111,0.3837,0.4074,0.6526,0.1647,0.0697,0.0875,0.2791,0.2963,512,1,extracted,0.1846,0.0619,0.1128,0.1333,0.0406,0.0929
11,2024,98,1188,95,1176,637,0.536,512,1,0.6786,0.2025,0.096,0.1176,0.3721,0.4444,0.6526,0.1647,0.0697,0.0875,0.2791,0.2963,512,1,extracted,0.1735,0.055,0.1096,0.1333,0.0406,0.0929
11,2024,99,1188,95,1176,637,0.536,512,1,0.6786,0.2025,0.096,0.1176,0.3721,0.4444,0.6526,0.1647,0.0697,0.0875,0.2791,0.2963,512,1,extracted,0.1735,0.055,0.1096,0.1333,0.0406,0.0929
11,2024,100,1188,95,1176,637,0.536,512,1,0.6786,0.2025,0.096,0.1176,0.3721,0.4444,0.6526,0.1647,0.0697,0.0875,0.2791,0.2963,512,1,extracted,0.1735,0.055,0.1096,0.1333,0.0406,0.0929
12,2024,1,1035,69,36,36,0.035,16,0,0.7062,0.3048,0.0971,0.2286,0.0746,0.15,0.6758,0.1605,0.1006,0.1146,0.5224,0.65,464,0,extracted,0.2769,0.0,0.1846,0.1619,0.0718,0.1
12,2024,2,1035,69,36,36,0.035,16,0,0.7062,0.3048,0.0971,0.2286,0.0746,0.15,0.6758,0.1605,0.1006,0.1146,0.5224,0.65,464,0,extracted,0.2769,0.0,0.1846,0.1619,0.0718,0.1
12,2024,3,1035,69,36,36,0.035,16,0,0.7062,0.3048,0.0971,0.2286,0.0746,0.15,0.6758,0.1605,0.1006,0.1146,0.5224,0.65,464,0,extracted,0.2769,0.0,0.1846,0.1619,0.0718,0.1
12,2024,4,1035,69,36,36,0.035,16,0,0.7062,0.3048,0.0971,0.2286,0.0746,0.15,0.6758,0.1605,0.1006,0.1146,0.5224,0.65,464,0,extracted,0.2769,0.0,0.1846,0.1619,0.0718,0.1
12,2024,5,1035,69,36,36,0.035,16,0,0.7062,0.3048,0.0971,0.2286,0.0746,0.15,0.6758,0.1605,0.1006,0.1146,0.5224,0.65,464,0,extracted,0.2769,0.0,0.1846,0.1619,0.0718,0.1
12,2024,6,1035,69,36,36,0.035,16,0,0.7062,0.3048,0.0971,0.2286,0.0746,0.15,0.6758,0.1605,0.1006,0.1146,0.5224,0.65,464,0,extracted,0.2769,0.0,0.1846,0.1619,0.0718,0.1
12,2024,7,1035,69,36,36,0.035,16,0,0.7062,0.3048,0.0971,0.2286,0.0746,0.15,0.6758,0.1605,0.1006,0.1146,0.5224,0.65,464,0,extracted,0.2769,0.0,0.1846,0.1619,0.0718,0.1
12,2024,8,1035,69,36,36,0.035,16,0,0.7062,0.3048,0.0971,0.2286,0.0746,0.15,0.6758,0.1605,0.1006,0.1146,0.5224,0.65,464,0,extracted,0.2769,0.0,0.1846,0.1619,0.0718,0.1
12,2024,9,1035,69,36,36,0.035,16,0,0.7062,0.3048,0.0971,0.2286,0.0746,0.15,0.6758,0.1605,0.1006,0.1146,0.5224,0.65,464,0,extracted,0.2769,0.0,0.1846,0.1619,0.0718,0.1
12,2024,10,1035,69,36,36,0.035,16,0,0.7062,0.3048,0.0971,0.2286,0.0746,0.15,0.6758,0.1605,0.1006,0.1146,0.5224,0.65,464,0,extracted,0.2769,0.0,0.1846,0.1619,0.0718,0.1
12,2024,11,1035,69,36,36,0.035,16,0,0.7062,0.3048,0.0971,0.2286,0.0746,0.15,0.6758,0.1605,0.1006,0.1146,0.5224,0.65,464,0,extracted,0.2769,0.0,0.1846,0.1619,0.0718,0.1
12,2024,12,1035,69,102,58,0.056,48,0,0.6702,0.2581,0.082,0.1935,0.0746,0.15,0.6758,0.1605,0.1006,0.1146,0.5224,0.65,464,0,extracted,0.2466,0.0,0.1644,0.1619,0.0718,0.1
12,2024,13,1035,69,102,58,0.056,48,0,0.6702,0.2581,0.082,0.1935,0.0746,0.15,0.6758,0.1605,0.1006,0.1146,0.5224,0.65,464,0,extracted,0.2466,0.0,0.1644,0.1619,0.0718,0.1
12,2024,14,1035,69,102,58,0.056,48,0,0.6702,0.2581,0.082,0.1935,0.0746,0.15,0.6758,0.1605,0.1006,0.1146,0.5224,0.65,464,0,extracted,0.2466,0.0,0.1644,0.1619,0.0718,0.1
12,2024,15,1035,69,102,58,0.056,48,0,0.6702,0.2581,0.082,0.1935,0.0746,0.15,0.6758,0.1605,0.1006,0.1146,0.5224,0.65,464,0,extracted,0.2466,0.0,0.1644,0.1619,0.0718,0.1
12,2024,16,1035,69,102,58,0.056,48,0,0.6702,0.2581,0.082,0.1935,0.0746,0.15,0.6758,0.1605,0.1006,0.1146,0.5224,0.65,464,0,extracted,0.2466,0.0,0.1644,0.1619,0.0718,0.1
12,2024,17,1035,69,102,58,0.056,48,0,0.6702,0.2581,0.082,0.1935,0.0746,0.15,0.6758,0.1605,0.1006,0.1146,0.5224,0.65,464,0,extracted,0.2466,0.0,0.1644,0.1619,0.0718,0.1
12,2024,18,1035,69,102,58,0.056,48,0,0.6702,0.2581,0.082,0.1935,0.0746,0.15,0.6758,0.1605,0.1006,0.1146,0.5224,0.65,464,0,extracted,0.2466,0.0,0.1644,0.1619,0.0718,0.1
12,2024,19,1035,69,102,58,0.056,48,0,0.6702,0.2581,0.082,0.1935,0.0746,0.15,0.6758,0.1605,0.1006,0.1146,0.5224,0.65,464,0,extracted,0.2466,0.0,0.1644,0.1619,0.0718,0.1
12,2024,20,1035,69,157,96,0.093,71,0,0.6783,0.303,0.0613,0.2061,0.0746,0.15,0.6758,0.1605,0.1006,0.1146,0.5224,0.65,464,0,extracted,0.3077,0.0,0.2115,0.1619,0.0718,0.1
12,2024,21,1035,69,157,96,0.093,71,0,0.6783,0.303,0.0613,0.2061,0.0746,0.15,0.6758,0.1605,0.1006,0.1146,0.5224,0.65,464,0,extracted,0.3077,0.0,0.2115,0.1619,0.0718,0.1
12,2024,22,1035,69,157,96,0.093,71,0,0.6783,0.303,0.0613,0.2061,0.0746,0.15,0.6758,0.1605,0.1006,0.1146,0.5224,0.65,464,0,extracted,0.3077,0.0,0.2115,0.1619,0.0718,0.1
12,2024,23,1035,69,157,96,0.093,71,0,0.6783,0.303,0.0613,0.2061,0.0746,0.15,0.6758,0.1605,0.1006,0.1146,0.5224,0.65,464,0,extracted,0.3077,0.0,0.2115,0.1619,0.0718,0.1
12,2024,24,1035,69,157,96,0.093,71,0,0.6783,0.303,0.0613,0.2061,0.0746,0.15,0.6758,0.1605,0.1006,0.1146,0.5224,0.65,464,0,extracted,0.3077,0.0,0.2115,0.1619,0.0718,0.1
12,2024,25,1035,69,157,96,0.093,71,0,0.6783,0.303,0.0613,0.2061,0.0746,0.15,0.6758,0.1605,0.1006,0.1146,0.5224,0.65,464,0,extracted,0.3077,0.0,0.2115,0.1619,0.0718,0.1
12,2024,26,1035,69,157,96,0.093,71,0,0.6783,0.303,0.0613,0.2061,0.0746,0.15,0.6758,0.1605,0.1006,0.1146,0.5224,0.65,464,0,extracted,0.3077,0.0,0.2115,0.1619,0.0718,0.1
12,2024,27,1035,69,244,145,0.14,107,0,0.7015,0.3223,0.1244,0.1991,0.194,0.3,0.6758,0.1605,0.1006,0.1146,0.5224,0.65,464,0,extracted,0.3276,0.0175,0.1897,0.1619,0.0718,0.1
12,2024,28,1035,69,244,145,0.14,107,0,0.7015,0.3223,0.1244,0.1991,0.194,0.3,0.6758,0.1605,0.1006,0.1146,0.5224,0.65,464,0,extracted,0.3276,0.0175,0.1897,0.1619,0.0718,0.1
12,2024,29,1035,69,244,145,0.14,107,0,0.7015,0.3223,0.1244,0.1991,0.194,0.3,0.6758,0.1605,0.1006,0.1146,0.5224,0.65,464,0,extracted,0.3276,0.0175,0.1897,0.1619,0.0718,0.1
12,2024,30,1035,69,244,145,0.14,107,0,0.7015,0.3223,0.1244,0.1991,0.194,0.3,0.6758,0.1605,0.1006,0.1146,0.5224,0.65,464,0,extracted,0.3276,0.0175,0.1897,0.1619,0.0718,0.1
12,2024,31,1035,69,244,145,0.14,107,0,0.7015,0.3223,0.1244,0.1991,0.194,0.3,0.6758,0.1605,0.1006,0.1146,0.5224,0.65,464,0,extracted,0.3276,0.0175,0.1897,0.1619,0.0718,0.1
12,2024,32,1035,69,244,145,0.14,107,0,0.7015,0.3223,0.1244,0.1991,0.194,0.3,0.6758,0.1605,0.1006,0.1146,0.5224,0.65,464,0,extracted,0.3276,0.0175,0.1897,0.1619,0.0718,0.1
12,2024,33,1035,69,244,145,0.14,107,0,0.7015,0.3223,0.1244,0.1991,0.194,0.3,0.6758,0.1605,0.1006,0.1146,0.5224,0.65,464,0,extracted,0.3276,0.0175,0.1897,0.1619,0.0718,0.1
12,2024,34,1035,69,244,145,0.14,107,0,0.7015,0.3223,0.1244,0.1991,0.194,0.3,0.6758,0.1605,0.1006,0.1146,0.5224,0.65,464,0,extracted,0.3276,0.0175,0.1897,0.1619,0.0718,0.1
12,2024,35,1035,69,292,182,0.176,125,0,0.6902,0.328,0.121,0.168,0.2239,0.35,0.6758,0.1605,0.1006,0.1146,0.5224,0.65,464,0,extracted,0.3022,0.0146,0.1583,0.1619,0.0718,0.1
12,2024,36,1035,69,292,182,0.176,125,0,0.6902,0.328,0.121,0.168,0.2239,0.35,0.6758,0.1605,0.1006,0.1146,0.5224,0.65,464,0,extracted,0.3022,0.0146,0.1583,0.1619,0.0718,0.1
12,2024,37,1035,69,292,182,0.176,125,0,0.6902,0.328,0.121,0.168,0.2239,0.35,0.6758,0.1605,0.1006,0.1146,0.5224,0.65,464,0,extracted,0.3022,0.0146,0.1583,0.1619,0.0718,0.1
12,2024,38,1035,69,292,182,0.176,125,0,0.6902,0.328,0.121,0.168,0.2239,0.35,0.6758,0.1605,0.1006,0.1146,0.5224,0.65,464,0,extracted,0.3022,0.0146,0.1583,0.1619,0.0718,0.1
12,2024,39,1035,69,292,182,0.176,125,0,0.6902,0.328,0.121,0.168,0.2239,0.35,0.6758,0.1605,0.1006,0.1146,0.5224,0.65,464,0,extracted,0.3022,0.0146,0.1583,0.1619,0.0718,0.1
12,2024,40,1035,69,292,182,0.176,125,0,0.6902,0.328,0.121,0.168,0.2239,0.35,0.6758,0.1605,0.1006,0.1146,0.5224,0.65,464,0,extracted,0.3022,0.0146,0.1583,0.1619,0.0718,0.1
12,2024,41,1035,69,292,182,0.176,125,0,0.6902,0.328,0.121,0.168,0.2239,0.35,0.6758,0.1605,0.1006,0.1146,0.5224,0.65,464,0,extracted,0.3022,0.0146,0.1583,0.1619,0.0718,0.1
12,2024,42,1035,69,292,182,0.176,125,0,0.6902,0.328,0.121,0.168,0.2239,0.35,0.6758,0.1605,0.1006,0.1146,0.5224,0.65,464,0,extracted,0.3022,0.0146,0.1583,0.1619,0.0718,0.1
12,2024,43,1035,69,399,238,0.23,171,0,0.6861,0.2752,0.1014,0.1409,0.2239,0.35,0.6758,0.1605,0.1006,0.1146,0.5224,0.65,464,0,extracted,0.2609,0.0126,0.1366,0.1619,0.0718,0.1
12,2024,44,1035,69,399,238,0.23,171,0,0.6861,0.2752,0.1014,0.1409,0.2239,0.35,0.6758,0.1605,0.1006,0.1146,0.5224,0.65,464,0,extracted,0.2609,0.0126,0.1366,0.1619,0.0718,0.1
12,2024,45,1035,69,399,238,0.23,171,0,0.6861,0.2752,0.1014,0.1409,0.2239,0.35,0.6758,0.1605,0.1006,0.1146,0.5224,0.65,464,0,extracted,0.2609,0.0126,0.1366,0.1619,0.0718,0.1
12,2024,46,1035,69,399,238,0.23,171,0,0.6861,0.2752,0.1014,0.1409,0.2239,0.35,0.6758,0.1605,0.1006,0.1146,0.5224,0.65,464,0,extracted,0.2609,0.0126,0.1366,0.1619,0.0718,0.1
12,2024,47,1035,69,399,238,0.23,171,0,0.6861,0.2752,0.1014,0.1409,0.2239,0.35,0.6758,0.1605,0.1006,0.1146,0.5224,0.65,464,0,extracted,0.2609,0.0126,0.1366,0.1619,0.0718,0.1
12,2024,48,1035,69,399,238,0.23,171,0,0.6861,0.2752,0.1014,0.1409,0.2239,0.35,0.6758,0.1605,0.1006,0.1146,0.5224,0.65,464,0,extracted,0.2609,0.0126,0.1366,0.1619,0.0718,0.1
12,2024,49,1035,69,399,238,0.23,171,0,0.6861,0.2752,0.1014,0.1409,0.2239,0.35,0.6758,0.1605,0.1006,0.1146,0.5224,0.65,464,0,extracted,0.2609,0.0126,0.1366,0.1619,0.0718,0.1
12,2024,50,1035,69,399,238,0.23,171,0,0.6861,0.2752,0.1014,0.1409,0.2239,0.35,0.6758,0.1605,0.1006,0.1146,0.5224,0.65,464,0,extracted,0.2609,0.0126,0.1366,0.1619,0.0718,0.1
12,2024,51,1035,69,456,281,0.271,194,0,0.6794,0.2743,0.0977,0.1429,0.2537,0.4,0.6758,0.1605,0.1006,0.1146,0.5224,0.65,464,0,extracted,0.2437,0.0308,0.132,0.1619,0.0718,0.1
12,2024,52,1035,69,456,281,0.271,194,0,0.6794,0.2743,0.0977,0.1429,0.2537,0.4,0.6758,0.1605,0.1006,0.1146,0.5224,0.65,464,0,extracted,0.2437,0.0308,0.132,0.1619,0.0718,0.1
12,2024,53,1035,69,456,281,0.271,194,0,0.6794,0.2743,0.0977,0.1429,0.2537,0.4,0.6758,0.1605,0.1006,0.1146,0.5224,0.65,464,0,extracted,0.2437,0.0308,0.132,0.1619,0.0718,0.1
12,2024,54,1035,69,456,281,0.271,194,0,0.6794,0.2743,0.0977,0.1429,0.2537,0.4,0.6758,0.1605,0.1006,0.1146,0.5224,0.65,464,0,extracted,0.2437,0.0308,0.132,0.1619,0.0718,0.1
12,2024,55,1035,69,456,281,0.271,194,0,0.6794,0.2743,0.0977,0.1429,0.2537,0.4,0.6758,0.1605,0.1006,0.1146,0.5224,0.65,464,0,extracted,0.2437,0.0308,0.132,0.1619,0.0718,0.1
12,2024,56,1035,69,456,281,0.271,194,0,0.6794,0.2743,0.0977,0.1429,0.2537,0.4,0.6758,0.1605,0.1006,0.1146,0.5224,0.65,464,0,extracted,0.2437,0.0308,0.132,0.1619,0.0718,0.1
12,2024,57,1035,69,456,281,0.271,194,0,0.6794,0.2743,0.0977,0.1429,0.2537,0.4,0.6758,0.1605,0.1006,0.1146,0.5224,0.65,464,0,extracted,0.2437,0.0308,0.132,0.1619,0.0718,0.1
12,2024,58,1035,69,531,316,0.305,229,0,0.6722,0.2234,0.0802,0.1277,0.2239,0.35,0.6758,0.1605,0.1006,0.1146,0.5224,0.65,464,0,extracted,0.2286,0.0288,0.1333,0.1619,0.0718,0.1
12,2024,59,1035,69,531,316,0.305,229,0,0.6722,0.2234,0.0802,0.1277,0.2239,0.35,0.6758,0.1605,0.1006,0.1146,0.5224,0.65,464,0,extracted,0.2286,0.0288,0.1333,0.1619,0.0718,0.1
12,2024,60,1035,69,531,316,0.305,229,0,0.6722,0.2234,0.0802,0.1277,0.2239,0.35,0.6758,0.1605,0.1006,0.1146,0.5224,0.65,464,0,extracted,0.2286,0.0288,0.1333,0.1619,0.0718,0.1
12,2024,61,1035,69,531,316,0.305,229,0,0.6722,0.2234,0.0802,0.1277,0.2239,0.35,0.6758,0.1605,0.1006,0.1146,0.5224,0.65,464,0,extracted,0.2286,0.0288,0.1333,0.1619,0.0718,0.1
12,2024,62,1035,69,531,316,0.305,229,0,0.6722,0.2234,0.0802,0.1277,0.2239,0.35,0.6758,0.1605,0.1006,0.1146,0.5224,0.65,464,0,extracted,0.2286,0.0288,0.1333,0.1619,0.0718,0.1
12,2024,63,1035,69,531,316,0.305,229,0,0.6722,0.2234,0.0802,0.1277,0.2239,0.35,0.6758,0.1605,0.1006,0.1146,0.5224,0.65,464,0,extracted,0.2286,0.0288,0.1333,0.1619,0.0718,0.1
12,2024,64,1035,69,531,316,0.305,229,0,0.6722,0.2234,0.0802,0.1277,0.2239,0.35,0.6758,0.1605,0.1006,0.1146,0.5224,0.65,464,0,extracted,0.2286,0.0288,0.1333,0.1619,0.0718,0.1
12,2024,65,1035,69,531,316,0.305,229,0,0.6722,0.2234,0.0802,0.1277,0.2239,0.35,0.6758,0.1605,0.1006,0.1146,0.5224,0.65,464,0,extracted,0.2286,0.0288,0.1333,0.1619,0.0718,0.1
12,2024,66,1035,69,616,375,0.362,267,0,0.6732,0.2027,0.0814,0.1126,0.2687,0.45,0.6758,0.1605,0.1006,0.1146,0.5224,0.65,464,0,extracted,0.2038,0.0304,0.1283,0.1619,0.0718,0.1
12,2024,67,1035,69,616,375,0.362,267,0,0.6732,0.2027,0.0814,0.1126,0.2687,0.45,0.6758,0.1605,0.1006,0.1146,0.5224,0.65,464,0,extracted,0.2038,0.0304,0.1283,0.1619,0.0718,0.1
12,2024,68,1035,69,616,375,0.362,267,0,0.6732,0.2027,0.0814,0.1126,0.2687,0.45,0.6758,0.1605,0.1006,0.1146,0.5224,0.65,464,0,extracted,0.2038,0.0304,0.1283,0.1619,0.0718,0.1
12,2024,69,1035,69,616,375,0.362,267,0,0.6732,0.2027,0.0814,0.1126,0.2687,0.45,0.6758,0.1605,0.1006,0.1146,0.5224,0.65,464,0,extracted,0.2038,0.0304,0.1283,0.1619,0.0718,0.1
12,2024,70,1035,69,616,375,0.362,267,0,0.6732,0.2027,0.0814,0.1126,0.2687,0.45,0.6758,0.1605,0.1006,0.1146,0.5224,0.65,464,0,extracted,0.2038,0.0304,0.1283,0.1619,0.0718,0.1
12,2024,71,1035,69,616,375,0.362,267,0,0.6732,0.2027,0.0814,0.1126,0.2687,0.45,0.6758,0.1605,0.1006,0.1146,0.5224,0.65,464,0,extracted,0.2038,0.0304,0.1283,0.1619,0.0718,0.1
12,2024,72,1035,69,616,375,0.362,267,0,0.6732,0.2027,0.0814,0.1126,0.2687,0.45,0.6758,0.1605,0.1006,0.1146,0.5224,0.65,464,0,extracted,0.2038,0.0304,0.1283,0.1619,0.0718,0.1
12,2024,73,1035,69,616,375,0.362,267,0,0.6732,0.2027,0.0814,0.1126,0.2687,0.45,0.6758,0.1605,0.1006,0.1146,0.5224,0.65,464,0,extracted,0.2038,0.0304,0.1283,0.1619,0.0718,0.1
12,2024,74,1035,69,759,476,0.46,326,0,0.6709,0.2026,0.1109,0.1326,0.4478,0.65,0.6758,0.1605,0.1006,0.1146,0.5224,0.65,464,0,extracted,0.2118,0.069,0.1246,0.1619,0.0718,0.1
12,2024,75,1035,69,759,476,0.46,326,0,0.6709,0.2026,0.1109,0.1326,0.4478,0.65,0.6758,0.1605,0.1006,0.1146,0.5224,0.65,464,0,extracted,0.2118,0.069,0.1246,0.1619,0.0718,0.1
12,2024,76,1035,69,759,476,0.46,326,0,0.6709,0.2026,0.1109,0.1326,0.4478,0.65,0.6758,0.1605,0.1006,0.1146,0.5224,0.65,464,0,extracted,0.2118,0.069,0.1246,0.1619,0.0718,0.1
12,2024,77,1035,69,759,476,0.46,326,0,0.6709,0.2026,0.1109,0.1326,0.4478,0.65,0.6758,0.1605,0.1006,0.1146,0.5224,0.65,464,0,extracted,0.2118,0.069,0.1246,0.1619,0.0718,0.1
12,2024,78,1035,69,759,476,0.46,326,0,0.6709,0.2026,0.1109,0.1326,0.4478,0.65,0.6758,0.1605,0.1006,0.1146,0.5224,0.65,464,0,extracted,0.2118,0.069,0.1246,0.1619,0.0718,0.1
12,2024,79,1035,69,759,476,0.46,326,0,0.6709,0.2026,0.1109,0.1326,0.4478,0.65,0.6758,0.1605,0.1006,0.1146,0.5224,0.65,464,0,extracted,0.2118,0.069,0.1246,0.1619,0.0718,0.1
12,2024,80,1035,69,759,476,0.46,326,0,0.6709,0.2026,0.1109,0.1326,0.4478,0.65,0.6758,0.1605,0.1006,0.1146,0.5224,0.65,464,0,extracted,0.2118,0.069,0.1246,0.1619,0.0718,0.1
12,2024,81,1035,69,868,545,0.527,382,0,0.6857,0.1863,0.1016,0.1176,0.4627,0.7,0.6758,0.1605,0.1006,0.1146,0.5224,0.65,464,0,extracted,0.1899,0.0618,0.1061,0.1619,0.0718,0.1
12,2024,82,1035,69,868,545,0.527,382,0,0.6857,0.1863,0.1016,0.1176,0.4627,0.7,0.6758,0.1605,0.1006,0.1146,0.5224,0.65,464,0,extracted,0.1899,0.0618,0.1061,0.1619,0.0718,0.1
12,2024,83,1035,69,868,545,0.527,382,0,0.6857,0.1863,0.1016,0.1176,0.4627,0.7,0.6758,0.1605,0.1006,0.1146,0.5224,0.65,464,0,extracted,0.1899,0.0618,0.1061,0.1619,0.0718,0.1
12,2024,84,1035,69,868,545,0.527,382,0,0.6857,0.1863,0.1016,0.1176,0.4627,0.7,0.6758,0.1605,0.1006,0.1146,0.5224,0.65,464,0,extracted,0.1899,0.0618,0.1061,0.1619,0.0718,0.1
12,2024,85,1035,69,868,545,0.527,382,0,0.6857,0.1863,0.1016,0.1176,0.4627,0.7,0.6758,0.1605,0.1006,0.1146,0.5224,0.65,464,0,extracted,0.1899,0.0618,0.1061,0.1619,0.0718,0.1
12,2024,86,1035,69,868,545,0.527,382,0,0.6857,0.1863,0.1016,0.1176,0.4627,0.7,0.6758,0.1605,0.1006,0.1146,0.5224,0.65,464,0,extracted,0.1899,0.0618,0.1061,0.1619,0.0718,0.1
12,2024,87,1035,69,868,545,0.527,382,0,0.6857,0.1863,0.1016,0.1176,0.4627,0.7,0.6758,0.1605,0.1006,0.1146,0.5224,0.65,464,0,extracted,0.1899,0.0618,0.1061,0.1619,0.0718,0.1
12,2024,88,1035,69,868,545,0.527,382,0,0.6857,0.1863,0.1016,0.1176,0.4627,0.7,0.6758,0.1605,0.1006,0.1146,0.5224,0.65,464,0,extracted,0.1899,0.0618,0.1061,0.1619,0.0718,0.1
12,2024,89,1035,69,942,550,0.531,409,0,0.6592,0.1672,0.0789,0.1148,0.3582,0.55,0.6758,0.1605,0.1006,0.1146,0.5224,0.65,464,0,extracted,0.1643,0.0342,0.1076,0.1619,0.0718,0.1
12,2024,90,1035,69,942,550,0.531,409,0,0.6592,0.1672,0.0789,0.1148,0.3582,0.55,0.6758,0.1605,0.1006,0.1146,0.5224,0.65,464,0,extracted,0.1643,0.0342,0.1076,0.1619,0.0718,0.1
12,2024,91,1035,69,942,550,0.531,409,0,0.6592,0.1672,0.0789,0.1148,0.3582,0.55,0.6758,0.1605,0.1006,0.1146,0.5224,0.65,464,0,extracted,0.1643,0.0342,0.1076,0.1619,0.0718,0.1
12,2024,92,1035,69,942,550,0.531,409,0,0.6592,0.1672,0.0789,0.1148,0.3582,0.55,0.6758,0.1605,0.1006,0.1146,0.5224,0.65,464,0,extracted,0.1643,0.0342,0.1076,0.1619,0.0718,0.1
12,2024,93,1035,69,942,550,0.531,409,0,0.6592,0.1672,0.0789,0.1148,0.3582,0.55,0.6758,0.1605,0.1006,0.1146,0.5224,0.65,464,0,extracted,0.1643,0.0342,0.1076,0.1619,0.0718,0.1
12,2024,94,1035,69,942,550,0.531,409,0,0.6592,0.1672,0.0789,0.1148,0.3582,0.55,0.6758,0.1605,0.1006,0.1146,0.5224,0.65,464,0,extracted,0.1643,0.0342,0.1076,0.1619,0.0718,0.1
12,2024,95,1035,69,942,550,0.531,409,0,0.6592,0.1672,0.0789,0.1148,0.3582,0.55,0.6758,0.1605,0.1006,0.1146,0.5224,0.65,464,0,extracted,0.1643,0.0342,0.1076,0.1619,0.0718,0.1
12,2024,96,1035,69,942,550,0.531,409,0,0.6592,0.1672,0.0789,0.1148,0.3582,0.55,0.6758,0.1605,0.1006,0.1146,0.5224,0.65,464,0,extracted,0.1643,0.0342,0.1076,0.1619,0.0718,0.1
12,2024,97,1035,69,1025,649,0.627,456,0,0.6477,0.1439,0.0707,0.0969,0.3582,0.55,0.6758,0.1605,0.1006,0.1146,0.5224,0.65,464,0,extracted,0.1542,0.0465,0.0874,0.1619,0.0718,0.1
12,2024,98,1035,69,1025,649,0.627,456,0,0.6477,0.1439,0.0707,0.0969,0.3582,0.55,0.6758,0.1605,0.1006,0.1146,0.5224,0.65,464,0,extracted,0.1542,0.0465,0.0874,0.1619,0.0718,0.1
12,2024,99,1035,69,1025,649,0.627,456,0,0.6477,0.1439,0.0707,0.0969,0.3582,0.55,0.6758,0.1605,0.1006,0.1146,0.5224,0.65,464,0,extracted,0.1542,0.0465,0.0874,0.1619,0.0718,0.1
12,2024,100,1035,69,1025,649,0.627,456,0,0.6477,0.1439,0.0707,0.0969,0.3582,0.55,0.6758,0.1605,0.1006,0.1146,0.5224,0.65,464,0,extracted,0.1542,0.0465,0.0874,0.1619,0.0718,0.1
13,2024,1,783,80,26,26,0.033,14,0,0.638,0.1698,0.0577,0.1321,0.038,0.0455,0.6809,0.2406,0.1208,0.1353,0.4051,0.6364,346,0,extracted,0.1333,0.0345,0.1,0.2149,0.0721,0.1373
13,2024,2,783,80,26,26,0.033,14,0,0.638,0.1698,0.0577,0.1321,0.038,0.0455,0.6809,0.2406,0.1208,0.1353,0.4051,0.6364,346,0,extracted,0.1333,0.0345,0.1,0.2149,0.0721,0.1373
13,2024,3,783,80,26,26,0.033,14,0,0.638,0.1698,0.0577,0.1321,0.038,0.0455,0.6809,0.2406,0.1208,0.1353,0.4051,0.6364,346,0,extracted,0.1333,0.0345,0.1,0.2149,0.0721,0.1373
13,2024,4,783,80,26,26,0.033,14,0,0.638,0.1698,0.0577,0.1321,0.038,0.0455,0.6809,0.2406,0.1208,0.1353,0.4051,0.6364,346,0,extracted,0.1333,0.0345,0.1,0.2149,0.0721,0.1373
13,2024,5,783,80,26,26,0.033,14,0,0.638,0.1698,0.0577,0.1321,0.038,0.0455,0.6809,0.2406,0.1208,0.1353,0.4051,0.6364,346,0,extracted,0.1333,0.0345,0.1,0.2149,0.0721,0.1373
13,2024,6,783,80,26,26,0.033,14,0,0.638,0.1698,0.0577,0.1321,0.038,0.0455,0.6809,0.2406,0.1208,0.1353,0.4051,0.6364,346,0,extracted,0.1333,0.0345,0.1,0.2149,0.0721,0.1373
13,2024,7,783,80,26,26,0.033,14,0,0.638,0.1698,0.0577,0.1321,0.038,0.0455,0.6809,0.2406,0.1208,0.1353,0.4051,0.6364,346,0,extracted,0.1333,0.0345,0.1,0.2149,0.0721,0.1373
13,2024,8,783,80,26,26,0.033,14,0,0.638,0.1698,0.0577,0.1321,0.038,0.0455,0.6809,0.2406,0.1208,0.1353,0.4051,0.6364,346,0,extracted,0.1333,0.0345,0.1,0.2149,0.0721,0.1373
13,2024,9,783,80,26,26,0.033,14,0,0.638,0.1698,0.0577,0.1321,0.038,0.0455,0.6809,0.2406,0.1208,0.1353,0.4051,0.6364,346,0,extracted,0.1333,0.0345,0.1,0.2149,0.0721,0.1373
13,2024,10,783,80,57,48,0.061,25,0,0.6742,0.375,0.0794,0.2188,0.0633,0.1364,0.6809,0.2406,0.1208,0.1353,0.4051,0.6364,346,0,extracted,0.2973,0.0278,0.2162,0.2149,0.0721,0.1373
13,2024,11,783,80,57,48,0.061,25,0,0.6742,0.375,0.0794,0.2188,0.0633,0.1364,0.6809,0.2406,0.1208,0.1353,0.4051,0.6364,346,0,extracted,0.2973,0.0278,0.2162,0.2149,0.0721,0.1373
13,2024,12,783,80,57,48,0.061,25,0,0.6742,0.375,0.0794,0.2188,0.0633,0.1364,0.6809,0.2406,0.1208,0.1353,0.4051,0.6364,346,0,extracted,0.2973,0.0278,0.2162,0.2149,0.0721,0.1373
13,2024,13,783,80,57,48,0.061,25,0,0.6742,0.375,0.0794,0.2188,0.0633,0.1364,0.6809,0.2406,0.1208,0.1353,0.4051,0.6364,346,0,extracted,0.2973,0.0278,0.2162,0.2149,0.0721,0.1373
13,2024,14,783,80,57,48,0.061,25,0,0.6742,0.375,0.0794,0.2188,0.0633,0.1364,0.6809,0.2406,0.1208,0.1353,0.4051,0.6364,346,0,extracted,0.2973,0.0278,0.2162,0.2149,0.0721,0.1373
13,2024,15,783,80,57,48,0.061,25,0,0.6742,0.375,0.0794,0.2188,0.0633,0.1364,0.6809,0.2406,0.1208,0.1353,0.4051,0.6364,346,0,extracted,0.2973,0.0278,0.2162,0.2149,0.0721,0.1373
13,2024,16,783,80,105,68,0.087,51,0,0.6595,0.3673,0.1103,0.2177,0.1013,0.1818,0.6809,0.2406,0.1208,0.1353,0.4051,0.6364,346,0,extracted,0.2824,0.0482,0.2118,0.2149,0.0721,0.1373
13,2024,17,783,80,105,68,0.087,51,0,0.6595,0.3673,0.1103,0.2177,0.1013,0.1818,0.6809,0.2406,0.1208,0.1353,0.4051,0.6364,346,0,extracted,0.2824,0.0482,0.2118,0.2149,0.0721,0.1373
13,2024,18,783,80,105,68,0.087,51,0,0.6595,0.3673,0.1103,0.2177,0.1013,0.1818,0.6809,0.2406,0.1208,0.1353,0.4051,0.6364,346,0,extracted,0.2824,0.0482,0.2118,0.2149,0.0721,0.1373
13,2024,19,783,80,105,68,0.087,51,0,0.6595,0.3673,0.1103,0.2177,0.1013,0.1818,0.6809,0.2406,0.1208,0.1353,0.4051,0.6364,346,0,extracted,0.2824,0.0482,0.2118,0.2149,0.0721,0.1373
13,2024,20,783,80,105,68,0.087,51,0,0.6595,0.3673,0.1103,0.2177,0.1013,0.1818,0.6809,0.2406,0.1208,0.1353,0.4051,0.6364,346,0,extracted,0.2824,0.0482,0.2118,0.2149,0.0721,0.1373
13,2024,21,783,80,105,68,0.087,51,0,0.6595,0.3673,0.1103,0.2177,0.1013,0.1818,0.6809,0.2406,0.1208,0.1353,0.4051,0.6364,346,0,extracted,0.2824,0.0482,0.2118,0.2149,0.0721,0.1373
13,2024,22,783,80,165,80,0.102,83,0,0.7676,0.5535,0.2293,0.3648,0.2278,0.3636,0.6809,0.2406,0.1208,0.1353,0.4051,0.6364,346,0,extracted,0.5051,0.1237,0.3232,0.2149,0.0721,0.1373
13,2024,23,783,80,165,80,0.102,83,0,0.7676,0.5535,0.2293,0.3648,0.2278,0.3636,0.6809,0.2406,0.1208,0.1353,0.4051,0.6364,346,0,extracted,0.5051,0.1237,0.3232,0.2149,0.0721,0.1373
13,2024,24,783,80,165,80,0.102,83,0,0.7676,0.5535,0.2293,0.3648,0.2278,0.3636,0.6809,0.2406,0.1208,0.1353,0.4051,0.6364,346,0,extracted,0.5051,0.1237,0.3232,0.2149,0.0721,0.1373
13,2024,25,783,80,165,80,0.102,83,0,0.7676,0.5535,0.2293,0.3648,0.2278,0.3636,0.6809,0.2406,0.1208,0.1353,0.4051,0.6364,346,0,extracted,0.5051,0.1237,0.3232,0.2149,0.0721,0.1373
13,2024,26,783,80,165,80,0.102,83,0,0.7676,0.5535,0.2293,0.3648,0.2278,0.3636,0.6809,0.2406,0.1208,0.1353,0.4051,0.6364,346,0,extracted,0.5051,0.1237,0.3232,0.2149,0.0721,0.1373
13,2024,27,783,80,165,80,0.102,83,0,0.7676,0.5535,0.2293,0.3648,0.2278,0.3636,0.6809,0.2406,0.1208,0.1353,0.4051,0.6364,346,0,extracted,0.5051,0.1237,0.3232,0.2149,0.0721,0.1373
13,2024,28,783,80,165,80,0.102,83,0,0.7676,0.5535,0.2293,0.3648,0.2278,0.3636,0.6809,0.2406,0.1208,0.1353,0.4051,0.6364,346,0,extracted,0.5051,0.1237,0.3232,0.2149,0.0721,0.1373
13,2024,29,783,80,202,101,0.129,99,0,0.7684,0.4862,0.1899,0.3094,0.2152,0.3182,0.6809,0.2406,0.1208,0.1353,0.4051,0.6364,346,0,extracted,0.4324,0.1101,0.2883,0.2149,0.0721,0.1373
13,2024,30,783,80,202,101,0.129,99,0,0.7684,0.4862,0.1899,0.3094,0.2152,0.3182,0.6809,0.2406,0.1208,0.1353,0.4051,0.6364,346,0,extracted,0.4324,0.1101,0.2883,0.2149,0.0721,0.1373
13,2024,31,783,80,202,101,0.129,99,0,0.7684,0.4862,0.1899,0.3094,0.2152,0.3182,0.6809,0.2406,0.1208,0.1353,0.4051,0.6364,346,0,extracted,0.4324,0.1101,0.2883,0.2149,0.0721,0.1373
13,2024,32,783,80,202,101,0.129,99,0,0.7684,0.4862,0.1899,0.3094,0.2152,0.3182,0.6809,0.2406,0.1208,0.1353,0.4051,0.6364,346,0,extracted,0.4324,0.1101,0.2883,0.2149,0.0721,0.1373
13,2024,33,783,80,202,101,0.129,99,0,0.7684,0.4862,0.1899,0.3094,0.2152,0.3182,0.6809,0.2406,0.1208,0.1353,0.4051,0.6364,346,0,extracted,0.4324,0.1101,0.2883,0.2149,0.0721,0.1373
13,2024,34,783,80,202,101,0.129,99,0,0.7684,0.4862,0.1899,0.3094,0.2152,0.3182,0.6809,0.2406,0.1208,0.1353,0.4051,0.6364,346,0,extracted,0.4324,0.1101,0.2883,0.2149,0.0721,0.1373
13,2024,35,783,80,231,134,0.171,110,0,0.693,0.3768,0.1073,0.1932,0.1392,0.2727,0.6809,0.2406,0.1208,0.1353,0.4051,0.6364,346,0,extracted,0.3103,0.0526,0.1897,0.2149,0.0721,0.1373
13,2024,36,783,80,231,134,0.171,110,0,0.693,0.3768,0.1073,0.1932,0.1392,0.2727,0.6809,0.2406,0.1208,0.1353,0.4051,0.6364,346,0,extracted,0.3103,0.0526,0.1897,0.2149,0.0721,0.1373
13,2024,37,783,80,231,134,0.171,110,0,0.693,0.3768,0.1073,0.1932,0.1392,0.2727,0.6809,0.2406,0.1208,0.1353,0.4051,0.6364,346,0,extracted,0.3103,0.0526,0.1897,0.2149,0.0721,0.1373
13,2024,38,783,80,231,134,0.171,110,0,0.693,0.3768,0.1073,0.1932,0.1392,0.2727,0.6809,0.2406,0.1208,0.1353,0.4051,0.6364,346,0,extracted,0.3103,0.0526,0.1897,0.2149,0.0721,0.1373
13,2024,39,783,80,231,134,0.171,110,0,0.693,0.3768,0.1073,0.1932,0.1392,0.2727,0.6809,0.2406,0.1208,0.1353,0.4051,0.6364,346,0,extracted,0.3103,0.0526,0.1897,0.2149,0.0721,0.1373
13,2024,40,783,80,231,134,0.171,110,0,0.693,0.3768,0.1073,0.1932,0.1392,0.2727,0.6809,0.2406,0.1208,0.1353,0.4051,0.6364,346,0,extracted,0.3103,0.0526,0.1897,0.2149,0.0721,0.1373
13,2024,41,783,80,265,167,0.213,122,0,0.6947,0.3333,0.1176,0.1833,0.1772,0.2727,0.6809,0.2406,0.1208,0.1353,0.4051,0.6364,346,0,extracted,0.3143,0.0725,0.2,0.2149,0.0721,0.1373
13,2024,42,783,80,265,167,0.213,122,0,0.6947,0.3333,0.1176,0.1833,0.1772,0.2727,0.6809,0.2406,0.1208,0.1353,0.4051,0.6364,346,0,extracted,0.3143,0.0725,0.2,0.2149,0.0721,0.1373
13,2024,43,783,80,265,167,0.213,122,0,0.6947,0.3333,0.1176,0.1833,0.1772,0.2727,0.6809,0.2406,0.1208,0.1353,0.4051,0.6364,346,0,extracted,0.3143,0.0725,0.2,0.2149,0.0721,0.1373
13,2024,44,783,80,265,167,0.213,122,0,0.6947,0.3333,0.1176,0.1833,0.1772,0.2727,0.6809,0.2406,0.1208,0.1353,0.4051,0.6364,346,0,extracted,0.3143,0.0725,0.2,0.2149,0.0721,0.1373
13,2024,45,783,80,265,167,0.213,122,0,0.6947,0.3333,0.1176,0.1833,0.1772,0.2727,0.6809,0.2406,0.1208,0.1353,0.4051,0.6364,346,0,extracted,0.3143,0.0725,0.2,0.2149,0.0721,0.1373
13,2024,46,783,80,265,167,0.213,122,0,0.6947,0.3333,0.1176,0.1833,0.1772,0.2727,0.6809,0.2406,0.1208,0.1353,0.4051,0.6364,346,0,extracted,0.3143,0.0725,0.2,0.2149,0.0721,0.1373
13,2024,47,783,80,327,205,0.262,145,0,0.6755,0.3643,0.1295,0.1429,0.2278,0.4091,0.6809,0.2406,0.1208,0.1353,0.4051,0.6364,346,0,extracted,0.3375,0.0886,0.175,0.2149,0.0721,0.1373
13,2024,48,783,80,327,205,0.262,145,0,0.6755,0.3643,0.1295,0.1429,0.2278,0.4091,0.6809,0.2406,0.1208,0.1353,0.4051,0.6364,346,0,extracted,0.3375,0.0886,0.175,0.2149,0.0721,0.1373
13,2024,49,783,80,327,205,0.262,145,0,0.6755,0.3643,0.1295,0.1429,0.2278,0.4091,0.6809,0.2406,0.1208,0.1353,0.4051,0.6364,346,0,extracted,0.3375,0.0886,0.175,0.2149,0.0721,0.1373
13,2024,50,783,80,327,205,0.262,145,0,0.6755,0.3643,0.1295,0.1429,0.2278,0.4091,0.6809,0.2406,0.1208,0.1353,0.4051,0.6364,346,0,extracted,0.3375,0.0886,0.175,0.2149,0.0721,0.1373
13,2024,51,783,80,327,205,0.262,145,0,0.6755,0.3643,0.1295,0.1429,0.2278,0.4091,0.6809,0.2406,0.1208,0.1353,0.4051,0.6364,346,0,extracted,0.3375,0.0886,0.175,0.2149,0.0721,0.1373
13,2024,52,783,80,327,205,0.262,145,0,0.6755,0.3643,0.1295,0.1429,0.2278,0.4091,0.6809,0.2406,0.1208,0.1353,0.4051,0.6364,346,0,extracted,0.3375,0.0886,0.175,0.2149,0.0721,0.1373
13,2024,53,783,80,327,205,0.262,145,0,0.6755,0.3643,0.1295,0.1429,0.2278,0.4091,0.6809,0.2406,0.1208,0.1353,0.4051,0.6364,346,0,extracted,0.3375,0.0886,0.175,0.2149,0.0721,0.1373
13,2024,54,783,80,369,237,0.303,164,0,0.6854,0.3355,0.1429,0.1484,0.2785,0.5,0.6809,0.2406,0.1208,0.1353,0.4051,0.6364,346,0,extracted,0.3204,0.0782,0.1768,0.2149,0.0721,0.1373
13,2024,55,783,80,369,237,0.303,164,0,0.6854,0.3355,0.1429,0.1484,0.2785,0.5,0.6809,0.2406,0.1208,0.1353,0.4051,0.6364,346,0,extracted,0.3204,0.0782,0.1768,0.2149,0.0721,0.1373
13,2024,56,783,80,369,237,0.303,164,0,0.6854,0.3355,0.1429,0.1484,0.2785,0.5,0.6809,0.2406,0.1208,0.1353,0.4051,0.6364,346,0,extracted,0.3204,0.0782,0.1768,0.2149,0.0721,0.1373
13,2024,57,783,80,369,237,0.303,164,0,0.6854,0.3355,0.1429,0.1484,0.2785,0.5,0.6809,0.2406,0.1208,0.1353,0.4051,0.6364,346,0,extracted,0.3204,0.0782,0.1768,0.2149,0.0721,0.1373
13,2024,58,783,80,369,237,0.303,164,0,0.6854,0.3355,0.1429,0.1484,0.2785,0.5,0.6809,0.2406,0.1208,0.1353,0.4051,0.6364,346,0,extracted,0.3204,0.0782,0.1768,0.2149,0.0721,0.1373
13,2024,59,783,80,369,237,0.303,164,0,0.6854,0.3355,0.1429,0.1484,0.2785,0.5,0.6809,0.2406,0.1208,0.1353,0.4051,0.6364,346,0,extracted,0.3204,0.0782,0.1768,0.2149,0.0721,0.1373
13,2024,60,783,80,440,277,0.354,197,0,0.7027,0.3529,0.1577,0.1849,0.3544,0.5909,0.6809,0.2406,0.1208,0.1353,0.4051,0.6364,346,0,extracted,0.3077,0.0822,0.1719,0.2149,0.0721,0.1373
13,2024,61,783,80,440,277,0.354,197,0,0.7027,0.3529,0.1577,0.1849,0.3544,0.5909,0.6809,0.2406,0.1208,0.1353,0.4051,0.6364,346,0,extracted,0.3077,0.0822,0.1719,0.2149,0.0721,0.1373
13,2024,62,783,80,440,277,0.354,197,0,0.7027,0.3529,0.1577,0.1849,0.3544,0.5909,0.6809,0.2406,0.1208,0.1353,0.4051,0.6364,346,0,extracted,0.3077,0.0822,0.1719,0.2149,0.0721,0.1373
13,2024,63,783,80,440,277,0.354,197,0,0.7027,0.3529,0.1577,0.1849,0.3544,0.5909,0.6809,0.2406,0.1208,0.1353,0.4051,0.6364,346,0,extracted,0.3077,0.0822,0.1719,0.2149,0.0721,0.1373
13,2024,64,783,80,440,277,0.354,197,0,0.7027,0.3529,0.1577,0.1849,0.3544,0.5909,0.6809,0.2406,0.1208,0.1353,0.4051,0.6364,346,0,extracted,0.3077,0.0822,0.1719,0.2149,0.0721,0.1373
13,2024,65,783,80,440,277,0.354,197,0,0.7027,0.3529,0.1577,0.1849,0.3544,0.5909,0.6809,0.2406,0.1208,0.1353,0.4051,0.6364,346,0,extracted,0.3077,0.0822,0.1719,0.2149,0.0721,0.1373
13,2024,66,783,80,482,292,0.373,211,0,0.6874,0.3068,0.1267,0.1918,0.2911,0.5455,0.6809,0.2406,0.1208,0.1353,0.4051,0.6364,346,0,extracted,0.2817,0.0664,0.1878,0.2149,0.0721,0.1373
13,2024,67,783,80,482,292,0.373,211,0,0.6874,0.3068,0.1267,0.1918,0.2911,0.5455,0.6809,0.2406,0.1208,0.1353,0.4051,0.6364,346,0,extracted,0.2817,0.0664,0.1878,0.2149,0.0721,0.1373
13,2024,68,783,80,482,292,0.373,211,0,0.6874,0.3068,0.1267,0.1918,0.2911,0.5455,0.6809,0.2406,0.1208,0.1353,0.4051,0.6364,346,0,extracted,0.2817,0.0664,0.1878,0.2149,0.0721,0.1373
13,2024,69,783,80,482,292,0.373,211,0,0.6874,0.3068,0.1267,0.1918,0.2911,0.5455,0.6809,0.2406,0.1208,0.1353,0.4051,0.6364,346,0,extracted,0.2817,0.0664,0.1878,0.2149,0.0721,0.1373
13,2024,70,783,80,482,292,0.373,211,0,0.6874,0.3068,0.1267,0.1918,0.2911,0.5455,0.6809,0.2406,0.1208,0.1353,0.4051,0.6364,346,0,extracted,0.2817,0.0664,0.1878,0.2149,0.0721,0.1373
13,2024,71,783,80,482,292,0.373,211,0,0.6874,0.3068,0.1267,0.1918,0.2911,0.5455,0.6809,0.2406,0.1208,0.1353,0.4051,0.6364,346,0,extracted,0.2817,0.0664,0.1878,0.2149,0.0721,0.1373
13,2024,72,783,80,524,316,0.404,228,0,0.704,0.3241,0.1578,0.1975,0.3924,0.6364,0.6809,0.2406,0.1208,0.1353,0.4051,0.6364,346,0,extracted,0.2857,0.0823,0.1796,0.2149,0.0721,0.1373
13,2024,73,783,80,524,316,0.404,228,0,0.704,0.3241,0.1578,0.1975,0.3924,0.6364,0.6809,0.2406,0.1208,0.1353,0.4051,0.6364,346,0,extracted,0.2857,0.0823,0.1796,0.2149,0.0721,0.1373
13,2024,74,783,80,524,316,0.404,228,0,0.704,0.3241,0.1578,0.1975,0.3924,0.6364,0.6809,0.2406,0.1208,0.1353,0.4051,0.6364,346,0,extracted,0.2857,0.0823,0.1796,0.2149,0.0721,0.1373
13,2024,75,783,80,524,316,0.404,228,0,0.704,0.3241,0.1578,0.1975,0.3924,0.6364,0.6809,0.2406,0.1208,0.1353,0.4051,0.6364,346,0,extracted,0.2857,0.0823,0.1796,0.2149,0.0721,0.1373
13,2024,76,783,80,524,316,0.404,228,0,0.704,0.3241,0.1578,0.1975,0.3924,0.6364,0.6809,0.2406,0.1208,0.1353,0.4051,0.6364,346,0,extracted,0.2857,0.0823,0.1796,0.2149,0.0721,0.1373
13,2024,77,783,80,524,316,0.404,228,0,0.704,0.3241,0.1578,0.1975,0.3924,0.6364,0.6809,0.2406,0.1208,0.1353,0.4051,0.6364,346,0,extracted,0.2857,0.0823,0.1796,0.2149,0.0721,0.1373
13,2024,78,783,80,524,316,0.404,228,0,0.704,0.3241,0.1578,0.1975,0.3924,0.6364,0.6809,0.2406,0.1208,0.1353,0.4051,0.6364,346,0,extracted,0.2857,0.0823,0.1796,0.2149,0.0721,0.1373
13,2024,79,783,80,570,362,0.462,245,0,0.7032,0.2615,0.1382,0.1835,0.3797,0.5455,0.6809,0.2406,0.1208,0.1353,0.4051,0.6364,346,0,extracted,0.2415,0.076,0.1811,0.2149,0.0721,0.1373
13,2024,80,783,80,570,362,0.462,245,0,0.7032,0.2615,0.1382,0.1835,0.3797,0.5455,0.6809,0.2406,0.1208,0.1353,0.4051,0.6364,346,0,extracted,0.2415,0.076,0.1811,0.2149,0.0721,0.1373
13,2024,81,783,80,570,362,0.462,245,0,0.7032,0.2615,0.1382,0.1835,0.3797,0.5455,0.6809,0.2406,0.1208,0.1353,0.4051,0.6364,346,0,extracted,0.2415,0.076,0.1811,0.2149,0.0721,0.1373
13,2024,82,783,80,570,362,0.462,245,0,0.7032,0.2615,0.1382,0.1835,0.3797,0.5455,0.6809,0.2406,0.1208,0.1353,0.4051,0.6364,346,0,extracted,0.2415,0.076,0.1811,0.2149,0.0721,0.1373
13,2024,83,783,80,570,362,0.462,245,0,0.7032,0.2615,0.1382,0.1835,0.3797,0.5455,0.6809,0.2406,0.1208,0.1353,0.4051,0.6364,346,0,extracted,0.2415,0.076,0.1811,0.2149,0.0721,0.1373
13,2024,84,783,80,570,362,0.462,245,0,0.7032,0.2615,0.1382,0.1835,0.3797,0.5455,0.6809,0.2406,0.1208,0.1353,0.4051,0.6364,346,0,extracted,0.2415,0.076,0.1811,0.2149,0.0721,0.1373
13,2024,85,783,80,641,394,0.503,280,0,0.685,0.2664,0.1316,0.1649,0.3924,0.5909,0.6809,0.2406,0.1208,0.1353,0.4051,0.6364,346,0,extracted,0.2207,0.0673,0.1472,0.2149,0.0721,0.1373
13,2024,86,783,80,641,394,0.503,280,0,0.685,0.2664,0.1316,0.1649,0.3924,0.5909,0.6809,0.2406,0.1208,0.1353,0.4051,0.6364,346,0,extracted,0.2207,0.0673,0.1472,0.2149,0.0721,0.1373
13,2024,87,783,80,641,394,0.503,280,0,0.685,0.2664,0.1316,0.1649,0.3924,0.5909,0.6809,0.2406,0.1208,0.1353,0.4051,0.6364,346,0,extracted,0.2207,0.0673,0.1472,0.2149,0.0721,0.1373
13,2024,88,783,80,641,394,0.503,280,0,0.685,0.2664,0.1316,0.1649,0.3924,0.5909,0.6809,0.2406,0.1208,0.1353,0.4051,0.6364,346,0,extracted,0.2207,0.0673,0.1472,0.2149,0.0721,0.1373
13,2024,89,783,80,641,394,0.503,280,0,0.685,0.2664,0.1316,0.1649,0.3924,0.5909,0.6809,0.2406,0.1208,0.1353,0.4051,0.6364,346,0,extracted,0.2207,0.0673,0.1472,0.2149,0.0721,0.1373
13,2024,90,783,80,641,394,0.503,280,0,0.685,0.2664,0.1316,0.1649,0.3924,0.5909,0.6809,0.2406,0.1208,0.1353,0.4051,0.6364,346,0,extracted,0.2207,0.0673,0.1472,0.2149,0.0721,0.1373
13,2024,91,783,80,709,436,0.557,309,0,0.6751,0.2568,0.125,0.1323,0.4051,0.5909,0.6809,0.2406,0.1208,0.1353,0.4051,0.6364,346,0,extracted,0.2054,0.0729,0.1269,0.2149,0.0721,0.1373
13,2024,92,783,80,709,436,0.557,309,0,0.6751,0.2568,0.125,0.1323,0.4051,0.5909,0.6809,0.2406,0.1208,0.1353,0.4051,0.6364,346,0,extracted,0.2054,0.0729,0.1269,0.2149,0.0721,0.1373
13,2024,93,783,80,709,436,0.557,309,0,0.6751,0.2568,0.125,0.1323,0.4051,0.5909,0.6809,0.2406,0.1208,0.1353,0.4051,0.6364,346,0,extracted,0.2054,0.0729,0.1269,0.2149,0.0721,0.1373
13,2024,94,783,80,709,436,0.557,309,0,0.6751,0.2568,0.125,0.1323,0.4051,0.5909,0.6809,0.2406,0.1208,0.1353,0.4051,0.6364,346,0,extracted,0.2054,0.0729,0.1269,0.2149,0.0721,0.1373
13,2024,95,783,80,709,436,0.557,309,0,0.6751,0.2568,0.125,0.1323,0.4051,0.5909,0.6809,0.2406,0.1208,0.1353,0.4051,0.6364,346,0,extracted,0.2054,0.0729,0.1269,0.2149,0.0721,0.1373
13,2024,96,783,80,709,436,0.557,309,0,0.6751,0.2568,0.125,0.1323,0.4051,0.5909,0.6809,0.2406,0.1208,0.1353,0.4051,0.6364,346,0,extracted,0.2054,0.0729,0.1269,0.2149,0.0721,0.1373
13,2024,97,783,80,771,462,0.59,335,0,0.65,0.2135,0.0827,0.1086,0.2785,0.4545,0.6809,0.2406,0.1208,0.1353,0.4051,0.6364,346,0,extracted,0.1728,0.0497,0.1235,0.2149,0.0721,0.1373
13,2024,98,783,80,771,462,0.59,335,0,0.65,0.2135,0.0827,0.1086,0.2785,0.4545,0.6809,0.2406,0.1208,0.1353,0.4051,0.6364,346,0,extracted,0.1728,0.0497,0.1235,0.2149,0.0721,0.1373
13,2024,99,783,80,771,462,0.59,335,0,0.65,0.2135,0.0827,0.1086,0.2785,0.4545,0.6809,0.2406,0.1208,0.1353,0.4051,0.6364,346,0,extracted,0.1728,0.0497,0.1235,0.2149,0.0721,0.1373
13,2024,100,783,80,771,462,0.59,335,0,0.65,0.2135,0.0827,0.1086,0.2785,0.4545,0.6809,0.2406,0.1208,0.1353,0.4051,0.6364,346,0,extracted,0.1728,0.0497,0.1235,0.2149,0.0721,0.1373
14,2024,1,802,61,17,29,0.036,7,0,0.65,0.1111,0.0227,0.0889,0.0169,0.0,0.6488,0.1881,0.1079,0.1075,0.4576,0.5882,349,0,extracted,0.1887,0.0392,0.1509,0.1558,0.0654,0.0974
14,2024,2,802,61,17,29,0.036,7,0,0.65,0.1111,0.0227,0.0889,0.0169,0.0,0.6488,0.1881,0.1079,0.1075,0.4576,0.5882,349,0,extracted,0.1887,0.0392,0.1509,0.1558,0.0654,0.0974
14,2024,3,802,61,17,29,0.036,7,0,0.65,0.1111,0.0227,0.0889,0.0169,0.0,0.6488,0.1881,0.1079,0.1075,0.4576,0.5882,349,0,extracted,0.1887,0.0392,0.1509,0.1558,0.0654,0.0974
14,2024,4,802,61,17,29,0.036,7,0,0.65,0.1111,0.0227,0.0889,0.0169,0.0,0.6488,0.1881,0.1079,0.1075,0.4576,0.5882,349,0,extracted,0.1887,0.0392,0.1509,0.1558,0.0654,0.0974
14,2024,5,802,61,17,29,0.036,7,0,0.65,0.1111,0.0227,0.0889,0.0169,0.0,0.6488,0.1881,0.1079,0.1075,0.4576,0.5882,349,0,extracted,0.1887,0.0392,0.1509,0.1558,0.0654,0.0974
14,2024,6,802,61,17,29,0.036,7,0,0.65,0.1111,0.0227,0.0889,0.0169,0.0,0.6488,0.1881,0.1079,0.1075,0.4576,0.5882,349,0,extracted,0.1887,0.0392,0.1509,0.1558,0.0654,0.0974
14,2024,7,802,61,17,29,0.036,7,0,0.65,0.1111,0.0227,0.0889,0.0169,0.0,0.6488,0.1881,0.1079,0.1075,0.4576,0.5882,349,0,extracted,0.1887,0.0392,0.1509,0.1558,0.0654,0.0974
14,2024,8,802,61,17,29,0.036,7,0,0.65,0.1111,0.0227,0.0889,0.0169,0.0,0.6488,0.1881,0.1079,0.1075,0.4576,0.5882,349,0,extracted,0.1887,0.0392,0.1509,0.1558,0.0654,0.0974
14,2024,9,802,61,17,29,0.036,7,0,0.65,0.1111,0.0227,0.0889,0.0169,0.0,0.6488,0.1881,0.1079,0.1075,0.4576,0.5882,349,0,extracted,0.1887,0.0392,0.1509,0.1558,0.0654,0.0974
14,2024,10,802,61,36,36,0.045,16,0,0.638,0.1443,0.0211,0.1237,0.0169,0.0588,0.6488,0.1881,0.1079,0.1075,0.4576,0.5882,349,0,extracted,0.2105,0.0364,0.1754,0.1558,0.0654,0.0974
14,2024,11,802,61,36,36,0.045,16,0,0.638,0.1443,0.0211,0.1237,0.0169,0.0588,0.6488,0.1881,0.1079,0.1075,0.4576,0.5882,349,0,extracted,0.2105,0.0364,0.1754,0.1558,0.0654,0.0974
14,2024,12,802,61,36,36,0.045,16,0,0.638,0.1443,0.0211,0.1237,0.0169,0.0588,0.6488,0.1881,0.1079,0.1075,0.4576,0.5882,349,0,extracted,0.2105,0.0364,0.1754,0.1558,0.0654,0.0974
14,2024,13,802,61,36,36,0.045,16,0,0.638,0.1443,0.0211,0.1237,0.0169,0.0588,0.6488,0.1881,0.1079,0.1075,0.4576,0.5882,349,0,extracted,0.2105,0.0364,0.1754,0.1558,0.0654,0.0974
14,2024,14,802,61,36,36,0.045,16,0,0.638,0.1443,0.0211,0.1237,0.0169,0.0588,0.6488,0.1881,0.1079,0.1075,0.4576,0.5882,349,0,extracted,0.2105,0.0364,0.1754,0.1558,0.0654,0.0974
14,2024,15,802,61,36,36,0.045,16,0,0.638,0.1443,0.0211,0.1237,0.0169,0.0588,0.6488,0.1881,0.1079,0.1075,0.4576,0.5882,349,0,extracted,0.2105,0.0364,0.1754,0.1558,0.0654,0.0974
14,2024,16,802,61,36,36,0.045,16,0,0.638,0.1443,0.0211,0.1237,0.0169,0.0588,0.6488,0.1881,0.1079,0.1075,0.4576,0.5882,349,0,extracted,0.2105,0.0364,0.1754,0.1558,0.0654,0.0974
14,2024,17,802,61,64,42,0.052,28,0,0.6179,0.1553,0.0198,0.0971,0.0169,0.0588,0.6488,0.1881,0.1079,0.1075,0.4576,0.5882,349,0,extracted,0.2258,0.0333,0.129,0.1558,0.0654,0.0974
14,2024,18,802,61,64,42,0.052,28,0,0.6179,0.1553,0.0198,0.0971,0.0169,0.0588,0.6488,0.1881,0.1079,0.1075,0.4576,0.5882,349,0,extracted,0.2258,0.0333,0.129,0.1558,0.0654,0.0974
14,2024,19,802,61,64,42,0.052,28,0,0.6179,0.1553,0.0198,0.0971,0.0169,0.0588,0.6488,0.1881,0.1079,0.1075,0.4576,0.5882,349,0,extracted,0.2258,0.0333,0.129,0.1558,0.0654,0.0974
14,2024,20,802,61,64,42,0.052,28,0,0.6179,0.1553,0.0198,0.0971,0.0169,0.0588,0.6488,0.1881,0.1079,0.1075,0.4576,0.5882,349,0,extracted,0.2258,0.0333,0.129,0.1558,0.0654,0.0974
14,2024,21,802,61,64,42,0.052,28,0,0.6179,0.1553,0.0198,0.0971,0.0169,0.0588,0.6488,0.1881,0.1079,0.1075,0.4576,0.5882,349,0,extracted,0.2258,0.0333,0.129,0.1558,0.0654,0.0974
14,2024,22,802,61,64,42,0.052,28,0,0.6179,0.1553,0.0198,0.0971,0.0169,0.0588,0.6488,0.1881,0.1079,0.1075,0.4576,0.5882,349,0,extracted,0.2258,0.0333,0.129,0.1558,0.0654,0.0974
14,2024,23,802,61,64,42,0.052,28,0,0.6179,0.1553,0.0198,0.0971,0.0169,0.0588,0.6488,0.1881,0.1079,0.1075,0.4576,0.5882,349,0,extracted,0.2258,0.0333,0.129,0.1558,0.0654,0.0974
14,2024,24,802,61,100,64,0.08,46,0,0.6438,0.24,0.065,0.128,0.0678,0.0588,0.6488,0.1881,0.1079,0.1075,0.4576,0.5882,349,0,extracted,0.2667,0.0548,0.1333,0.1558,0.0654,0.0974
14,2024,25,802,61,100,64,0.08,46,0,0.6438,0.24,0.065,0.128,0.0678,0.0588,0.6488,0.1881,0.1079,0.1075,0.4576,0.5882,349,0,extracted,0.2667,0.0548,0.1333,0.1558,0.0654,0.0974
14,2024,26,802,61,100,64,0.08,46,0,0.6438,0.24,0.065,0.128,0.0678,0.0588,0.6488,0.1881,0.1079,0.1075,0.4576,0.5882,349,0,extracted,0.2667,0.0548,0.1333,0.1558,0.0654,0.0974
14,2024,27,802,61,100,64,0.08,46,0,0.6438,0.24,0.065,0.128,0.0678,0.0588,0.6488,0.1881,0.1079,0.1075,0.4576,0.5882,349,0,extracted,0.2667,0.0548,0.1333,0.1558,0.0654,0.0974
14,2024,28,802,61,100,64,0.08,46,0,0.6438,0.24,0.065,0.128,0.0678,0.0588,0.6488,0.1881,0.1079,0.1075,0.4576,0.5882,349,0,extracted,0.2667,0.0548,0.1333,0.1558,0.0654,0.0974
14,2024,29,802,61,100,64,0.08,46,0,0.6438,0.24,0.065,0.128,0.0678,0.0588,0.6488,0.1881,0.1079,0.1075,0.4576,0.5882,349,0,extracted,0.2667,0.0548,0.1333,0.1558,0.0654,0.0974
14,2024,30,802,61,100,64,0.08,46,0,0.6438,0.24,0.065,0.128,0.0678,0.0588,0.6488,0.1881,0.1079,0.1075,0.4576,0.5882,349,0,extracted,0.2667,0.0548,0.1333,0.1558,0.0654,0.0974
14,2024,31,802,61,147,99,0.123,62,0,0.6512,0.2875,0.1139,0.2,0.1525,0.1176,0.6488,0.1881,0.1079,0.1075,0.4576,0.5882,349,0,extracted,0.2553,0.0652,0.1915,0.1558,0.0654,0.0974
14,2024,32,802,61,147,99,0.123,62,0,0.6512,0.2875,0.1139,0.2,0.1525,0.1176,0.6488,0.1881,0.1079,0.1075,0.4576,0.5882,349,0,extracted,0.2553,0.0652,0.1915,0.1558,0.0654,0.0974
14,2024,33,802,61,147,99,0.123,62,0,0.6512,0.2875,0.1139,0.2,0.1525,0.1176,0.6488,0.1881,0.1079,0.1075,0.4576,0.5882,349,0,extracted,0.2553,0.0652,0.1915,0.1558,0.0654,0.0974
14,2024,34,802,61,147,99,0.123,62,0,0.6512,0.2875,0.1139,0.2,0.1525,0.1176,0.6488,0.1881,0.1079,0.1075,0.4576,0.5882,349,0,extracted,0.2553,0.0652,0.1915,0.1558,0.0654,0.0974
14,2024,35,802,61,147,99,0.123,62,0,0.6512,0.2875,0.1139,0.2,0.1525,0.1176,0.6488,0.1881,0.1079,0.1075,0.4576,0.5882,349,0,extracted,0.2553,0.0652,0.1915,0.1558,0.0654,0.0974
14,2024,36,802,61,147,99,0.123,62,0,0.6512,0.2875,0.1139,0.2,0.1525,0.1176,0.6488,0.1881,0.1079,0.1075,0.4576,0.5882,349,0,extracted,0.2553,0.0652,0.1915,0.1558,0.0654,0.0974
14,2024,37,802,61,187,108,0.135,76,0,0.6886,0.426,0.2036,0.2012,0.2881,0.2941,0.6488,0.1881,0.1079,0.1075,0.4576,0.5882,349,0,extracted,0.3564,0.1212,0.2376,0.1558,0.0654,0.0974
14,2024,38,802,61,187,108,0.135,76,0,0.6886,0.426,0.2036,0.2012,0.2881,0.2941,0.6488,0.1881,0.1079,0.1075,0.4576,0.5882,349,0,extracted,0.3564,0.1212,0.2376,0.1558,0.0654,0.0974
14,2024,39,802,61,187,108,0.135,76,0,0.6886,0.426,0.2036,0.2012,0.2881,0.2941,0.6488,0.1881,0.1079,0.1075,0.4576,0.5882,349,0,extracted,0.3564,0.1212,0.2376,0.1558,0.0654,0.0974
14,2024,40,802,61,187,108,0.135,76,0,0.6886,0.426,0.2036,0.2012,0.2881,0.2941,0.6488,0.1881,0.1079,0.1075,0.4576,0.5882,349,0,extracted,0.3564,0.1212,0.2376,0.1558,0.0654,0.0974
14,2024,41,802,61,187,108,0.135,76,0,0.6886,0.426,0.2036,0.2012,0.2881,0.2941,0.6488,0.1881,0.1079,0.1075,0.4576,0.5882,349,0,extracted,0.3564,0.1212,0.2376,0.1558,0.0654,0.0974
14,2024,42,802,61,187,108,0.135,76,0,0.6886,0.426,0.2036,0.2012,0.2881,0.2941,0.6488,0.1881,0.1079,0.1075,0.4576,0.5882,349,0,extracted,0.3564,0.1212,0.2376,0.1558,0.0654,0.0974
14,2024,43,802,61,187,108,0.135,76,0,0.6886,0.426,0.2036,0.2012,0.2881,0.2941,0.6488,0.1881,0.1079,0.1075,0.4576,0.5882,349,0,extracted,0.3564,0.1212,0.2376,0.1558,0.0654,0.0974
14,2024,44,802,61,227,137,0.171,91,0,0.6196,0.1919,0.0204,0.101,0.0339,0.1176,0.6488,0.1881,0.1079,0.1075,0.4576,0.5882,349,0,extracted,0.25,0.0169,0.1667,0.1558,0.0654,0.0974
14,2024,45,802,61,227,137,0.171,91,0,0.6196,0.1919,0.0204,0.101,0.0339,0.1176,0.6488,0.1881,0.1079,0.1075,0.4576,0.5882,349,0,extracted,0.25,0.0169,0.1667,0.1558,0.0654,0.0974
14,2024,46,802,61,227,137,0.171,91,0,0.6196,0.1919,0.0204,0.101,0.0339,0.1176,0.6488,0.1881,0.1079,0.1075,0.4576,0.5882,349,0,extracted,0.25,0.0169,0.1667,0.1558,0.0654,0.0974
14,2024,47,802,61,227,137,0.171,91,0,0.6196,0.1919,0.0204,0.101,0.0339,0.1176,0.6488,0.1881,0.1079,0.1075,0.4576,0.5882,349,0,extracted,0.25,0.0169,0.1667,0.1558,0.0654,0.0974
14,2024,48,802,61,227,137,0.171,91,0,0.6196,0.1919,0.0204,0.101,0.0339,0.1176,0.6488,0.1881,0.1079,0.1075,0.4576,0.5882,349,0,extracted,0.25,0.0169,0.1667,0.1558,0.0654,0.0974
14,2024,49,802,61,227,137,0.171,91,0,0.6196,0.1919,0.0204,0.101,0.0339,0.1176,0.6488,0.1881,0.1079,0.1075,0.4576,0.5882,349,0,extracted,0.25,0.0169,0.1667,0.1558,0.0654,0.0974
14,2024,50,802,61,267,178,0.222,111,0,0.6463,0.2343,0.0759,0.1172,0.1525,0.1765,0.6488,0.1881,0.1079,0.1075,0.4576,0.5882,349,0,extracted,0.2238,0.0284,0.1259,0.1558,0.0654,0.0974
14,2024,51,802,61,267,178,0.222,111,0,0.6463,0.2343,0.0759,0.1172,0.1525,0.1765,0.6488,0.1881,0.1079,0.1075,0.4576,0.5882,349,0,extracted,0.2238,0.0284,0.1259,0.1558,0.0654,0.0974
14,2024,52,802,61,267,178,0.222,111,0,0.6463,0.2343,0.0759,0.1172,0.1525,0.1765,0.6488,0.1881,0.1079,0.1075,0.4576,0.5882,349,0,extracted,0.2238,0.0284,0.1259,0.1558,0.0654,0.0974
14,2024,53,802,61,267,178,0.222,111,0,0.6463,0.2343,0.0759,0.1172,0.1525,0.1765,0.6488,0.1881,0.1079,0.1075,0.4576,0.5882,349,0,extracted,0.2238,0.0284,0.1259,0.1558,0.0654,0.0974
14,2024,54,802,61,267,178,0.222,111,0,0.6463,0.2343,0.0759,0.1172,0.1525,0.1765,0.6488,0.1881,0.1079,0.1075,0.4576,0.5882,349,0,extracted,0.2238,0.0284,0.1259,0.1558,0.0654,0.0974
14,2024,55,802,61,267,178,0.222,111,0,0.6463,0.2343,0.0759,0.1172,0.1525,0.1765,0.6488,0.1881,0.1079,0.1075,0.4576,0.5882,349,0,extracted,0.2238,0.0284,0.1259,0.1558,0.0654,0.0974
14,2024,56,802,61,267,178,0.222,111,0,0.6463,0.2343,0.0759,0.1172,0.1525,0.1765,0.6488,0.1881,0.1079,0.1075,0.4576,0.5882,349,0,extracted,0.2238,0.0284,0.1259,0.1558,0.0654,0.0974
14,2024,57,802,61,343,209,0.261,143,0,0.6525,0.2667,0.1119,0.1556,0.2542,0.2941,0.6488,0.1881,0.1079,0.1075,0.4576,0.5882,349,0,extracted,0.2581,0.0654,0.1677,0.1558,0.0654,0.0974
14,2024,58,802,61,343,209,0.261,143,0,0.6525,0.2667,0.1119,0.1556,0.2542,0.2941,0.6488,0.1881,0.1079,0.1075,0.4576,0.5882,349,0,extracted,0.2581,0.0654,0.1677,0.1558,0.0654,0.0974
14,2024,59,802,61,343,209,0.261,143,0,0.6525,0.2667,0.1119,0.1556,0.2542,0.2941,0.6488,0.1881,0.1079,0.1075,0.4576,0.5882,349,0,extracted,0.2581,0.0654,0.1677,0.1558,0.0654,0.0974
14,2024,60,802,61,343,209,0.261,143,0,0.6525,0.2667,0.1119,0.1556,0.2542,0.2941,0.6488,0.1881,0.1079,0.1075,0.4576,0.5882,349,0,extracted,0.2581,0.0654,0.1677,0.1558,0.0654,0.0974
14,2024,61,802,61,343,209,0.261,143,0,0.6525,0.2667,0.1119,0.1556,0.2542,0.2941,0.6488,0.1881,0.1079,0.1075,0.4576,0.5882,349,0,extracted,0.2581,0.0654,0.1677,0.1558,0.0654,0.0974
14,2024,62,802,61,343,209,0.261,143,0,0.6525,0.2667,0.1119,0.1556,0.2542,0.2941,0.6488,0.1881,0.1079,0.1075,0.4576,0.5882,349,0,extracted,0.2581,0.0654,0.1677,0.1558,0.0654,0.0974
14,2024,63,802,61,343,209,0.261,143,0,0.6525,0.2667,0.1119,0.1556,0.2542,0.2941,0.6488,0.1881,0.1079,0.1075,0.4576,0.5882,349,0,extracted,0.2581,0.0654,0.1677,0.1558,0.0654,0.0974
14,2024,64,802,61,397,251,0.313,167,0,0.6541,0.2839,0.1364,0.1806,0.339,0.5294,0.6488,0.1881,0.1079,0.1075,0.4576,0.5882,349,0,extracted,0.2527,0.0667,0.1429,0.1558,0.0654,0.0974
14,2024,65,802,61,397,251,0.313,167,0,0.6541,0.2839,0.1364,0.1806,0.339,0.5294,0.6488,0.1881,0.1079,0.1075,0.4576,0.5882,349,0,extracted,0.2527,0.0667,0.1429,0.1558,0.0654,0.0974
14,2024,66,802,61,397,251,0.313,167,0,0.6541,0.2839,0.1364,0.1806,0.339,0.5294,0.6488,0.1881,0.1079,0.1075,0.4576,0.5882,349,0,extracted,0.2527,0.0667,0.1429,0.1558,0.0654,0.0974
14,2024,67,802,61,397,251,0.313,167,0,0.6541,0.2839,0.1364,0.1806,0.339,0.5294,0.6488,0.1881,0.1079,0.1075,0.4576,0.5882,349,0,extracted,0.2527,0.0667,0.1429,0.1558,0.0654,0.0974
14,2024,68,802,61,397,251,0.313,167,0,0.6541,0.2839,0.1364,0.1806,0.339,0.5294,0.6488,0.1881,0.1079,0.1075,0.4576,0.5882,349,0,extracted,0.2527,0.0667,0.1429,0.1558,0.0654,0.0974
14,2024,69,802,61,397,251,0.313,167,0,0.6541,0.2839,0.1364,0.1806,0.339,0.5294,0.6488,0.1881,0.1079,0.1075,0.4576,0.5882,349,0,extracted,0.2527,0.0667,0.1429,0.1558,0.0654,0.0974
14,2024,70,802,61,397,251,0.313,167,0,0.6541,0.2839,0.1364,0.1806,0.339,0.5294,0.6488,0.1881,0.1079,0.1075,0.4576,0.5882,349,0,extracted,0.2527,0.0667,0.1429,0.1558,0.0654,0.0974
14,2024,71,802,61,434,261,0.325,182,0,0.6489,0.2687,0.1258,0.1875,0.322,0.5294,0.6488,0.1881,0.1079,0.1075,0.4576,0.5882,349,0,extracted,0.2396,0.0526,0.1562,0.1558,0.0654,0.0974
14,2024,72,802,61,434,261,0.325,182,0,0.6489,0.2687,0.1258,0.1875,0.322,0.5294,0.6488,0.1881,0.1079,0.1075,0.4576,0.5882,349,0,extracted,0.2396,0.0526,0.1562,0.1558,0.0654,0.0974
14,2024,73,802,61,434,261,0.325,182,0,0.6489,0.2687,0.1258,0.1875,0.322,0.5294,0.6488,0.1881,0.1079,0.1075,0.4576,0.5882,349,0,extracted,0.2396,0.0526,0.1562,0.1558,0.0654,0.0974
14,2024,74,802,61,434,261,0.325,182,0,0.6489,0.2687,0.1258,0.1875,0.322,0.5294,0.6488,0.1881,0.1079,0.1075,0.4576,0.5882,349,0,extracted,0.2396,0.0526,0.1562,0.1558,0.0654,0.0974
14,2024,75,802,61,434,261,0.325,182,0,0.6489,0.2687,0.1258,0.1875,0.322,0.5294,0.6488,0.1881,0.1079,0.1075,0.4576,0.5882,349,0,extracted,0.2396,0.0526,0.1562,0.1558,0.0654,0.0974
14,2024,76,802,61,434,261,0.325,182,0,0.6489,0.2687,0.1258,0.1875,0.322,0.5294,0.6488,0.1881,0.1079,0.1075,0.4576,0.5882,349,0,extracted,0.2396,0.0526,0.1562,0.1558,0.0654,0.0974
14,2024,77,802,61,491,301,0.375,204,0,0.6511,0.1989,0.0889,0.1271,0.2542,0.2353,0.6488,0.1881,0.1079,0.1075,0.4576,0.5882,349,0,extracted,0.1827,0.0583,0.1442,0.1558,0.0654,0.0974
14,2024,78,802,61,491,301,0.375,204,0,0.6511,0.1989,0.0889,0.1271,0.2542,0.2353,0.6488,0.1881,0.1079,0.1075,0.4576,0.5882,349,0,extracted,0.1827,0.0583,0.1442,0.1558,0.0654,0.0974
14,2024,79,802,61,491,301,0.375,204,0,0.6511,0.1989,0.0889,0.1271,0.2542,0.2353,0.6488,0.1881,0.1079,0.1075,0.4576,0.5882,349,0,extracted,0.1827,0.0583,0.1442,0.1558,0.0654,0.0974
14,2024,80,802,61,491,301,0.375,204,0,0.6511,0.1989,0.0889,0.1271,0.2542,0.2353,0.6488,0.1881,0.1079,0.1075,0.4576,0.5882,349,0,extracted,0.1827,0.0583,0.1442,0.1558,0.0654,0.0974
14,2024,81,802,61,491,301,0.375,204,0,0.6511,0.1989,0.0889,0.1271,0.2542,0.2353,0.6488,0.1881,0.1079,0.1075,0.4576,0.5882,349,0,extracted,0.1827,0.0583,0.1442,0.1558,0.0654,0.0974
14,2024,82,802,61,491,301,0.375,204,0,0.6511,0.1989,0.0889,0.1271,0.2542,0.2353,0.6488,0.1881,0.1079,0.1075,0.4576,0.5882,349,0,extracted,0.1827,0.0583,0.1442,0.1558,0.0654,0.0974
14,2024,83,802,61,491,301,0.375,204,0,0.6511,0.1989,0.0889,0.1271,0.2542,0.2353,0.6488,0.1881,0.1079,0.1075,0.4576,0.5882,349,0,extracted,0.1827,0.0583,0.1442,0.1558,0.0654,0.0974
14,2024,84,802,61,553,340,0.424,234,0,0.6675,0.2356,0.131,0.1303,0.4237,0.5882,0.6488,0.1881,0.1079,0.1075,0.4576,0.5882,349,0,extracted,0.2025,0.0681,0.1266,0.1558,0.0654,0.0974
14,2024,85,802,61,553,340,0.424,234,0,0.6675,0.2356,0.131,0.1303,0.4237,0.5882,0.6488,0.1881,0.1079,0.1075,0.4576,0.5882,349,0,extracted,0.2025,0.0681,0.1266,0.1558,0.0654,0.0974
14,2024,86,802,61,553,340,0.424,234,0,0.6675,0.2356,0.131,0.1303,0.4237,0.5882,0.6488,0.1881,0.1079,0.1075,0.4576,0.5882,349,0,extracted,0.2025,0.0681,0.1266,0.1558,0.0654,0.0974
14,2024,87,802,61,553,340,0.424,234,0,0.6675,0.2356,0.131,0.1303,0.4237,0.5882,0.6488,0.1881,0.1079,0.1075,0.4576,0.5882,349,0,extracted,0.2025,0.0681,0.1266,0.1558,0.0654,0.0974
14,2024,88,802,61,553,340,0.424,234,0,0.6675,0.2356,0.131,0.1303,0.4237,0.5882,0.6488,0.1881,0.1079,0.1075,0.4576,0.5882,349,0,extracted,0.2025,0.0681,0.1266,0.1558,0.0654,0.0974
14,2024,89,802,61,553,340,0.424,234,0,0.6675,0.2356,0.131,0.1303,0.4237,0.5882,0.6488,0.1881,0.1079,0.1075,0.4576,0.5882,349,0,extracted,0.2025,0.0681,0.1266,0.1558,0.0654,0.0974
14,2024,90,802,61,638,373,0.465,272,0,0.6822,0.2171,0.1346,0.1386,0.4746,0.5294,0.6488,0.1881,0.1079,0.1075,0.4576,0.5882,349,0,extracted,0.1811,0.0952,0.1496,0.1558,0.0654,0.0974
14,2024,91,802,61,638,373,0.465,272,0,0.6822,0.2171,0.1346,0.1386,0.4746,0.5294,0.6488,0.1881,0.1079,0.1075,0.4576,0.5882,349,0,extracted,0.1811,0.0952,0.1496,0.1558,0.0654,0.0974
14,2024,92,802,61,638,373,0.465,272,0,0.6822,0.2171,0.1346,0.1386,0.4746,0.5294,0.6488,0.1881,0.1079,0.1075,0.4576,0.5882,349,0,extracted,0.1811,0.0952,0.1496,0.1558,0.0654,0.0974
14,2024,93,802,61,638,373,0.465,272,0,0.6822,0.2171,0.1346,0.1386,0.4746,0.5294,0.6488,0.1881,0.1079,0.1075,0.4576,0.5882,349,0,extracted,0.1811,0.0952,0.1496,0.1558,0.0654,0.0974
14,2024,94,802,61,638,373,0.465,272,0,0.6822,0.2171,0.1346,0.1386,0.4746,0.5294,0.6488,0.1881,0.1079,0.1075,0.4576,0.5882,349,0,extracted,0.1811,0.0952,0.1496,0.1558,0.0654,0.0974
14,2024,95,802,61,638,373,0.465,272,0,0.6822,0.2171,0.1346,0.1386,0.4746,0.5294,0.6488,0.1881,0.1079,0.1075,0.4576,0.5882,349,0,extracted,0.1811,0.0952,0.1496,0.1558,0.0654,0.0974
14,2024,96,802,61,638,373,0.465,272,0,0.6822,0.2171,0.1346,0.1386,0.4746,0.5294,0.6488,0.1881,0.1079,0.1075,0.4576,0.5882,349,0,extracted,0.1811,0.0952,0.1496,0.1558,0.0654,0.0974
14,2024,97,802,61,793,494,0.616,340,0,0.6542,0.1697,0.1051,0.1083,0.4746,0.5294,0.6488,0.1881,0.1079,0.1075,0.4576,0.5882,349,0,extracted,0.1424,0.0748,0.1115,0.1558,0.0654,0.0974
14,2024,98,802,61,793,494,0.616,340,0,0.6542,0.1697,0.1051,0.1083,0.4746,0.5294,0.6488,0.1881,0.1079,0.1075,0.4576,0.5882,349,0,extracted,0.1424,0.0748,0.1115,0.1558,0.0654,0.0974
14,2024,99,802,61,793,494,0.616,340,0,0.6542,0.1697,0.1051,0.1083,0.4746,0.5294,0.6488,0.1881,0.1079,0.1075,0.4576,0.5882,349,0,extracted,0.1424,0.0748,0.1115,0.1558,0.0654,0.0974
14,2024,100,802,61,793,494,0.616,340,0,0.6542,0.1697,0.1051,0.1083,0.4746,0.5294,0.6488,0.1881,0.1079,0.1075,0.4576,0.5882,349,0,extracted,0.1424,0.0748,0.1115,0.1558,0.0654,0.0974
15,2024,1,1014,106,6,14,0.014,6,0,0.5665,0.1333,0.0169,0.0833,0.0108,0.0,0.7019,0.2892,0.1903,0.1596,0.5806,0.72,479,0,extracted,0.1622,0.0278,0.1351,0.2896,0.1484,0.1749
15,2024,2,1014,106,6,14,0.014,6,0,0.5665,0.1333,0.0169,0.0833,0.0108,0.0,0.7019,0.2892,0.1903,0.1596,0.5806,0.72,479,0,extracted,0.1622,0.0278,0.1351,0.2896,0.1484,0.1749
15,2024,3,1014,106,6,14,0.014,6,0,0.5665,0.1333,0.0169,0.0833,0.0108,0.0,0.7019,0.2892,0.1903,0.1596,0.5806,0.72,479,0,extracted,0.1622,0.0278,0.1351,0.2896,0.1484,0.1749
15,2024,4,1014,106,6,14,0.014,6,0,0.5665,0.1333,0.0169,0.0833,0.0108,0.0,0.7019,0.2892,0.1903,0.1596,0.5806,0.72,479,0,extracted,0.1622,0.0278,0.1351,0.2896,0.1484,0.1749
15,2024,5,1014,106,6,14,0.014,6,0,0.5665,0.1333,0.0169,0.0833,0.0108,0.0,0.7019,0.2892,0.1903,0.1596,0.5806,0.72,479,0,extracted,0.1622,0.0278,0.1351,0.2896,0.1484,0.1749
15,2024,6,1014,106,6,14,0.014,6,0,0.5665,0.1333,0.0169,0.0833,0.0108,0.0,0.7019,0.2892,0.1903,0.1596,0.5806,0.72,479,0,extracted,0.1622,0.0278,0.1351,0.2896,0.1484,0.1749
15,2024,7,1014,106,6,14,0.014,6,0,0.5665,0.1333,0.0169,0.0833,0.0108,0.0,0.7019,0.2892,0.1903,0.1596,0.5806,0.72,479,0,extracted,0.1622,0.0278,0.1351,0.2896,0.1484,0.1749
15,2024,8,1014,106,6,14,0.014,6,0,0.5665,0.1333,0.0169,0.0833,0.0108,0.0,0.7019,0.2892,0.1903,0.1596,0.5806,0.72,479,0,extracted,0.1622,0.0278,0.1351,0.2896,0.1484,0.1749
15,2024,9,1014,106,26,26,0.026,19,0,0.6179,0.1667,0.0462,0.1364,0.0323,0.04,0.7019,0.2892,0.1903,0.1596,0.5806,0.72,479,0,extracted,0.1975,0.0253,0.1728,0.2896,0.1484,0.1749
15,2024,10,1014,106,26,26,0.026,19,0,0.6179,0.1667,0.0462,0.1364,0.0323,0.04,0.7019,0.2892,0.1903,0.1596,0.5806,0.72,479,0,extracted,0.1975,0.0253,0.1728,0.2896,0.1484,0.1749
15,2024,11,1014,106,26,26,0.026,19,0,0.6179,0.1667,0.0462,0.1364,0.0323,0.04,0.7019,0.2892,0.1903,0.1596,0.5806,0.72,479,0,extracted,0.1975,0.0253,0.1728,0.2896,0.1484,0.1749
15,2024,12,1014,106,26,26,0.026,19,0,0.6179,0.1667,0.0462,0.1364,0.0323,0.04,0.7019,0.2892,0.1903,0.1596,0.5806,0.72,479,0,extracted,0.1975,0.0253,0.1728,0.2896,0.1484,0.1749
15,2024,13,1014,106,26,26,0.026,19,0,0.6179,0.1667,0.0462,0.1364,0.0323,0.04,0.7019,0.2892,0.1903,0.1596,0.5806,0.72,479,0,extracted,0.1975,0.0253,0.1728,0.2896,0.1484,0.1749
15,2024,14,1014,106,70,42,0.041,35,0,0.6773,0.3378,0.1644,0.2027,0.129,0.16,0.7019,0.2892,0.1903,0.1596,0.5806,0.72,479,0,extracted,0.3182,0.0465,0.1591,0.2896,0.1484,0.1749
15,2024,15,1014,106,70,42,0.041,35,0,0.6773,0.3378,0.1644,0.2027,0.129,0.16,0.7019,0.2892,0.1903,0.1596,0.5806,0.72,479,0,extracted,0.3182,0.0465,0.1591,0.2896,0.1484,0.1749
15,2024,16,1014,106,70,42,0.041,35,0,0.6773,0.3378,0.1644,0.2027,0.129,0.16,0.7019,0.2892,0.1903,0.1596,0.5806,0.72,479,0,extracted,0.3182,0.0465,0.1591,0.2896,0.1484,0.1749
15,2024,17,1014,106,70,42,0.041,35,0,0.6773,0.3378,0.1644,0.2027,0.129,0.16,0.7019,0.2892,0.1903,0.1596,0.5806,0.72,479,0,extracted,0.3182,0.0465,0.1591,0.2896,0.1484,0.1749
15,2024,18,1014,106,70,42,0.041,35,0,0.6773,0.3378,0.1644,0.2027,0.129,0.16,0.7019,0.2892,0.1903,0.1596,0.5806,0.72,479,0,extracted,0.3182,0.0465,0.1591,0.2896,0.1484,0.1749
15,2024,19,1014,106,70,42,0.041,35,0,0.6773,0.3378,0.1644,0.2027,0.129,0.16,0.7019,0.2892,0.1903,0.1596,0.5806,0.72,479,0,extracted,0.3182,0.0465,0.1591,0.2896,0.1484,0.1749
15,2024,20,1014,106,93,53,0.052,43,0,0.6988,0.3899,0.1783,0.2138,0.1505,0.2,0.7019,0.2892,0.1903,0.1596,0.5806,0.72,479,0,extracted,0.3789,0.0645,0.1684,0.2896,0.1484,0.1749
15,2024,21,1014,106,93,53,0.052,43,0,0.6988,0.3899,0.1783,0.2138,0.1505,0.2,0.7019,0.2892,0.1903,0.1596,0.5806,0.72,479,0,extracted,0.3789,0.0645,0.1684,0.2896,0.1484,0.1749
15,2024,22,1014,106,93,53,0.052,43,0,0.6988,0.3899,0.1783,0.2138,0.1505,0.2,0.7019,0.2892,0.1903,0.1596,0.5806,0.72,479,0,extracted,0.3789,0.0645,0.1684,0.2896,0.1484,0.1749
15,2024,23,1014,106,93,53,0.052,43,0,0.6988,0.3899,0.1783,0.2138,0.1505,0.2,0.7019,0.2892,0.1903,0.1596,0.5806,0.72,479,0,extracted,0.3789,0.0645,0.1684,0.2896,0.1484,0.1749
15,2024,24,1014,106,93,53,0.052,43,0,0.6988,0.3899,0.1783,0.2138,0.1505,0.2,0.7019,0.2892,0.1903,0.1596,0.5806,0.72,479,0,extracted,0.3789,0.0645,0.1684,0.2896,0.1484,0.1749
15,2024,25,1014,106,93,53,0.052,43,0,0.6988,0.3899,0.1783,0.2138,0.1505,0.2,0.7019,0.2892,0.1903,0.1596,0.5806,0.72,479,0,extracted,0.3789,0.0645,0.1684,0.2896,0.1484,0.1749
15,2024,26,1014,106,129,71,0.07,61,0,0.6705,0.4068,0.1714,0.2147,0.1613,0.2,0.7019,0.2892,0.1903,0.1596,0.5806,0.72,479,0,extracted,0.367,0.0748,0.1835,0.2896,0.1484,0.1749
15,2024,27,1014,106,129,71,0.07,61,0,0.6705,0.4068,0.1714,0.2147,0.1613,0.2,0.7019,0.2892,0.1903,0.1596,0.5806,0.72,479,0,extracted,0.367,0.0748,0.1835,0.2896,0.1484,0.1749
15,2024,28,1014,106,129,71,0.07,61,0,0.6705,0.4068,0.1714,0.2147,0.1613,0.2,0.7019,0.2892,0.1903,0.1596,0.5806,0.72,479,0,extracted,0.367,0.0748,0.1835,0.2896,0.1484,0.1749
15,2024,29,1014,106,129,71,0.07,61,0,0.6705,0.4068,0.1714,0.2147,0.1613,0.2,0.7019,0.2892,0.1903,0.1596,0.5806,0.72,479,0,extracted,0.367,0.0748,0.1835,0.2896,0.1484,0.1749
15,2024,30,1014,106,129,71,0.07,61,0,0.6705,0.4068,0.1714,0.2147,0.1613,0.2,0.7019,0.2892,0.1903,0.1596,0.5806,0.72,479,0,extracted,0.367,0.0748,0.1835,0.2896,0.1484,0.1749
15,2024,31,1014,106,198,93,0.092,97,0,0.7013,0.4523,0.1726,0.2513,0.1828,0.2,0.7019,0.2892,0.1903,0.1596,0.5806,0.72,479,0,extracted,0.4132,0.084,0.2149,0.2896,0.1484,0.1749
15,2024,32,1014,106,198,93,0.092,97,0,0.7013,0.4523,0.1726,0.2513,0.1828,0.2,0.7019,0.2892,0.1903,0.1596,0.5806,0.72,479,0,extracted,0.4132,0.084,0.2149,0.2896,0.1484,0.1749
15,2024,33,1014,106,198,93,0.092,97,0,0.7013,0.4523,0.1726,0.2513,0.1828,0.2,0.7019,0.2892,0.1903,0.1596,0.5806,0.72,479,0,extracted,0.4132,0.084,0.2149,0.2896,0.1484,0.1749
15,2024,34,1014,106,198,93,0.092,97,0,0.7013,0.4523,0.1726,0.2513,0.1828,0.2,0.7019,0.2892,0.1903,0.1596,0.5806,0.72,479,0,extracted,0.4132,0.084,0.2149,0.2896,0.1484,0.1749
15,2024,35,1014,106,198,93,0.092,97,0,0.7013,0.4523,0.1726,0.2513,0.1828,0.2,0.7019,0.2892,0.1903,0.1596,0.5806,0.72,479,0,extracted,0.4132,0.084,0.2149,0.2896,0.1484,0.1749
15,2024,36,1014,106,198,93,0.092,97,0,0.7013,0.4523,0.1726,0.2513,0.1828,0.2,0.7019,0.2892,0.1903,0.1596,0.5806,0.72,479,0,extracted,0.4132,0.084,0.2149,0.2896,0.1484,0.1749
15,2024,37,1014,106,242,151,0.149,122,0,0.6978,0.392,0.1694,0.224,0.2258,0.28,0.7019,0.2892,0.1903,0.1596,0.5806,0.72,479,0,extracted,0.4148,0.1203,0.237,0.2896,0.1484,0.1749
15,2024,38,1014,106,242,151,0.149,122,0,0.6978,0.392,0.1694,0.224,0.2258,0.28,0.7019,0.2892,0.1903,0.1596,0.5806,0.72,479,0,extracted,0.4148,0.1203,0.237,0.2896,0.1484,0.1749
15,2024,39,1014,106,242,151,0.149,122,0,0.6978,0.392,0.1694,0.224,0.2258,0.28,0.7019,0.2892,0.1903,0.1596,0.5806,0.72,479,0,extracted,0.4148,0.1203,0.237,0.2896,0.1484,0.1749
15,2024,40,1014,106,242,151,0.149,122,0,0.6978,0.392,0.1694,0.224,0.2258,0.28,0.7019,0.2892,0.1903,0.1596,0.5806,0.72,479,0,extracted,0.4148,0.1203,0.237,0.2896,0.1484,0.1749
15,2024,41,1014,106,242,151,0.149,122,0,0.6978,0.392,0.1694,0.224,0.2258,0.28,0.7019,0.2892,0.1903,0.1596,0.5806,0.72,479,0,extracted,0.4148,0.1203,0.237,0.2896,0.1484,0.1749
15,2024,42,1014,106,304,193,0.19,153,0,0.7435,0.5552,0.3434,0.2274,0.4731,0.56,0.7019,0.2892,0.1903,0.1596,0.5806,0.72,479,0,extracted,0.5028,0.226,0.2346,0.2896,0.1484,0.1749
15,2024,43,1014,106,304,193,0.19,153,0,0.7435,0.5552,0.3434,0.2274,0.4731,0.56,0.7019,0.2892,0.1903,0.1596,0.5806,0.72,479,0,extracted,0.5028,0.226,0.2346,0.2896,0.1484,0.1749
15,2024,44,1014,106,304,193,0.19,153,0,0.7435,0.5552,0.3434,0.2274,0.4731,0.56,0.7019,0.2892,0.1903,0.1596,0.5806,0.72,479,0,extracted,0.5028,0.226,0.2346,0.2896,0.1484,0.1749
15,2024,45,1014,106,304,193,0.19,153,0,0.7435,0.5552,0.3434,0.2274,0.4731,0.56,0.7019,0.2892,0.1903,0.1596,0.5806,0.72,479,0,extracted,0.5028,0.226,0.2346,0.2896,0.1484,0.1749
15,2024,46,1014,106,304,193,0.19,153,0,0.7435,0.5552,0.3434,0.2274,0.4731,0.56,0.7019,0.2892,0.1903,0.1596,0.5806,0.72,479,0,extracted,0.5028,0.226,0.2346,0.2896,0.1484,0.1749
15,2024,47,1014,106,304,193,0.19,153,0,0.7435,0.5552,0.3434,0.2274,0.4731,0.56,0.7019,0.2892,0.1903,0.1596,0.5806,0.72,479,0,extracted,0.5028,0.226,0.2346,0.2896,0.1484,0.1749
15,2024,48,1014,106,353,224,0.221,175,0,0.744,0.5212,0.3354,0.2061,0.5161,0.6,0.7019,0.2892,0.1903,0.1596,0.5806,0.72,479,0,extracted,0.4646,0.2143,0.2222,0.2896,0.1484,0.1749
15,2024,49,1014,106,353,224,0.221,175,0,0.744,0.5212,0.3354,0.2061,0.5161,0.6,0.7019,0.2892,0.1903,0.1596,0.5806,0.72,479,0,extracted,0.4646,0.2143,0.2222,0.2896,0.1484,0.1749
15,2024,50,1014,106,353,224,0.221,175,0,0.744,0.5212,0.3354,0.2061,0.5161,0.6,0.7019,0.2892,0.1903,0.1596,0.5806,0.72,479,0,extracted,0.4646,0.2143,0.2222,0.2896,0.1484,0.1749
15,2024,51,1014,106,353,224,0.221,175,0,0.744,0.5212,0.3354,0.2061,0.5161,0.6,0.7019,0.2892,0.1903,0.1596,0.5806,0.72,479,0,extracted,0.4646,0.2143,0.2222,0.2896,0.1484,0.1749
15,2024,52,1014,106,353,224,0.221,175,0,0.744,0.5212,0.3354,0.2061,0.5161,0.6,0.7019,0.2892,0.1903,0.1596,0.5806,0.72,479,0,extracted,0.4646,0.2143,0.2222,0.2896,0.1484,0.1749
15,2024,53,1014,106,431,266,0.262,209,0,0.6998,0.3978,0.2,0.1774,0.3656,0.4,0.7019,0.2892,0.1903,0.1596,0.5806,0.72,479,0,extracted,0.3621,0.1391,0.1897,0.2896,0.1484,0.1749
15,2024,54,1014,106,431,266,0.262,209,0,0.6998,0.3978,0.2,0.1774,0.3656,0.4,0.7019,0.2892,0.1903,0.1596,0.5806,0.72,479,0,extracted,0.3621,0.1391,0.1897,0.2896,0.1484,0.1749
15,2024,55,1014,106,431,266,0.262,209,0,0.6998,0.3978,0.2,0.1774,0.3656,0.4,0.7019,0.2892,0.1903,0.1596,0.5806,0.72,479,0,extracted,0.3621,0.1391,0.1897,0.2896,0.1484,0.1749
15,2024,56,1014,106,431,266,0.262,209,0,0.6998,0.3978,0.2,0.1774,0.3656,0.4,0.7019,0.2892,0.1903,0.1596,0.5806,0.72,479,0,extracted,0.3621,0.1391,0.1897,0.2896,0.1484,0.1749
15,2024,57,1014,106,431,266,0.262,209,0,0.6998,0.3978,0.2,0.1774,0.3656,0.4,0.7019,0.2892,0.1903,0.1596,0.5806,0.72,479,0,extracted,0.3621,0.1391,0.1897,0.2896,0.1484,0.1749
15,2024,58,1014,106,431,266,0.262,209,0,0.6998,0.3978,0.2,0.1774,0.3656,0.4,0.7019,0.2892,0.1903,0.1596,0.5806,0.72,479,0,extracted,0.3621,0.1391,0.1897,0.2896,0.1484,0.1749
15,2024,59,1014,106,492,304,0.3,245,0,0.6956,0.4049,0.2304,0.1756,0.3978,0.44,0.7019,0.2892,0.1903,0.1596,0.5806,0.72,479,0,extracted,0.3651,0.144,0.1667,0.2896,0.1484,0.1749
15,2024,60,1014,106,492,304,0.3,245,0,0.6956,0.4049,0.2304,0.1756,0.3978,0.44,0.7019,0.2892,0.1903,0.1596,0.5806,0.72,479,0,extracted,0.3651,0.144,0.1667,0.2896,0.1484,0.1749
15,2024,61,1014,106,492,304,0.3,245,0,0.6956,0.4049,0.2304,0.1756,0.3978,0.44,0.7019,0.2892,0.1903,0.1596,0.5806,0.72,479,0,extracted,0.3651,0.144,0.1667,0.2896,0.1484,0.1749
15,2024,62,1014,106,492,304,0.3,245,0,0.6956,0.4049,0.2304,0.1756,0.3978,0.44,0.7019,0.2892,0.1903,0.1596,0.5806,0.72,479,0,extracted,0.3651,0.144,0.1667,0.2896,0.1484,0.1749
15,2024,63,1014,106,492,304,0.3,245,0,0.6956,0.4049,0.2304,0.1756,0.3978,0.44,0.7019,0.2892,0.1903,0.1596,0.5806,0.72,479,0,extracted,0.3651,0.144,0.1667,0.2896,0.1484,0.1749
15,2024,64,1014,106,543,334,0.329,270,0,0.6896,0.3442,0.1682,0.1442,0.3226,0.36,0.7019,0.2892,0.1903,0.1596,0.5806,0.72,479,0,extracted,0.3636,0.131,0.1818,0.2896,0.1484,0.1749
15,2024,65,1014,106,543,334,0.329,270,0,0.6896,0.3442,0.1682,0.1442,0.3226,0.36,0.7019,0.2892,0.1903,0.1596,0.5806,0.72,479,0,extracted,0.3636,0.131,0.1818,0.2896,0.1484,0.1749
15,2024,66,1014,106,543,334,0.329,270,0,0.6896,0.3442,0.1682,0.1442,0.3226,0.36,0.7019,0.2892,0.1903,0.1596,0.5806,0.72,479,0,extracted,0.3636,0.131,0.1818,0.2896,0.1484,0.1749
15,2024,67,1014,106,543,334,0.329,270,0,0.6896,0.3442,0.1682,0.1442,0.3226,0.36,0.7019,0.2892,0.1903,0.1596,0.5806,0.72,479,0,extracted,0.3636,0.131,0.1818,0.2896,0.1484,0.1749
15,2024,68,1014,106,543,334,0.329,270,0,0.6896,0.3442,0.1682,0.1442,0.3226,0.36,0.7019,0.2892,0.1903,0.1596,0.5806,0.72,479,0,extracted,0.3636,0.131,0.1818,0.2896,0.1484,0.1749
15,2024,69,1014,106,543,334,0.329,270,0,0.6896,0.3442,0.1682,0.1442,0.3226,0.36,0.7019,0.2892,0.1903,0.1596,0.5806,0.72,479,0,extracted,0.3636,0.131,0.1818,0.2896,0.1484,0.1749
15,2024,70,1014,106,612,372,0.367,303,0,0.7172,0.3849,0.2521,0.2469,0.5376,0.64,0.7019,0.2892,0.1903,0.1596,0.5806,0.72,479,0,extracted,0.3469,0.1918,0.2381,0.2896,0.1484,0.1749
15,2024,71,1014,106,612,372,0.367,303,0,0.7172,0.3849,0.2521,0.2469,0.5376,0.64,0.7019,0.2892,0.1903,0.1596,0.5806,0.72,479,0,extracted,0.3469,0.1918,0.2381,0.2896,0.1484,0.1749
15,2024,72,1014,106,612,372,0.367,303,0,0.7172,0.3849,0.2521,0.2469,0.5376,0.64,0.7019,0.2892,0.1903,0.1596,0.5806,0.72,479,0,extracted,0.3469,0.1918,0.2381,0.2896,0.1484,0.1749
15,2024,73,1014,106,612,372,0.367,303,0,0.7172,0.3849,0.2521,0.2469,0.5376,0.64,0.7019,0.2892,0.1903,0.1596,0.5806,0.72,479,0,extracted,0.3469,0.1918,0.2381,0.2896,0.1484,0.1749
15,2024,74,1014,106,612,372,0.367,303,0,0.7172,0.3849,0.2521,0.2469,0.5376,0.64,0.7019,0.2892,0.1903,0.1596,0.5806,0.72,479,0,extracted,0.3469,0.1918,0.2381,0.2896,0.1484,0.1749
15,2024,75,1014,106,656,386,0.381,319,0,0.7077,0.3618,0.2327,0.187,0.5054,0.64,0.7019,0.2892,0.1903,0.1596,0.5806,0.72,479,0,extracted,0.3234,0.1462,0.1782,0.2896,0.1484,0.1749
15,2024,76,1014,106,656,386,0.381,319,0,0.7077,0.3618,0.2327,0.187,0.5054,0.64,0.7019,0.2892,0.1903,0.1596,0.5806,0.72,479,0,extracted,0.3234,0.1462,0.1782,0.2896,0.1484,0.1749
15,2024,77,1014,106,656,386,0.381,319,0,0.7077,0.3618,0.2327,0.187,0.5054,0.64,0.7019,0.2892,0.1903,0.1596,0.5806,0.72,479,0,extracted,0.3234,0.1462,0.1782,0.2896,0.1484,0.1749
15,2024,78,1014,106,656,386,0.381,319,0,0.7077,0.3618,0.2327,0.187,0.5054,0.64,0.7019,0.2892,0.1903,0.1596,0.5806,0.72,479,0,extracted,0.3234,0.1462,0.1782,0.2896,0.1484,0.1749
15,2024,79,1014,106,656,386,0.381,319,0,0.7077,0.3618,0.2327,0.187,0.5054,0.64,0.7019,0.2892,0.1903,0.1596,0.5806,0.72,479,0,extracted,0.3234,0.1462,0.1782,0.2896,0.1484,0.1749
15,2024,80,1014,106,656,386,0.381,319,0,0.7077,0.3618,0.2327,0.187,0.5054,0.64,0.7019,0.2892,0.1903,0.1596,0.5806,0.72,479,0,extracted,0.3234,0.1462,0.1782,0.2896,0.1484,0.1749
15,2024,81,1014,106,707,437,0.431,345,0,0.7214,0.3573,0.2588,0.1547,0.6452,0.8,0.7019,0.2892,0.1903,0.1596,0.5806,0.72,479,0,extracted,0.3364,0.1969,0.1529,0.2896,0.1484,0.1749
15,2024,82,1014,106,707,437,0.431,345,0,0.7214,0.3573,0.2588,0.1547,0.6452,0.8,0.7019,0.2892,0.1903,0.1596,0.5806,0.72,479,0,extracted,0.3364,0.1969,0.1529,0.2896,0.1484,0.1749
15,2024,83,1014,106,707,437,0.431,345,0,0.7214,0.3573,0.2588,0.1547,0.6452,0.8,0.7019,0.2892,0.1903,0.1596,0.5806,0.72,479,0,extracted,0.3364,0.1969,0.1529,0.2896,0.1484,0.1749
15,2024,84,1014,106,707,437,0.431,345,0,0.7214,0.3573,0.2588,0.1547,0.6452,0.8,0.7019,0.2892,0.1903,0.1596,0.5806,0.72,479,0,extracted,0.3364,0.1969,0.1529,0.2896,0.1484,0.1749
15,2024,85,1014,106,707,437,0.431,345,0,0.7214,0.3573,0.2588,0.1547,0.6452,0.8,0.7019,0.2892,0.1903,0.1596,0.5806,0.72,479,0,extracted,0.3364,0.1969,0.1529,0.2896,0.1484,0.1749
15,2024,86,1014,106,707,437,0.431,345,0,0.7214,0.3573,0.2588,0.1547,0.6452,0.8,0.7019,0.2892,0.1903,0.1596,0.5806,0.72,479,0,extracted,0.3364,0.1969,0.1529,0.2896,0.1484,0.1749
15,2024,87,1014,106,825,488,0.481,396,0,0.7,0.3277,0.2271,0.1486,0.6129,0.72,0.7019,0.2892,0.1903,0.1596,0.5806,0.72,479,0,extracted,0.2994,0.1705,0.1469,0.2896,0.1484,0.1749
15,2024,88,1014,106,825,488,0.481,396,0,0.7,0.3277,0.2271,0.1486,0.6129,0.72,0.7019,0.2892,0.1903,0.1596,0.5806,0.72,479,0,extracted,0.2994,0.1705,0.1469,0.2896,0.1484,0.1749
15,2024,89,1014,106,825,488,0.481,396,0,0.7,0.3277,0.2271,0.1486,0.6129,0.72,0.7019,0.2892,0.1903,0.1596,0.5806,0.72,479,0,extracted,0.2994,0.1705,0.1469,0.2896,0.1484,0.1749
15,2024,90,1014,106,825,488,0.481,396,0,0.7,0.3277,0.2271,0.1486,0.6129,0.72,0.7019,0.2892,0.1903,0.1596,0.5806,0.72,479,0,extracted,0.2994,0.1705,0.1469,0.2896,0.1484,0.1749
15,2024,91,1014,106,825,488,0.481,396,0,0.7,0.3277,0.2271,0.1486,0.6129,0.72,0.7019,0.2892,0.1903,0.1596,0.5806,0.72,479,0,extracted,0.2994,0.1705,0.1469,0.2896,0.1484,0.1749
15,2024,92,1014,106,896,540,0.533,424,0,0.6982,0.2875,0.1923,0.1661,0.5376,0.64,0.7019,0.2892,0.1903,0.1596,0.5806,0.72,479,0,extracted,0.3155,0.1651,0.1893,0.2896,0.1484,0.1749
15,2024,93,1014,106,896,540,0.533,424,0,0.6982,0.2875,0.1923,0.1661,0.5376,0.64,0.7019,0.2892,0.1903,0.1596,0.5806,0.72,479,0,extracted,0.3155,0.1651,0.1893,0.2896,0.1484,0.1749
15,2024,94,1014,106,896,540,0.533,424,0,0.6982,0.2875,0.1923,0.1661,0.5376,0.64,0.7019,0.2892,0.1903,0.1596,0.5806,0.72,479,0,extracted,0.3155,0.1651,0.1893,0.2896,0.1484,0.1749
15,2024,95,1014,106,896,540,0.533,424,0,0.6982,0.2875,0.1923,0.1661,0.5376,0.64,0.7019,0.2892,0.1903,0.1596,0.5806,0.72,479,0,extracted,0.3155,0.1651,0.1893,0.2896,0.1484,0.1749
15,2024,96,1014,106,896,540,0.533,424,0,0.6982,0.2875,0.1923,0.1661,0.5376,0.64,0.7019,0.2892,0.1903,0.1596,0.5806,0.72,479,0,extracted,0.3155,0.1651,0.1893,0.2896,0.1484,0.1749
15,2024,97,1014,106,896,540,0.533,424,0,0.6982,0.2875,0.1923,0.1661,0.5376,0.64,0.7019,0.2892,0.1903,0.1596,0.5806,0.72,479,0,extracted,0.3155,0.1651,0.1893,0.2896,0.1484,0.1749
15,2024,98,1014,106,1004,600,0.592,470,0,0.7085,0.2767,0.1831,0.1284,0.5806,0.72,0.7019,0.2892,0.1903,0.1596,0.5806,0.72,479,0,extracted,0.2536,0.1346,0.1292,0.2896,0.1484,0.1749
15,2024,99,1014,106,1004,600,0.592,470,0,0.7085,0.2767,0.1831,0.1284,0.5806,0.72,0.7019,0.2892,0.1903,0.1596,0.5806,0.72,479,0,extracted,0.2536,0.1346,0.1292,0.2896,0.1484,0.1749
15,2024,100,1014,106,1004,600,0.592,470,0,0.7085,0.2767,0.1831,0.1284,0.5806,0.72,0.7019,0.2892,0.1903,0.1596,0.5806,0.72,479,0,extracted,0.2536,0.1346,0.1292,0.2896,0.1484,0.1749
16,2024,1,973,79,10,19,0.02,8,0,0.5867,0.1429,0.0208,0.0816,0.0128,0.0,0.6445,0.1935,0.0744,0.0968,0.2949,0.3333,465,0,extracted,0.1404,0.0364,0.1053,0.1623,0.0525,0.1043
16,2024,2,973,79,10,19,0.02,8,0,0.5867,0.1429,0.0208,0.0816,0.0128,0.0,0.6445,0.1935,0.0744,0.0968,0.2949,0.3333,465,0,extracted,0.1404,0.0364,0.1053,0.1623,0.0525,0.1043
16,2024,3,973,79,10,19,0.02,8,0,0.5867,0.1429,0.0208,0.0816,0.0128,0.0,0.6445,0.1935,0.0744,0.0968,0.2949,0.3333,465,0,extracted,0.1404,0.0364,0.1053,0.1623,0.0525,0.1043
16,2024,4,973,79,10,19,0.02,8,0,0.5867,0.1429,0.0208,0.0816,0.0128,0.0,0.6445,0.1935,0.0744,0.0968,0.2949,0.3333,465,0,extracted,0.1404,0.0364,0.1053,0.1623,0.0525,0.1043
16,2024,5,973,79,10,19,0.02,8,0,0.5867,0.1429,0.0208,0.0816,0.0128,0.0,0.6445,0.1935,0.0744,0.0968,0.2949,0.3333,465,0,extracted,0.1404,0.0364,0.1053,0.1623,0.0525,0.1043
16,2024,6,973,79,10,19,0.02,8,0,0.5867,0.1429,0.0208,0.0816,0.0128,0.0,0.6445,0.1935,0.0744,0.0968,0.2949,0.3333,465,0,extracted,0.1404,0.0364,0.1053,0.1623,0.0525,0.1043
16,2024,7,973,79,10,19,0.02,8,0,0.5867,0.1429,0.0208,0.0816,0.0128,0.0,0.6445,0.1935,0.0744,0.0968,0.2949,0.3333,465,0,extracted,0.1404,0.0364,0.1053,0.1623,0.0525,0.1043
16,2024,8,973,79,31,31,0.032,18,0,0.6861,0.2364,0.0556,0.1818,0.0385,0.0476,0.6445,0.1935,0.0744,0.0968,0.2949,0.3333,465,0,extracted,0.2727,0.0625,0.2424,0.1623,0.0525,0.1043
16,2024,9,973,79,31,31,0.032,18,0,0.6861,0.2364,0.0556,0.1818,0.0385,0.0476,0.6445,0.1935,0.0744,0.0968,0.2949,0.3333,465,0,extracted,0.2727,0.0625,0.2424,0.1623,0.0525,0.1043
16,2024,10,973,79,31,31,0.032,18,0,0.6861,0.2364,0.0556,0.1818,0.0385,0.0476,0.6445,0.1935,0.0744,0.0968,0.2949,0.3333,465,0,extracted,0.2727,0.0625,0.2424,0.1623,0.0525,0.1043
16,2024,11,973,79,31,31,0.032,18,0,0.6861,0.2364,0.0556,0.1818,0.0385,0.0476,0.6445,0.1935,0.0744,0.0968,0.2949,0.3333,465,0,extracted,0.2727,0.0625,0.2424,0.1623,0.0525,0.1043
16,2024,12,973,79,48,38,0.039,24,0,0.6718,0.2564,0.0522,0.1709,0.0385,0.0476,0.6445,0.1935,0.0744,0.0968,0.2949,0.3333,465,0,extracted,0.2571,0.0588,0.2286,0.1623,0.0525,0.1043
16,2024,13,973,79,48,38,0.039,24,0,0.6718,0.2564,0.0522,0.1709,0.0385,0.0476,0.6445,0.1935,0.0744,0.0968,0.2949,0.3333,465,0,extracted,0.2571,0.0588,0.2286,0.1623,0.0525,0.1043
16,2024,14,973,79,48,38,0.039,24,0,0.6718,0.2564,0.0522,0.1709,0.0385,0.0476,0.6445,0.1935,0.0744,0.0968,0.2949,0.3333,465,0,extracted,0.2571,0.0588,0.2286,0.1623,0.0525,0.1043
16,2024,15,973,79,48,38,0.039,24,0,0.6718,0.2564,0.0522,0.1709,0.0385,0.0476,0.6445,0.1935,0.0744,0.0968,0.2949,0.3333,465,0,extracted,0.2571,0.0588,0.2286,0.1623,0.0525,0.1043
16,2024,16,973,79,48,38,0.039,24,0,0.6718,0.2564,0.0522,0.1709,0.0385,0.0476,0.6445,0.1935,0.0744,0.0968,0.2949,0.3333,465,0,extracted,0.2571,0.0588,0.2286,0.1623,0.0525,0.1043
16,2024,17,973,79,77,41,0.042,34,0,0.6678,0.35,0.0847,0.1833,0.0641,0.0952,0.6445,0.1935,0.0744,0.0968,0.2949,0.3333,465,0,extracted,0.3014,0.0563,0.2192,0.1623,0.0525,0.1043
16,2024,18,973,79,77,41,0.042,34,0,0.6678,0.35,0.0847,0.1833,0.0641,0.0952,0.6445,0.1935,0.0744,0.0968,0.2949,0.3333,465,0,extracted,0.3014,0.0563,0.2192,0.1623,0.0525,0.1043
16,2024,19,973,79,77,41,0.042,34,0,0.6678,0.35,0.0847,0.1833,0.0641,0.0952,0.6445,0.1935,0.0744,0.0968,0.2949,0.3333,465,0,extracted,0.3014,0.0563,0.2192,0.1623,0.0525,0.1043
16,2024,20,973,79,77,41,0.042,34,0,0.6678,0.35,0.0847,0.1833,0.0641,0.0952,0.6445,0.1935,0.0744,0.0968,0.2949,0.3333,465,0,extracted,0.3014,0.0563,0.2192,0.1623,0.0525,0.1043
16,2024,21,973,79,77,41,0.042,34,0,0.6678,0.35,0.0847,0.1833,0.0641,0.0952,0.6445,0.1935,0.0744,0.0968,0.2949,0.3333,465,0,extracted,0.3014,0.0563,0.2192,0.1623,0.0525,0.1043
16,2024,22,973,79,113,67,0.069,49,0,0.6917,0.411,0.1806,0.2603,0.1667,0.1429,0.6445,0.1935,0.0744,0.0968,0.2949,0.3333,465,0,extracted,0.2727,0.0698,0.2273,0.1623,0.0525,0.1043
16,2024,23,973,79,113,67,0.069,49,0,0.6917,0.411,0.1806,0.2603,0.1667,0.1429,0.6445,0.1935,0.0744,0.0968,0.2949,0.3333,465,0,extracted,0.2727,0.0698,0.2273,0.1623,0.0525,0.1043
16,2024,24,973,79,113,67,0.069,49,0,0.6917,0.411,0.1806,0.2603,0.1667,0.1429,0.6445,0.1935,0.0744,0.0968,0.2949,0.3333,465,0,extracted,0.2727,0.0698,0.2273,0.1623,0.0525,0.1043
16,2024,25,973,79,113,67,0.069,49,0,0.6917,0.411,0.1806,0.2603,0.1667,0.1429,0.6445,0.1935,0.0744,0.0968,0.2949,0.3333,465,0,extracted,0.2727,0.0698,0.2273,0.1623,0.0525,0.1043
16,2024,26,973,79,113,67,0.069,49,0,0.6917,0.411,0.1806,0.2603,0.1667,0.1429,0.6445,0.1935,0.0744,0.0968,0.2949,0.3333,465,0,extracted,0.2727,0.0698,0.2273,0.1623,0.0525,0.1043
16,2024,27,973,79,158,102,0.105,73,0,0.702,0.3799,0.1469,0.2346,0.1667,0.1905,0.6445,0.1935,0.0744,0.0968,0.2949,0.3333,465,0,extracted,0.2885,0.0784,0.2308,0.1623,0.0525,0.1043
16,2024,28,973,79,158,102,0.105,73,0,0.702,0.3799,0.1469,0.2346,0.1667,0.1905,0.6445,0.1935,0.0744,0.0968,0.2949,0.3333,465,0,extracted,0.2885,0.0784,0.2308,0.1623,0.0525,0.1043
16,2024,29,973,79,158,102,0.105,73,0,0.702,0.3799,0.1469,0.2346,0.1667,0.1905,0.6445,0.1935,0.0744,0.0968,0.2949,0.3333,465,0,extracted,0.2885,0.0784,0.2308,0.1623,0.0525,0.1043
16,2024,30,973,79,158,102,0.105,73,0,0.702,0.3799,0.1469,0.2346,0.1667,0.1905,0.6445,0.1935,0.0744,0.0968,0.2949,0.3333,465,0,extracted,0.2885,0.0784,0.2308,0.1623,0.0525,0.1043
16,2024,31,973,79,186,116,0.119,87,0,0.7084,0.4167,0.1579,0.2396,0.1923,0.2381,0.6445,0.1935,0.0744,0.0968,0.2949,0.3333,465,0,extracted,0.3393,0.1091,0.2321,0.1623,0.0525,0.1043
16,2024,32,973,79,186,116,0.119,87,0,0.7084,0.4167,0.1579,0.2396,0.1923,0.2381,0.6445,0.1935,0.0744,0.0968,0.2949,0.3333,465,0,extracted,0.3393,0.1091,0.2321,0.1623,0.0525,0.1043
16,2024,33,973,79,186,116,0.119,87,0,0.7084,0.4167,0.1579,0.2396,0.1923,0.2381,0.6445,0.1935,0.0744,0.0968,0.2949,0.3333,465,0,extracted,0.3393,0.1091,0.2321,0.1623,0.0525,0.1043
16,2024,34,973,79,186,116,0.119,87,0,0.7084,0.4167,0.1579,0.2396,0.1923,0.2381,0.6445,0.1935,0.0744,0.0968,0.2949,0.3333,465,0,extracted,0.3393,0.1091,0.2321,0.1623,0.0525,0.1043
16,2024,35,973,79,186,116,0.119,87,0,0.7084,0.4167,0.1579,0.2396,0.1923,0.2381,0.6445,0.1935,0.0744,0.0968,0.2949,0.3333,465,0,extracted,0.3393,0.1091,0.2321,0.1623,0.0525,0.1043
16,2024,36,973,79,216,136,0.14,101,0,0.6921,0.4131,0.1611,0.2535,0.2179,0.2381,0.6445,0.1935,0.0744,0.0968,0.2949,0.3333,465,0,extracted,0.3182,0.0923,0.2273,0.1623,0.0525,0.1043
16,2024,37,973,79,216,136,0.14,101,0,0.6921,0.4131,0.1611,0.2535,0.2179,0.2381,0.6445,0.1935,0.0744,0.0968,0.2949,0.3333,465,0,extracted,0.3182,0.0923,0.2273,0.1623,0.0525,0.1043
16,2024,38,973,79,216,136,0.14,101,0,0.6921,0.4131,0.1611,0.2535,0.2179,0.2381,0.6445,0.1935,0.0744,0.0968,0.2949,0.3333,465,0,extracted,0.3182,0.0923,0.2273,0.1623,0.0525,0.1043
16,2024,39,973,79,216,136,0.14,101,0,0.6921,0.4131,0.1611,0.2535,0.2179,0.2381,0.6445,0.1935,0.0744,0.0968,0.2949,0.3333,465,0,extracted,0.3182,0.0923,0.2273,0.1623,0.0525,0.1043
16,2024,40,973,79,216,136,0.14,101,0,0.6921,0.4131,0.1611,0.2535,0.2179,0.2381,0.6445,0.1935,0.0744,0.0968,0.2949,0.3333,465,0,extracted,0.3182,0.0923,0.2273,0.1623,0.0525,0.1043
16,2024,41,973,79,250,144,0.148,117,0,0.6973,0.3909,0.1376,0.2545,0.1923,0.2381,0.6445,0.1935,0.0744,0.0968,0.2949,0.3333,465,0,extracted,0.3359,0.093,0.2595,0.1623,0.0525,0.1043
16,2024,42,973,79,250,144,0.148,117,0,0.6973,0.3909,0.1376,0.2545,0.1923,0.2381,0.6445,0.1935,0.0744,0.0968,0.2949,0.3333,465,0,extracted,0.3359,0.093,0.2595,0.1623,0.0525,0.1043
16,2024,43,973,79,250,144,0.148,117,0,0.6973,0.3909,0.1376,0.2545,0.1923,0.2381,0.6445,0.1935,0.0744,0.0968,0.2949,0.3333,465,0,extracted,0.3359,0.093,0.2595,0.1623,0.0525,0.1043
16,2024,44,973,79,250,144,0.148,117,0,0.6973,0.3909,0.1376,0.2545,0.1923,0.2381,0.6445,0.1935,0.0744,0.0968,0.2949,0.3333,465,0,extracted,0.3359,0.093,0.2595,0.1623,0.0525,0.1043
16,2024,45,973,79,250,144,0.148,117,0,0.6973,0.3909,0.1376,0.2545,0.1923,0.2381,0.6445,0.1935,0.0744,0.0968,0.2949,0.3333,465,0,extracted,0.3359,0.093,0.2595,0.1623,0.0525,0.1043
16,2024,46,973,79,284,168,0.173,133,0,0.6964,0.413,0.2041,0.2267,0.3205,0.2857,0.6445,0.1935,0.0744,0.0968,0.2949,0.3333,465,0,extracted,0.3355,0.1176,0.2065,0.1623,0.0525,0.1043
16,2024,47,973,79,284,168,0.173,133,0,0.6964,0.413,0.2041,0.2267,0.3205,0.2857,0.6445,0.1935,0.0744,0.0968,0.2949,0.3333,465,0,extracted,0.3355,0.1176,0.2065,0.1623,0.0525,0.1043
16,2024,48,973,79,284,168,0.173,133,0,0.6964,0.413,0.2041,0.2267,0.3205,0.2857,0.6445,0.1935,0.0744,0.0968,0.2949,0.3333,465,0,extracted,0.3355,0.1176,0.2065,0.1623,0.0525,0.1043
16,2024,49,973,79,284,168,0.173,133,0,0.6964,0.413,0.2041,0.2267,0.3205,0.2857,0.6445,0.1935,0.0744,0.0968,0.2949,0.3333,465,0,extracted,0.3355,0.1176,0.2065,0.1623,0.0525,0.1043
16,2024,50,973,79,284,168,0.173,133,0,0.6964,0.413,0.2041,0.2267,0.3205,0.2857,0.6445,0.1935,0.0744,0.0968,0.2949,0.3333,465,0,extracted,0.3355,0.1176,0.2065,0.1623,0.0525,0.1043
16,2024,51,973,79,361,215,0.221,173,0,0.6933,0.3554,0.1614,0.1951,0.2949,0.2857,0.6445,0.1935,0.0744,0.0968,0.2949,0.3333,465,0,extracted,0.3106,0.1006,0.2236,0.1623,0.0525,0.1043
16,2024,52,973,79,361,215,0.221,173,0,0.6933,0.3554,0.1614,0.1951,0.2949,0.2857,0.6445,0.1935,0.0744,0.0968,0.2949,0.3333,465,0,extracted,0.3106,0.1006,0.2236,0.1623,0.0525,0.1043
16,2024,53,973,79,361,215,0.221,173,0,0.6933,0.3554,0.1614,0.1951,0.2949,0.2857,0.6445,0.1935,0.0744,0.0968,0.2949,0.3333,465,0,extracted,0.3106,0.1006,0.2236,0.1623,0.0525,0.1043
16,2024,54,973,79,361,215,0.221,173,0,0.6933,0.3554,0.1614,0.1951,0.2949,0.2857,0.6445,0.1935,0.0744,0.0968,0.2949,0.3333,465,0,extracted,0.3106,0.1006,0.2236,0.1623,0.0525,0.1043
16,2024,55,973,79,423,254,0.261,202,0,0.6826,0.3731,0.16,0.1896,0.3333,0.381,0.6445,0.1935,0.0744,0.0968,0.2949,0.3333,465,0,extracted,0.2995,0.0757,0.2032,0.1623,0.0525,0.1043
16,2024,56,973,79,423,254,0.261,202,0,0.6826,0.3731,0.16,0.1896,0.3333,0.381,0.6445,0.1935,0.0744,0.0968,0.2949,0.3333,465,0,extracted,0.2995,0.0757,0.2032,0.1623,0.0525,0.1043
16,2024,57,973,79,423,254,0.261,202,0,0.6826,0.3731,0.16,0.1896,0.3333,0.381,0.6445,0.1935,0.0744,0.0968,0.2949,0.3333,465,0,extracted,0.2995,0.0757,0.2032,0.1623,0.0525,0.1043
16,2024,58,973,79,423,254,0.261,202,0,0.6826,0.3731,0.16,0.1896,0.3333,0.381,0.6445,0.1935,0.0744,0.0968,0.2949,0.3333,465,0,extracted,0.2995,0.0757,0.2032,0.1623,0.0525,0.1043
16,2024,59,973,79,423,254,0.261,202,0,0.6826,0.3731,0.16,0.1896,0.3333,0.381,0.6445,0.1935,0.0744,0.0968,0.2949,0.3333,465,0,extracted,0.2995,0.0757,0.2032,0.1623,0.0525,0.1043
16,2024,60,973,79,471,293,0.301,223,0,0.6794,0.3459,0.1359,0.1784,0.3205,0.381,0.6445,0.1935,0.0744,0.0968,0.2949,0.3333,465,0,extracted,0.25,0.0631,0.1786,0.1623,0.0525,0.1043
16,2024,61,973,79,471,293,0.301,223,0,0.6794,0.3459,0.1359,0.1784,0.3205,0.381,0.6445,0.1935,0.0744,0.0968,0.2949,0.3333,465,0,extracted,0.25,0.0631,0.1786,0.1623,0.0525,0.1043
16,2024,62,973,79,471,293,0.301,223,0,0.6794,0.3459,0.1359,0.1784,0.3205,0.381,0.6445,0.1935,0.0744,0.0968,0.2949,0.3333,465,0,extracted,0.25,0.0631,0.1786,0.1623,0.0525,0.1043
16,2024,63,973,79,471,293,0.301,223,0,0.6794,0.3459,0.1359,0.1784,0.3205,0.381,0.6445,0.1935,0.0744,0.0968,0.2949,0.3333,465,0,extracted,0.25,0.0631,0.1786,0.1623,0.0525,0.1043
16,2024,64,973,79,471,293,0.301,223,0,0.6794,0.3459,0.1359,0.1784,0.3205,0.381,0.6445,0.1935,0.0744,0.0968,0.2949,0.3333,465,0,extracted,0.25,0.0631,0.1786,0.1623,0.0525,0.1043
16,2024,65,973,79,520,313,0.322,249,0,0.6808,0.3069,0.1234,0.1483,0.3077,0.381,0.6445,0.1935,0.0744,0.0968,0.2949,0.3333,465,0,extracted,0.2298,0.0601,0.1702,0.1623,0.0525,0.1043
16,2024,66,973,79,520,313,0.322,249,0,0.6808,0.3069,0.1234,0.1483,0.3077,0.381,0.6445,0.1935,0.0744,0.0968,0.2949,0.3333,465,0,extracted,0.2298,0.0601,0.1702,0.1623,0.0525,0.1043
16,2024,67,973,79,520,313,0.322,249,0,0.6808,0.3069,0.1234,0.1483,0.3077,0.381,0.6445,0.1935,0.0744,0.0968,0.2949,0.3333,465,0,extracted,0.2298,0.0601,0.1702,0.1623,0.0525,0.1043
16,2024,68,973,79,520,313,0.322,249,0,0.6808,0.3069,0.1234,0.1483,0.3077,0.381,0.6445,0.1935,0.0744,0.0968,0.2949,0.3333,465,0,extracted,0.2298,0.0601,0.1702,0.1623,0.0525,0.1043
16,2024,69,973,79,520,313,0.322,249,0,0.6808,0.3069,0.1234,0.1483,0.3077,0.381,0.6445,0.1935,0.0744,0.0968,0.2949,0.3333,465,0,extracted,0.2298,0.0601,0.1702,0.1623,0.0525,0.1043
16,2024,70,973,79,569,346,0.356,273,0,0.6693,0.2736,0.109,0.1557,0.2949,0.381,0.6445,0.1935,0.0744,0.0968,0.2949,0.3333,465,0,extracted,0.2109,0.0472,0.1562,0.1623,0.0525,0.1043
16,2024,71,973,79,569,346,0.356,273,0,0.6693,0.2736,0.109,0.1557,0.2949,0.381,0.6445,0.1935,0.0744,0.0968,0.2949,0.3333,465,0,extracted,0.2109,0.0472,0.1562,0.1623,0.0525,0.1043
16,2024,72,973,79,569,346,0.356,273,0,0.6693,0.2736,0.109,0.1557,0.2949,0.381,0.6445,0.1935,0.0744,0.0968,0.2949,0.3333,465,0,extracted,0.2109,0.0472,0.1562,0.1623,0.0525,0.1043
16,2024,73,973,79,569,346,0.356,273,0,0.6693,0.2736,0.109,0.1557,0.2949,0.381,0.6445,0.1935,0.0744,0.0968,0.2949,0.3333,465,0,extracted,0.2109,0.0472,0.1562,0.1623,0.0525,0.1043
16,2024,74,973,79,610,374,0.384,293,0,0.685,0.2743,0.1156,0.146,0.3333,0.381,0.6445,0.1935,0.0744,0.0968,0.2949,0.3333,465,0,extracted,0.2051,0.059,0.1538,0.1623,0.0525,0.1043
16,2024,75,973,79,610,374,0.384,293,0,0.685,0.2743,0.1156,0.146,0.3333,0.381,0.6445,0.1935,0.0744,0.0968,0.2949,0.3333,465,0,extracted,0.2051,0.059,0.1538,0.1623,0.0525,0.1043
16,2024,76,973,79,610,374,0.384,293,0,0.685,0.2743,0.1156,0.146,0.3333,0.381,0.6445,0.1935,0.0744,0.0968,0.2949,0.3333,465,0,extracted,0.2051,0.059,0.1538,0.1623,0.0525,0.1043
16,2024,77,973,79,610,374,0.384,293,0,0.685,0.2743,0.1156,0.146,0.3333,0.381,0.6445,0.1935,0.0744,0.0968,0.2949,0.3333,465,0,extracted,0.2051,0.059,0.1538,0.1623,0.0525,0.1043
16,2024,78,973,79,610,374,0.384,293,0,0.685,0.2743,0.1156,0.146,0.3333,0.381,0.6445,0.1935,0.0744,0.0968,0.2949,0.3333,465,0,extracted,0.2051,0.059,0.1538,0.1623,0.0525,0.1043
16,2024,79,973,79,655,393,0.404,317,0,0.6704,0.2414,0.0866,0.1466,0.2564,0.3333,0.6445,0.1935,0.0744,0.0968,0.2949,0.3333,465,0,extracted,0.2061,0.0462,0.1527,0.1623,0.0525,0.1043
16,2024,80,973,79,655,393,0.404,317,0,0.6704,0.2414,0.0866,0.1466,0.2564,0.3333,0.6445,0.1935,0.0744,0.0968,0.2949,0.3333,465,0,extracted,0.2061,0.0462,0.1527,0.1623,0.0525,0.1043
16,2024,81,973,79,655,393,0.404,317,0,0.6704,0.2414,0.0866,0.1466,0.2564,0.3333,0.6445,0.1935,0.0744,0.0968,0.2949,0.3333,465,0,extracted,0.2061,0.0462,0.1527,0.1623,0.0525,0.1043
16,2024,82,973,79,655,393,0.404,317,0,0.6704,0.2414,0.0866,0.1466,0.2564,0.3333,0.6445,0.1935,0.0744,0.0968,0.2949,0.3333,465,0,extracted,0.2061,0.0462,0.1527,0.1623,0.0525,0.1043
16,2024,83,973,79,655,393,0.404,317,0,0.6704,0.2414,0.0866,0.1466,0.2564,0.3333,0.6445,0.1935,0.0744,0.0968,0.2949,0.3333,465,0,extracted,0.2061,0.0462,0.1527,0.1623,0.0525,0.1043
16,2024,84,973,79,699,423,0.435,336,0,0.654,0.2315,0.0802,0.1317,0.2564,0.3333,0.6445,0.1935,0.0744,0.0968,0.2949,0.3333,465,0,extracted,0.1873,0.0404,0.1338,0.1623,0.0525,0.1043
16,2024,85,973,79,699,423,0.435,336,0,0.654,0.2315,0.0802,0.1317,0.2564,0.3333,0.6445,0.1935,0.0744,0.0968,0.2949,0.3333,465,0,extracted,0.1873,0.0404,0.1338,0.1623,0.0525,0.1043
16,2024,86,973,79,699,423,0.435,336,0,0.654,0.2315,0.0802,0.1317,0.2564,0.3333,0.6445,0.1935,0.0744,0.0968,0.2949,0.3333,465,0,extracted,0.1873,0.0404,0.1338,0.1623,0.0525,0.1043
16,2024,87,973,79,699,423,0.435,336,0,0.654,0.2315,0.0802,0.1317,0.2564,0.3333,0.6445,0.1935,0.0744,0.0968,0.2949,0.3333,465,0,extracted,0.1873,0.0404,0.1338,0.1623,0.0525,0.1043
16,2024,88,973,79,699,423,0.435,336,0,0.654,0.2315,0.0802,0.1317,0.2564,0.3333,0.6445,0.1935,0.0744,0.0968,0.2949,0.3333,465,0,extracted,0.1873,0.0404,0.1338,0.1623,0.0525,0.1043
16,2024,89,973,79,758,467,0.48,363,0,0.6455,0.2107,0.0594,0.0961,0.2051,0.2857,0.6445,0.1935,0.0744,0.0968,0.2949,0.3333,465,0,extracted,0.1672,0.0249,0.1176,0.1623,0.0525,0.1043
16,2024,90,973,79,758,467,0.48,363,0,0.6455,0.2107,0.0594,0.0961,0.2051,0.2857,0.6445,0.1935,0.0744,0.0968,0.2949,0.3333,465,0,extracted,0.1672,0.0249,0.1176,0.1623,0.0525,0.1043
16,2024,91,973,79,758,467,0.48,363,0,0.6455,0.2107,0.0594,0.0961,0.2051,0.2857,0.6445,0.1935,0.0744,0.0968,0.2949,0.3333,465,0,extracted,0.1672,0.0249,0.1176,0.1623,0.0525,0.1043
16,2024,92,973,79,758,467,0.48,363,0,0.6455,0.2107,0.0594,0.0961,0.2051,0.2857,0.6445,0.1935,0.0744,0.0968,0.2949,0.3333,465,0,extracted,0.1672,0.0249,0.1176,0.1623,0.0525,0.1043
16,2024,93,973,79,863,513,0.527,414,0,0.6543,0.2127,0.0861,0.1475,0.3205,0.381,0.6445,0.1935,0.0744,0.0968,0.2949,0.3333,465,0,extracted,0.1749,0.0528,0.1516,0.1623,0.0525,0.1043
16,2024,94,973,79,863,513,0.527,414,0,0.6543,0.2127,0.0861,0.1475,0.3205,0.381,0.6445,0.1935,0.0744,0.0968,0.2949,0.3333,465,0,extracted,0.1749,0.0528,0.1516,0.1623,0.0525,0.1043
16,2024,95,973,79,863,513,0.527,414,0,0.6543,0.2127,0.0861,0.1475,0.3205,0.381,0.6445,0.1935,0.0744,0.0968,0.2949,0.3333,465,0,extracted,0.1749,0.0528,0.1516,0.1623,0.0525,0.1043
16,2024,96,973,79,863,513,0.527,414,0,0.6543,0.2127,0.0861,0.1475,0.3205,0.381,0.6445,0.1935,0.0744,0.0968,0.2949,0.3333,465,0,extracted,0.1749,0.0528,0.1516,0.1623,0.0525,0.1043
16,2024,97,973,79,863,513,0.527,414,0,0.6543,0.2127,0.0861,0.1475,0.3205,0.381,0.6445,0.1935,0.0744,0.0968,0.2949,0.3333,465,0,extracted,0.1749,0.0528,0.1516,0.1623,0.0525,0.1043
16,2024,98,973,79,962,540,0.555,456,0,0.657,0.1993,0.0754,0.1111,0.2949,0.4286,0.6445,0.1935,0.0744,0.0968,0.2949,0.3333,465,0,extracted,0.1834,0.0417,0.1243,0.1623,0.0525,0.1043
16,2024,99,973,79,962,540,0.555,456,0,0.657,0.1993,0.0754,0.1111,0.2949,0.4286,0.6445,0.1935,0.0744,0.0968,0.2949,0.3333,465,0,extracted,0.1834,0.0417,0.1243,0.1623,0.0525,0.1043
16,2024,100,973,79,962,540,0.555,456,0,0.657,0.1993,0.0754,0.1111,0.2949,0.4286,0.6445,0.1935,0.0744,0.0968,0.2949,0.3333,465,0,extracted,0.1834,0.0417,0.1243,0.1623,0.0525,0.1043
17,2024,1,1117,74,20,20,0.018,15,0,0.6516,0.1978,0.0449,0.1758,0.0286,0.0952,0.623,0.1491,0.0367,0.0844,0.1714,0.381,512,1,extracted,0.2105,0.0,0.2105,0.1236,0.023,0.0961
17,2024,2,1117,74,20,20,0.018,15,0,0.6516,0.1978,0.0449,0.1758,0.0286,0.0952,0.623,0.1491,0.0367,0.0844,0.1714,0.381,512,1,extracted,0.2105,0.0,0.2105,0.1236,0.023,0.0961
17,2024,3,1117,74,20,20,0.018,15,0,0.6516,0.1978,0.0449,0.1758,0.0286,0.0952,0.623,0.1491,0.0367,0.0844,0.1714,0.381,512,1,extracted,0.2105,0.0,0.2105,0.1236,0.023,0.0961
17,2024,4,1117,74,20,20,0.018,15,0,0.6516,0.1978,0.0449,0.1758,0.0286,0.0952,0.623,0.1491,0.0367,0.0844,0.1714,0.381,512,1,extracted,0.2105,0.0,0.2105,0.1236,0.023,0.0961
17,2024,5,1117,74,20,20,0.018,15,0,0.6516,0.1978,0.0449,0.1758,0.0286,0.0952,0.623,0.1491,0.0367,0.0844,0.1714,0.381,512,1,extracted,0.2105,0.0,0.2105,0.1236,0.023,0.0961
17,2024,6,1117,74,20,20,0.018,15,0,0.6516,0.1978,0.0449,0.1758,0.0286,0.0952,0.623,0.1491,0.0367,0.0844,0.1714,0.381,512,1,extracted,0.2105,0.0,0.2105,0.1236,0.023,0.0961
17,2024,7,1117,74,20,20,0.018,15,0,0.6516,0.1978,0.0449,0.1758,0.0286,0.0952,0.623,0.1491,0.0367,0.0844,0.1714,0.381,512,1,extracted,0.2105,0.0,0.2105,0.1236,0.023,0.0961
17,2024,8,1117,74,51,30,0.027,28,0,0.6427,0.2574,0.0404,0.1584,0.0286,0.0952,0.623,0.1491,0.0367,0.0844,0.1714,0.381,512,1,extracted,0.254,0.0,0.1905,0.1236,0.023,0.0961
17,2024,9,1117,74,51,30,0.027,28,0,0.6427,0.2574,0.0404,0.1584,0.0286,0.0952,0.623,0.1491,0.0367,0.0844,0.1714,0.381,512,1,extracted,0.254,0.0,0.1905,0.1236,0.023,0.0961
17,2024,10,1117,74,51,30,0.027,28,0,0.6427,0.2574,0.0404,0.1584,0.0286,0.0952,0.623,0.1491,0.0367,0.0844,0.1714,0.381,512,1,extracted,0.254,0.0,0.1905,0.1236,0.023,0.0961
17,2024,11,1117,74,51,30,0.027,28,0,0.6427,0.2574,0.0404,0.1584,0.0286,0.0952,0.623,0.1491,0.0367,0.0844,0.1714,0.381,512,1,extracted,0.254,0.0,0.1905,0.1236,0.023,0.0961
17,2024,12,1117,74,51,30,0.027,28,0,0.6427,0.2574,0.0404,0.1584,0.0286,0.0952,0.623,0.1491,0.0367,0.0844,0.1714,0.381,512,1,extracted,0.254,0.0,0.1905,0.1236,0.023,0.0961
17,2024,13,1117,74,51,30,0.027,28,0,0.6427,0.2574,0.0404,0.1584,0.0286,0.0952,0.623,0.1491,0.0367,0.0844,0.1714,0.381,512,1,extracted,0.254,0.0,0.1905,0.1236,0.023,0.0961
17,2024,14,1117,74,96,52,0.047,48,0,0.6577,0.3252,0.0331,0.1626,0.0286,0.0952,0.623,0.1491,0.0367,0.0844,0.1714,0.381,512,1,extracted,0.3377,0.0,0.2078,0.1236,0.023,0.0961
17,2024,15,1117,74,96,52,0.047,48,0,0.6577,0.3252,0.0331,0.1626,0.0286,0.0952,0.623,0.1491,0.0367,0.0844,0.1714,0.381,512,1,extracted,0.3377,0.0,0.2078,0.1236,0.023,0.0961
17,2024,16,1117,74,96,52,0.047,48,0,0.6577,0.3252,0.0331,0.1626,0.0286,0.0952,0.623,0.1491,0.0367,0.0844,0.1714,0.381,512,1,extracted,0.3377,0.0,0.2078,0.1236,0.023,0.0961
17,2024,17,1117,74,96,52,0.047,48,0,0.6577,0.3252,0.0331,0.1626,0.0286,0.0952,0.623,0.1491,0.0367,0.0844,0.1714,0.381,512,1,extracted,0.3377,0.0,0.2078,0.1236,0.023,0.0961
17,2024,18,1117,74,96,52,0.047,48,0,0.6577,0.3252,0.0331,0.1626,0.0286,0.0952,0.623,0.1491,0.0367,0.0844,0.1714,0.381,512,1,extracted,0.3377,0.0,0.2078,0.1236,0.023,0.0961
17,2024,19,1117,74,132,78,0.07,66,0,0.6318,0.3221,0.0272,0.1342,0.0286,0.0952,0.623,0.1491,0.0367,0.0844,0.1714,0.381,512,1,extracted,0.3182,0.0,0.1818,0.1236,0.023,0.0961
17,2024,20,1117,74,132,78,0.07,66,0,0.6318,0.3221,0.0272,0.1342,0.0286,0.0952,0.623,0.1491,0.0367,0.0844,0.1714,0.381,512,1,extracted,0.3182,0.0,0.1818,0.1236,0.023,0.0961
17,2024,21,1117,74,132,78,0.07,66,0,0.6318,0.3221,0.0272,0.1342,0.0286,0.0952,0.623,0.1491,0.0367,0.0844,0.1714,0.381,512,1,extracted,0.3182,0.0,0.1818,0.1236,0.023,0.0961
17,2024,22,1117,74,132,78,0.07,66,0,0.6318,0.3221,0.0272,0.1342,0.0286,0.0952,0.623,0.1491,0.0367,0.0844,0.1714,0.381,512,1,extracted,0.3182,0.0,0.1818,0.1236,0.023,0.0961
17,2024,23,1117,74,132,78,0.07,66,0,0.6318,0.3221,0.0272,0.1342,0.0286,0.0952,0.623,0.1491,0.0367,0.0844,0.1714,0.381,512,1,extracted,0.3182,0.0,0.1818,0.1236,0.023,0.0961
17,2024,24,1117,74,158,98,0.088,77,0,0.6339,0.3195,0.024,0.142,0.0286,0.0952,0.623,0.1491,0.0367,0.0844,0.1714,0.381,512,1,extracted,0.3232,0.0,0.1616,0.1236,0.023,0.0961
17,2024,25,1117,74,158,98,0.088,77,0,0.6339,0.3195,0.024,0.142,0.0286,0.0952,0.623,0.1491,0.0367,0.0844,0.1714,0.381,512,1,extracted,0.3232,0.0,0.1616,0.1236,0.023,0.0961
17,2024,26,1117,74,158,98,0.088,77,0,0.6339,0.3195,0.024,0.142,0.0286,0.0952,0.623,0.1491,0.0367,0.0844,0.1714,0.381,512,1,extracted,0.3232,0.0,0.1616,0.1236,0.023,0.0961
17,2024,27,1117,74,158,98,0.088,77,0,0.6339,0.3195,0.024,0.142,0.0286,0.0952,0.623,0.1491,0.0367,0.0844,0.1714,0.381,512,1,extracted,0.3232,0.0,0.1616,0.1236,0.023,0.0961
17,2024,28,1117,74,158,98,0.088,77,0,0.6339,0.3195,0.024,0.142,0.0286,0.0952,0.623,0.1491,0.0367,0.0844,0.1714,0.381,512,1,extracted,0.3232,0.0,0.1616,0.1236,0.023,0.0961
17,2024,29,1117,74,208,124,0.111,100,0,0.6404,0.254,0.0214,0.1164,0.0286,0.0952,0.623,0.1491,0.0367,0.0844,0.1714,0.381,512,1,extracted,0.2718,0.0,0.1553,0.1236,0.023,0.0961
17,2024,30,1117,74,208,124,0.111,100,0,0.6404,0.254,0.0214,0.1164,0.0286,0.0952,0.623,0.1491,0.0367,0.0844,0.1714,0.381,512,1,extracted,0.2718,0.0,0.1553,0.1236,0.023,0.0961
17,2024,31,1117,74,208,124,0.111,100,0,0.6404,0.254,0.0214,0.1164,0.0286,0.0952,0.623,0.1491,0.0367,0.0844,0.1714,0.381,512,1,extracted,0.2718,0.0,0.1553,0.1236,0.023,0.0961
17,2024,32,1117,74,208,124,0.111,100,0,0.6404,0.254,0.0214,0.1164,0.0286,0.0952,0.623,0.1491,0.0367,0.0844,0.1714,0.381,512,1,extracted,0.2718,0.0,0.1553,0.1236,0.023,0.0961
17,2024,33,1117,74,208,124,0.111,100,0,0.6404,0.254,0.0214,0.1164,0.0286,0.0952,0.623,0.1491,0.0367,0.0844,0.1714,0.381,512,1,extracted,0.2718,0.0,0.1553,0.1236,0.023,0.0961
17,2024,34,1117,74,208,124,0.111,100,0,0.6404,0.254,0.0214,0.1164,0.0286,0.0952,0.623,0.1491,0.0367,0.0844,0.1714,0.381,512,1,extracted,0.2718,0.0,0.1553,0.1236,0.023,0.0961
17,2024,35,1117,74,255,153,0.137,124,0,0.6324,0.2477,0.0185,0.1101,0.0286,0.0952,0.623,0.1491,0.0367,0.0844,0.1714,0.381,512,1,extracted,0.2667,0.0,0.1333,0.1236,0.023,0.0961
17,2024,36,1117,74,255,153,0.137,124,0,0.6324,0.2477,0.0185,0.1101,0.0286,0.0952,0.623,0.1491,0.0367,0.0844,0.1714,0.381,512,1,extracted,0.2667,0.0,0.1333,0.1236,0.023,0.0961
17,2024,37,1117,74,255,153,0.137,124,0,0.6324,0.2477,0.0185,0.1101,0.0286,0.0952,0.623,0.1491,0.0367,0.0844,0.1714,0.381,512,1,extracted,0.2667,0.0,0.1333,0.1236,0.023,0.0961
17,2024,38,1117,74,255,153,0.137,124,0,0.6324,0.2477,0.0185,0.1101,0.0286,0.0952,0.623,0.1491,0.0367,0.0844,0.1714,0.381,512,1,extracted,0.2667,0.0,0.1333,0.1236,0.023,0.0961
17,2024,39,1117,74,255,153,0.137,124,0,0.6324,0.2477,0.0185,0.1101,0.0286,0.0952,0.623,0.1491,0.0367,0.0844,0.1714,0.381,512,1,extracted,0.2667,0.0,0.1333,0.1236,0.023,0.0961
17,2024,40,1117,74,296,165,0.148,143,0,0.6425,0.3051,0.0598,0.1186,0.1,0.3333,0.623,0.1491,0.0367,0.0844,0.1714,0.381,512,1,extracted,0.2917,0.0,0.1389,0.1236,0.023,0.0961
17,2024,41,1117,74,296,165,0.148,143,0,0.6425,0.3051,0.0598,0.1186,0.1,0.3333,0.623,0.1491,0.0367,0.0844,0.1714,0.381,512,1,extracted,0.2917,0.0,0.1389,0.1236,0.023,0.0961
17,2024,42,1117,74,296,165,0.148,143,0,0.6425,0.3051,0.0598,0.1186,0.1,0.3333,0.623,0.1491,0.0367,0.0844,0.1714,0.381,512,1,extracted,0.2917,0.0,0.1389,0.1236,0.023,0.0961
17,2024,43,1117,74,296,165,0.148,143,0,0.6425,0.3051,0.0598,0.1186,0.1,0.3333,0.623,0.1491,0.0367,0.0844,0.1714,0.381,512,1,extracted,0.2917,0.0,0.1389,0.1236,0.023,0.0961
17,2024,44,1117,74,296,165,0.148,143,0,0.6425,0.3051,0.0598,0.1186,0.1,0.3333,0.623,0.1491,0.0367,0.0844,0.1714,0.381,512,1,extracted,0.2917,0.0,0.1389,0.1236,0.023,0.0961
17,2024,45,1117,74,377,220,0.197,186,0,0.6588,0.2676,0.0638,0.1127,0.1286,0.381,0.623,0.1491,0.0367,0.0844,0.1714,0.381,512,1,extracted,0.2857,0.0,0.1491,0.1236,0.023,0.0961
17,2024,46,1117,74,377,220,0.197,186,0,0.6588,0.2676,0.0638,0.1127,0.1286,0.381,0.623,0.1491,0.0367,0.0844,0.1714,0.381,512,1,extracted,0.2857,0.0,0.1491,0.1236,0.023,0.0961
17,2024,47,1117,74,377,220,0.197,186,0,0.6588,0.2676,0.0638,0.1127,0.1286,0.381,0.623,0.1491,0.0367,0.0844,0.1714,0.381,512,1,extracted,0.2857,0.0,0.1491,0.1236,0.023,0.0961
17,2024,48,1117,74,377,220,0.197,186,0,0.6588,0.2676,0.0638,0.1127,0.1286,0.381,0.623,0.1491,0.0367,0.0844,0.1714,0.381,512,1,extracted,0.2857,0.0,0.1491,0.1236,0.023,0.0961
17,2024,49,1117,74,377,220,0.197,186,0,0.6588,0.2676,0.0638,0.1127,0.1286,0.381,0.623,0.1491,0.0367,0.0844,0.1714,0.381,512,1,extracted,0.2857,0.0,0.1491,0.1236,0.023,0.0961
17,2024,50,1117,74,431,258,0.231,212,0,0.6634,0.2786,0.0748,0.1362,0.1714,0.4286,0.623,0.1491,0.0367,0.0844,0.1714,0.381,512,1,extracted,0.2581,0.0217,0.1398,0.1236,0.023,0.0961
17,2024,51,1117,74,431,258,0.231,212,0,0.6634,0.2786,0.0748,0.1362,0.1714,0.4286,0.623,0.1491,0.0367,0.0844,0.1714,0.381,512,1,extracted,0.2581,0.0217,0.1398,0.1236,0.023,0.0961
17,2024,52,1117,74,431,258,0.231,212,0,0.6634,0.2786,0.0748,0.1362,0.1714,0.4286,0.623,0.1491,0.0367,0.0844,0.1714,0.381,512,1,extracted,0.2581,0.0217,0.1398,0.1236,0.023,0.0961
17,2024,53,1117,74,431,258,0.231,212,0,0.6634,0.2786,0.0748,0.1362,0.1714,0.4286,0.623,0.1491,0.0367,0.0844,0.1714,0.381,512,1,extracted,0.2581,0.0217,0.1398,0.1236,0.023,0.0961
17,2024,54,1117,74,431,258,0.231,212,0,0.6634,0.2786,0.0748,0.1362,0.1714,0.4286,0.623,0.1491,0.0367,0.0844,0.1714,0.381,512,1,extracted,0.2581,0.0217,0.1398,0.1236,0.023,0.0961
17,2024,55,1117,74,431,258,0.231,212,0,0.6634,0.2786,0.0748,0.1362,0.1714,0.4286,0.623,0.1491,0.0367,0.0844,0.1714,0.381,512,1,extracted,0.2581,0.0217,0.1398,0.1236,0.023,0.0961
17,2024,56,1117,74,481,276,0.247,232,0,0.6555,0.2581,0.0708,0.1173,0.1714,0.4286,0.623,0.1491,0.0367,0.0844,0.1714,0.381,512,1,extracted,0.2595,0.0219,0.1297,0.1236,0.023,0.0961
17,2024,57,1117,74,481,276,0.247,232,0,0.6555,0.2581,0.0708,0.1173,0.1714,0.4286,0.623,0.1491,0.0367,0.0844,0.1714,0.381,512,1,extracted,0.2595,0.0219,0.1297,0.1236,0.023,0.0961
17,2024,58,1117,74,481,276,0.247,232,0,0.6555,0.2581,0.0708,0.1173,0.1714,0.4286,0.623,0.1491,0.0367,0.0844,0.1714,0.381,512,1,extracted,0.2595,0.0219,0.1297,0.1236,0.023,0.0961
17,2024,59,1117,74,481,276,0.247,232,0,0.6555,0.2581,0.0708,0.1173,0.1714,0.4286,0.623,0.1491,0.0367,0.0844,0.1714,0.381,512,1,extracted,0.2595,0.0219,0.1297,0.1236,0.023,0.0961
17,2024,60,1117,74,481,276,0.247,232,0,0.6555,0.2581,0.0708,0.1173,0.1714,0.4286,0.623,0.1491,0.0367,0.0844,0.1714,0.381,512,1,extracted,0.2595,0.0219,0.1297,0.1236,0.023,0.0961
17,2024,61,1117,74,553,333,0.298,263,0,0.6703,0.2519,0.0962,0.1259,0.2714,0.5714,0.623,0.1491,0.0367,0.0844,0.1714,0.381,512,1,extracted,0.2578,0.0448,0.1333,0.1236,0.023,0.0961
17,2024,62,1117,74,553,333,0.298,263,0,0.6703,0.2519,0.0962,0.1259,0.2714,0.5714,0.623,0.1491,0.0367,0.0844,0.1714,0.381,512,1,extracted,0.2578,0.0448,0.1333,0.1236,0.023,0.0961
17,2024,63,1117,74,553,333,0.298,263,0,0.6703,0.2519,0.0962,0.1259,0.2714,0.5714,0.623,0.1491,0.0367,0.0844,0.1714,0.381,512,1,extracted,0.2578,0.0448,0.1333,0.1236,0.023,0.0961
17,2024,64,1117,74,553,333,0.298,263,0,0.6703,0.2519,0.0962,0.1259,0.2714,0.5714,0.623,0.1491,0.0367,0.0844,0.1714,0.381,512,1,extracted,0.2578,0.0448,0.1333,0.1236,0.023,0.0961
17,2024,65,1117,74,553,333,0.298,263,0,0.6703,0.2519,0.0962,0.1259,0.2714,0.5714,0.623,0.1491,0.0367,0.0844,0.1714,0.381,512,1,extracted,0.2578,0.0448,0.1333,0.1236,0.023,0.0961
17,2024,66,1117,74,604,357,0.32,281,0,0.6454,0.2133,0.0476,0.1185,0.1429,0.381,0.623,0.1491,0.0367,0.0844,0.1714,0.381,512,1,extracted,0.1992,0.0084,0.1328,0.1236,0.023,0.0961
17,2024,67,1117,74,604,357,0.32,281,0,0.6454,0.2133,0.0476,0.1185,0.1429,0.381,0.623,0.1491,0.0367,0.0844,0.1714,0.381,512,1,extracted,0.1992,0.0084,0.1328,0.1236,0.023,0.0961
17,2024,68,1117,74,604,357,0.32,281,0,0.6454,0.2133,0.0476,0.1185,0.1429,0.381,0.623,0.1491,0.0367,0.0844,0.1714,0.381,512,1,extracted,0.1992,0.0084,0.1328,0.1236,0.023,0.0961
17,2024,69,1117,74,604,357,0.32,281,0,0.6454,0.2133,0.0476,0.1185,0.1429,0.381,0.623,0.1491,0.0367,0.0844,0.1714,0.381,512,1,extracted,0.1992,0.0084,0.1328,0.1236,0.023,0.0961
17,2024,70,1117,74,604,357,0.32,281,0,0.6454,0.2133,0.0476,0.1185,0.1429,0.381,0.623,0.1491,0.0367,0.0844,0.1714,0.381,512,1,extracted,0.1992,0.0084,0.1328,0.1236,0.023,0.0961
17,2024,71,1117,74,604,357,0.32,281,0,0.6454,0.2133,0.0476,0.1185,0.1429,0.381,0.623,0.1491,0.0367,0.0844,0.1714,0.381,512,1,extracted,0.1992,0.0084,0.1328,0.1236,0.023,0.0961
17,2024,72,1117,74,654,380,0.34,306,0,0.6734,0.2353,0.1045,0.1086,0.3286,0.619,0.623,0.1491,0.0367,0.0844,0.1714,0.381,512,1,extracted,0.241,0.0729,0.1205,0.1236,0.023,0.0961
17,2024,73,1117,74,654,380,0.34,306,0,0.6734,0.2353,0.1045,0.1086,0.3286,0.619,0.623,0.1491,0.0367,0.0844,0.1714,0.381,512,1,extracted,0.241,0.0729,0.1205,0.1236,0.023,0.0961
17,2024,74,1117,74,654,380,0.34,306,0,0.6734,0.2353,0.1045,0.1086,0.3286,0.619,0.623,0.1491,0.0367,0.0844,0.1714,0.381,512,1,extracted,0.241,0.0729,0.1205,0.1236,0.023,0.0961
17,2024,75,1117,74,654,380,0.34,306,0,0.6734,0.2353,0.1045,0.1086,0.3286,0.619,0.623,0.1491,0.0367,0.0844,0.1714,0.381,512,1,extracted,0.241,0.0729,0.1205,0.1236,0.023,0.0961
17,2024,76,1117,74,654,380,0.34,306,0,0.6734,0.2353,0.1045,0.1086,0.3286,0.619,0.623,0.1491,0.0367,0.0844,0.1714,0.381,512,1,extracted,0.241,0.0729,0.1205,0.1236,0.023,0.0961
17,2024,77,1117,74,737,438,0.392,347,0,0.6662,0.212,0.0924,0.116,0.3286,0.619,0.623,0.1491,0.0367,0.0844,0.1714,0.381,512,1,extracted,0.2128,0.0643,0.1277,0.1236,0.023,0.0961
17,2024,78,1117,74,737,438,0.392,347,0,0.6662,0.212,0.0924,0.116,0.3286,0.619,0.623,0.1491,0.0367,0.0844,0.1714,0.381,512,1,extracted,0.2128,0.0643,0.1277,0.1236,0.023,0.0961
17,2024,79,1117,74,737,438,0.392,347,0,0.6662,0.212,0.0924,0.116,0.3286,0.619,0.623,0.1491,0.0367,0.0844,0.1714,0.381,512,1,extracted,0.2128,0.0643,0.1277,0.1236,0.023,0.0961
17,2024,80,1117,74,737,438,0.392,347,0,0.6662,0.212,0.0924,0.116,0.3286,0.619,0.623,0.1491,0.0367,0.0844,0.1714,0.381,512,1,extracted,0.2128,0.0643,0.1277,0.1236,0.023,0.0961
17,2024,81,1117,74,737,438,0.392,347,0,0.6662,0.212,0.0924,0.116,0.3286,0.619,0.623,0.1491,0.0367,0.0844,0.1714,0.381,512,1,extracted,0.2128,0.0643,0.1277,0.1236,0.023,0.0961
17,2024,82,1117,74,815,483,0.432,382,0,0.6546,0.2061,0.0944,0.123,0.3571,0.619,0.623,0.1491,0.0367,0.0844,0.1714,0.381,512,1,extracted,0.1867,0.0727,0.1265,0.1236,0.023,0.0961
17,2024,83,1117,74,815,483,0.432,382,0,0.6546,0.2061,0.0944,0.123,0.3571,0.619,0.623,0.1491,0.0367,0.0844,0.1714,0.381,512,1,extracted,0.1867,0.0727,0.1265,0.1236,0.023,0.0961
17,2024,84,1117,74,815,483,0.432,382,0,0.6546,0.2061,0.0944,0.123,0.3571,0.619,0.623,0.1491,0.0367,0.0844,0.1714,0.381,512,1,extracted,0.1867,0.0727,0.1265,0.1236,0.023,0.0961
17,2024,85,1117,74,815,483,0.432,382,0,0.6546,0.2061,0.0944,0.123,0.3571,0.619,0.623,0.1491,0.0367,0.0844,0.1714,0.381,512,1,extracted,0.1867,0.0727,0.1265,0.1236,0.023,0.0961
17,2024,86,1117,74,815,483,0.432,382,0,0.6546,0.2061,0.0944,0.123,0.3571,0.619,0.623,0.1491,0.0367,0.0844,0.1714,0.381,512,1,extracted,0.1867,0.0727,0.1265,0.1236,0.023,0.0961
17,2024,87,1117,74,900,515,0.461,422,0,0.6642,0.2076,0.0972,0.1107,0.3857,0.6667,0.623,0.1491,0.0367,0.0844,0.1714,0.381,512,1,extracted,0.1894,0.0672,0.1226,0.1236,0.023,0.0961
17,2024,88,1117,74,900,515,0.461,422,0,0.6642,0.2076,0.0972,0.1107,0.3857,0.6667,0.623,0.1491,0.0367,0.0844,0.1714,0.381,512,1,extracted,0.1894,0.0672,0.1226,0.1236,0.023,0.0961
17,2024,89,1117,74,900,515,0.461,422,0,0.6642,0.2076,0.0972,0.1107,0.3857,0.6667,0.623,0.1491,0.0367,0.0844,0.1714,0.381,512,1,extracted,0.1894,0.0672,0.1226,0.1236,0.023,0.0961
17,2024,90,1117,74,900,515,0.461,422,0,0.6642,0.2076,0.0972,0.1107,0.3857,0.6667,0.623,0.1491,0.0367,0.0844,0.1714,0.381,512,1,extracted,0.1894,0.0672,0.1226,0.1236,0.023,0.0961
17,2024,91,1117,74,900,515,0.461,422,0,0.6642,0.2076,0.0972,0.1107,0.3857,0.6667,0.623,0.1491,0.0367,0.0844,0.1714,0.381,512,1,extracted,0.1894,0.0672,0.1226,0.1236,0.023,0.0961
17,2024,92,1117,74,900,515,0.461,422,0,0.6642,0.2076,0.0972,0.1107,0.3857,0.6667,0.623,0.1491,0.0367,0.0844,0.1714,0.381,512,1,extracted,0.1894,0.0672,0.1226,0.1236,0.023,0.0961
17,2024,93,1117,74,978,564,0.505,455,0,0.6544,0.183,0.0759,0.1009,0.3286,0.5714,0.623,0.1491,0.0367,0.0844,0.1714,0.381,512,1,extracted,0.1572,0.0543,0.1081,0.1236,0.023,0.0961
17,2024,94,1117,74,978,564,0.505,455,0,0.6544,0.183,0.0759,0.1009,0.3286,0.5714,0.623,0.1491,0.0367,0.0844,0.1714,0.381,512,1,extracted,0.1572,0.0543,0.1081,0.1236,0.023,0.0961
17,2024,95,1117,74,978,564,0.505,455,0,0.6544,0.183,0.0759,0.1009,0.3286,0.5714,0.623,0.1491,0.0367,0.0844,0.1714,0.381,512,1,extracted,0.1572,0.0543,0.1081,0.1236,0.023,0.0961
17,2024,96,1117,74,978,564,0.505,455,0,0.6544,0.183,0.0759,0.1009,0.3286,0.5714,0.623,0.1491,0.0367,0.0844,0.1714,0.381,512,1,extracted,0.1572,0.0543,0.1081,0.1236,0.023,0.0961
17,2024,97,1117,74,978,564,0.505,455,0,0.6544,0.183,0.0759,0.1009,0.3286,0.5714,0.623,0.1491,0.0367,0.0844,0.1714,0.381,512,1,extracted,0.1572,0.0543,0.1081,0.1236,0.023,0.0961
17,2024,98,1117,74,1106,600,0.537,512,1,0.6426,0.1821,0.0659,0.0776,0.3,0.619,0.623,0.1491,0.0367,0.0844,0.1714,0.381,512,1,extracted,0.176,0.0536,0.1067,0.1236,0.023,0.0961
17,2024,99,1117,74,1106,600,0.537,512,1,0.6426,0.1821,0.0659,0.0776,0.3,0.619,0.623,0.1491,0.0367,0.0844,0.1714,0.381,512,1,extracted,0.176,0.0536,0.1067,0.1236,0.023,0.0961
17,2024,100,1117,74,1106,600,0.537,512,1,0.6426,0.1821,0.0659,0.0776,0.3,0.619,0.623,0.1491,0.0367,0.0844,0.1714,0.381,512,1,extracted,0.176,0.0536,0.1067,0.1236,0.023,0.0961
18,2024,1,946,89,22,26,0.027,11,0,0.6313,0.1565,0.0177,0.1391,0.0125,0.0,0.6975,0.2451,0.1229,0.1286,0.4625,0.6,472,0,extracted,0.1471,0.0303,0.1471,0.194,0.0835,0.1201
18,2024,2,946,89,22,26,0.027,11,0,0.6313,0.1565,0.0177,0.1391,0.0125,0.0,0.6975,0.2451,0.1229,0.1286,0.4625,0.6,472,0,extracted,0.1471,0.0303,0.1471,0.194,0.0835,0.1201
18,2024,3,946,89,22,26,0.027,11,0,0.6313,0.1565,0.0177,0.1391,0.0125,0.0,0.6975,0.2451,0.1229,0.1286,0.4625,0.6,472,0,extracted,0.1471,0.0303,0.1471,0.194,0.0835,0.1201
18,2024,4,946,89,22,26,0.027,11,0,0.6313,0.1565,0.0177,0.1391,0.0125,0.0,0.6975,0.2451,0.1229,0.1286,0.4625,0.6,472,0,extracted,0.1471,0.0303,0.1471,0.194,0.0835,0.1201
18,2024,5,946,89,22,26,0.027,11,0,0.6313,0.1565,0.0177,0.1391,0.0125,0.0,0.6975,0.2451,0.1229,0.1286,0.4625,0.6,472,0,extracted,0.1471,0.0303,0.1471,0.194,0.0835,0.1201
18,2024,6,946,89,22,26,0.027,11,0,0.6313,0.1565,0.0177,0.1391,0.0125,0.0,0.6975,0.2451,0.1229,0.1286,0.4625,0.6,472,0,extracted,0.1471,0.0303,0.1471,0.194,0.0835,0.1201
18,2024,7,946,89,22,26,0.027,11,0,0.6313,0.1565,0.0177,0.1391,0.0125,0.0,0.6975,0.2451,0.1229,0.1286,0.4625,0.6,472,0,extracted,0.1471,0.0303,0.1471,0.194,0.0835,0.1201
18,2024,8,946,89,22,26,0.027,11,0,0.6313,0.1565,0.0177,0.1391,0.0125,0.0,0.6975,0.2451,0.1229,0.1286,0.4625,0.6,472,0,extracted,0.1471,0.0303,0.1471,0.194,0.0835,0.1201
18,2024,9,946,89,22,26,0.027,11,0,0.6313,0.1565,0.0177,0.1391,0.0125,0.0,0.6975,0.2451,0.1229,0.1286,0.4625,0.6,472,0,extracted,0.1471,0.0303,0.1471,0.194,0.0835,0.1201
18,2024,10,946,89,22,26,0.027,11,0,0.6313,0.1565,0.0177,0.1391,0.0125,0.0,0.6975,0.2451,0.1229,0.1286,0.4625,0.6,472,0,extracted,0.1471,0.0303,0.1471,0.194,0.0835,0.1201
18,2024,11,946,89,79,39,0.041,43,0,0.6615,0.2188,0.0635,0.125,0.05,0.04,0.6975,0.2451,0.1229,0.1286,0.4625,0.6,472,0,extracted,0.2192,0.0,0.137,0.194,0.0835,0.1201
18,2024,12,946,89,79,39,0.041,43,0,0.6615,0.2188,0.0635,0.125,0.05,0.04,0.6975,0.2451,0.1229,0.1286,0.4625,0.6,472,0,extracted,0.2192,0.0,0.137,0.194,0.0835,0.1201
18,2024,13,946,89,79,39,0.041,43,0,0.6615,0.2188,0.0635,0.125,0.05,0.04,0.6975,0.2451,0.1229,0.1286,0.4625,0.6,472,0,extracted,0.2192,0.0,0.137,0.194,0.0835,0.1201
18,2024,14,946,89,79,39,0.041,43,0,0.6615,0.2188,0.0635,0.125,0.05,0.04,0.6975,0.2451,0.1229,0.1286,0.4625,0.6,472,0,extracted,0.2192,0.0,0.137,0.194,0.0835,0.1201
18,2024,15,946,89,79,39,0.041,43,0,0.6615,0.2188,0.0635,0.125,0.05,0.04,0.6975,0.2451,0.1229,0.1286,0.4625,0.6,472,0,extracted,0.2192,0.0,0.137,0.194,0.0835,0.1201
18,2024,16,946,89,79,39,0.041,43,0,0.6615,0.2188,0.0635,0.125,0.05,0.04,0.6975,0.2451,0.1229,0.1286,0.4625,0.6,472,0,extracted,0.2192,0.0,0.137,0.194,0.0835,0.1201
18,2024,17,946,89,79,39,0.041,43,0,0.6615,0.2188,0.0635,0.125,0.05,0.04,0.6975,0.2451,0.1229,0.1286,0.4625,0.6,472,0,extracted,0.2192,0.0,0.137,0.194,0.0835,0.1201
18,2024,18,946,89,120,71,0.075,65,0,0.6902,0.35,0.0886,0.1625,0.0875,0.08,0.6975,0.2451,0.1229,0.1286,0.4625,0.6,472,0,extracted,0.3368,0.043,0.2316,0.194,0.0835,0.1201
18,2024,19,946,89,120,71,0.075,65,0,0.6902,0.35,0.0886,0.1625,0.0875,0.08,0.6975,0.2451,0.1229,0.1286,0.4625,0.6,472,0,extracted,0.3368,0.043,0.2316,0.194,0.0835,0.1201
18,2024,20,946,89,120,71,0.075,65,0,0.6902,0.35,0.0886,0.1625,0.0875,0.08,0.6975,0.2451,0.1229,0.1286,0.4625,0.6,472,0,extracted,0.3368,0.043,0.2316,0.194,0.0835,0.1201
18,2024,21,946,89,120,71,0.075,65,0,0.6902,0.35,0.0886,0.1625,0.0875,0.08,0.6975,0.2451,0.1229,0.1286,0.4625,0.6,472,0,extracted,0.3368,0.043,0.2316,0.194,0.0835,0.1201
18,2024,22,946,89,120,71,0.075,65,0,0.6902,0.35,0.0886,0.1625,0.0875,0.08,0.6975,0.2451,0.1229,0.1286,0.4625,0.6,472,0,extracted,0.3368,0.043,0.2316,0.194,0.0835,0.1201
18,2024,23,946,89,120,71,0.075,65,0,0.6902,0.35,0.0886,0.1625,0.0875,0.08,0.6975,0.2451,0.1229,0.1286,0.4625,0.6,472,0,extracted,0.3368,0.043,0.2316,0.194,0.0835,0.1201
18,2024,24,946,89,120,71,0.075,65,0,0.6902,0.35,0.0886,0.1625,0.0875,0.08,0.6975,0.2451,0.1229,0.1286,0.4625,0.6,472,0,extracted,0.3368,0.043,0.2316,0.194,0.0835,0.1201
18,2024,25,946,89,194,111,0.117,102,0,0.6909,0.3163,0.0825,0.1633,0.1,0.08,0.6975,0.2451,0.1229,0.1286,0.4625,0.6,472,0,extracted,0.3585,0.0577,0.2453,0.194,0.0835,0.1201
18,2024,26,946,89,194,111,0.117,102,0,0.6909,0.3163,0.0825,0.1633,0.1,0.08,0.6975,0.2451,0.1229,0.1286,0.4625,0.6,472,0,extracted,0.3585,0.0577,0.2453,0.194,0.0835,0.1201
18,2024,27,946,89,194,111,0.117,102,0,0.6909,0.3163,0.0825,0.1633,0.1,0.08,0.6975,0.2451,0.1229,0.1286,0.4625,0.6,472,0,extracted,0.3585,0.0577,0.2453,0.194,0.0835,0.1201
18,2024,28,946,89,194,111,0.117,102,0,0.6909,0.3163,0.0825,0.1633,0.1,0.08,0.6975,0.2451,0.1229,0.1286,0.4625,0.6,472,0,extracted,0.3585,0.0577,0.2453,0.194,0.0835,0.1201
18,2024,29,946,89,194,111,0.117,102,0,0.6909,0.3163,0.0825,0.1633,0.1,0.08,0.6975,0.2451,0.1229,0.1286,0.4625,0.6,472,0,extracted,0.3585,0.0577,0.2453,0.194,0.0835,0.1201
18,2024,30,946,89,194,111,0.117,102,0,0.6909,0.3163,0.0825,0.1633,0.1,0.08,0.6975,0.2451,0.1229,0.1286,0.4625,0.6,472,0,extracted,0.3585,0.0577,0.2453,0.194,0.0835,0.1201
18,2024,31,946,89,194,111,0.117,102,0,0.6909,0.3163,0.0825,0.1633,0.1,0.08,0.6975,0.2451,0.1229,0.1286,0.4625,0.6,472,0,extracted,0.3585,0.0577,0.2453,0.194,0.0835,0.1201
18,2024,32,946,89,194,111,0.117,102,0,0.6909,0.3163,0.0825,0.1633,0.1,0.08,0.6975,0.2451,0.1229,0.1286,0.4625,0.6,472,0,extracted,0.3585,0.0577,0.2453,0.194,0.0835,0.1201
18,2024,33,946,89,237,139,0.147,125,0,0.7006,0.3304,0.1171,0.1696,0.15,0.2,0.6975,0.2451,0.1229,0.1286,0.4625,0.6,472,0,extracted,0.3622,0.112,0.2677,0.194,0.0835,0.1201
18,2024,34,946,89,237,139,0.147,125,0,0.7006,0.3304,0.1171,0.1696,0.15,0.2,0.6975,0.2451,0.1229,0.1286,0.4625,0.6,472,0,extracted,0.3622,0.112,0.2677,0.194,0.0835,0.1201
18,2024,35,946,89,237,139,0.147,125,0,0.7006,0.3304,0.1171,0.1696,0.15,0.2,0.6975,0.2451,0.1229,0.1286,0.4625,0.6,472,0,extracted,0.3622,0.112,0.2677,0.194,0.0835,0.1201
18,2024,36,946,89,237,139,0.147,125,0,0.7006,0.3304,0.1171,0.1696,0.15,0.2,0.6975,0.2451,0.1229,0.1286,0.4625,0.6,472,0,extracted,0.3622,0.112,0.2677,0.194,0.0835,0.1201
18,2024,37,946,89,237,139,0.147,125,0,0.7006,0.3304,0.1171,0.1696,0.15,0.2,0.6975,0.2451,0.1229,0.1286,0.4625,0.6,472,0,extracted,0.3622,0.112,0.2677,0.194,0.0835,0.1201
18,2024,38,946,89,237,139,0.147,125,0,0.7006,0.3304,0.1171,0.1696,0.15,0.2,0.6975,0.2451,0.1229,0.1286,0.4625,0.6,472,0,extracted,0.3622,0.112,0.2677,0.194,0.0835,0.1201
18,2024,39,946,89,237,139,0.147,125,0,0.7006,0.3304,0.1171,0.1696,0.15,0.2,0.6975,0.2451,0.1229,0.1286,0.4625,0.6,472,0,extracted,0.3622,0.112,0.2677,0.194,0.0835,0.1201
18,2024,40,946,89,277,172,0.182,143,0,0.713,0.3923,0.1473,0.1923,0.225,0.24,0.6975,0.2451,0.1229,0.1286,0.4625,0.6,472,0,extracted,0.359,0.1039,0.2436,0.194,0.0835,0.1201
18,2024,41,946,89,277,172,0.182,143,0,0.713,0.3923,0.1473,0.1923,0.225,0.24,0.6975,0.2451,0.1229,0.1286,0.4625,0.6,472,0,extracted,0.359,0.1039,0.2436,0.194,0.0835,0.1201
18,2024,42,946,89,277,172,0.182,143,0,0.713,0.3923,0.1473,0.1923,0.225,0.24,0.6975,0.2451,0.1229,0.1286,0.4625,0.6,472,0,extracted,0.359,0.1039,0.2436,0.194,0.0835,0.1201
18,2024,43,946,89,277,172,0.182,143,0,0.713,0.3923,0.1473,0.1923,0.225,0.24,0.6975,0.2451,0.1229,0.1286,0.4625,0.6,472,0,extracted,0.359,0.1039,0.2436,0.194,0.0835,0.1201
18,2024,44,946,89,277,172,0.182,143,0,0.713,0.3923,0.1473,0.1923,0.225,0.24,0.6975,0.2451,0.1229,0.1286,0.4625,0.6,472,0,extracted,0.359,0.1039,0.2436,0.194,0.0835,0.1201
18,2024,45,946,89,277,172,0.182,143,0,0.713,0.3923,0.1473,0.1923,0.225,0.24,0.6975,0.2451,0.1229,0.1286,0.4625,0.6,472,0,extracted,0.359,0.1039,0.2436,0.194,0.0835,0.1201
18,2024,46,946,89,277,172,0.182,143,0,0.713,0.3923,0.1473,0.1923,0.225,0.24,0.6975,0.2451,0.1229,0.1286,0.4625,0.6,472,0,extracted,0.359,0.1039,0.2436,0.194,0.0835,0.1201
18,2024,47,946,89,363,224,0.237,186,0,0.7159,0.4385,0.2074,0.206,0.3375,0.4,0.6975,0.2451,0.1229,0.1286,0.4625,0.6,472,0,extracted,0.4605,0.1733,0.2237,0.194,0.0835,0.1201
18,2024,48,946,89,363,224,0.237,186,0,0.7159,0.4385,0.2074,0.206,0.3375,0.4,0.6975,0.2451,0.1229,0.1286,0.4625,0.6,472,0,extracted,0.4605,0.1733,0.2237,0.194,0.0835,0.1201
18,2024,49,946,89,363,224,0.237,186,0,0.7159,0.4385,0.2074,0.206,0.3375,0.4,0.6975,0.2451,0.1229,0.1286,0.4625,0.6,472,0,extracted,0.4605,0.1733,0.2237,0.194,0.0835,0.1201
18,2024,50,946,89,363,224,0.237,186,0,0.7159,0.4385,0.2074,0.206,0.3375,0.4,0.6975,0.2451,0.1229,0.1286,0.4625,0.6,472,0,extracted,0.4605,0.1733,0.2237,0.194,0.0835,0.1201
18,2024,51,946,89,363,224,0.237,186,0,0.7159,0.4385,0.2074,0.206,0.3375,0.4,0.6975,0.2451,0.1229,0.1286,0.4625,0.6,472,0,extracted,0.4605,0.1733,0.2237,0.194,0.0835,0.1201
18,2024,52,946,89,363,224,0.237,186,0,0.7159,0.4385,0.2074,0.206,0.3375,0.4,0.6975,0.2451,0.1229,0.1286,0.4625,0.6,472,0,extracted,0.4605,0.1733,0.2237,0.194,0.0835,0.1201
18,2024,53,946,89,363,224,0.237,186,0,0.7159,0.4385,0.2074,0.206,0.3375,0.4,0.6975,0.2451,0.1229,0.1286,0.4625,0.6,472,0,extracted,0.4605,0.1733,0.2237,0.194,0.0835,0.1201
18,2024,54,946,89,479,275,0.291,243,0,0.7082,0.3818,0.1777,0.1709,0.35,0.44,0.6975,0.2451,0.1229,0.1286,0.4625,0.6,472,0,extracted,0.3913,0.1319,0.1957,0.194,0.0835,0.1201
18,2024,55,946,89,479,275,0.291,243,0,0.7082,0.3818,0.1777,0.1709,0.35,0.44,0.6975,0.2451,0.1229,0.1286,0.4625,0.6,472,0,extracted,0.3913,0.1319,0.1957,0.194,0.0835,0.1201
18,2024,56,946,89,479,275,0.291,243,0,0.7082,0.3818,0.1777,0.1709,0.35,0.44,0.6975,0.2451,0.1229,0.1286,0.4625,0.6,472,0,extracted,0.3913,0.1319,0.1957,0.194,0.0835,0.1201
18,2024,57,946,89,479,275,0.291,243,0,0.7082,0.3818,0.1777,0.1709,0.35,0.44,0.6975,0.2451,0.1229,0.1286,0.4625,0.6,472,0,extracted,0.3913,0.1319,0.1957,0.194,0.0835,0.1201
18,2024,58,946,89,479,275,0.291,243,0,0.7082,0.3818,0.1777,0.1709,0.35,0.44,0.6975,0.2451,0.1229,0.1286,0.4625,0.6,472,0,extracted,0.3913,0.1319,0.1957,0.194,0.0835,0.1201
18,2024,59,946,89,479,275,0.291,243,0,0.7082,0.3818,0.1777,0.1709,0.35,0.44,0.6975,0.2451,0.1229,0.1286,0.4625,0.6,472,0,extracted,0.3913,0.1319,0.1957,0.194,0.0835,0.1201
18,2024,60,946,89,479,275,0.291,243,0,0.7082,0.3818,0.1777,0.1709,0.35,0.44,0.6975,0.2451,0.1229,0.1286,0.4625,0.6,472,0,extracted,0.3913,0.1319,0.1957,0.194,0.0835,0.1201
18,2024,61,946,89,532,322,0.34,265,0,0.712,0.3503,0.1684,0.1624,0.3625,0.44,0.6975,0.2451,0.1229,0.1286,0.4625,0.6,472,0,extracted,0.32,0.1166,0.1689,0.194,0.0835,0.1201
18,2024,62,946,89,532,322,0.34,265,0,0.712,0.3503,0.1684,0.1624,0.3625,0.44,0.6975,0.2451,0.1229,0.1286,0.4625,0.6,472,0,extracted,0.32,0.1166,0.1689,0.194,0.0835,0.1201
18,2024,63,946,89,532,322,0.34,265,0,0.712,0.3503,0.1684,0.1624,0.3625,0.44,0.6975,0.2451,0.1229,0.1286,0.4625,0.6,472,0,extracted,0.32,0.1166,0.1689,0.194,0.0835,0.1201
18,2024,64,946,89,532,322,0.34,265,0,0.712,0.3503,0.1684,0.1624,0.3625,0.44,0.6975,0.2451,0.1229,0.1286,0.4625,0.6,472,0,extracted,0.32,0.1166,0.1689,0.194,0.0835,0.1201
18,2024,65,946,89,532,322,0.34,265,0,0.712,0.3503,0.1684,0.1624,0.3625,0.44,0.6975,0.2451,0.1229,0.1286,0.4625,0.6,472,0,extracted,0.32,0.1166,0.1689,0.194,0.0835,0.1201
18,2024,66,946,89,532,322,0.34,265,0,0.712,0.3503,0.1684,0.1624,0.3625,0.44,0.6975,0.2451,0.1229,0.1286,0.4625,0.6,472,0,extracted,0.32,0.1166,0.1689,0.194,0.0835,0.1201
18,2024,67,946,89,532,322,0.34,265,0,0.712,0.3503,0.1684,0.1624,0.3625,0.44,0.6975,0.2451,0.1229,0.1286,0.4625,0.6,472,0,extracted,0.32,0.1166,0.1689,0.194,0.0835,0.1201
18,2024,68,946,89,605,362,0.383,305,0,0.6906,0.3224,0.1502,0.1449,0.35,0.44,0.6975,0.2451,0.1229,0.1286,0.4625,0.6,472,0,extracted,0.3396,0.1238,0.1604,0.194,0.0835,0.1201
18,2024,69,946,89,605,362,0.383,305,0,0.6906,0.3224,0.1502,0.1449,0.35,0.44,0.6975,0.2451,0.1229,0.1286,0.4625,0.6,472,0,extracted,0.3396,0.1238,0.1604,0.194,0.0835,0.1201
18,2024,70,946,89,605,362,0.383,305,0,0.6906,0.3224,0.1502,0.1449,0.35,0.44,0.6975,0.2451,0.1229,0.1286,0.4625,0.6,472,0,extracted,0.3396,0.1238,0.1604,0.194,0.0835,0.1201
18,2024,71,946,89,605,362,0.383,305,0,0.6906,0.3224,0.1502,0.1449,0.35,0.44,0.6975,0.2451,0.1229,0.1286,0.4625,0.6,472,0,extracted,0.3396,0.1238,0.1604,0.194,0.0835,0.1201
18,2024,72,946,89,605,362,0.383,305,0,0.6906,0.3224,0.1502,0.1449,0.35,0.44,0.6975,0.2451,0.1229,0.1286,0.4625,0.6,472,0,extracted,0.3396,0.1238,0.1604,0.194,0.0835,0.1201
18,2024,73,946,89,605,362,0.383,305,0,0.6906,0.3224,0.1502,0.1449,0.35,0.44,0.6975,0.2451,0.1229,0.1286,0.4625,0.6,472,0,extracted,0.3396,0.1238,0.1604,0.194,0.0835,0.1201
18,2024,74,946,89,605,362,0.383,305,0,0.6906,0.3224,0.1502,0.1449,0.35,0.44,0.6975,0.2451,0.1229,0.1286,0.4625,0.6,472,0,extracted,0.3396,0.1238,0.1604,0.194,0.0835,0.1201
18,2024,75,946,89,605,362,0.383,305,0,0.6906,0.3224,0.1502,0.1449,0.35,0.44,0.6975,0.2451,0.1229,0.1286,0.4625,0.6,472,0,extracted,0.3396,0.1238,0.1604,0.194,0.0835,0.1201
18,2024,76,946,89,668,403,0.426,336,0,0.699,0.3125,0.159,0.1542,0.4125,0.52,0.6975,0.2451,0.1229,0.1286,0.4625,0.6,472,0,extracted,0.2868,0.1065,0.1585,0.194,0.0835,0.1201
18,2024,77,946,89,668,403,0.426,336,0,0.699,0.3125,0.159,0.1542,0.4125,0.52,0.6975,0.2451,0.1229,0.1286,0.4625,0.6,472,0,extracted,0.2868,0.1065,0.1585,0.194,0.0835,0.1201
18,2024,78,946,89,668,403,0.426,336,0,0.699,0.3125,0.159,0.1542,0.4125,0.52,0.6975,0.2451,0.1229,0.1286,0.4625,0.6,472,0,extracted,0.2868,0.1065,0.1585,0.194,0.0835,0.1201
18,2024,79,946,89,668,403,0.426,336,0,0.699,0.3125,0.159,0.1542,0.4125,0.52,0.6975,0.2451,0.1229,0.1286,0.4625,0.6,472,0,extracted,0.2868,0.1065,0.1585,0.194,0.0835,0.1201
18,2024,80,946,89,668,403,0.426,336,0,0.699,0.3125,0.159,0.1542,0.4125,0.52,0.6975,0.2451,0.1229,0.1286,0.4625,0.6,472,0,extracted,0.2868,0.1065,0.1585,0.194,0.0835,0.1201
18,2024,81,946,89,668,403,0.426,336,0,0.699,0.3125,0.159,0.1542,0.4125,0.52,0.6975,0.2451,0.1229,0.1286,0.4625,0.6,472,0,extracted,0.2868,0.1065,0.1585,0.194,0.0835,0.1201
18,2024,82,946,89,668,403,0.426,336,0,0.699,0.3125,0.159,0.1542,0.4125,0.52,0.6975,0.2451,0.1229,0.1286,0.4625,0.6,472,0,extracted,0.2868,0.1065,0.1585,0.194,0.0835,0.1201
18,2024,83,946,89,755,452,0.478,379,0,0.6977,0.2846,0.1241,0.1386,0.3625,0.48,0.6975,0.2451,0.1229,0.1286,0.4625,0.6,472,0,extracted,0.2256,0.0736,0.1402,0.194,0.0835,0.1201
18,2024,84,946,89,755,452,0.478,379,0,0.6977,0.2846,0.1241,0.1386,0.3625,0.48,0.6975,0.2451,0.1229,0.1286,0.4625,0.6,472,0,extracted,0.2256,0.0736,0.1402,0.194,0.0835,0.1201
18,2024,85,946,89,755,452,0.478,379,0,0.6977,0.2846,0.1241,0.1386,0.3625,0.48,0.6975,0.2451,0.1229,0.1286,0.4625,0.6,472,0,extracted,0.2256,0.0736,0.1402,0.194,0.0835,0.1201
18,2024,86,946,89,755,452,0.478,379,0,0.6977,0.2846,0.1241,0.1386,0.3625,0.48,0.6975,0.2451,0.1229,0.1286,0.4625,0.6,472,0,extracted,0.2256,0.0736,0.1402,0.194,0.0835,0.1201
18,2024,87,946,89,755,452,0.478,379,0,0.6977,0.2846,0.1241,0.1386,0.3625,0.48,0.6975,0.2451,0.1229,0.1286,0.4625,0.6,472,0,extracted,0.2256,0.0736,0.1402,0.194,0.0835,0.1201
18,2024,88,946,89,755,452,0.478,379,0,0.6977,0.2846,0.1241,0.1386,0.3625,0.48,0.6975,0.2451,0.1229,0.1286,0.4625,0.6,472,0,extracted,0.2256,0.0736,0.1402,0.194,0.0835,0.1201
18,2024,89,946,89,755,452,0.478,379,0,0.6977,0.2846,0.1241,0.1386,0.3625,0.48,0.6975,0.2451,0.1229,0.1286,0.4625,0.6,472,0,extracted,0.2256,0.0736,0.1402,0.194,0.0835,0.1201
18,2024,90,946,89,834,508,0.537,413,0,0.6847,0.2598,0.1269,0.1436,0.4125,0.52,0.6975,0.2451,0.1229,0.1286,0.4625,0.6,472,0,extracted,0.2147,0.0852,0.1299,0.194,0.0835,0.1201
18,2024,91,946,89,834,508,0.537,413,0,0.6847,0.2598,0.1269,0.1436,0.4125,0.52,0.6975,0.2451,0.1229,0.1286,0.4625,0.6,472,0,extracted,0.2147,0.0852,0.1299,0.194,0.0835,0.1201
18,2024,92,946,89,834,508,0.537,413,0,0.6847,0.2598,0.1269,0.1436,0.4125,0.52,0.6975,0.2451,0.1229,0.1286,0.4625,0.6,472,0,extracted,0.2147,0.0852,0.1299,0.194,0.0835,0.1201
18,2024,93,946,89,834,508,0.537,413,0,0.6847,0.2598,0.1269,0.1436,0.4125,0.52,0.6975,0.2451,0.1229,0.1286,0.4625,0.6,472,0,extracted,0.2147,0.0852,0.1299,0.194,0.0835,0.1201
18,2024,94,946,89,834,508,0.537,413,0,0.6847,0.2598,0.1269,0.1436,0.4125,0.52,0.6975,0.2451,0.1229,0.1286,0.4625,0.6,472,0,extracted,0.2147,0.0852,0.1299,0.194,0.0835,0.1201
18,2024,95,946,89,834,508,0.537,413,0,0.6847,0.2598,0.1269,0.1436,0.4125,0.52,0.6975,0.2451,0.1229,0.1286,0.4625,0.6,472,0,extracted,0.2147,0.0852,0.1299,0.194,0.0835,0.1201
18,2024,96,946,89,834,508,0.537,413,0,0.6847,0.2598,0.1269,0.1436,0.4125,0.52,0.6975,0.2451,0.1229,0.1286,0.4625,0.6,472,0,extracted,0.2147,0.0852,0.1299,0.194,0.0835,0.1201
18,2024,97,946,89,936,553,0.585,463,0,0.6921,0.2488,0.1169,0.1323,0.4125,0.56,0.6975,0.2451,0.1229,0.1286,0.4625,0.6,472,0,extracted,0.2046,0.072,0.1228,0.194,0.0835,0.1201
18,2024,98,946,89,936,553,0.585,463,0,0.6921,0.2488,0.1169,0.1323,0.4125,0.56,0.6975,0.2451,0.1229,0.1286,0.4625,0.6,472,0,extracted,0.2046,0.072,0.1228,0.194,0.0835,0.1201
18,2024,99,946,89,936,553,0.585,463,0,0.6921,0.2488,0.1169,0.1323,0.4125,0.56,0.6975,0.2451,0.1229,0.1286,0.4625,0.6,472,0,extracted,0.2046,0.072,0.1228,0.194,0.0835,0.1201
18,2024,100,946,89,936,553,0.585,463,0,0.6921,0.2488,0.1169,0.1323,0.4125,0.56,0.6975,0.2451,0.1229,0.1286,0.4625,0.6,472,0,extracted,0.2046,0.072,0.1228,0.194,0.0835,0.1201
19,2024,1,727,55,20,20,0.028,12,0,0.6069,0.16,0.0274,0.1333,0.0189,0.0,0.6514,0.1613,0.0769,0.1089,0.3396,0.4706,343,0,extracted,0.1277,0.0444,0.1277,0.1538,0.0493,0.1119
19,2024,2,727,55,20,20,0.028,12,0,0.6069,0.16,0.0274,0.1333,0.0189,0.0,0.6514,0.1613,0.0769,0.1089,0.3396,0.4706,343,0,extracted,0.1277,0.0444,0.1277,0.1538,0.0493,0.1119
19,2024,3,727,55,20,20,0.028,12,0,0.6069,0.16,0.0274,0.1333,0.0189,0.0,0.6514,0.1613,0.0769,0.1089,0.3396,0.4706,343,0,extracted,0.1277,0.0444,0.1277,0.1538,0.0493,0.1119
19,2024,4,727,55,20,20,0.028,12,0,0.6069,0.16,0.0274,0.1333,0.0189,0.0,0.6514,0.1613,0.0769,0.1089,0.3396,0.4706,343,0,extracted,0.1277,0.0444,0.1277,0.1538,0.0493,0.1119
19,2024,5,727,55,20,20,0.028,12,0,0.6069,0.16,0.0274,0.1333,0.0189,0.0,0.6514,0.1613,0.0769,0.1089,0.3396,0.4706,343,0,extracted,0.1277,0.0444,0.1277,0.1538,0.0493,0.1119
19,2024,6,727,55,20,20,0.028,12,0,0.6069,0.16,0.0274,0.1333,0.0189,0.0,0.6514,0.1613,0.0769,0.1089,0.3396,0.4706,343,0,extracted,0.1277,0.0444,0.1277,0.1538,0.0493,0.1119
19,2024,7,727,55,20,20,0.028,12,0,0.6069,0.16,0.0274,0.1333,0.0189,0.0,0.6514,0.1613,0.0769,0.1089,0.3396,0.4706,343,0,extracted,0.1277,0.0444,0.1277,0.1538,0.0493,0.1119
19,2024,8,727,55,20,20,0.028,12,0,0.6069,0.16,0.0274,0.1333,0.0189,0.0,0.6514,0.1613,0.0769,0.1089,0.3396,0.4706,343,0,extracted,0.1277,0.0444,0.1277,0.1538,0.0493,0.1119
19,2024,9,727,55,20,20,0.028,12,0,0.6069,0.16,0.0274,0.1333,0.0189,0.0,0.6514,0.1613,0.0769,0.1089,0.3396,0.4706,343,0,extracted,0.1277,0.0444,0.1277,0.1538,0.0493,0.1119
19,2024,10,727,55,64,38,0.052,34,0,0.7229,0.3656,0.1319,0.2366,0.1132,0.2353,0.6514,0.1613,0.0769,0.1089,0.3396,0.4706,343,0,extracted,0.3704,0.0,0.2222,0.1538,0.0493,0.1119
19,2024,11,727,55,64,38,0.052,34,0,0.7229,0.3656,0.1319,0.2366,0.1132,0.2353,0.6514,0.1613,0.0769,0.1089,0.3396,0.4706,343,0,extracted,0.3704,0.0,0.2222,0.1538,0.0493,0.1119
19,2024,12,727,55,64,38,0.052,34,0,0.7229,0.3656,0.1319,0.2366,0.1132,0.2353,0.6514,0.1613,0.0769,0.1089,0.3396,0.4706,343,0,extracted,0.3704,0.0,0.2222,0.1538,0.0493,0.1119
19,2024,13,727,55,64,38,0.052,34,0,0.7229,0.3656,0.1319,0.2366,0.1132,0.2353,0.6514,0.1613,0.0769,0.1089,0.3396,0.4706,343,0,extracted,0.3704,0.0,0.2222,0.1538,0.0493,0.1119
19,2024,14,727,55,64,38,0.052,34,0,0.7229,0.3656,0.1319,0.2366,0.1132,0.2353,0.6514,0.1613,0.0769,0.1089,0.3396,0.4706,343,0,extracted,0.3704,0.0,0.2222,0.1538,0.0493,0.1119
19,2024,15,727,55,64,38,0.052,34,0,0.7229,0.3656,0.1319,0.2366,0.1132,0.2353,0.6514,0.1613,0.0769,0.1089,0.3396,0.4706,343,0,extracted,0.3704,0.0,0.2222,0.1538,0.0493,0.1119
19,2024,16,727,55,64,38,0.052,34,0,0.7229,0.3656,0.1319,0.2366,0.1132,0.2353,0.6514,0.1613,0.0769,0.1089,0.3396,0.4706,343,0,extracted,0.3704,0.0,0.2222,0.1538,0.0493,0.1119
19,2024,17,727,55,96,59,0.081,52,0,0.7079,0.386,0.125,0.2281,0.1321,0.2353,0.6514,0.1613,0.0769,0.1089,0.3396,0.4706,343,0,extracted,0.3824,0.0303,0.2353,0.1538,0.0493,0.1119
19,2024,18,727,55,96,59,0.081,52,0,0.7079,0.386,0.125,0.2281,0.1321,0.2353,0.6514,0.1613,0.0769,0.1089,0.3396,0.4706,343,0,extracted,0.3824,0.0303,0.2353,0.1538,0.0493,0.1119
19,2024,19,727,55,96,59,0.081,52,0,0.7079,0.386,0.125,0.2281,0.1321,0.2353,0.6514,0.1613,0.0769,0.1089,0.3396,0.4706,343,0,extracted,0.3824,0.0303,0.2353,0.1538,0.0493,0.1119
19,2024,20,727,55,96,59,0.081,52,0,0.7079,0.386,0.125,0.2281,0.1321,0.2353,0.6514,0.1613,0.0769,0.1089,0.3396,0.4706,343,0,extracted,0.3824,0.0303,0.2353,0.1538,0.0493,0.1119
19,2024,21,727,55,96,59,0.081,52,0,0.7079,0.386,0.125,0.2281,0.1321,0.2353,0.6514,0.1613,0.0769,0.1089,0.3396,0.4706,343,0,extracted,0.3824,0.0303,0.2353,0.1538,0.0493,0.1119
19,2024,22,727,55,96,59,0.081,52,0,0.7079,0.386,0.125,0.2281,0.1321,0.2353,0.6514,0.1613,0.0769,0.1089,0.3396,0.4706,343,0,extracted,0.3824,0.0303,0.2353,0.1538,0.0493,0.1119
19,2024,23,727,55,96,59,0.081,52,0,0.7079,0.386,0.125,0.2281,0.1321,0.2353,0.6514,0.1613,0.0769,0.1089,0.3396,0.4706,343,0,extracted,0.3824,0.0303,0.2353,0.1538,0.0493,0.1119
19,2024,24,727,55,141,88,0.121,74,0,0.7073,0.3497,0.1135,0.1958,0.1509,0.2941,0.6514,0.1613,0.0769,0.1089,0.3396,0.4706,343,0,extracted,0.3529,0.0241,0.1882,0.1538,0.0493,0.1119
19,2024,25,727,55,141,88,0.121,74,0,0.7073,0.3497,0.1135,0.1958,0.1509,0.2941,0.6514,0.1613,0.0769,0.1089,0.3396,0.4706,343,0,extracted,0.3529,0.0241,0.1882,0.1538,0.0493,0.1119
19,2024,26,727,55,141,88,0.121,74,0,0.7073,0.3497,0.1135,0.1958,0.1509,0.2941,0.6514,0.1613,0.0769,0.1089,0.3396,0.4706,343,0,extracted,0.3529,0.0241,0.1882,0.1538,0.0493,0.1119
19,2024,27,727,55,141,88,0.121,74,0,0.7073,0.3497,0.1135,0.1958,0.1509,0.2941,0.6514,0.1613,0.0769,0.1089,0.3396,0.4706,343,0,extracted,0.3529,0.0241,0.1882,0.1538,0.0493,0.1119
19,2024,28,727,55,141,88,0.121,74,0,0.7073,0.3497,0.1135,0.1958,0.1509,0.2941,0.6514,0.1613,0.0769,0.1089,0.3396,0.4706,343,0,extracted,0.3529,0.0241,0.1882,0.1538,0.0493,0.1119
19,2024,29,727,55,141,88,0.121,74,0,0.7073,0.3497,0.1135,0.1958,0.1509,0.2941,0.6514,0.1613,0.0769,0.1089,0.3396,0.4706,343,0,extracted,0.3529,0.0241,0.1882,0.1538,0.0493,0.1119
19,2024,30,727,55,141,88,0.121,74,0,0.7073,0.3497,0.1135,0.1958,0.1509,0.2941,0.6514,0.1613,0.0769,0.1089,0.3396,0.4706,343,0,extracted,0.3529,0.0241,0.1882,0.1538,0.0493,0.1119
19,2024,31,727,55,193,117,0.161,101,0,0.6927,0.3158,0.0947,0.1754,0.1509,0.2941,0.6514,0.1613,0.0769,0.1089,0.3396,0.4706,343,0,extracted,0.2913,0.0198,0.1748,0.1538,0.0493,0.1119
19,2024,32,727,55,193,117,0.161,101,0,0.6927,0.3158,0.0947,0.1754,0.1509,0.2941,0.6514,0.1613,0.0769,0.1089,0.3396,0.4706,343,0,extracted,0.2913,0.0198,0.1748,0.1538,0.0493,0.1119
19,2024,33,727,55,193,117,0.161,101,0,0.6927,0.3158,0.0947,0.1754,0.1509,0.2941,0.6514,0.1613,0.0769,0.1089,0.3396,0.4706,343,0,extracted,0.2913,0.0198,0.1748,0.1538,0.0493,0.1119
19,2024,34,727,55,193,117,0.161,101,0,0.6927,0.3158,0.0947,0.1754,0.1509,0.2941,0.6514,0.1613,0.0769,0.1089,0.3396,0.4706,343,0,extracted,0.2913,0.0198,0.1748,0.1538,0.0493,0.1119
19,2024,35,727,55,193,117,0.161,101,0,0.6927,0.3158,0.0947,0.1754,0.1509,0.2941,0.6514,0.1613,0.0769,0.1089,0.3396,0.4706,343,0,extracted,0.2913,0.0198,0.1748,0.1538,0.0493,0.1119
19,2024,36,727,55,193,117,0.161,101,0,0.6927,0.3158,0.0947,0.1754,0.1509,0.2941,0.6514,0.1613,0.0769,0.1089,0.3396,0.4706,343,0,extracted,0.2913,0.0198,0.1748,0.1538,0.0493,0.1119
19,2024,37,727,55,232,143,0.197,121,0,0.6825,0.2812,0.0842,0.1563,0.1509,0.2941,0.6514,0.1613,0.0769,0.1089,0.3396,0.4706,343,0,extracted,0.2913,0.0198,0.1748,0.1538,0.0493,0.1119
19,2024,38,727,55,232,143,0.197,121,0,0.6825,0.2812,0.0842,0.1563,0.1509,0.2941,0.6514,0.1613,0.0769,0.1089,0.3396,0.4706,343,0,extracted,0.2913,0.0198,0.1748,0.1538,0.0493,0.1119
19,2024,39,727,55,232,143,0.197,121,0,0.6825,0.2812,0.0842,0.1563,0.1509,0.2941,0.6514,0.1613,0.0769,0.1089,0.3396,0.4706,343,0,extracted,0.2913,0.0198,0.1748,0.1538,0.0493,0.1119
19,2024,40,727,55,232,143,0.197,121,0,0.6825,0.2812,0.0842,0.1563,0.1509,0.2941,0.6514,0.1613,0.0769,0.1089,0.3396,0.4706,343,0,extracted,0.2913,0.0198,0.1748,0.1538,0.0493,0.1119
19,2024,41,727,55,232,143,0.197,121,0,0.6825,0.2812,0.0842,0.1563,0.1509,0.2941,0.6514,0.1613,0.0769,0.1089,0.3396,0.4706,343,0,extracted,0.2913,0.0198,0.1748,0.1538,0.0493,0.1119
19,2024,42,727,55,232,143,0.197,121,0,0.6825,0.2812,0.0842,0.1563,0.1509,0.2941,0.6514,0.1613,0.0769,0.1089,0.3396,0.4706,343,0,extracted,0.2913,0.0198,0.1748,0.1538,0.0493,0.1119
19,2024,43,727,55,232,143,0.197,121,0,0.6825,0.2812,0.0842,0.1563,0.1509,0.2941,0.6514,0.1613,0.0769,0.1089,0.3396,0.4706,343,0,extracted,0.2913,0.0198,0.1748,0.1538,0.0493,0.1119
19,2024,44,727,55,280,176,0.242,140,0,0.6902,0.2544,0.0708,0.1491,0.1509,0.3529,0.6514,0.1613,0.0769,0.1089,0.3396,0.4706,343,0,extracted,0.2656,0.0159,0.1719,0.1538,0.0493,0.1119
19,2024,45,727,55,280,176,0.242,140,0,0.6902,0.2544,0.0708,0.1491,0.1509,0.3529,0.6514,0.1613,0.0769,0.1089,0.3396,0.4706,343,0,extracted,0.2656,0.0159,0.1719,0.1538,0.0493,0.1119
19,2024,46,727,55,280,176,0.242,140,0,0.6902,0.2544,0.0708,0.1491,0.1509,0.3529,0.6514,0.1613,0.0769,0.1089,0.3396,0.4706,343,0,extracted,0.2656,0.0159,0.1719,0.1538,0.0493,0.1119
19,2024,47,727,55,280,176,0.242,140,0,0.6902,0.2544,0.0708,0.1491,0.1509,0.3529,0.6514,0.1613,0.0769,0.1089,0.3396,0.4706,343,0,extracted,0.2656,0.0159,0.1719,0.1538,0.0493,0.1119
19,2024,48,727,55,280,176,0.242,140,0,0.6902,0.2544,0.0708,0.1491,0.1509,0.3529,0.6514,0.1613,0.0769,0.1089,0.3396,0.4706,343,0,extracted,0.2656,0.0159,0.1719,0.1538,0.0493,0.1119
19,2024,49,727,55,280,176,0.242,140,0,0.6902,0.2544,0.0708,0.1491,0.1509,0.3529,0.6514,0.1613,0.0769,0.1089,0.3396,0.4706,343,0,extracted,0.2656,0.0159,0.1719,0.1538,0.0493,0.1119
19,2024,50,727,55,331,209,0.287,163,0,0.6813,0.2652,0.084,0.1288,0.2075,0.3529,0.6514,0.1613,0.0769,0.1089,0.3396,0.4706,343,0,extracted,0.25,0.0267,0.1316,0.1538,0.0493,0.1119
19,2024,51,727,55,331,209,0.287,163,0,0.6813,0.2652,0.084,0.1288,0.2075,0.3529,0.6514,0.1613,0.0769,0.1089,0.3396,0.4706,343,0,extracted,0.25,0.0267,0.1316,0.1538,0.0493,0.1119
19,2024,52,727,55,331,209,0.287,163,0,0.6813,0.2652,0.084,0.1288,0.2075,0.3529,0.6514,0.1613,0.0769,0.1089,0.3396,0.4706,343,0,extracted,0.25,0.0267,0.1316,0.1538,0.0493,0.1119
19,2024,53,727,55,331,209,0.287,163,0,0.6813,0.2652,0.084,0.1288,0.2075,0.3529,0.6514,0.1613,0.0769,0.1089,0.3396,0.4706,343,0,extracted,0.25,0.0267,0.1316,0.1538,0.0493,0.1119
19,2024,54,727,55,331,209,0.287,163,0,0.6813,0.2652,0.084,0.1288,0.2075,0.3529,0.6514,0.1613,0.0769,0.1089,0.3396,0.4706,343,0,extracted,0.25,0.0267,0.1316,0.1538,0.0493,0.1119
19,2024,55,727,55,331,209,0.287,163,0,0.6813,0.2652,0.084,0.1288,0.2075,0.3529,0.6514,0.1613,0.0769,0.1089,0.3396,0.4706,343,0,extracted,0.25,0.0267,0.1316,0.1538,0.0493,0.1119
19,2024,56,727,55,331,209,0.287,163,0,0.6813,0.2652,0.084,0.1288,0.2075,0.3529,0.6514,0.1613,0.0769,0.1089,0.3396,0.4706,343,0,extracted,0.25,0.0267,0.1316,0.1538,0.0493,0.1119
19,2024,57,727,55,383,243,0.334,185,0,0.6768,0.2559,0.0746,0.1347,0.2075,0.3529,0.6514,0.1613,0.0769,0.1089,0.3396,0.4706,343,0,extracted,0.2339,0.0237,0.1404,0.1538,0.0493,0.1119
19,2024,58,727,55,383,243,0.334,185,0,0.6768,0.2559,0.0746,0.1347,0.2075,0.3529,0.6514,0.1613,0.0769,0.1089,0.3396,0.4706,343,0,extracted,0.2339,0.0237,0.1404,0.1538,0.0493,0.1119
19,2024,59,727,55,383,243,0.334,185,0,0.6768,0.2559,0.0746,0.1347,0.2075,0.3529,0.6514,0.1613,0.0769,0.1089,0.3396,0.4706,343,0,extracted,0.2339,0.0237,0.1404,0.1538,0.0493,0.1119
19,2024,60,727,55,383,243,0.334,185,0,0.6768,0.2559,0.0746,0.1347,0.2075,0.3529,0.6514,0.1613,0.0769,0.1089,0.3396,0.4706,343,0,extracted,0.2339,0.0237,0.1404,0.1538,0.0493,0.1119
19,2024,61,727,55,383,243,0.334,185,0,0.6768,0.2559,0.0746,0.1347,0.2075,0.3529,0.6514,0.1613,0.0769,0.1089,0.3396,0.4706,343,0,extracted,0.2339,0.0237,0.1404,0.1538,0.0493,0.1119
19,2024,62,727,55,383,243,0.334,185,0,0.6768,0.2559,0.0746,0.1347,0.2075,0.3529,0.6514,0.1613,0.0769,0.1089,0.3396,0.4706,343,0,extracted,0.2339,0.0237,0.1404,0.1538,0.0493,0.1119
19,2024,63,727,55,383,243,0.334,185,0,0.6768,0.2559,0.0746,0.1347,0.2075,0.3529,0.6514,0.1613,0.0769,0.1089,0.3396,0.4706,343,0,extracted,0.2339,0.0237,0.1404,0.1538,0.0493,0.1119
19,2024,64,727,55,437,270,0.371,205,0,0.6587,0.2208,0.0698,0.1136,0.2075,0.3529,0.6514,0.1613,0.0769,0.1089,0.3396,0.4706,343,0,extracted,0.2077,0.0331,0.1202,0.1538,0.0493,0.1119
19,2024,65,727,55,437,270,0.371,205,0,0.6587,0.2208,0.0698,0.1136,0.2075,0.3529,0.6514,0.1613,0.0769,0.1089,0.3396,0.4706,343,0,extracted,0.2077,0.0331,0.1202,0.1538,0.0493,0.1119
19,2024,66,727,55,437,270,0.371,205,0,0.6587,0.2208,0.0698,0.1136,0.2075,0.3529,0.6514,0.1613,0.0769,0.1089,0.3396,0.4706,343,0,extracted,0.2077,0.0331,0.1202,0.1538,0.0493,0.1119
19,2024,67,727,55,437,270,0.371,205,0,0.6587,0.2208,0.0698,0.1136,0.2075,0.3529,0.6514,0.1613,0.0769,0.1089,0.3396,0.4706,343,0,extracted,0.2077,0.0331,0.1202,0.1538,0.0493,0.1119
19,2024,68,727,55,437,270,0.371,205,0,0.6587,0.2208,0.0698,0.1136,0.2075,0.3529,0.6514,0.1613,0.0769,0.1089,0.3396,0.4706,343,0,extracted,0.2077,0.0331,0.1202,0.1538,0.0493,0.1119
19,2024,69,727,55,437,270,0.371,205,0,0.6587,0.2208,0.0698,0.1136,0.2075,0.3529,0.6514,0.1613,0.0769,0.1089,0.3396,0.4706,343,0,extracted,0.2077,0.0331,0.1202,0.1538,0.0493,0.1119
19,2024,70,727,55,437,270,0.371,205,0,0.6587,0.2208,0.0698,0.1136,0.2075,0.3529,0.6514,0.1613,0.0769,0.1089,0.3396,0.4706,343,0,extracted,0.2077,0.0331,0.1202,0.1538,0.0493,0.1119
19,2024,71,727,55,489,310,0.426,230,0,0.6632,0.232,0.1222,0.116,0.3962,0.4706,0.6514,0.1613,0.0769,0.1089,0.3396,0.4706,343,0,extracted,0.2018,0.0741,0.1284,0.1538,0.0493,0.1119
19,2024,72,727,55,489,310,0.426,230,0,0.6632,0.232,0.1222,0.116,0.3962,0.4706,0.6514,0.1613,0.0769,0.1089,0.3396,0.4706,343,0,extracted,0.2018,0.0741,0.1284,0.1538,0.0493,0.1119
19,2024,73,727,55,489,310,0.426,230,0,0.6632,0.232,0.1222,0.116,0.3962,0.4706,0.6514,0.1613,0.0769,0.1089,0.3396,0.4706,343,0,extracted,0.2018,0.0741,0.1284,0.1538,0.0493,0.1119
19,2024,74,727,55,489,310,0.426,230,0,0.6632,0.232,0.1222,0.116,0.3962,0.4706,0.6514,0.1613,0.0769,0.1089,0.3396,0.4706,343,0,extracted,0.2018,0.0741,0.1284,0.1538,0.0493,0.1119
19,2024,75,727,55,489,310,0.426,230,0,0.6632,0.232,0.1222,0.116,0.3962,0.4706,0.6514,0.1613,0.0769,0.1089,0.3396,0.4706,343,0,extracted,0.2018,0.0741,0.1284,0.1538,0.0493,0.1119
19,2024,76,727,55,489,310,0.426,230,0,0.6632,0.232,0.1222,0.116,0.3962,0.4706,0.6514,0.1613,0.0769,0.1089,0.3396,0.4706,343,0,extracted,0.2018,0.0741,0.1284,0.1538,0.0493,0.1119
19,2024,77,727,55,541,334,0.459,250,0,0.6541,0.2152,0.1055,0.1102,0.3585,0.4118,0.6514,0.1613,0.0769,0.1089,0.3396,0.4706,343,0,extracted,0.2,0.0734,0.1273,0.1538,0.0493,0.1119
19,2024,78,727,55,541,334,0.459,250,0,0.6541,0.2152,0.1055,0.1102,0.3585,0.4118,0.6514,0.1613,0.0769,0.1089,0.3396,0.4706,343,0,extracted,0.2,0.0734,0.1273,0.1538,0.0493,0.1119
19,2024,79,727,55,541,334,0.459,250,0,0.6541,0.2152,0.1055,0.1102,0.3585,0.4118,0.6514,0.1613,0.0769,0.1089,0.3396,0.4706,343,0,extracted,0.2,0.0734,0.1273,0.1538,0.0493,0.1119
19,2024,80,727,55,541,334,0.459,250,0,0.6541,0.2152,0.1055,0.1102,0.3585,0.4118,0.6514,0.1613,0.0769,0.1089,0.3396,0.4706,343,0,extracted,0.2,0.0734,0.1273,0.1538,0.0493,0.1119
19,2024,81,727,55,541,334,0.459,250,0,0.6541,0.2152,0.1055,0.1102,0.3585,0.4118,0.6514,0.1613,0.0769,0.1089,0.3396,0.4706,343,0,extracted,0.2,0.0734,0.1273,0.1538,0.0493,0.1119
19,2024,82,727,55,541,334,0.459,250,0,0.6541,0.2152,0.1055,0.1102,0.3585,0.4118,0.6514,0.1613,0.0769,0.1089,0.3396,0.4706,343,0,extracted,0.2,0.0734,0.1273,0.1538,0.0493,0.1119
19,2024,83,727,55,541,334,0.459,250,0,0.6541,0.2152,0.1055,0.1102,0.3585,0.4118,0.6514,0.1613,0.0769,0.1089,0.3396,0.4706,343,0,extracted,0.2,0.0734,0.1273,0.1538,0.0493,0.1119
19,2024,84,727,55,595,374,0.514,274,0,0.6546,0.1853,0.0859,0.1283,0.3208,0.4118,0.6514,0.1613,0.0769,0.1089,0.3396,0.4706,343,0,extracted,0.1736,0.0583,0.1405,0.1538,0.0493,0.1119
19,2024,85,727,55,595,374,0.514,274,0,0.6546,0.1853,0.0859,0.1283,0.3208,0.4118,0.6514,0.1613,0.0769,0.1089,0.3396,0.4706,343,0,extracted,0.1736,0.0583,0.1405,0.1538,0.0493,0.1119
19,2024,86,727,55,595,374,0.514,274,0,0.6546,0.1853,0.0859,0.1283,0.3208,0.4118,0.6514,0.1613,0.0769,0.1089,0.3396,0.4706,343,0,extracted,0.1736,0.0583,0.1405,0.1538,0.0493,0.1119
19,2024,87,727,55,595,374,0.514,274,0,0.6546,0.1853,0.0859,0.1283,0.3208,0.4118,0.6514,0.1613,0.0769,0.1089,0.3396,0.4706,343,0,extracted,0.1736,0.0583,0.1405,0.1538,0.0493,0.1119
19,2024,88,727,55,595,374,0.514,274,0,0.6546,0.1853,0.0859,0.1283,0.3208,0.4118,0.6514,0.1613,0.0769,0.1089,0.3396,0.4706,343,0,extracted,0.1736,0.0583,0.1405,0.1538,0.0493,0.1119
19,2024,89,727,55,595,374,0.514,274,0,0.6546,0.1853,0.0859,0.1283,0.3208,0.4118,0.6514,0.1613,0.0769,0.1089,0.3396,0.4706,343,0,extracted,0.1736,0.0583,0.1405,0.1538,0.0493,0.1119
19,2024,90,727,55,672,413,0.568,312,0,0.6533,0.1751,0.0791,0.105,0.3208,0.4118,0.6514,0.1613,0.0769,0.1089,0.3396,0.4706,343,0,extracted,0.1667,0.0534,0.1061,0.1538,0.0493,0.1119
19,2024,91,727,55,672,413,0.568,312,0,0.6533,0.1751,0.0791,0.105,0.3208,0.4118,0.6514,0.1613,0.0769,0.1089,0.3396,0.4706,343,0,extracted,0.1667,0.0534,0.1061,0.1538,0.0493,0.1119
19,2024,92,727,55,672,413,0.568,312,0,0.6533,0.1751,0.0791,0.105,0.3208,0.4118,0.6514,0.1613,0.0769,0.1089,0.3396,0.4706,343,0,extracted,0.1667,0.0534,0.1061,0.1538,0.0493,0.1119
19,2024,93,727,55,672,413,0.568,312,0,0.6533,0.1751,0.0791,0.105,0.3208,0.4118,0.6514,0.1613,0.0769,0.1089,0.3396,0.4706,343,0,extracted,0.1667,0.0534,0.1061,0.1538,0.0493,0.1119
19,2024,94,727,55,672,413,0.568,312,0,0.6533,0.1751,0.0791,0.105,0.3208,0.4118,0.6514,0.1613,0.0769,0.1089,0.3396,0.4706,343,0,extracted,0.1667,0.0534,0.1061,0.1538,0.0493,0.1119
19,2024,95,727,55,672,413,0.568,312,0,0.6533,0.1751,0.0791,0.105,0.3208,0.4118,0.6514,0.1613,0.0769,0.1089,0.3396,0.4706,343,0,extracted,0.1667,0.0534,0.1061,0.1538,0.0493,0.1119
19,2024,96,727,55,672,413,0.568,312,0,0.6533,0.1751,0.0791,0.105,0.3208,0.4118,0.6514,0.1613,0.0769,0.1089,0.3396,0.4706,343,0,extracted,0.1667,0.0534,0.1061,0.1538,0.0493,0.1119
19,2024,97,727,55,716,447,0.615,333,0,0.6596,0.1623,0.0774,0.1095,0.3396,0.4706,0.6514,0.1613,0.0769,0.1089,0.3396,0.4706,343,0,extracted,0.1555,0.0498,0.1201,0.1538,0.0493,0.1119
19,2024,98,727,55,716,447,0.615,333,0,0.6596,0.1623,0.0774,0.1095,0.3396,0.4706,0.6514,0.1613,0.0769,0.1089,0.3396,0.4706,343,0,extracted,0.1555,0.0498,0.1201,0.1538,0.0493,0.1119
19,2024,99,727,55,716,447,0.615,333,0,0.6596,0.1623,0.0774,0.1095,0.3396,0.4706,0.6514,0.1613,0.0769,0.1089,0.3396,0.4706,343,0,extracted,0.1555,0.0498,0.1201,0.1538,0.0493,0.1119
19,2024,100,727,55,716,447,0.615,333,0,0.6596,0.1623,0.0774,0.1095,0.3396,0.4706,0.6514,0.1613,0.0769,0.1089,0.3396,0.4706,343,0,extracted,0.1555,0.0498,0.1201,0.1538,0.0493,0.1119
20,2024,1,953,107,25,25,0.026,16,0,0.6809,0.2727,0.1231,0.1818,0.0816,0.1304,0.6441,0.2771,0.1278,0.1338,0.3673,0.3043,438,0,extracted,0.3421,0.1081,0.2368,0.2288,0.0724,0.1503
20,2024,2,953,107,25,25,0.026,16,0,0.6809,0.2727,0.1231,0.1818,0.0816,0.1304,0.6441,0.2771,0.1278,0.1338,0.3673,0.3043,438,0,extracted,0.3421,0.1081,0.2368,0.2288,0.0724,0.1503
20,2024,3,953,107,25,25,0.026,16,0,0.6809,0.2727,0.1231,0.1818,0.0816,0.1304,0.6441,0.2771,0.1278,0.1338,0.3673,0.3043,438,0,extracted,0.3421,0.1081,0.2368,0.2288,0.0724,0.1503
20,2024,4,953,107,25,25,0.026,16,0,0.6809,0.2727,0.1231,0.1818,0.0816,0.1304,0.6441,0.2771,0.1278,0.1338,0.3673,0.3043,438,0,extracted,0.3421,0.1081,0.2368,0.2288,0.0724,0.1503
20,2024,5,953,107,25,25,0.026,16,0,0.6809,0.2727,0.1231,0.1818,0.0816,0.1304,0.6441,0.2771,0.1278,0.1338,0.3673,0.3043,438,0,extracted,0.3421,0.1081,0.2368,0.2288,0.0724,0.1503
20,2024,6,953,107,25,25,0.026,16,0,0.6809,0.2727,0.1231,0.1818,0.0816,0.1304,0.6441,0.2771,0.1278,0.1338,0.3673,0.3043,438,0,extracted,0.3421,0.1081,0.2368,0.2288,0.0724,0.1503
20,2024,7,953,107,25,25,0.026,16,0,0.6809,0.2727,0.1231,0.1818,0.0816,0.1304,0.6441,0.2771,0.1278,0.1338,0.3673,0.3043,438,0,extracted,0.3421,0.1081,0.2368,0.2288,0.0724,0.1503
20,2024,8,953,107,25,25,0.026,16,0,0.6809,0.2727,0.1231,0.1818,0.0816,0.1304,0.6441,0.2771,0.1278,0.1338,0.3673,0.3043,438,0,extracted,0.3421,0.1081,0.2368,0.2288,0.0724,0.1503
20,2024,9,953,107,62,39,0.041,32,0,0.6764,0.3699,0.2222,0.2466,0.1633,0.1739,0.6441,0.2771,0.1278,0.1338,0.3673,0.3043,438,0,extracted,0.3902,0.15,0.2195,0.2288,0.0724,0.1503
20,2024,10,953,107,62,39,0.041,32,0,0.6764,0.3699,0.2222,0.2466,0.1633,0.1739,0.6441,0.2771,0.1278,0.1338,0.3673,0.3043,438,0,extracted,0.3902,0.15,0.2195,0.2288,0.0724,0.1503
20,2024,11,953,107,62,39,0.041,32,0,0.6764,0.3699,0.2222,0.2466,0.1633,0.1739,0.6441,0.2771,0.1278,0.1338,0.3673,0.3043,438,0,extracted,0.3902,0.15,0.2195,0.2288,0.0724,0.1503
20,2024,12,953,107,62,39,0.041,32,0,0.6764,0.3699,0.2222,0.2466,0.1633,0.1739,0.6441,0.2771,0.1278,0.1338,0.3673,0.3043,438,0,extracted,0.3902,0.15,0.2195,0.2288,0.0724,0.1503
20,2024,13,953,107,62,39,0.041,32,0,0.6764,0.3699,0.2222,0.2466,0.1633,0.1739,0.6441,0.2771,0.1278,0.1338,0.3673,0.3043,438,0,extracted,0.3902,0.15,0.2195,0.2288,0.0724,0.1503
20,2024,14,953,107,62,39,0.041,32,0,0.6764,0.3699,0.2222,0.2466,0.1633,0.1739,0.6441,0.2771,0.1278,0.1338,0.3673,0.3043,438,0,extracted,0.3902,0.15,0.2195,0.2288,0.0724,0.1503
20,2024,15,953,107,97,56,0.059,48,0,0.6593,0.3926,0.1118,0.1963,0.0918,0.1304,0.6441,0.2771,0.1278,0.1338,0.3673,0.3043,438,0,extracted,0.3711,0.1053,0.1856,0.2288,0.0724,0.1503
20,2024,16,953,107,97,56,0.059,48,0,0.6593,0.3926,0.1118,0.1963,0.0918,0.1304,0.6441,0.2771,0.1278,0.1338,0.3673,0.3043,438,0,extracted,0.3711,0.1053,0.1856,0.2288,0.0724,0.1503
20,2024,17,953,107,97,56,0.059,48,0,0.6593,0.3926,0.1118,0.1963,0.0918,0.1304,0.6441,0.2771,0.1278,0.1338,0.3673,0.3043,438,0,extracted,0.3711,0.1053,0.1856,0.2288,0.0724,0.1503
20,2024,18,953,107,97,56,0.059,48,0,0.6593,0.3926,0.1118,0.1963,0.0918,0.1304,0.6441,0.2771,0.1278,0.1338,0.3673,0.3043,438,0,extracted,0.3711,0.1053,0.1856,0.2288,0.0724,0.1503
20,2024,19,953,107,97,56,0.059,48,0,0.6593,0.3926,0.1118,0.1963,0.0918,0.1304,0.6441,0.2771,0.1278,0.1338,0.3673,0.3043,438,0,extracted,0.3711,0.1053,0.1856,0.2288,0.0724,0.1503
20,2024,20,953,107,97,56,0.059,48,0,0.6593,0.3926,0.1118,0.1963,0.0918,0.1304,0.6441,0.2771,0.1278,0.1338,0.3673,0.3043,438,0,extracted,0.3711,0.1053,0.1856,0.2288,0.0724,0.1503
20,2024,21,953,107,151,82,0.086,75,0,0.6959,0.4656,0.1818,0.2857,0.1735,0.1304,0.6441,0.2771,0.1278,0.1338,0.3673,0.3043,438,0,extracted,0.4,0.0777,0.2476,0.2288,0.0724,0.1503
20,2024,22,953,107,151,82,0.086,75,0,0.6959,0.4656,0.1818,0.2857,0.1735,0.1304,0.6441,0.2771,0.1278,0.1338,0.3673,0.3043,438,0,extracted,0.4,0.0777,0.2476,0.2288,0.0724,0.1503
20,2024,23,953,107,151,82,0.086,75,0,0.6959,0.4656,0.1818,0.2857,0.1735,0.1304,0.6441,0.2771,0.1278,0.1338,0.3673,0.3043,438,0,extracted,0.4,0.0777,0.2476,0.2288,0.0724,0.1503
20,2024,24,953,107,151,82,0.086,75,0,0.6959,0.4656,0.1818,0.2857,0.1735,0.1304,0.6441,0.2771,0.1278,0.1338,0.3673,0.3043,438,0,extracted,0.4,0.0777,0.2476,0.2288,0.0724,0.1503
20,2024,25,953,107,151,82,0.086,75,0,0.6959,0.4656,0.1818,0.2857,0.1735,0.1304,0.6441,0.2771,0.1278,0.1338,0.3673,0.3043,438,0,extracted,0.4,0.0777,0.2476,0.2288,0.0724,0.1503
20,2024,26,953,107,151,82,0.086,75,0,0.6959,0.4656,0.1818,0.2857,0.1735,0.1304,0.6441,0.2771,0.1278,0.1338,0.3673,0.3043,438,0,extracted,0.4,0.0777,0.2476,0.2288,0.0724,0.1503
20,2024,27,953,107,203,124,0.13,105,0,0.6762,0.4474,0.1593,0.2632,0.1837,0.1739,0.6441,0.2771,0.1278,0.1338,0.3673,0.3043,438,0,extracted,0.4127,0.0806,0.2222,0.2288,0.0724,0.1503
20,2024,28,953,107,203,124,0.13,105,0,0.6762,0.4474,0.1593,0.2632,0.1837,0.1739,0.6441,0.2771,0.1278,0.1338,0.3673,0.3043,438,0,extracted,0.4127,0.0806,0.2222,0.2288,0.0724,0.1503
20,2024,29,953,107,203,124,0.13,105,0,0.6762,0.4474,0.1593,0.2632,0.1837,0.1739,0.6441,0.2771,0.1278,0.1338,0.3673,0.3043,438,0,extracted,0.4127,0.0806,0.2222,0.2288,0.0724,0.1503
20,2024,30,953,107,203,124,0.13,105,0,0.6762,0.4474,0.1593,0.2632,0.1837,0.1739,0.6441,0.2771,0.1278,0.1338,0.3673,0.3043,438,0,extracted,0.4127,0.0806,0.2222,0.2288,0.0724,0.1503
20,2024,31,953,107,203,124,0.13,105,0,0.6762,0.4474,0.1593,0.2632,0.1837,0.1739,0.6441,0.2771,0.1278,0.1338,0.3673,0.3043,438,0,extracted,0.4127,0.0806,0.2222,0.2288,0.0724,0.1503
20,2024,32,953,107,203,124,0.13,105,0,0.6762,0.4474,0.1593,0.2632,0.1837,0.1739,0.6441,0.2771,0.1278,0.1338,0.3673,0.3043,438,0,extracted,0.4127,0.0806,0.2222,0.2288,0.0724,0.1503
20,2024,33,953,107,241,136,0.143,120,0,0.6912,0.3915,0.1545,0.2298,0.1837,0.1739,0.6441,0.2771,0.1278,0.1338,0.3673,0.3043,438,0,extracted,0.4132,0.084,0.2645,0.2288,0.0724,0.1503
20,2024,34,953,107,241,136,0.143,120,0,0.6912,0.3915,0.1545,0.2298,0.1837,0.1739,0.6441,0.2771,0.1278,0.1338,0.3673,0.3043,438,0,extracted,0.4132,0.084,0.2645,0.2288,0.0724,0.1503
20,2024,35,953,107,241,136,0.143,120,0,0.6912,0.3915,0.1545,0.2298,0.1837,0.1739,0.6441,0.2771,0.1278,0.1338,0.3673,0.3043,438,0,extracted,0.4132,0.084,0.2645,0.2288,0.0724,0.1503
20,2024,36,953,107,241,136,0.143,120,0,0.6912,0.3915,0.1545,0.2298,0.1837,0.1739,0.6441,0.2771,0.1278,0.1338,0.3673,0.3043,438,0,extracted,0.4132,0.084,0.2645,0.2288,0.0724,0.1503
20,2024,37,953,107,241,136,0.143,120,0,0.6912,0.3915,0.1545,0.2298,0.1837,0.1739,0.6441,0.2771,0.1278,0.1338,0.3673,0.3043,438,0,extracted,0.4132,0.084,0.2645,0.2288,0.0724,0.1503
20,2024,38,953,107,241,136,0.143,120,0,0.6912,0.3915,0.1545,0.2298,0.1837,0.1739,0.6441,0.2771,0.1278,0.1338,0.3673,0.3043,438,0,extracted,0.4132,0.084,0.2645,0.2288,0.0724,0.1503
20,2024,39,953,107,286,176,0.185,137,0,0.7061,0.4876,0.2064,0.2686,0.2959,0.2609,0.6441,0.2771,0.1278,0.1338,0.3673,0.3043,438,0,extracted,0.3952,0.1333,0.2395,0.2288,0.0724,0.1503
20,2024,40,953,107,286,176,0.185,137,0,0.7061,0.4876,0.2064,0.2686,0.2959,0.2609,0.6441,0.2771,0.1278,0.1338,0.3673,0.3043,438,0,extracted,0.3952,0.1333,0.2395,0.2288,0.0724,0.1503
20,2024,41,953,107,286,176,0.185,137,0,0.7061,0.4876,0.2064,0.2686,0.2959,0.2609,0.6441,0.2771,0.1278,0.1338,0.3673,0.3043,438,0,extracted,0.3952,0.1333,0.2395,0.2288,0.0724,0.1503
20,2024,42,953,107,286,176,0.185,137,0,0.7061,0.4876,0.2064,0.2686,0.2959,0.2609,0.6441,0.2771,0.1278,0.1338,0.3673,0.3043,438,0,extracted,0.3952,0.1333,0.2395,0.2288,0.0724,0.1503
20,2024,43,953,107,286,176,0.185,137,0,0.7061,0.4876,0.2064,0.2686,0.2959,0.2609,0.6441,0.2771,0.1278,0.1338,0.3673,0.3043,438,0,extracted,0.3952,0.1333,0.2395,0.2288,0.0724,0.1503
20,2024,44,953,107,286,176,0.185,137,0,0.7061,0.4876,0.2064,0.2686,0.2959,0.2609,0.6441,0.2771,0.1278,0.1338,0.3673,0.3043,438,0,extracted,0.3952,0.1333,0.2395,0.2288,0.0724,0.1503
20,2024,45,953,107,355,217,0.228,171,0,0.6895,0.4313,0.1824,0.2188,0.2959,0.3043,0.6441,0.2771,0.1278,0.1338,0.3673,0.3043,438,0,extracted,0.3716,0.1326,0.2077,0.2288,0.0724,0.1503
20,2024,46,953,107,355,217,0.228,171,0,0.6895,0.4313,0.1824,0.2188,0.2959,0.3043,0.6441,0.2771,0.1278,0.1338,0.3673,0.3043,438,0,extracted,0.3716,0.1326,0.2077,0.2288,0.0724,0.1503
20,2024,47,953,107,355,217,0.228,171,0,0.6895,0.4313,0.1824,0.2188,0.2959,0.3043,0.6441,0.2771,0.1278,0.1338,0.3673,0.3043,438,0,extracted,0.3716,0.1326,0.2077,0.2288,0.0724,0.1503
20,2024,48,953,107,355,217,0.228,171,0,0.6895,0.4313,0.1824,0.2188,0.2959,0.3043,0.6441,0.2771,0.1278,0.1338,0.3673,0.3043,438,0,extracted,0.3716,0.1326,0.2077,0.2288,0.0724,0.1503
20,2024,49,953,107,355,217,0.228,171,0,0.6895,0.4313,0.1824,0.2188,0.2959,0.3043,0.6441,0.2771,0.1278,0.1338,0.3673,0.3043,438,0,extracted,0.3716,0.1326,0.2077,0.2288,0.0724,0.1503
20,2024,50,953,107,355,217,0.228,171,0,0.6895,0.4313,0.1824,0.2188,0.2959,0.3043,0.6441,0.2771,0.1278,0.1338,0.3673,0.3043,438,0,extracted,0.3716,0.1326,0.2077,0.2288,0.0724,0.1503
20,2024,51,953,107,394,240,0.252,192,0,0.6893,0.4071,0.1721,0.2065,0.2959,0.2609,0.6441,0.2771,0.1278,0.1338,0.3673,0.3043,438,0,extracted,0.3548,0.1304,0.2151,0.2288,0.0724,0.1503
20,2024,52,953,107,394,240,0.252,192,0,0.6893,0.4071,0.1721,0.2065,0.2959,0.2609,0.6441,0.2771,0.1278,0.1338,0.3673,0.3043,438,0,extracted,0.3548,0.1304,0.2151,0.2288,0.0724,0.1503
20,2024,53,953,107,394,240,0.252,192,0,0.6893,0.4071,0.1721,0.2065,0.2959,0.2609,0.6441,0.2771,0.1278,0.1338,0.3673,0.3043,438,0,extracted,0.3548,0.1304,0.2151,0.2288,0.0724,0.1503
20,2024,54,953,107,394,240,0.252,192,0,0.6893,0.4071,0.1721,0.2065,0.2959,0.2609,0.6441,0.2771,0.1278,0.1338,0.3673,0.3043,438,0,extracted,0.3548,0.1304,0.2151,0.2288,0.0724,0.1503
20,2024,55,953,107,394,240,0.252,192,0,0.6893,0.4071,0.1721,0.2065,0.2959,0.2609,0.6441,0.2771,0.1278,0.1338,0.3673,0.3043,438,0,extracted,0.3548,0.1304,0.2151,0.2288,0.0724,0.1503
20,2024,56,953,107,448,283,0.297,211,0,0.6819,0.4062,0.1912,0.2057,0.3367,0.3043,0.6441,0.2771,0.1278,0.1338,0.3673,0.3043,438,0,extracted,0.3186,0.125,0.1947,0.2288,0.0724,0.1503
20,2024,57,953,107,448,283,0.297,211,0,0.6819,0.4062,0.1912,0.2057,0.3367,0.3043,0.6441,0.2771,0.1278,0.1338,0.3673,0.3043,438,0,extracted,0.3186,0.125,0.1947,0.2288,0.0724,0.1503
20,2024,58,953,107,448,283,0.297,211,0,0.6819,0.4062,0.1912,0.2057,0.3367,0.3043,0.6441,0.2771,0.1278,0.1338,0.3673,0.3043,438,0,extracted,0.3186,0.125,0.1947,0.2288,0.0724,0.1503
20,2024,59,953,107,448,283,0.297,211,0,0.6819,0.4062,0.1912,0.2057,0.3367,0.3043,0.6441,0.2771,0.1278,0.1338,0.3673,0.3043,438,0,extracted,0.3186,0.125,0.1947,0.2288,0.0724,0.1503
20,2024,60,953,107,448,283,0.297,211,0,0.6819,0.4062,0.1912,0.2057,0.3367,0.3043,0.6441,0.2771,0.1278,0.1338,0.3673,0.3043,438,0,extracted,0.3186,0.125,0.1947,0.2288,0.0724,0.1503
20,2024,61,953,107,448,283,0.297,211,0,0.6819,0.4062,0.1912,0.2057,0.3367,0.3043,0.6441,0.2771,0.1278,0.1338,0.3673,0.3043,438,0,extracted,0.3186,0.125,0.1947,0.2288,0.0724,0.1503
20,2024,62,953,107,498,320,0.336,235,0,0.6778,0.3555,0.1619,0.1848,0.3163,0.3043,0.6441,0.2771,0.1278,0.1338,0.3673,0.3043,438,0,extracted,0.2979,0.1116,0.1957,0.2288,0.0724,0.1503
20,2024,63,953,107,498,320,0.336,235,0,0.6778,0.3555,0.1619,0.1848,0.3163,0.3043,0.6441,0.2771,0.1278,0.1338,0.3673,0.3043,438,0,extracted,0.2979,0.1116,0.1957,0.2288,0.0724,0.1503
20,2024,64,953,107,498,320,0.336,235,0,0.6778,0.3555,0.1619,0.1848,0.3163,0.3043,0.6441,0.2771,0.1278,0.1338,0.3673,0.3043,438,0,extracted,0.2979,0.1116,0.1957,0.2288,0.0724,0.1503
20,2024,65,953,107,498,320,0.336,235,0,0.6778,0.3555,0.1619,0.1848,0.3163,0.3043,0.6441,0.2771,0.1278,0.1338,0.3673,0.3043,438,0,extracted,0.2979,0.1116,0.1957,0.2288,0.0724,0.1503
20,2024,66,953,107,498,320,0.336,235,0,0.6778,0.3555,0.1619,0.1848,0.3163,0.3043,0.6441,0.2771,0.1278,0.1338,0.3673,0.3043,438,0,extracted,0.2979,0.1116,0.1957,0.2288,0.0724,0.1503
20,2024,67,953,107,498,320,0.336,235,0,0.6778,0.3555,0.1619,0.1848,0.3163,0.3043,0.6441,0.2771,0.1278,0.1338,0.3673,0.3043,438,0,extracted,0.2979,0.1116,0.1957,0.2288,0.0724,0.1503
20,2024,68,953,107,540,323,0.339,254,0,0.6805,0.3747,0.1647,0.2248,0.3265,0.2609,0.6441,0.2771,0.1278,0.1338,0.3673,0.3043,438,0,extracted,0.2905,0.1004,0.1909,0.2288,0.0724,0.1503
20,2024,69,953,107,540,323,0.339,254,0,0.6805,0.3747,0.1647,0.2248,0.3265,0.2609,0.6441,0.2771,0.1278,0.1338,0.3673,0.3043,438,0,extracted,0.2905,0.1004,0.1909,0.2288,0.0724,0.1503
20,2024,70,953,107,540,323,0.339,254,0,0.6805,0.3747,0.1647,0.2248,0.3265,0.2609,0.6441,0.2771,0.1278,0.1338,0.3673,0.3043,438,0,extracted,0.2905,0.1004,0.1909,0.2288,0.0724,0.1503
20,2024,71,953,107,540,323,0.339,254,0,0.6805,0.3747,0.1647,0.2248,0.3265,0.2609,0.6441,0.2771,0.1278,0.1338,0.3673,0.3043,438,0,extracted,0.2905,0.1004,0.1909,0.2288,0.0724,0.1503
20,2024,72,953,107,540,323,0.339,254,0,0.6805,0.3747,0.1647,0.2248,0.3265,0.2609,0.6441,0.2771,0.1278,0.1338,0.3673,0.3043,438,0,extracted,0.2905,0.1004,0.1909,0.2288,0.0724,0.1503
20,2024,73,953,107,540,323,0.339,254,0,0.6805,0.3747,0.1647,0.2248,0.3265,0.2609,0.6441,0.2771,0.1278,0.1338,0.3673,0.3043,438,0,extracted,0.2905,0.1004,0.1909,0.2288,0.0724,0.1503
20,2024,74,953,107,586,367,0.385,272,0,0.661,0.3433,0.1336,0.1803,0.2857,0.3478,0.6441,0.2771,0.1278,0.1338,0.3673,0.3043,438,0,extracted,0.2902,0.1028,0.1882,0.2288,0.0724,0.1503
20,2024,75,953,107,586,367,0.385,272,0,0.661,0.3433,0.1336,0.1803,0.2857,0.3478,0.6441,0.2771,0.1278,0.1338,0.3673,0.3043,438,0,extracted,0.2902,0.1028,0.1882,0.2288,0.0724,0.1503
20,2024,76,953,107,586,367,0.385,272,0,0.661,0.3433,0.1336,0.1803,0.2857,0.3478,0.6441,0.2771,0.1278,0.1338,0.3673,0.3043,438,0,extracted,0.2902,0.1028,0.1882,0.2288,0.0724,0.1503
20,2024,77,953,107,586,367,0.385,272,0,0.661,0.3433,0.1336,0.1803,0.2857,0.3478,0.6441,0.2771,0.1278,0.1338,0.3673,0.3043,438,0,extracted,0.2902,0.1028,0.1882,0.2288,0.0724,0.1503
20,2024,78,953,107,586,367,0.385,272,0,0.661,0.3433,0.1336,0.1803,0.2857,0.3478,0.6441,0.2771,0.1278,0.1338,0.3673,0.3043,438,0,extracted,0.2902,0.1028,0.1882,0.2288,0.0724,0.1503
20,2024,79,953,107,586,367,0.385,272,0,0.661,0.3433,0.1336,0.1803,0.2857,0.3478,0.6441,0.2771,0.1278,0.1338,0.3673,0.3043,438,0,extracted,0.2902,0.1028,0.1882,0.2288,0.0724,0.1503
20,2024,80,953,107,656,389,0.408,307,0,0.672,0.3464,0.1449,0.1773,0.3163,0.2609,0.6441,0.2771,0.1278,0.1338,0.3673,0.3043,438,0,extracted,0.2756,0.0794,0.1732,0.2288,0.0724,0.1503
20,2024,81,953,107,656,389,0.408,307,0,0.672,0.3464,0.1449,0.1773,0.3163,0.2609,0.6441,0.2771,0.1278,0.1338,0.3673,0.3043,438,0,extracted,0.2756,0.0794,0.1732,0.2288,0.0724,0.1503
20,2024,82,953,107,656,389,0.408,307,0,0.672,0.3464,0.1449,0.1773,0.3163,0.2609,0.6441,0.2771,0.1278,0.1338,0.3673,0.3043,438,0,extracted,0.2756,0.0794,0.1732,0.2288,0.0724,0.1503
20,2024,83,953,107,656,389,0.408,307,0,0.672,0.3464,0.1449,0.1773,0.3163,0.2609,0.6441,0.2771,0.1278,0.1338,0.3673,0.3043,438,0,extracted,0.2756,0.0794,0.1732,0.2288,0.0724,0.1503
20,2024,84,953,107,656,389,0.408,307,0,0.672,0.3464,0.1449,0.1773,0.3163,0.2609,0.6441,0.2771,0.1278,0.1338,0.3673,0.3043,438,0,extracted,0.2756,0.0794,0.1732,0.2288,0.0724,0.1503
20,2024,85,953,107,656,389,0.408,307,0,0.672,0.3464,0.1449,0.1773,0.3163,0.2609,0.6441,0.2771,0.1278,0.1338,0.3673,0.3043,438,0,extracted,0.2756,0.0794,0.1732,0.2288,0.0724,0.1503
20,2024,86,953,107,726,465,0.488,333,0,0.6595,0.2977,0.1301,0.1751,0.3469,0.3478,0.6441,0.2771,0.1278,0.1338,0.3673,0.3043,438,0,extracted,0.2249,0.0856,0.1581,0.2288,0.0724,0.1503
20,2024,87,953,107,726,465,0.488,333,0,0.6595,0.2977,0.1301,0.1751,0.3469,0.3478,0.6441,0.2771,0.1278,0.1338,0.3673,0.3043,438,0,extracted,0.2249,0.0856,0.1581,0.2288,0.0724,0.1503
20,2024,88,953,107,726,465,0.488,333,0,0.6595,0.2977,0.1301,0.1751,0.3469,0.3478,0.6441,0.2771,0.1278,0.1338,0.3673,0.3043,438,0,extracted,0.2249,0.0856,0.1581,0.2288,0.0724,0.1503
20,2024,89,953,107,726,465,0.488,333,0,0.6595,0.2977,0.1301,0.1751,0.3469,0.3478,0.6441,0.2771,0.1278,0.1338,0.3673,0.3043,438,0,extracted,0.2249,0.0856,0.1581,0.2288,0.0724,0.1503
20,2024,90,953,107,726,465,0.488,333,0,0.6595,0.2977,0.1301,0.1751,0.3469,0.3478,0.6441,0.2771,0.1278,0.1338,0.3673,0.3043,438,0,extracted,0.2249,0.0856,0.1581,0.2288,0.0724,0.1503
20,2024,91,953,107,726,465,0.488,333,0,0.6595,0.2977,0.1301,0.1751,0.3469,0.3478,0.6441,0.2771,0.1278,0.1338,0.3673,0.3043,438,0,extracted,0.2249,0.0856,0.1581,0.2288,0.0724,0.1503
20,2024,92,953,107,860,517,0.542,393,0,0.6573,0.2899,0.1307,0.1564,0.3673,0.3043,0.6441,0.2771,0.1278,0.1338,0.3673,0.3043,438,0,extracted,0.2105,0.0706,0.1579,0.2288,0.0724,0.1503
20,2024,93,953,107,860,517,0.542,393,0,0.6573,0.2899,0.1307,0.1564,0.3673,0.3043,0.6441,0.2771,0.1278,0.1338,0.3673,0.3043,438,0,extracted,0.2105,0.0706,0.1579,0.2288,0.0724,0.1503
20,2024,94,953,107,860,517,0.542,393,0,0.6573,0.2899,0.1307,0.1564,0.3673,0.3043,0.6441,0.2771,0.1278,0.1338,0.3673,0.3043,438,0,extracted,0.2105,0.0706,0.1579,0.2288,0.0724,0.1503
20,2024,95,953,107,860,517,0.542,393,0,0.6573,0.2899,0.1307,0.1564,0.3673,0.3043,0.6441,0.2771,0.1278,0.1338,0.3673,0.3043,438,0,extracted,0.2105,0.0706,0.1579,0.2288,0.0724,0.1503
20,2024,96,953,107,860,517,0.542,393,0,0.6573,0.2899,0.1307,0.1564,0.3673,0.3043,0.6441,0.2771,0.1278,0.1338,0.3673,0.3043,438,0,extracted,0.2105,0.0706,0.1579,0.2288,0.0724,0.1503
20,2024,97,953,107,860,517,0.542,393,0,0.6573,0.2899,0.1307,0.1564,0.3673,0.3043,0.6441,0.2771,0.1278,0.1338,0.3673,0.3043,438,0,extracted,0.2105,0.0706,0.1579,0.2288,0.0724,0.1503
20,2024,98,953,107,941,588,0.617,427,0,0.6591,0.262,0.1226,0.1397,0.398,0.3913,0.6441,0.2771,0.1278,0.1338,0.3673,0.3043,438,0,extracted,0.2016,0.0727,0.1292,0.2288,0.0724,0.1503
20,2024,99,953,107,941,588,0.617,427,0,0.6591,0.262,0.1226,0.1397,0.398,0.3913,0.6441,0.2771,0.1278,0.1338,0.3673,0.3043,438,0,extracted,0.2016,0.0727,0.1292,0.2288,0.0724,0.1503
20,2024,100,953,107,941,588,0.617,427,0,0.6591,0.262,0.1226,0.1397,0.398,0.3913,0.6441,0.2771,0.1278,0.1338,0.3673,0.3043,438,0,extracted,0.2016,0.0727,0.1292,0.2288,0.0724,0.1503
21,2024,1,432,63,44,40,0.093,19,0,0.6341,0.2913,0.0792,0.2136,0.069,0.05,0.7096,0.2819,0.1351,0.1812,0.3448,0.5,187,0,extracted,0.3143,0.1176,0.2857,0.306,0.0994,0.1967
21,2024,2,432,63,44,40,0.093,19,0,0.6341,0.2913,0.0792,0.2136,0.069,0.05,0.7096,0.2819,0.1351,0.1812,0.3448,0.5,187,0,extracted,0.3143,0.1176,0.2857,0.306,0.0994,0.1967
21,2024,3,432,63,44,40,0.093,19,0,0.6341,0.2913,0.0792,0.2136,0.069,0.05,0.7096,0.2819,0.1351,0.1812,0.3448,0.5,187,0,extracted,0.3143,0.1176,0.2857,0.306,0.0994,0.1967
21,2024,4,432,63,44,40,0.093,19,0,0.6341,0.2913,0.0792,0.2136,0.069,0.05,0.7096,0.2819,0.1351,0.1812,0.3448,0.5,187,0,extracted,0.3143,0.1176,0.2857,0.306,0.0994,0.1967
21,2024,5,432,63,44,40,0.093,19,0,0.6341,0.2913,0.0792,0.2136,0.069,0.05,0.7096,0.2819,0.1351,0.1812,0.3448,0.5,187,0,extracted,0.3143,0.1176,0.2857,0.306,0.0994,0.1967
21,2024,6,432,63,44,40,0.093,19,0,0.6341,0.2913,0.0792,0.2136,0.069,0.05,0.7096,0.2819,0.1351,0.1812,0.3448,0.5,187,0,extracted,0.3143,0.1176,0.2857,0.306,0.0994,0.1967
21,2024,7,432,63,44,40,0.093,19,0,0.6341,0.2913,0.0792,0.2136,0.069,0.05,0.7096,0.2819,0.1351,0.1812,0.3448,0.5,187,0,extracted,0.3143,0.1176,0.2857,0.306,0.0994,0.1967
21,2024,8,432,63,44,40,0.093,19,0,0.6341,0.2913,0.0792,0.2136,0.069,0.05,0.7096,0.2819,0.1351,0.1812,0.3448,0.5,187,0,extracted,0.3143,0.1176,0.2857,0.306,0.0994,0.1967
21,2024,9,432,63,44,40,0.093,19,0,0.6341,0.2913,0.0792,0.2136,0.069,0.05,0.7096,0.2819,0.1351,0.1812,0.3448,0.5,187,0,extracted,0.3143,0.1176,0.2857,0.306,0.0994,0.1967
21,2024,10,432,63,44,40,0.093,19,0,0.6341,0.2913,0.0792,0.2136,0.069,0.05,0.7096,0.2819,0.1351,0.1812,0.3448,0.5,187,0,extracted,0.3143,0.1176,0.2857,0.306,0.0994,0.1967
21,2024,11,432,63,44,40,0.093,19,0,0.6341,0.2913,0.0792,0.2136,0.069,0.05,0.7096,0.2819,0.1351,0.1812,0.3448,0.5,187,0,extracted,0.3143,0.1176,0.2857,0.306,0.0994,0.1967
21,2024,12,432,63,44,40,0.093,19,0,0.6341,0.2913,0.0792,0.2136,0.069,0.05,0.7096,0.2819,0.1351,0.1812,0.3448,0.5,187,0,extracted,0.3143,0.1176,0.2857,0.306,0.0994,0.1967
21,2024,13,432,63,44,40,0.093,19,0,0.6341,0.2913,0.0792,0.2136,0.069,0.05,0.7096,0.2819,0.1351,0.1812,0.3448,0.5,187,0,extracted,0.3143,0.1176,0.2857,0.306,0.0994,0.1967
21,2024,14,432,63,44,40,0.093,19,0,0.6341,0.2913,0.0792,0.2136,0.069,0.05,0.7096,0.2819,0.1351,0.1812,0.3448,0.5,187,0,extracted,0.3143,0.1176,0.2857,0.306,0.0994,0.1967
21,2024,15,432,63,44,40,0.093,19,0,0.6341,0.2913,0.0792,0.2136,0.069,0.05,0.7096,0.2819,0.1351,0.1812,0.3448,0.5,187,0,extracted,0.3143,0.1176,0.2857,0.306,0.0994,0.1967
21,2024,16,432,63,44,40,0.093,19,0,0.6341,0.2913,0.0792,0.2136,0.069,0.05,0.7096,0.2819,0.1351,0.1812,0.3448,0.5,187,0,extracted,0.3143,0.1176,0.2857,0.306,0.0994,0.1967
21,2024,17,432,63,44,40,0.093,19,0,0.6341,0.2913,0.0792,0.2136,0.069,0.05,0.7096,0.2819,0.1351,0.1812,0.3448,0.5,187,0,extracted,0.3143,0.1176,0.2857,0.306,0.0994,0.1967
21,2024,18,432,63,44,40,0.093,19,0,0.6341,0.2913,0.0792,0.2136,0.069,0.05,0.7096,0.2819,0.1351,0.1812,0.3448,0.5,187,0,extracted,0.3143,0.1176,0.2857,0.306,0.0994,0.1967
21,2024,19,432,63,44,40,0.093,19,0,0.6341,0.2913,0.0792,0.2136,0.069,0.05,0.7096,0.2819,0.1351,0.1812,0.3448,0.5,187,0,extracted,0.3143,0.1176,0.2857,0.306,0.0994,0.1967
21,2024,20,432,63,44,40,0.093,19,0,0.6341,0.2913,0.0792,0.2136,0.069,0.05,0.7096,0.2819,0.1351,0.1812,0.3448,0.5,187,0,extracted,0.3143,0.1176,0.2857,0.306,0.0994,0.1967
21,2024,21,432,63,44,40,0.093,19,0,0.6341,0.2913,0.0792,0.2136,0.069,0.05,0.7096,0.2819,0.1351,0.1812,0.3448,0.5,187,0,extracted,0.3143,0.1176,0.2857,0.306,0.0994,0.1967
21,2024,22,432,63,108,58,0.134,49,0,0.6996,0.3967,0.1849,0.2645,0.1897,0.3,0.7096,0.2819,0.1351,0.1812,0.3448,0.5,187,0,extracted,0.3704,0.1266,0.2222,0.306,0.0994,0.1967
21,2024,23,432,63,108,58,0.134,49,0,0.6996,0.3967,0.1849,0.2645,0.1897,0.3,0.7096,0.2819,0.1351,0.1812,0.3448,0.5,187,0,extracted,0.3704,0.1266,0.2222,0.306,0.0994,0.1967
21,2024,24,432,63,108,58,0.134,49,0,0.6996,0.3967,0.1849,0.2645,0.1897,0.3,0.7096,0.2819,0.1351,0.1812,0.3448,0.5,187,0,extracted,0.3704,0.1266,0.2222,0.306,0.0994,0.1967
21,2024,25,432,63,108,58,0.134,49,0,0.6996,0.3967,0.1849,0.2645,0.1897,0.3,0.7096,0.2819,0.1351,0.1812,0.3448,0.5,187,0,extracted,0.3704,0.1266,0.2222,0.306,0.0994,0.1967
21,2024,26,432,63,108,58,0.134,49,0,0.6996,0.3967,0.1849,0.2645,0.1897,0.3,0.7096,0.2819,0.1351,0.1812,0.3448,0.5,187,0,extracted,0.3704,0.1266,0.2222,0.306,0.0994,0.1967
21,2024,27,432,63,108,58,0.134,49,0,0.6996,0.3967,0.1849,0.2645,0.1897,0.3,0.7096,0.2819,0.1351,0.1812,0.3448,0.5,187,0,extracted,0.3704,0.1266,0.2222,0.306,0.0994,0.1967
21,2024,28,432,63,108,58,0.134,49,0,0.6996,0.3967,0.1849,0.2645,0.1897,0.3,0.7096,0.2819,0.1351,0.1812,0.3448,0.5,187,0,extracted,0.3704,0.1266,0.2222,0.306,0.0994,0.1967
21,2024,29,432,63,108,58,0.134,49,0,0.6996,0.3967,0.1849,0.2645,0.1897,0.3,0.7096,0.2819,0.1351,0.1812,0.3448,0.5,187,0,extracted,0.3704,0.1266,0.2222,0.306,0.0994,0.1967
21,2024,30,432,63,108,58,0.134,49,0,0.6996,0.3967,0.1849,0.2645,0.1897,0.3,0.7096,0.2819,0.1351,0.1812,0.3448,0.5,187,0,extracted,0.3704,0.1266,0.2222,0.306,0.0994,0.1967
21,2024,31,432,63,108,58,0.134,49,0,0.6996,0.3967,0.1849,0.2645,0.1897,0.3,0.7096,0.2819,0.1351,0.1812,0.3448,0.5,187,0,extracted,0.3704,0.1266,0.2222,0.306,0.0994,0.1967
21,2024,32,432,63,108,58,0.134,49,0,0.6996,0.3967,0.1849,0.2645,0.1897,0.3,0.7096,0.2819,0.1351,0.1812,0.3448,0.5,187,0,extracted,0.3704,0.1266,0.2222,0.306,0.0994,0.1967
21,2024,33,432,63,108,58,0.134,49,0,0.6996,0.3967,0.1849,0.2645,0.1897,0.3,0.7096,0.2819,0.1351,0.1812,0.3448,0.5,187,0,extracted,0.3704,0.1266,0.2222,0.306,0.0994,0.1967
21,2024,34,432,63,108,58,0.134,49,0,0.6996,0.3967,0.1849,0.2645,0.1897,0.3,0.7096,0.2819,0.1351,0.1812,0.3448,0.5,187,0,extracted,0.3704,0.1266,0.2222,0.306,0.0994,0.1967
21,2024,35,432,63,108,58,0.134,49,0,0.6996,0.3967,0.1849,0.2645,0.1897,0.3,0.7096,0.2819,0.1351,0.1812,0.3448,0.5,187,0,extracted,0.3704,0.1266,0.2222,0.306,0.0994,0.1967
21,2024,36,432,63,157,92,0.213,73,0,0.6874,0.4258,0.183,0.2839,0.2241,0.3,0.7096,0.2819,0.1351,0.1812,0.3448,0.5,187,0,extracted,0.4038,0.1373,0.2692,0.306,0.0994,0.1967
21,2024,37,432,63,157,92,0.213,73,0,0.6874,0.4258,0.183,0.2839,0.2241,0.3,0.7096,0.2819,0.1351,0.1812,0.3448,0.5,187,0,extracted,0.4038,0.1373,0.2692,0.306,0.0994,0.1967
21,2024,38,432,63,157,92,0.213,73,0,0.6874,0.4258,0.183,0.2839,0.2241,0.3,0.7096,0.2819,0.1351,0.1812,0.3448,0.5,187,0,extracted,0.4038,0.1373,0.2692,0.306,0.0994,0.1967
21,2024,39,432,63,157,92,0.213,73,0,0.6874,0.4258,0.183,0.2839,0.2241,0.3,0.7096,0.2819,0.1351,0.1812,0.3448,0.5,187,0,extracted,0.4038,0.1373,0.2692,0.306,0.0994,0.1967
21,2024,40,432,63,157,92,0.213,73,0,0.6874,0.4258,0.183,0.2839,0.2241,0.3,0.7096,0.2819,0.1351,0.1812,0.3448,0.5,187,0,extracted,0.4038,0.1373,0.2692,0.306,0.0994,0.1967
21,2024,41,432,63,157,92,0.213,73,0,0.6874,0.4258,0.183,0.2839,0.2241,0.3,0.7096,0.2819,0.1351,0.1812,0.3448,0.5,187,0,extracted,0.4038,0.1373,0.2692,0.306,0.0994,0.1967
21,2024,42,432,63,157,92,0.213,73,0,0.6874,0.4258,0.183,0.2839,0.2241,0.3,0.7096,0.2819,0.1351,0.1812,0.3448,0.5,187,0,extracted,0.4038,0.1373,0.2692,0.306,0.0994,0.1967
21,2024,43,432,63,157,92,0.213,73,0,0.6874,0.4258,0.183,0.2839,0.2241,0.3,0.7096,0.2819,0.1351,0.1812,0.3448,0.5,187,0,extracted,0.4038,0.1373,0.2692,0.306,0.0994,0.1967
21,2024,44,432,63,157,92,0.213,73,0,0.6874,0.4258,0.183,0.2839,0.2241,0.3,0.7096,0.2819,0.1351,0.1812,0.3448,0.5,187,0,extracted,0.4038,0.1373,0.2692,0.306,0.0994,0.1967
21,2024,45,432,63,157,92,0.213,73,0,0.6874,0.4258,0.183,0.2839,0.2241,0.3,0.7096,0.2819,0.1351,0.1812,0.3448,0.5,187,0,extracted,0.4038,0.1373,0.2692,0.306,0.0994,0.1967
21,2024,46,432,63,157,92,0.213,73,0,0.6874,0.4258,0.183,0.2839,0.2241,0.3,0.7096,0.2819,0.1351,0.1812,0.3448,0.5,187,0,extracted,0.4038,0.1373,0.2692,0.306,0.0994,0.1967
21,2024,47,432,63,157,92,0.213,73,0,0.6874,0.4258,0.183,0.2839,0.2241,0.3,0.7096,0.2819,0.1351,0.1812,0.3448,0.5,187,0,extracted,0.4038,0.1373,0.2692,0.306,0.0994,0.1967
21,2024,48,432,63,157,92,0.213,73,0,0.6874,0.4258,0.183,0.2839,0.2241,0.3,0.7096,0.2819,0.1351,0.1812,0.3448,0.5,187,0,extracted,0.4038,0.1373,0.2692,0.306,0.0994,0.1967
21,2024,49,432,63,157,92,0.213,73,0,0.6874,0.4258,0.183,0.2839,0.2241,0.3,0.7096,0.2819,0.1351,0.1812,0.3448,0.5,187,0,extracted,0.4038,0.1373,0.2692,0.306,0.0994,0.1967
21,2024,50,432,63,209,123,0.285,92,0,0.6899,0.3587,0.1758,0.2717,0.2586,0.3,0.7096,0.2819,0.1351,0.1812,0.3448,0.5,187,0,extracted,0.3729,0.1552,0.2881,0.306,0.0994,0.1967
21,2024,51,432,63,209,123,0.285,92,0,0.6899,0.3587,0.1758,0.2717,0.2586,0.3,0.7096,0.2819,0.1351,0.1812,0.3448,0.5,187,0,extracted,0.3729,0.1552,0.2881,0.306,0.0994,0.1967
21,2024,52,432,63,209,123,0.285,92,0,0.6899,0.3587,0.1758,0.2717,0.2586,0.3,0.7096,0.2819,0.1351,0.1812,0.3448,0.5,187,0,extracted,0.3729,0.1552,0.2881,0.306,0.0994,0.1967
21,2024,53,432,63,209,123,0.285,92,0,0.6899,0.3587,0.1758,0.2717,0.2586,0.3,0.7096,0.2819,0.1351,0.1812,0.3448,0.5,187,0,extracted,0.3729,0.1552,0.2881,0.306,0.0994,0.1967
21,2024,54,432,63,209,123,0.285,92,0,0.6899,0.3587,0.1758,0.2717,0.2586,0.3,0.7096,0.2819,0.1351,0.1812,0.3448,0.5,187,0,extracted,0.3729,0.1552,0.2881,0.306,0.0994,0.1967
21,2024,55,432,63,209,123,0.285,92,0,0.6899,0.3587,0.1758,0.2717,0.2586,0.3,0.7096,0.2819,0.1351,0.1812,0.3448,0.5,187,0,extracted,0.3729,0.1552,0.2881,0.306,0.0994,0.1967
21,2024,56,432,63,209,123,0.285,92,0,0.6899,0.3587,0.1758,0.2717,0.2586,0.3,0.7096,0.2819,0.1351,0.1812,0.3448,0.5,187,0,extracted,0.3729,0.1552,0.2881,0.306,0.0994,0.1967
21,2024,57,432,63,209,123,0.285,92,0,0.6899,0.3587,0.1758,0.2717,0.2586,0.3,0.7096,0.2819,0.1351,0.1812,0.3448,0.5,187,0,extracted,0.3729,0.1552,0.2881,0.306,0.0994,0.1967
21,2024,58,432,63,209,123,0.285,92,0,0.6899,0.3587,0.1758,0.2717,0.2586,0.3,0.7096,0.2819,0.1351,0.1812,0.3448,0.5,187,0,extracted,0.3729,0.1552,0.2881,0.306,0.0994,0.1967
21,2024,59,432,63,209,123,0.285,92,0,0.6899,0.3587,0.1758,0.2717,0.2586,0.3,0.7096,0.2819,0.1351,0.1812,0.3448,0.5,187,0,extracted,0.3729,0.1552,0.2881,0.306,0.0994,0.1967
21,2024,60,432,63,209,123,0.285,92,0,0.6899,0.3587,0.1758,0.2717,0.2586,0.3,0.7096,0.2819,0.1351,0.1812,0.3448,0.5,187,0,extracted,0.3729,0.1552,0.2881,0.306,0.0994,0.1967
21,2024,61,432,63,209,123,0.285,92,0,0.6899,0.3587,0.1758,0.2717,0.2586,0.3,0.7096,0.2819,0.1351,0.1812,0.3448,0.5,187,0,extracted,0.3729,0.1552,0.2881,0.306,0.0994,0.1967
21,2024,62,432,63,209,123,0.285,92,0,0.6899,0.3587,0.1758,0.2717,0.2586,0.3,0.7096,0.2819,0.1351,0.1812,0.3448,0.5,187,0,extracted,0.3729,0.1552,0.2881,0.306,0.0994,0.1967
21,2024,63,432,63,209,123,0.285,92,0,0.6899,0.3587,0.1758,0.2717,0.2586,0.3,0.7096,0.2819,0.1351,0.1812,0.3448,0.5,187,0,extracted,0.3729,0.1552,0.2881,0.306,0.0994,0.1967
21,2024,64,432,63,209,123,0.285,92,0,0.6899,0.3587,0.1758,0.2717,0.2586,0.3,0.7096,0.2819,0.1351,0.1812,0.3448,0.5,187,0,extracted,0.3729,0.1552,0.2881,0.306,0.0994,0.1967
21,2024,65,432,63,265,148,0.343,111,0,0.6877,0.322,0.1576,0.2439,0.2586,0.3,0.7096,0.2819,0.1351,0.1812,0.3448,0.5,187,0,extracted,0.3607,0.15,0.2787,0.306,0.0994,0.1967
21,2024,66,432,63,265,148,0.343,111,0,0.6877,0.322,0.1576,0.2439,0.2586,0.3,0.7096,0.2819,0.1351,0.1812,0.3448,0.5,187,0,extracted,0.3607,0.15,0.2787,0.306,0.0994,0.1967
21,2024,67,432,63,265,148,0.343,111,0,0.6877,0.322,0.1576,0.2439,0.2586,0.3,0.7096,0.2819,0.1351,0.1812,0.3448,0.5,187,0,extracted,0.3607,0.15,0.2787,0.306,0.0994,0.1967
21,2024,68,432,63,265,148,0.343,111,0,0.6877,0.322,0.1576,0.2439,0.2586,0.3,0.7096,0.2819,0.1351,0.1812,0.3448,0.5,187,0,extracted,0.3607,0.15,0.2787,0.306,0.0994,0.1967
21,2024,69,432,63,265,148,0.343,111,0,0.6877,0.322,0.1576,0.2439,0.2586,0.3,0.7096,0.2819,0.1351,0.1812,0.3448,0.5,187,0,extracted,0.3607,0.15,0.2787,0.306,0.0994,0.1967
21,2024,70,432,63,265,148,0.343,111,0,0.6877,0.322,0.1576,0.2439,0.2586,0.3,0.7096,0.2819,0.1351,0.1812,0.3448,0.5,187,0,extracted,0.3607,0.15,0.2787,0.306,0.0994,0.1967
21,2024,71,432,63,265,148,0.343,111,0,0.6877,0.322,0.1576,0.2439,0.2586,0.3,0.7096,0.2819,0.1351,0.1812,0.3448,0.5,187,0,extracted,0.3607,0.15,0.2787,0.306,0.0994,0.1967
21,2024,72,432,63,265,148,0.343,111,0,0.6877,0.322,0.1576,0.2439,0.2586,0.3,0.7096,0.2819,0.1351,0.1812,0.3448,0.5,187,0,extracted,0.3607,0.15,0.2787,0.306,0.0994,0.1967
21,2024,73,432,63,265,148,0.343,111,0,0.6877,0.322,0.1576,0.2439,0.2586,0.3,0.7096,0.2819,0.1351,0.1812,0.3448,0.5,187,0,extracted,0.3607,0.15,0.2787,0.306,0.0994,0.1967
21,2024,74,432,63,265,148,0.343,111,0,0.6877,0.322,0.1576,0.2439,0.2586,0.3,0.7096,0.2819,0.1351,0.1812,0.3448,0.5,187,0,extracted,0.3607,0.15,0.2787,0.306,0.0994,0.1967
21,2024,75,432,63,265,148,0.343,111,0,0.6877,0.322,0.1576,0.2439,0.2586,0.3,0.7096,0.2819,0.1351,0.1812,0.3448,0.5,187,0,extracted,0.3607,0.15,0.2787,0.306,0.0994,0.1967
21,2024,76,432,63,265,148,0.343,111,0,0.6877,0.322,0.1576,0.2439,0.2586,0.3,0.7096,0.2819,0.1351,0.1812,0.3448,0.5,187,0,extracted,0.3607,0.15,0.2787,0.306,0.0994,0.1967
21,2024,77,432,63,265,148,0.343,111,0,0.6877,0.322,0.1576,0.2439,0.2586,0.3,0.7096,0.2819,0.1351,0.1812,0.3448,0.5,187,0,extracted,0.3607,0.15,0.2787,0.306,0.0994,0.1967
21,2024,78,432,63,265,148,0.343,111,0,0.6877,0.322,0.1576,0.2439,0.2586,0.3,0.7096,0.2819,0.1351,0.1812,0.3448,0.5,187,0,extracted,0.3607,0.15,0.2787,0.306,0.0994,0.1967
21,2024,79,432,63,345,184,0.426,146,0,0.6855,0.3,0.1513,0.1917,0.2931,0.4,0.7096,0.2819,0.1351,0.1812,0.3448,0.5,187,0,extracted,0.3265,0.1379,0.2041,0.306,0.0994,0.1967
21,2024,80,432,63,345,184,0.426,146,0,0.6855,0.3,0.1513,0.1917,0.2931,0.4,0.7096,0.2819,0.1351,0.1812,0.3448,0.5,187,0,extracted,0.3265,0.1379,0.2041,0.306,0.0994,0.1967
21,2024,81,432,63,345,184,0.426,146,0,0.6855,0.3,0.1513,0.1917,0.2931,0.4,0.7096,0.2819,0.1351,0.1812,0.3448,0.5,187,0,extracted,0.3265,0.1379,0.2041,0.306,0.0994,0.1967
21,2024,82,432,63,345,184,0.426,146,0,0.6855,0.3,0.1513,0.1917,0.2931,0.4,0.7096,0.2819,0.1351,0.1812,0.3448,0.5,187,0,extracted,0.3265,0.1379,0.2041,0.306,0.0994,0.1967
21,2024,83,432,63,345,184,0.426,146,0,0.6855,0.3,0.1513,0.1917,0.2931,0.4,0.7096,0.2819,0.1351,0.1812,0.3448,0.5,187,0,extracted,0.3265,0.1379,0.2041,0.306,0.0994,0.1967
21,2024,84,432,63,345,184,0.426,146,0,0.6855,0.3,0.1513,0.1917,0.2931,0.4,0.7096,0.2819,0.1351,0.1812,0.3448,0.5,187,0,extracted,0.3265,0.1379,0.2041,0.306,0.0994,0.1967
21,2024,85,432,63,345,184,0.426,146,0,0.6855,0.3,0.1513,0.1917,0.2931,0.4,0.7096,0.2819,0.1351,0.1812,0.3448,0.5,187,0,extracted,0.3265,0.1379,0.2041,0.306,0.0994,0.1967
21,2024,86,432,63,345,184,0.426,146,0,0.6855,0.3,0.1513,0.1917,0.2931,0.4,0.7096,0.2819,0.1351,0.1812,0.3448,0.5,187,0,extracted,0.3265,0.1379,0.2041,0.306,0.0994,0.1967
21,2024,87,432,63,345,184,0.426,146,0,0.6855,0.3,0.1513,0.1917,0.2931,0.4,0.7096,0.2819,0.1351,0.1812,0.3448,0.5,187,0,extracted,0.3265,0.1379,0.2041,0.306,0.0994,0.1967
21,2024,88,432,63,345,184,0.426,146,0,0.6855,0.3,0.1513,0.1917,0.2931,0.4,0.7096,0.2819,0.1351,0.1812,0.3448,0.5,187,0,extracted,0.3265,0.1379,0.2041,0.306,0.0994,0.1967
21,2024,89,432,63,345,184,0.426,146,0,0.6855,0.3,0.1513,0.1917,0.2931,0.4,0.7096,0.2819,0.1351,0.1812,0.3448,0.5,187,0,extracted,0.3265,0.1379,0.2041,0.306,0.0994,0.1967
21,2024,90,432,63,345,184,0.426,146,0,0.6855,0.3,0.1513,0.1917,0.2931,0.4,0.7096,0.2819,0.1351,0.1812,0.3448,0.5,187,0,extracted,0.3265,0.1379,0.2041,0.306,0.0994,0.1967
21,2024,91,432,63,345,184,0.426,146,0,0.6855,0.3,0.1513,0.1917,0.2931,0.4,0.7096,0.2819,0.1351,0.1812,0.3448,0.5,187,0,extracted,0.3265,0.1379,0.2041,0.306,0.0994,0.1967
21,2024,92,432,63,345,184,0.426,146,0,0.6855,0.3,0.1513,0.1917,0.2931,0.4,0.7096,0.2819,0.1351,0.1812,0.3448,0.5,187,0,extracted,0.3265,0.1379,0.2041,0.306,0.0994,0.1967
21,2024,93,432,63,427,242,0.56,183,0,0.7041,0.3087,0.1419,0.2013,0.3448,0.5,0.7096,0.2819,0.1351,0.1812,0.3448,0.5,187,0,extracted,0.3169,0.0884,0.2077,0.306,0.0994,0.1967
21,2024,94,432,63,427,242,0.56,183,0,0.7041,0.3087,0.1419,0.2013,0.3448,0.5,0.7096,0.2819,0.1351,0.1812,0.3448,0.5,187,0,extracted,0.3169,0.0884,0.2077,0.306,0.0994,0.1967
21,2024,95,432,63,427,242,0.56,183,0,0.7041,0.3087,0.1419,0.2013,0.3448,0.5,0.7096,0.2819,0.1351,0.1812,0.3448,0.5,187,0,extracted,0.3169,0.0884,0.2077,0.306,0.0994,0.1967
21,2024,96,432,63,427,242,0.56,183,0,0.7041,0.3087,0.1419,0.2013,0.3448,0.5,0.7096,0.2819,0.1351,0.1812,0.3448,0.5,187,0,extracted,0.3169,0.0884,0.2077,0.306,0.0994,0.1967
21,2024,97,432,63,427,242,0.56,183,0,0.7041,0.3087,0.1419,0.2013,0.3448,0.5,0.7096,0.2819,0.1351,0.1812,0.3448,0.5,187,0,extracted,0.3169,0.0884,0.2077,0.306,0.0994,0.1967
21,2024,98,432,63,427,242,0.56,183,0,0.7041,0.3087,0.1419,0.2013,0.3448,0.5,0.7096,0.2819,0.1351,0.1812,0.3448,0.5,187,0,extracted,0.3169,0.0884,0.2077,0.306,0.0994,0.1967
21,2024,99,432,63,427,242,0.56,183,0,0.7041,0.3087,0.1419,0.2013,0.3448,0.5,0.7096,0.2819,0.1351,0.1812,0.3448,0.5,187,0,extracted,0.3169,0.0884,0.2077,0.306,0.0994,0.1967
21,2024,100,432,63,427,242,0.56,183,0,0.7041,0.3087,0.1419,0.2013,0.3448,0.5,0.7096,0.2819,0.1351,0.1812,0.3448,0.5,187,0,extracted,0.3169,0.0884,0.2077,0.306,0.0994,0.1967
22,2024,1,738,51,19,19,0.026,12,0,0.5865,0.1714,0.0,0.1143,0.0,0.0,0.6261,0.1623,0.0749,0.1053,0.2979,0.3571,353,0,extracted,0.1429,0.0,0.1429,0.1339,0.0476,0.0945
22,2024,2,738,51,19,19,0.026,12,0,0.5865,0.1714,0.0,0.1143,0.0,0.0,0.6261,0.1623,0.0749,0.1053,0.2979,0.3571,353,0,extracted,0.1429,0.0,0.1429,0.1339,0.0476,0.0945
22,2024,3,738,51,19,19,0.026,12,0,0.5865,0.1714,0.0,0.1143,0.0,0.0,0.6261,0.1623,0.0749,0.1053,0.2979,0.3571,353,0,extracted,0.1429,0.0,0.1429,0.1339,0.0476,0.0945
22,2024,4,738,51,19,19,0.026,12,0,0.5865,0.1714,0.0,0.1143,0.0,0.0,0.6261,0.1623,0.0749,0.1053,0.2979,0.3571,353,0,extracted,0.1429,0.0,0.1429,0.1339,0.0476,0.0945
22,2024,5,738,51,19,19,0.026,12,0,0.5865,0.1714,0.0,0.1143,0.0,0.0,0.6261,0.1623,0.0749,0.1053,0.2979,0.3571,353,0,extracted,0.1429,0.0,0.1429,0.1339,0.0476,0.0945
22,2024,6,738,51,19,19,0.026,12,0,0.5865,0.1714,0.0,0.1143,0.0,0.0,0.6261,0.1623,0.0749,0.1053,0.2979,0.3571,353,0,extracted,0.1429,0.0,0.1429,0.1339,0.0476,0.0945
22,2024,7,738,51,19,19,0.026,12,0,0.5865,0.1714,0.0,0.1143,0.0,0.0,0.6261,0.1623,0.0749,0.1053,0.2979,0.3571,353,0,extracted,0.1429,0.0,0.1429,0.1339,0.0476,0.0945
22,2024,8,738,51,19,19,0.026,12,0,0.5865,0.1714,0.0,0.1143,0.0,0.0,0.6261,0.1623,0.0749,0.1053,0.2979,0.3571,353,0,extracted,0.1429,0.0,0.1429,0.1339,0.0476,0.0945
22,2024,9,738,51,19,19,0.026,12,0,0.5865,0.1714,0.0,0.1143,0.0,0.0,0.6261,0.1623,0.0749,0.1053,0.2979,0.3571,353,0,extracted,0.1429,0.0,0.1429,0.1339,0.0476,0.0945
22,2024,10,738,51,36,36,0.049,18,0,0.5774,0.1839,0.0,0.1149,0.0,0.0,0.6261,0.1623,0.0749,0.1053,0.2979,0.3571,353,0,extracted,0.1887,0.0,0.1509,0.1339,0.0476,0.0945
22,2024,11,738,51,36,36,0.049,18,0,0.5774,0.1839,0.0,0.1149,0.0,0.0,0.6261,0.1623,0.0749,0.1053,0.2979,0.3571,353,0,extracted,0.1887,0.0,0.1509,0.1339,0.0476,0.0945
22,2024,12,738,51,36,36,0.049,18,0,0.5774,0.1839,0.0,0.1149,0.0,0.0,0.6261,0.1623,0.0749,0.1053,0.2979,0.3571,353,0,extracted,0.1887,0.0,0.1509,0.1339,0.0476,0.0945
22,2024,13,738,51,36,36,0.049,18,0,0.5774,0.1839,0.0,0.1149,0.0,0.0,0.6261,0.1623,0.0749,0.1053,0.2979,0.3571,353,0,extracted,0.1887,0.0,0.1509,0.1339,0.0476,0.0945
22,2024,14,738,51,36,36,0.049,18,0,0.5774,0.1839,0.0,0.1149,0.0,0.0,0.6261,0.1623,0.0749,0.1053,0.2979,0.3571,353,0,extracted,0.1887,0.0,0.1509,0.1339,0.0476,0.0945
22,2024,15,738,51,36,36,0.049,18,0,0.5774,0.1839,0.0,0.1149,0.0,0.0,0.6261,0.1623,0.0749,0.1053,0.2979,0.3571,353,0,extracted,0.1887,0.0,0.1509,0.1339,0.0476,0.0945
22,2024,16,738,51,57,40,0.054,27,0,0.6303,0.2637,0.0674,0.1538,0.0638,0.1429,0.6261,0.1623,0.0749,0.1053,0.2979,0.3571,353,0,extracted,0.3158,0.0727,0.1754,0.1339,0.0476,0.0945
22,2024,17,738,51,57,40,0.054,27,0,0.6303,0.2637,0.0674,0.1538,0.0638,0.1429,0.6261,0.1623,0.0749,0.1053,0.2979,0.3571,353,0,extracted,0.3158,0.0727,0.1754,0.1339,0.0476,0.0945
22,2024,18,738,51,57,40,0.054,27,0,0.6303,0.2637,0.0674,0.1538,0.0638,0.1429,0.6261,0.1623,0.0749,0.1053,0.2979,0.3571,353,0,extracted,0.3158,0.0727,0.1754,0.1339,0.0476,0.0945
22,2024,19,738,51,57,40,0.054,27,0,0.6303,0.2637,0.0674,0.1538,0.0638,0.1429,0.6261,0.1623,0.0749,0.1053,0.2979,0.3571,353,0,extracted,0.3158,0.0727,0.1754,0.1339,0.0476,0.0945
22,2024,20,738,51,57,40,0.054,27,0,0.6303,0.2637,0.0674,0.1538,0.0638,0.1429,0.6261,0.1623,0.0749,0.1053,0.2979,0.3571,353,0,extracted,0.3158,0.0727,0.1754,0.1339,0.0476,0.0945
22,2024,21,738,51,57,40,0.054,27,0,0.6303,0.2637,0.0674,0.1538,0.0638,0.1429,0.6261,0.1623,0.0749,0.1053,0.2979,0.3571,353,0,extracted,0.3158,0.0727,0.1754,0.1339,0.0476,0.0945
22,2024,22,738,51,82,46,0.062,42,0,0.6074,0.2474,0.0842,0.1856,0.0851,0.1429,0.6261,0.1623,0.0749,0.1053,0.2979,0.3571,353,0,extracted,0.2759,0.1071,0.2069,0.1339,0.0476,0.0945
22,2024,23,738,51,82,46,0.062,42,0,0.6074,0.2474,0.0842,0.1856,0.0851,0.1429,0.6261,0.1623,0.0749,0.1053,0.2979,0.3571,353,0,extracted,0.2759,0.1071,0.2069,0.1339,0.0476,0.0945
22,2024,24,738,51,82,46,0.062,42,0,0.6074,0.2474,0.0842,0.1856,0.0851,0.1429,0.6261,0.1623,0.0749,0.1053,0.2979,0.3571,353,0,extracted,0.2759,0.1071,0.2069,0.1339,0.0476,0.0945
22,2024,25,738,51,82,46,0.062,42,0,0.6074,0.2474,0.0842,0.1856,0.0851,0.1429,0.6261,0.1623,0.0749,0.1053,0.2979,0.3571,353,0,extracted,0.2759,0.1071,0.2069,0.1339,0.0476,0.0945
22,2024,26,738,51,82,46,0.062,42,0,0.6074,0.2474,0.0842,0.1856,0.0851,0.1429,0.6261,0.1623,0.0749,0.1053,0.2979,0.3571,353,0,extracted,0.2759,0.1071,0.2069,0.1339,0.0476,0.0945
22,2024,27,738,51,82,46,0.062,42,0,0.6074,0.2474,0.0842,0.1856,0.0851,0.1429,0.6261,0.1623,0.0749,0.1053,0.2979,0.3571,353,0,extracted,0.2759,0.1071,0.2069,0.1339,0.0476,0.0945
22,2024,28,738,51,82,46,0.062,42,0,0.6074,0.2474,0.0842,0.1856,0.0851,0.1429,0.6261,0.1623,0.0749,0.1053,0.2979,0.3571,353,0,extracted,0.2759,0.1071,0.2069,0.1339,0.0476,0.0945
22,2024,29,738,51,128,75,0.102,67,0,0.5652,0.1774,0.0328,0.0806,0.0426,0.0714,0.6261,0.1623,0.0749,0.1053,0.2979,0.3571,353,0,extracted,0.1944,0.0571,0.1111,0.1339,0.0476,0.0945
22,2024,30,738,51,128,75,0.102,67,0,0.5652,0.1774,0.0328,0.0806,0.0426,0.0714,0.6261,0.1623,0.0749,0.1053,0.2979,0.3571,353,0,extracted,0.1944,0.0571,0.1111,0.1339,0.0476,0.0945
22,2024,31,738,51,128,75,0.102,67,0,0.5652,0.1774,0.0328,0.0806,0.0426,0.0714,0.6261,0.1623,0.0749,0.1053,0.2979,0.3571,353,0,extracted,0.1944,0.0571,0.1111,0.1339,0.0476,0.0945
22,2024,32,738,51,128,75,0.102,67,0,0.5652,0.1774,0.0328,0.0806,0.0426,0.0714,0.6261,0.1623,0.0749,0.1053,0.2979,0.3571,353,0,extracted,0.1944,0.0571,0.1111,0.1339,0.0476,0.0945
22,2024,33,738,51,128,75,0.102,67,0,0.5652,0.1774,0.0328,0.0806,0.0426,0.0714,0.6261,0.1623,0.0749,0.1053,0.2979,0.3571,353,0,extracted,0.1944,0.0571,0.1111,0.1339,0.0476,0.0945
22,2024,34,738,51,128,75,0.102,67,0,0.5652,0.1774,0.0328,0.0806,0.0426,0.0714,0.6261,0.1623,0.0749,0.1053,0.2979,0.3571,353,0,extracted,0.1944,0.0571,0.1111,0.1339,0.0476,0.0945
22,2024,35,738,51,176,107,0.145,91,0,0.6052,0.2532,0.0513,0.1266,0.0851,0.1429,0.6261,0.1623,0.0749,0.1053,0.2979,0.3571,353,0,extracted,0.2292,0.0638,0.1667,0.1339,0.0476,0.0945
22,2024,36,738,51,176,107,0.145,91,0,0.6052,0.2532,0.0513,0.1266,0.0851,0.1429,0.6261,0.1623,0.0749,0.1053,0.2979,0.3571,353,0,extracted,0.2292,0.0638,0.1667,0.1339,0.0476,0.0945
22,2024,37,738,51,176,107,0.145,91,0,0.6052,0.2532,0.0513,0.1266,0.0851,0.1429,0.6261,0.1623,0.0749,0.1053,0.2979,0.3571,353,0,extracted,0.2292,0.0638,0.1667,0.1339,0.0476,0.0945
22,2024,38,738,51,176,107,0.145,91,0,0.6052,0.2532,0.0513,0.1266,0.0851,0.1429,0.6261,0.1623,0.0749,0.1053,0.2979,0.3571,353,0,extracted,0.2292,0.0638,0.1667,0.1339,0.0476,0.0945
22,2024,39,738,51,176,107,0.145,91,0,0.6052,0.2532,0.0513,0.1266,0.0851,0.1429,0.6261,0.1623,0.0749,0.1053,0.2979,0.3571,353,0,extracted,0.2292,0.0638,0.1667,0.1339,0.0476,0.0945
22,2024,40,738,51,176,107,0.145,91,0,0.6052,0.2532,0.0513,0.1266,0.0851,0.1429,0.6261,0.1623,0.0749,0.1053,0.2979,0.3571,353,0,extracted,0.2292,0.0638,0.1667,0.1339,0.0476,0.0945
22,2024,41,738,51,218,105,0.142,108,0,0.6384,0.2119,0.0537,0.1589,0.0851,0.0714,0.6261,0.1623,0.0749,0.1053,0.2979,0.3571,353,0,extracted,0.2105,0.027,0.1842,0.1339,0.0476,0.0945
22,2024,42,738,51,218,105,0.142,108,0,0.6384,0.2119,0.0537,0.1589,0.0851,0.0714,0.6261,0.1623,0.0749,0.1053,0.2979,0.3571,353,0,extracted,0.2105,0.027,0.1842,0.1339,0.0476,0.0945
22,2024,43,738,51,218,105,0.142,108,0,0.6384,0.2119,0.0537,0.1589,0.0851,0.0714,0.6261,0.1623,0.0749,0.1053,0.2979,0.3571,353,0,extracted,0.2105,0.027,0.1842,0.1339,0.0476,0.0945
22,2024,44,738,51,218,105,0.142,108,0,0.6384,0.2119,0.0537,0.1589,0.0851,0.0714,0.6261,0.1623,0.0749,0.1053,0.2979,0.3571,353,0,extracted,0.2105,0.027,0.1842,0.1339,0.0476,0.0945
22,2024,45,738,51,218,105,0.142,108,0,0.6384,0.2119,0.0537,0.1589,0.0851,0.0714,0.6261,0.1623,0.0749,0.1053,0.2979,0.3571,353,0,extracted,0.2105,0.027,0.1842,0.1339,0.0476,0.0945
22,2024,46,738,51,218,105,0.142,108,0,0.6384,0.2119,0.0537,0.1589,0.0851,0.0714,0.6261,0.1623,0.0749,0.1053,0.2979,0.3571,353,0,extracted,0.2105,0.027,0.1842,0.1339,0.0476,0.0945
22,2024,47,738,51,254,157,0.213,126,0,0.6314,0.2308,0.068,0.1538,0.1489,0.2143,0.6261,0.1623,0.0749,0.1053,0.2979,0.3571,353,0,extracted,0.186,0.0472,0.1395,0.1339,0.0476,0.0945
22,2024,48,738,51,254,157,0.213,126,0,0.6314,0.2308,0.068,0.1538,0.1489,0.2143,0.6261,0.1623,0.0749,0.1053,0.2979,0.3571,353,0,extracted,0.186,0.0472,0.1395,0.1339,0.0476,0.0945
22,2024,49,738,51,254,157,0.213,126,0,0.6314,0.2308,0.068,0.1538,0.1489,0.2143,0.6261,0.1623,0.0749,0.1053,0.2979,0.3571,353,0,extracted,0.186,0.0472,0.1395,0.1339,0.0476,0.0945
22,2024,50,738,51,254,157,0.213,126,0,0.6314,0.2308,0.068,0.1538,0.1489,0.2143,0.6261,0.1623,0.0749,0.1053,0.2979,0.3571,353,0,extracted,0.186,0.0472,0.1395,0.1339,0.0476,0.0945
22,2024,51,738,51,254,157,0.213,126,0,0.6314,0.2308,0.068,0.1538,0.1489,0.2143,0.6261,0.1623,0.0749,0.1053,0.2979,0.3571,353,0,extracted,0.186,0.0472,0.1395,0.1339,0.0476,0.0945
22,2024,52,738,51,254,157,0.213,126,0,0.6314,0.2308,0.068,0.1538,0.1489,0.2143,0.6261,0.1623,0.0749,0.1053,0.2979,0.3571,353,0,extracted,0.186,0.0472,0.1395,0.1339,0.0476,0.0945
22,2024,53,738,51,254,157,0.213,126,0,0.6314,0.2308,0.068,0.1538,0.1489,0.2143,0.6261,0.1623,0.0749,0.1053,0.2979,0.3571,353,0,extracted,0.186,0.0472,0.1395,0.1339,0.0476,0.0945
22,2024,54,738,51,298,186,0.252,142,0,0.6455,0.2712,0.1197,0.178,0.234,0.2857,0.6261,0.1623,0.0749,0.1053,0.2979,0.3571,353,0,extracted,0.219,0.0741,0.1752,0.1339,0.0476,0.0945
22,2024,55,738,51,298,186,0.252,142,0,0.6455,0.2712,0.1197,0.178,0.234,0.2857,0.6261,0.1623,0.0749,0.1053,0.2979,0.3571,353,0,extracted,0.219,0.0741,0.1752,0.1339,0.0476,0.0945
22,2024,56,738,51,298,186,0.252,142,0,0.6455,0.2712,0.1197,0.178,0.234,0.2857,0.6261,0.1623,0.0749,0.1053,0.2979,0.3571,353,0,extracted,0.219,0.0741,0.1752,0.1339,0.0476,0.0945
22,2024,57,738,51,298,186,0.252,142,0,0.6455,0.2712,0.1197,0.178,0.234,0.2857,0.6261,0.1623,0.0749,0.1053,0.2979,0.3571,353,0,extracted,0.219,0.0741,0.1752,0.1339,0.0476,0.0945
22,2024,58,738,51,298,186,0.252,142,0,0.6455,0.2712,0.1197,0.178,0.234,0.2857,0.6261,0.1623,0.0749,0.1053,0.2979,0.3571,353,0,extracted,0.219,0.0741,0.1752,0.1339,0.0476,0.0945
22,2024,59,738,51,298,186,0.252,142,0,0.6455,0.2712,0.1197,0.178,0.234,0.2857,0.6261,0.1623,0.0749,0.1053,0.2979,0.3571,353,0,extracted,0.219,0.0741,0.1752,0.1339,0.0476,0.0945
22,2024,60,738,51,338,211,0.286,159,0,0.6518,0.2443,0.1077,0.1603,0.234,0.2857,0.6261,0.1623,0.0749,0.1053,0.2979,0.3571,353,0,extracted,0.1911,0.0645,0.1656,0.1339,0.0476,0.0945
22,2024,61,738,51,338,211,0.286,159,0,0.6518,0.2443,0.1077,0.1603,0.234,0.2857,0.6261,0.1623,0.0749,0.1053,0.2979,0.3571,353,0,extracted,0.1911,0.0645,0.1656,0.1339,0.0476,0.0945
22,2024,62,738,51,338,211,0.286,159,0,0.6518,0.2443,0.1077,0.1603,0.234,0.2857,0.6261,0.1623,0.0749,0.1053,0.2979,0.3571,353,0,extracted,0.1911,0.0645,0.1656,0.1339,0.0476,0.0945
22,2024,63,738,51,338,211,0.286,159,0,0.6518,0.2443,0.1077,0.1603,0.234,0.2857,0.6261,0.1623,0.0749,0.1053,0.2979,0.3571,353,0,extracted,0.1911,0.0645,0.1656,0.1339,0.0476,0.0945
22,2024,64,738,51,338,211,0.286,159,0,0.6518,0.2443,0.1077,0.1603,0.234,0.2857,0.6261,0.1623,0.0749,0.1053,0.2979,0.3571,353,0,extracted,0.1911,0.0645,0.1656,0.1339,0.0476,0.0945
22,2024,65,738,51,338,211,0.286,159,0,0.6518,0.2443,0.1077,0.1603,0.234,0.2857,0.6261,0.1623,0.0749,0.1053,0.2979,0.3571,353,0,extracted,0.1911,0.0645,0.1656,0.1339,0.0476,0.0945
22,2024,66,738,51,417,267,0.362,194,0,0.6267,0.2145,0.0952,0.1388,0.2553,0.2857,0.6261,0.1623,0.0749,0.1053,0.2979,0.3571,353,0,extracted,0.1596,0.0645,0.1277,0.1339,0.0476,0.0945
22,2024,67,738,51,417,267,0.362,194,0,0.6267,0.2145,0.0952,0.1388,0.2553,0.2857,0.6261,0.1623,0.0749,0.1053,0.2979,0.3571,353,0,extracted,0.1596,0.0645,0.1277,0.1339,0.0476,0.0945
22,2024,68,738,51,417,267,0.362,194,0,0.6267,0.2145,0.0952,0.1388,0.2553,0.2857,0.6261,0.1623,0.0749,0.1053,0.2979,0.3571,353,0,extracted,0.1596,0.0645,0.1277,0.1339,0.0476,0.0945
22,2024,69,738,51,417,267,0.362,194,0,0.6267,0.2145,0.0952,0.1388,0.2553,0.2857,0.6261,0.1623,0.0749,0.1053,0.2979,0.3571,353,0,extracted,0.1596,0.0645,0.1277,0.1339,0.0476,0.0945
22,2024,70,738,51,417,267,0.362,194,0,0.6267,0.2145,0.0952,0.1388,0.2553,0.2857,0.6261,0.1623,0.0749,0.1053,0.2979,0.3571,353,0,extracted,0.1596,0.0645,0.1277,0.1339,0.0476,0.0945
22,2024,71,738,51,417,267,0.362,194,0,0.6267,0.2145,0.0952,0.1388,0.2553,0.2857,0.6261,0.1623,0.0749,0.1053,0.2979,0.3571,353,0,extracted,0.1596,0.0645,0.1277,0.1339,0.0476,0.0945
22,2024,72,738,51,461,281,0.381,215,0,0.6353,0.1951,0.0859,0.1159,0.234,0.2857,0.6261,0.1623,0.0749,0.1053,0.2979,0.3571,353,0,extracted,0.1613,0.0543,0.129,0.1339,0.0476,0.0945
22,2024,73,738,51,461,281,0.381,215,0,0.6353,0.1951,0.0859,0.1159,0.234,0.2857,0.6261,0.1623,0.0749,0.1053,0.2979,0.3571,353,0,extracted,0.1613,0.0543,0.129,0.1339,0.0476,0.0945
22,2024,74,738,51,461,281,0.381,215,0,0.6353,0.1951,0.0859,0.1159,0.234,0.2857,0.6261,0.1623,0.0749,0.1053,0.2979,0.3571,353,0,extracted,0.1613,0.0543,0.129,0.1339,0.0476,0.0945
22,2024,75,738,51,461,281,0.381,215,0,0.6353,0.1951,0.0859,0.1159,0.234,0.2857,0.6261,0.1623,0.0749,0.1053,0.2979,0.3571,353,0,extracted,0.1613,0.0543,0.129,0.1339,0.0476,0.0945
22,2024,76,738,51,461,281,0.381,215,0,0.6353,0.1951,0.0859,0.1159,0.234,0.2857,0.6261,0.1623,0.0749,0.1053,0.2979,0.3571,353,0,extracted,0.1613,0.0543,0.129,0.1339,0.0476,0.0945
22,2024,77,738,51,461,281,0.381,215,0,0.6353,0.1951,0.0859,0.1159,0.234,0.2857,0.6261,0.1623,0.0749,0.1053,0.2979,0.3571,353,0,extracted,0.1613,0.0543,0.129,0.1339,0.0476,0.0945
22,2024,78,738,51,461,281,0.381,215,0,0.6353,0.1951,0.0859,0.1159,0.234,0.2857,0.6261,0.1623,0.0749,0.1053,0.2979,0.3571,353,0,extracted,0.1613,0.0543,0.129,0.1339,0.0476,0.0945
22,2024,79,738,51,512,314,0.425,242,0,0.6212,0.1989,0.1,0.1271,0.3191,0.3571,0.6261,0.1623,0.0749,0.1053,0.2979,0.3571,353,0,extracted,0.1635,0.0583,0.125,0.1339,0.0476,0.0945
22,2024,80,738,51,512,314,0.425,242,0,0.6212,0.1989,0.1,0.1271,0.3191,0.3571,0.6261,0.1623,0.0749,0.1053,0.2979,0.3571,353,0,extracted,0.1635,0.0583,0.125,0.1339,0.0476,0.0945
22,2024,81,738,51,512,314,0.425,242,0,0.6212,0.1989,0.1,0.1271,0.3191,0.3571,0.6261,0.1623,0.0749,0.1053,0.2979,0.3571,353,0,extracted,0.1635,0.0583,0.125,0.1339,0.0476,0.0945
22,2024,82,738,51,512,314,0.425,242,0,0.6212,0.1989,0.1,0.1271,0.3191,0.3571,0.6261,0.1623,0.0749,0.1053,0.2979,0.3571,353,0,extracted,0.1635,0.0583,0.125,0.1339,0.0476,0.0945
22,2024,83,738,51,512,314,0.425,242,0,0.6212,0.1989,0.1,0.1271,0.3191,0.3571,0.6261,0.1623,0.0749,0.1053,0.2979,0.3571,353,0,extracted,0.1635,0.0583,0.125,0.1339,0.0476,0.0945
22,2024,84,738,51,512,314,0.425,242,0,0.6212,0.1989,0.1,0.1271,0.3191,0.3571,0.6261,0.1623,0.0749,0.1053,0.2979,0.3571,353,0,extracted,0.1635,0.0583,0.125,0.1339,0.0476,0.0945
22,2024,85,738,51,592,360,0.488,281,0,0.6306,0.1679,0.0794,0.1284,0.2766,0.2857,0.6261,0.1623,0.0749,0.1053,0.2979,0.3571,353,0,extracted,0.135,0.0511,0.1181,0.1339,0.0476,0.0945
22,2024,86,738,51,592,360,0.488,281,0,0.6306,0.1679,0.0794,0.1284,0.2766,0.2857,0.6261,0.1623,0.0749,0.1053,0.2979,0.3571,353,0,extracted,0.135,0.0511,0.1181,0.1339,0.0476,0.0945
22,2024,87,738,51,592,360,0.488,281,0,0.6306,0.1679,0.0794,0.1284,0.2766,0.2857,0.6261,0.1623,0.0749,0.1053,0.2979,0.3571,353,0,extracted,0.135,0.0511,0.1181,0.1339,0.0476,0.0945
22,2024,88,738,51,592,360,0.488,281,0,0.6306,0.1679,0.0794,0.1284,0.2766,0.2857,0.6261,0.1623,0.0749,0.1053,0.2979,0.3571,353,0,extracted,0.135,0.0511,0.1181,0.1339,0.0476,0.0945
22,2024,89,738,51,592,360,0.488,281,0,0.6306,0.1679,0.0794,0.1284,0.2766,0.2857,0.6261,0.1623,0.0749,0.1053,0.2979,0.3571,353,0,extracted,0.135,0.0511,0.1181,0.1339,0.0476,0.0945
22,2024,90,738,51,592,360,0.488,281,0,0.6306,0.1679,0.0794,0.1284,0.2766,0.2857,0.6261,0.1623,0.0749,0.1053,0.2979,0.3571,353,0,extracted,0.135,0.0511,0.1181,0.1339,0.0476,0.0945
22,2024,91,738,51,675,407,0.551,322,0,0.6242,0.1751,0.0879,0.1269,0.3617,0.4286,0.6261,0.1623,0.0749,0.1053,0.2979,0.3571,353,0,extracted,0.1372,0.0582,0.1155,0.1339,0.0476,0.0945
22,2024,92,738,51,675,407,0.551,322,0,0.6242,0.1751,0.0879,0.1269,0.3617,0.4286,0.6261,0.1623,0.0749,0.1053,0.2979,0.3571,353,0,extracted,0.1372,0.0582,0.1155,0.1339,0.0476,0.0945
22,2024,93,738,51,675,407,0.551,322,0,0.6242,0.1751,0.0879,0.1269,0.3617,0.4286,0.6261,0.1623,0.0749,0.1053,0.2979,0.3571,353,0,extracted,0.1372,0.0582,0.1155,0.1339,0.0476,0.0945
22,2024,94,738,51,675,407,0.551,322,0,0.6242,0.1751,0.0879,0.1269,0.3617,0.4286,0.6261,0.1623,0.0749,0.1053,0.2979,0.3571,353,0,extracted,0.1372,0.0582,0.1155,0.1339,0.0476,0.0945
22,2024,95,738,51,675,407,0.551,322,0,0.6242,0.1751,0.0879,0.1269,0.3617,0.4286,0.6261,0.1623,0.0749,0.1053,0.2979,0.3571,353,0,extracted,0.1372,0.0582,0.1155,0.1339,0.0476,0.0945
22,2024,96,738,51,675,407,0.551,322,0,0.6242,0.1751,0.0879,0.1269,0.3617,0.4286,0.6261,0.1623,0.0749,0.1053,0.2979,0.3571,353,0,extracted,0.1372,0.0582,0.1155,0.1339,0.0476,0.0945
22,2024,97,738,51,727,431,0.584,344,0,0.6296,0.1667,0.073,0.0983,0.2979,0.3571,0.6261,0.1623,0.0749,0.1053,0.2979,0.3571,353,0,extracted,0.1344,0.0478,0.087,0.1339,0.0476,0.0945
22,2024,98,738,51,727,431,0.584,344,0,0.6296,0.1667,0.073,0.0983,0.2979,0.3571,0.6261,0.1623,0.0749,0.1053,0.2979,0.3571,353,0,extracted,0.1344,0.0478,0.087,0.1339,0.0476,0.0945
22,2024,99,738,51,727,431,0.584,344,0,0.6296,0.1667,0.073,0.0983,0.2979,0.3571,0.6261,0.1623,0.0749,0.1053,0.2979,0.3571,353,0,extracted,0.1344,0.0478,0.087,0.1339,0.0476,0.0945
22,2024,100,738,51,727,431,0.584,344,0,0.6296,0.1667,0.073,0.0983,0.2979,0.3571,0.6261,0.1623,0.0749,0.1053,0.2979,0.3571,353,0,extracted,0.1344,0.0478,0.087,0.1339,0.0476,0.0945
23,2024,1,1150,40,18,24,0.021,9,0,0.615,0.0937,0.0323,0.0937,0.0256,0.0,0.6612,0.1118,0.0737,0.0863,0.5897,0.7857,512,1,extracted,0.1026,0.0541,0.1026,0.1131,0.062,0.0874
23,2024,2,1150,40,18,24,0.021,9,0,0.615,0.0937,0.0323,0.0937,0.0256,0.0,0.6612,0.1118,0.0737,0.0863,0.5897,0.7857,512,1,extracted,0.1026,0.0541,0.1026,0.1131,0.062,0.0874
23,2024,3,1150,40,18,24,0.021,9,0,0.615,0.0937,0.0323,0.0937,0.0256,0.0,0.6612,0.1118,0.0737,0.0863,0.5897,0.7857,512,1,extracted,0.1026,0.0541,0.1026,0.1131,0.062,0.0874
23,2024,4,1150,40,18,24,0.021,9,0,0.615,0.0937,0.0323,0.0937,0.0256,0.0,0.6612,0.1118,0.0737,0.0863,0.5897,0.7857,512,1,extracted,0.1026,0.0541,0.1026,0.1131,0.062,0.0874
23,2024,5,1150,40,18,24,0.021,9,0,0.615,0.0937,0.0323,0.0937,0.0256,0.0,0.6612,0.1118,0.0737,0.0863,0.5897,0.7857,512,1,extracted,0.1026,0.0541,0.1026,0.1131,0.062,0.0874
23,2024,6,1150,40,18,24,0.021,9,0,0.615,0.0937,0.0323,0.0937,0.0256,0.0,0.6612,0.1118,0.0737,0.0863,0.5897,0.7857,512,1,extracted,0.1026,0.0541,0.1026,0.1131,0.062,0.0874
23,2024,7,1150,40,38,38,0.033,21,0,0.6814,0.2308,0.0526,0.1282,0.0513,0.0714,0.6612,0.1118,0.0737,0.0863,0.5897,0.7857,512,1,extracted,0.12,0.0417,0.12,0.1131,0.062,0.0874
23,2024,8,1150,40,38,38,0.033,21,0,0.6814,0.2308,0.0526,0.1282,0.0513,0.0714,0.6612,0.1118,0.0737,0.0863,0.5897,0.7857,512,1,extracted,0.12,0.0417,0.12,0.1131,0.062,0.0874
23,2024,9,1150,40,38,38,0.033,21,0,0.6814,0.2308,0.0526,0.1282,0.0513,0.0714,0.6612,0.1118,0.0737,0.0863,0.5897,0.7857,512,1,extracted,0.12,0.0417,0.12,0.1131,0.062,0.0874
23,2024,10,1150,40,38,38,0.033,21,0,0.6814,0.2308,0.0526,0.1282,0.0513,0.0714,0.6612,0.1118,0.0737,0.0863,0.5897,0.7857,512,1,extracted,0.12,0.0417,0.12,0.1131,0.062,0.0874
23,2024,11,1150,40,38,38,0.033,21,0,0.6814,0.2308,0.0526,0.1282,0.0513,0.0714,0.6612,0.1118,0.0737,0.0863,0.5897,0.7857,512,1,extracted,0.12,0.0417,0.12,0.1131,0.062,0.0874
23,2024,12,1150,40,51,45,0.039,26,0,0.7102,0.3765,0.1928,0.2824,0.2051,0.2857,0.6612,0.1118,0.0737,0.0863,0.5897,0.7857,512,1,extracted,0.3019,0.1176,0.2642,0.1131,0.062,0.0874
23,2024,13,1150,40,51,45,0.039,26,0,0.7102,0.3765,0.1928,0.2824,0.2051,0.2857,0.6612,0.1118,0.0737,0.0863,0.5897,0.7857,512,1,extracted,0.3019,0.1176,0.2642,0.1131,0.062,0.0874
23,2024,14,1150,40,51,45,0.039,26,0,0.7102,0.3765,0.1928,0.2824,0.2051,0.2857,0.6612,0.1118,0.0737,0.0863,0.5897,0.7857,512,1,extracted,0.3019,0.1176,0.2642,0.1131,0.062,0.0874
23,2024,15,1150,40,51,45,0.039,26,0,0.7102,0.3765,0.1928,0.2824,0.2051,0.2857,0.6612,0.1118,0.0737,0.0863,0.5897,0.7857,512,1,extracted,0.3019,0.1176,0.2642,0.1131,0.062,0.0874
23,2024,16,1150,40,72,38,0.033,36,0,0.6412,0.2564,0.0263,0.1026,0.0256,0.0714,0.6612,0.1118,0.0737,0.0863,0.5897,0.7857,512,1,extracted,0.1176,0.0,0.0784,0.1131,0.062,0.0874
23,2024,17,1150,40,72,38,0.033,36,0,0.6412,0.2564,0.0263,0.1026,0.0256,0.0714,0.6612,0.1118,0.0737,0.0863,0.5897,0.7857,512,1,extracted,0.1176,0.0,0.0784,0.1131,0.062,0.0874
23,2024,18,1150,40,72,38,0.033,36,0,0.6412,0.2564,0.0263,0.1026,0.0256,0.0714,0.6612,0.1118,0.0737,0.0863,0.5897,0.7857,512,1,extracted,0.1176,0.0,0.0784,0.1131,0.062,0.0874
23,2024,19,1150,40,72,38,0.033,36,0,0.6412,0.2564,0.0263,0.1026,0.0256,0.0714,0.6612,0.1118,0.0737,0.0863,0.5897,0.7857,512,1,extracted,0.1176,0.0,0.0784,0.1131,0.062,0.0874
23,2024,20,1150,40,72,38,0.033,36,0,0.6412,0.2564,0.0263,0.1026,0.0256,0.0714,0.6612,0.1118,0.0737,0.0863,0.5897,0.7857,512,1,extracted,0.1176,0.0,0.0784,0.1131,0.062,0.0874
23,2024,21,1150,40,93,59,0.051,44,0,0.6928,0.3636,0.1649,0.2424,0.2051,0.2857,0.6612,0.1118,0.0737,0.0863,0.5897,0.7857,512,1,extracted,0.2903,0.1,0.2258,0.1131,0.062,0.0874
23,2024,22,1150,40,93,59,0.051,44,0,0.6928,0.3636,0.1649,0.2424,0.2051,0.2857,0.6612,0.1118,0.0737,0.0863,0.5897,0.7857,512,1,extracted,0.2903,0.1,0.2258,0.1131,0.062,0.0874
23,2024,23,1150,40,93,59,0.051,44,0,0.6928,0.3636,0.1649,0.2424,0.2051,0.2857,0.6612,0.1118,0.0737,0.0863,0.5897,0.7857,512,1,extracted,0.2903,0.1,0.2258,0.1131,0.062,0.0874
23,2024,24,1150,40,93,59,0.051,44,0,0.6928,0.3636,0.1649,0.2424,0.2051,0.2857,0.6612,0.1118,0.0737,0.0863,0.5897,0.7857,512,1,extracted,0.2903,0.1,0.2258,0.1131,0.062,0.0874
23,2024,25,1150,40,133,73,0.063,67,0,0.6915,0.3186,0.0901,0.177,0.1282,0.2143,0.6612,0.1118,0.0737,0.0863,0.5897,0.7857,512,1,extracted,0.2667,0.0548,0.16,0.1131,0.062,0.0874
23,2024,26,1150,40,133,73,0.063,67,0,0.6915,0.3186,0.0901,0.177,0.1282,0.2143,0.6612,0.1118,0.0737,0.0863,0.5897,0.7857,512,1,extracted,0.2667,0.0548,0.16,0.1131,0.062,0.0874
23,2024,27,1150,40,133,73,0.063,67,0,0.6915,0.3186,0.0901,0.177,0.1282,0.2143,0.6612,0.1118,0.0737,0.0863,0.5897,0.7857,512,1,extracted,0.2667,0.0548,0.16,0.1131,0.062,0.0874
23,2024,28,1150,40,133,73,0.063,67,0,0.6915,0.3186,0.0901,0.177,0.1282,0.2143,0.6612,0.1118,0.0737,0.0863,0.5897,0.7857,512,1,extracted,0.2667,0.0548,0.16,0.1131,0.062,0.0874
23,2024,29,1150,40,133,73,0.063,67,0,0.6915,0.3186,0.0901,0.177,0.1282,0.2143,0.6612,0.1118,0.0737,0.0863,0.5897,0.7857,512,1,extracted,0.2667,0.0548,0.16,0.1131,0.062,0.0874
23,2024,30,1150,40,194,113,0.098,97,0,0.6876,0.2632,0.0667,0.1579,0.1282,0.2143,0.6612,0.1118,0.0737,0.0863,0.5897,0.7857,512,1,extracted,0.2245,0.0417,0.1429,0.1131,0.062,0.0874
23,2024,31,1150,40,194,113,0.098,97,0,0.6876,0.2632,0.0667,0.1579,0.1282,0.2143,0.6612,0.1118,0.0737,0.0863,0.5897,0.7857,512,1,extracted,0.2245,0.0417,0.1429,0.1131,0.062,0.0874
23,2024,32,1150,40,194,113,0.098,97,0,0.6876,0.2632,0.0667,0.1579,0.1282,0.2143,0.6612,0.1118,0.0737,0.0863,0.5897,0.7857,512,1,extracted,0.2245,0.0417,0.1429,0.1131,0.062,0.0874
23,2024,33,1150,40,194,113,0.098,97,0,0.6876,0.2632,0.0667,0.1579,0.1282,0.2143,0.6612,0.1118,0.0737,0.0863,0.5897,0.7857,512,1,extracted,0.2245,0.0417,0.1429,0.1131,0.062,0.0874
23,2024,34,1150,40,194,113,0.098,97,0,0.6876,0.2632,0.0667,0.1579,0.1282,0.2143,0.6612,0.1118,0.0737,0.0863,0.5897,0.7857,512,1,extracted,0.2245,0.0417,0.1429,0.1131,0.062,0.0874
23,2024,35,1150,40,239,141,0.123,117,0,0.7023,0.2629,0.1156,0.2057,0.2564,0.2857,0.6612,0.1118,0.0737,0.0863,0.5897,0.7857,512,1,extracted,0.2574,0.0808,0.2376,0.1131,0.062,0.0874
23,2024,36,1150,40,239,141,0.123,117,0,0.7023,0.2629,0.1156,0.2057,0.2564,0.2857,0.6612,0.1118,0.0737,0.0863,0.5897,0.7857,512,1,extracted,0.2574,0.0808,0.2376,0.1131,0.062,0.0874
23,2024,37,1150,40,239,141,0.123,117,0,0.7023,0.2629,0.1156,0.2057,0.2564,0.2857,0.6612,0.1118,0.0737,0.0863,0.5897,0.7857,512,1,extracted,0.2574,0.0808,0.2376,0.1131,0.062,0.0874
23,2024,38,1150,40,239,141,0.123,117,0,0.7023,0.2629,0.1156,0.2057,0.2564,0.2857,0.6612,0.1118,0.0737,0.0863,0.5897,0.7857,512,1,extracted,0.2574,0.0808,0.2376,0.1131,0.062,0.0874
23,2024,39,1150,40,274,160,0.139,132,0,0.6997,0.2741,0.0923,0.1726,0.2308,0.2857,0.6612,0.1118,0.0737,0.0863,0.5897,0.7857,512,1,extracted,0.2222,0.0696,0.1538,0.1131,0.062,0.0874
23,2024,40,1150,40,274,160,0.139,132,0,0.6997,0.2741,0.0923,0.1726,0.2308,0.2857,0.6612,0.1118,0.0737,0.0863,0.5897,0.7857,512,1,extracted,0.2222,0.0696,0.1538,0.1131,0.062,0.0874
23,2024,41,1150,40,274,160,0.139,132,0,0.6997,0.2741,0.0923,0.1726,0.2308,0.2857,0.6612,0.1118,0.0737,0.0863,0.5897,0.7857,512,1,extracted,0.2222,0.0696,0.1538,0.1131,0.062,0.0874
23,2024,42,1150,40,274,160,0.139,132,0,0.6997,0.2741,0.0923,0.1726,0.2308,0.2857,0.6612,0.1118,0.0737,0.0863,0.5897,0.7857,512,1,extracted,0.2222,0.0696,0.1538,0.1131,0.062,0.0874
23,2024,43,1150,40,274,160,0.139,132,0,0.6997,0.2741,0.0923,0.1726,0.2308,0.2857,0.6612,0.1118,0.0737,0.0863,0.5897,0.7857,512,1,extracted,0.2222,0.0696,0.1538,0.1131,0.062,0.0874
23,2024,44,1150,40,331,186,0.162,155,0,0.6967,0.2466,0.0829,0.1644,0.2308,0.2857,0.6612,0.1118,0.0737,0.0863,0.5897,0.7857,512,1,extracted,0.2149,0.0672,0.1488,0.1131,0.062,0.0874
23,2024,45,1150,40,331,186,0.162,155,0,0.6967,0.2466,0.0829,0.1644,0.2308,0.2857,0.6612,0.1118,0.0737,0.0863,0.5897,0.7857,512,1,extracted,0.2149,0.0672,0.1488,0.1131,0.062,0.0874
23,2024,46,1150,40,331,186,0.162,155,0,0.6967,0.2466,0.0829,0.1644,0.2308,0.2857,0.6612,0.1118,0.0737,0.0863,0.5897,0.7857,512,1,extracted,0.2149,0.0672,0.1488,0.1131,0.062,0.0874
23,2024,47,1150,40,331,186,0.162,155,0,0.6967,0.2466,0.0829,0.1644,0.2308,0.2857,0.6612,0.1118,0.0737,0.0863,0.5897,0.7857,512,1,extracted,0.2149,0.0672,0.1488,0.1131,0.062,0.0874
23,2024,48,1150,40,385,230,0.2,179,0,0.6664,0.1908,0.0769,0.1145,0.2564,0.2857,0.6612,0.1118,0.0737,0.0863,0.5897,0.7857,512,1,extracted,0.1879,0.068,0.1342,0.1131,0.062,0.0874
23,2024,49,1150,40,385,230,0.2,179,0,0.6664,0.1908,0.0769,0.1145,0.2564,0.2857,0.6612,0.1118,0.0737,0.0863,0.5897,0.7857,512,1,extracted,0.1879,0.068,0.1342,0.1131,0.062,0.0874
23,2024,50,1150,40,385,230,0.2,179,0,0.6664,0.1908,0.0769,0.1145,0.2564,0.2857,0.6612,0.1118,0.0737,0.0863,0.5897,0.7857,512,1,extracted,0.1879,0.068,0.1342,0.1131,0.062,0.0874
23,2024,51,1150,40,385,230,0.2,179,0,0.6664,0.1908,0.0769,0.1145,0.2564,0.2857,0.6612,0.1118,0.0737,0.0863,0.5897,0.7857,512,1,extracted,0.1879,0.068,0.1342,0.1131,0.062,0.0874
23,2024,52,1150,40,385,230,0.2,179,0,0.6664,0.1908,0.0769,0.1145,0.2564,0.2857,0.6612,0.1118,0.0737,0.0863,0.5897,0.7857,512,1,extracted,0.1879,0.068,0.1342,0.1131,0.062,0.0874
23,2024,53,1150,40,427,251,0.218,193,0,0.6779,0.1837,0.0854,0.106,0.3077,0.3571,0.6612,0.1118,0.0737,0.0863,0.5897,0.7857,512,1,extracted,0.1852,0.0625,0.1235,0.1131,0.062,0.0874
23,2024,54,1150,40,427,251,0.218,193,0,0.6779,0.1837,0.0854,0.106,0.3077,0.3571,0.6612,0.1118,0.0737,0.0863,0.5897,0.7857,512,1,extracted,0.1852,0.0625,0.1235,0.1131,0.062,0.0874
23,2024,55,1150,40,427,251,0.218,193,0,0.6779,0.1837,0.0854,0.106,0.3077,0.3571,0.6612,0.1118,0.0737,0.0863,0.5897,0.7857,512,1,extracted,0.1852,0.0625,0.1235,0.1131,0.062,0.0874
23,2024,56,1150,40,427,251,0.218,193,0,0.6779,0.1837,0.0854,0.106,0.3077,0.3571,0.6612,0.1118,0.0737,0.0863,0.5897,0.7857,512,1,extracted,0.1852,0.0625,0.1235,0.1131,0.062,0.0874
23,2024,57,1150,40,524,308,0.268,239,0,0.6587,0.1824,0.1006,0.1059,0.4359,0.4286,0.6612,0.1118,0.0737,0.0863,0.5897,0.7857,512,1,extracted,0.1608,0.0812,0.1307,0.1131,0.062,0.0874
23,2024,58,1150,40,524,308,0.268,239,0,0.6587,0.1824,0.1006,0.1059,0.4359,0.4286,0.6612,0.1118,0.0737,0.0863,0.5897,0.7857,512,1,extracted,0.1608,0.0812,0.1307,0.1131,0.062,0.0874
23,2024,59,1150,40,524,308,0.268,239,0,0.6587,0.1824,0.1006,0.1059,0.4359,0.4286,0.6612,0.1118,0.0737,0.0863,0.5897,0.7857,512,1,extracted,0.1608,0.0812,0.1307,0.1131,0.062,0.0874
23,2024,60,1150,40,524,308,0.268,239,0,0.6587,0.1824,0.1006,0.1059,0.4359,0.4286,0.6612,0.1118,0.0737,0.0863,0.5897,0.7857,512,1,extracted,0.1608,0.0812,0.1307,0.1131,0.062,0.0874
23,2024,61,1150,40,524,308,0.268,239,0,0.6587,0.1824,0.1006,0.1059,0.4359,0.4286,0.6612,0.1118,0.0737,0.0863,0.5897,0.7857,512,1,extracted,0.1608,0.0812,0.1307,0.1131,0.062,0.0874
23,2024,62,1150,40,603,361,0.314,282,0,0.6716,0.1786,0.1026,0.0969,0.5128,0.6429,0.6612,0.1118,0.0737,0.0863,0.5897,0.7857,512,1,extracted,0.1739,0.0877,0.113,0.1131,0.062,0.0874
23,2024,63,1150,40,603,361,0.314,282,0,0.6716,0.1786,0.1026,0.0969,0.5128,0.6429,0.6612,0.1118,0.0737,0.0863,0.5897,0.7857,512,1,extracted,0.1739,0.0877,0.113,0.1131,0.062,0.0874
23,2024,64,1150,40,603,361,0.314,282,0,0.6716,0.1786,0.1026,0.0969,0.5128,0.6429,0.6612,0.1118,0.0737,0.0863,0.5897,0.7857,512,1,extracted,0.1739,0.0877,0.113,0.1131,0.062,0.0874
23,2024,65,1150,40,603,361,0.314,282,0,0.6716,0.1786,0.1026,0.0969,0.5128,0.6429,0.6612,0.1118,0.0737,0.0863,0.5897,0.7857,512,1,extracted,0.1739,0.0877,0.113,0.1131,0.062,0.0874
23,2024,66,1150,40,661,405,0.352,305,0,0.6619,0.156,0.0922,0.1009,0.5128,0.5714,0.6612,0.1118,0.0737,0.0863,0.5897,0.7857,512,1,extracted,0.1401,0.0706,0.1012,0.1131,0.062,0.0874
23,2024,67,1150,40,661,405,0.352,305,0,0.6619,0.156,0.0922,0.1009,0.5128,0.5714,0.6612,0.1118,0.0737,0.0863,0.5897,0.7857,512,1,extracted,0.1401,0.0706,0.1012,0.1131,0.062,0.0874
23,2024,68,1150,40,661,405,0.352,305,0,0.6619,0.156,0.0922,0.1009,0.5128,0.5714,0.6612,0.1118,0.0737,0.0863,0.5897,0.7857,512,1,extracted,0.1401,0.0706,0.1012,0.1131,0.062,0.0874
23,2024,69,1150,40,661,405,0.352,305,0,0.6619,0.156,0.0922,0.1009,0.5128,0.5714,0.6612,0.1118,0.0737,0.0863,0.5897,0.7857,512,1,extracted,0.1401,0.0706,0.1012,0.1131,0.062,0.0874
23,2024,70,1150,40,661,405,0.352,305,0,0.6619,0.156,0.0922,0.1009,0.5128,0.5714,0.6612,0.1118,0.0737,0.0863,0.5897,0.7857,512,1,extracted,0.1401,0.0706,0.1012,0.1131,0.062,0.0874
23,2024,71,1150,40,695,420,0.365,318,0,0.679,0.1525,0.1007,0.1046,0.5897,0.7143,0.6612,0.1118,0.0737,0.0863,0.5897,0.7857,512,1,extracted,0.1458,0.0839,0.1111,0.1131,0.062,0.0874
23,2024,72,1150,40,695,420,0.365,318,0,0.679,0.1525,0.1007,0.1046,0.5897,0.7143,0.6612,0.1118,0.0737,0.0863,0.5897,0.7857,512,1,extracted,0.1458,0.0839,0.1111,0.1131,0.062,0.0874
23,2024,73,1150,40,695,420,0.365,318,0,0.679,0.1525,0.1007,0.1046,0.5897,0.7143,0.6612,0.1118,0.0737,0.0863,0.5897,0.7857,512,1,extracted,0.1458,0.0839,0.1111,0.1131,0.062,0.0874
23,2024,74,1150,40,695,420,0.365,318,0,0.679,0.1525,0.1007,0.1046,0.5897,0.7143,0.6612,0.1118,0.0737,0.0863,0.5897,0.7857,512,1,extracted,0.1458,0.0839,0.1111,0.1131,0.062,0.0874
23,2024,75,1150,40,695,420,0.365,318,0,0.679,0.1525,0.1007,0.1046,0.5897,0.7143,0.6612,0.1118,0.0737,0.0863,0.5897,0.7857,512,1,extracted,0.1458,0.0839,0.1111,0.1131,0.062,0.0874
23,2024,76,1150,40,760,469,0.408,342,0,0.6649,0.1378,0.0909,0.1024,0.5897,0.7143,0.6612,0.1118,0.0737,0.0863,0.5897,0.7857,512,1,extracted,0.1313,0.0755,0.1,0.1131,0.062,0.0874
23,2024,77,1150,40,760,469,0.408,342,0,0.6649,0.1378,0.0909,0.1024,0.5897,0.7143,0.6612,0.1118,0.0737,0.0863,0.5897,0.7857,512,1,extracted,0.1313,0.0755,0.1,0.1131,0.062,0.0874
23,2024,78,1150,40,760,469,0.408,342,0,0.6649,0.1378,0.0909,0.1024,0.5897,0.7143,0.6612,0.1118,0.0737,0.0863,0.5897,0.7857,512,1,extracted,0.1313,0.0755,0.1,0.1131,0.062,0.0874
23,2024,79,1150,40,760,469,0.408,342,0,0.6649,0.1378,0.0909,0.1024,0.5897,0.7143,0.6612,0.1118,0.0737,0.0863,0.5897,0.7857,512,1,extracted,0.1313,0.0755,0.1,0.1131,0.062,0.0874
23,2024,80,1150,40,857,518,0.45,389,0,0.6547,0.1239,0.0622,0.0838,0.4359,0.5,0.6612,0.1118,0.0737,0.0863,0.5897,0.7857,512,1,extracted,0.1036,0.0456,0.0841,0.1131,0.062,0.0874
23,2024,81,1150,40,857,518,0.45,389,0,0.6547,0.1239,0.0622,0.0838,0.4359,0.5,0.6612,0.1118,0.0737,0.0863,0.5897,0.7857,512,1,extracted,0.1036,0.0456,0.0841,0.1131,0.062,0.0874
23,2024,82,1150,40,857,518,0.45,389,0,0.6547,0.1239,0.0622,0.0838,0.4359,0.5,0.6612,0.1118,0.0737,0.0863,0.5897,0.7857,512,1,extracted,0.1036,0.0456,0.0841,0.1131,0.062,0.0874
23,2024,83,1150,40,857,518,0.45,389,0,0.6547,0.1239,0.0622,0.0838,0.4359,0.5,0.6612,0.1118,0.0737,0.0863,0.5897,0.7857,512,1,extracted,0.1036,0.0456,0.0841,0.1131,0.062,0.0874
23,2024,84,1150,40,857,518,0.45,389,0,0.6547,0.1239,0.0622,0.0838,0.4359,0.5,0.6612,0.1118,0.0737,0.0863,0.5897,0.7857,512,1,extracted,0.1036,0.0456,0.0841,0.1131,0.062,0.0874
23,2024,85,1150,40,939,568,0.494,425,0,0.6684,0.1161,0.0566,0.0829,0.4359,0.5,0.6612,0.1118,0.0737,0.0863,0.5897,0.7857,512,1,extracted,0.0865,0.0326,0.0757,0.1131,0.062,0.0874
23,2024,86,1150,40,939,568,0.494,425,0,0.6684,0.1161,0.0566,0.0829,0.4359,0.5,0.6612,0.1118,0.0737,0.0863,0.5897,0.7857,512,1,extracted,0.0865,0.0326,0.0757,0.1131,0.062,0.0874
23,2024,87,1150,40,939,568,0.494,425,0,0.6684,0.1161,0.0566,0.0829,0.4359,0.5,0.6612,0.1118,0.0737,0.0863,0.5897,0.7857,512,1,extracted,0.0865,0.0326,0.0757,0.1131,0.062,0.0874
23,2024,88,1150,40,939,568,0.494,425,0,0.6684,0.1161,0.0566,0.0829,0.4359,0.5,0.6612,0.1118,0.0737,0.0863,0.5897,0.7857,512,1,extracted,0.0865,0.0326,0.0757,0.1131,0.062,0.0874
23,2024,89,1150,40,1025,587,0.51,465,0,0.666,0.1095,0.0582,0.0709,0.4615,0.6429,0.6612,0.1118,0.0737,0.0863,0.5897,0.7857,512,1,extracted,0.1096,0.0496,0.0822,0.1131,0.062,0.0874
23,2024,90,1150,40,1025,587,0.51,465,0,0.666,0.1095,0.0582,0.0709,0.4615,0.6429,0.6612,0.1118,0.0737,0.0863,0.5897,0.7857,512,1,extracted,0.1096,0.0496,0.0822,0.1131,0.062,0.0874
23,2024,91,1150,40,1025,587,0.51,465,0,0.666,0.1095,0.0582,0.0709,0.4615,0.6429,0.6612,0.1118,0.0737,0.0863,0.5897,0.7857,512,1,extracted,0.1096,0.0496,0.0822,0.1131,0.062,0.0874
23,2024,92,1150,40,1025,587,0.51,465,0,0.666,0.1095,0.0582,0.0709,0.4615,0.6429,0.6612,0.1118,0.0737,0.0863,0.5897,0.7857,512,1,extracted,0.1096,0.0496,0.0822,0.1131,0.062,0.0874
23,2024,93,1150,40,1025,587,0.51,465,0,0.666,0.1095,0.0582,0.0709,0.4615,0.6429,0.6612,0.1118,0.0737,0.0863,0.5897,0.7857,512,1,extracted,0.1096,0.0496,0.0822,0.1131,0.062,0.0874
23,2024,94,1150,40,1082,589,0.512,497,0,0.6507,0.1024,0.0674,0.0736,0.5385,0.6429,0.6612,0.1118,0.0737,0.0863,0.5897,0.7857,512,1,extracted,0.1136,0.0629,0.0682,0.1131,0.062,0.0874
23,2024,95,1150,40,1082,589,0.512,497,0,0.6507,0.1024,0.0674,0.0736,0.5385,0.6429,0.6612,0.1118,0.0737,0.0863,0.5897,0.7857,512,1,extracted,0.1136,0.0629,0.0682,0.1131,0.062,0.0874
23,2024,96,1150,40,1082,589,0.512,497,0,0.6507,0.1024,0.0674,0.0736,0.5385,0.6429,0.6612,0.1118,0.0737,0.0863,0.5897,0.7857,512,1,extracted,0.1136,0.0629,0.0682,0.1131,0.062,0.0874
23,2024,97,1150,40,1082,589,0.512,497,0,0.6507,0.1024,0.0674,0.0736,0.5385,0.6429,0.6612,0.1118,0.0737,0.0863,0.5897,0.7857,512,1,extracted,0.1136,0.0629,0.0682,0.1131,0.062,0.0874
23,2024,98,1150,40,1139,644,0.56,512,1,0.6685,0.1053,0.0616,0.0702,0.5385,0.6429,0.6612,0.1118,0.0737,0.0863,0.5897,0.7857,512,1,extracted,0.0939,0.0519,0.0751,0.1131,0.062,0.0874
23,2024,99,1150,40,1139,644,0.56,512,1,0.6685,0.1053,0.0616,0.0702,0.5385,0.6429,0.6612,0.1118,0.0737,0.0863,0.5897,0.7857,512,1,extracted,0.0939,0.0519,0.0751,0.1131,0.062,0.0874
23,2024,100,1150,40,1139,644,0.56,512,1,0.6685,0.1053,0.0616,0.0702,0.5385,0.6429,0.6612,0.1118,0.0737,0.0863,0.5897,0.7857,512,1,extracted,0.0939,0.0519,0.0751,0.1131,0.062,0.0874
24,2024,1,849,79,20,30,0.035,9,0,0.7082,0.3119,0.1495,0.1835,0.1143,0.1818,0.6837,0.2298,0.1446,0.1475,0.5,0.6364,370,0,extracted,0.3077,0.0952,0.1846,0.239,0.1076,0.1698
24,2024,2,849,79,20,30,0.035,9,0,0.7082,0.3119,0.1495,0.1835,0.1143,0.1818,0.6837,0.2298,0.1446,0.1475,0.5,0.6364,370,0,extracted,0.3077,0.0952,0.1846,0.239,0.1076,0.1698
24,2024,3,849,79,20,30,0.035,9,0,0.7082,0.3119,0.1495,0.1835,0.1143,0.1818,0.6837,0.2298,0.1446,0.1475,0.5,0.6364,370,0,extracted,0.3077,0.0952,0.1846,0.239,0.1076,0.1698
24,2024,4,849,79,20,30,0.035,9,0,0.7082,0.3119,0.1495,0.1835,0.1143,0.1818,0.6837,0.2298,0.1446,0.1475,0.5,0.6364,370,0,extracted,0.3077,0.0952,0.1846,0.239,0.1076,0.1698
24,2024,5,849,79,20,30,0.035,9,0,0.7082,0.3119,0.1495,0.1835,0.1143,0.1818,0.6837,0.2298,0.1446,0.1475,0.5,0.6364,370,0,extracted,0.3077,0.0952,0.1846,0.239,0.1076,0.1698
24,2024,6,849,79,20,30,0.035,9,0,0.7082,0.3119,0.1495,0.1835,0.1143,0.1818,0.6837,0.2298,0.1446,0.1475,0.5,0.6364,370,0,extracted,0.3077,0.0952,0.1846,0.239,0.1076,0.1698
24,2024,7,849,79,20,30,0.035,9,0,0.7082,0.3119,0.1495,0.1835,0.1143,0.1818,0.6837,0.2298,0.1446,0.1475,0.5,0.6364,370,0,extracted,0.3077,0.0952,0.1846,0.239,0.1076,0.1698
24,2024,8,849,79,20,30,0.035,9,0,0.7082,0.3119,0.1495,0.1835,0.1143,0.1818,0.6837,0.2298,0.1446,0.1475,0.5,0.6364,370,0,extracted,0.3077,0.0952,0.1846,0.239,0.1076,0.1698
24,2024,9,849,79,20,30,0.035,9,0,0.7082,0.3119,0.1495,0.1835,0.1143,0.1818,0.6837,0.2298,0.1446,0.1475,0.5,0.6364,370,0,extracted,0.3077,0.0952,0.1846,0.239,0.1076,0.1698
24,2024,10,849,79,68,46,0.054,28,0,0.6756,0.1983,0.084,0.1488,0.0714,0.1364,0.6837,0.2298,0.1446,0.1475,0.5,0.6364,370,0,extracted,0.2258,0.0333,0.1613,0.239,0.1076,0.1698
24,2024,11,849,79,68,46,0.054,28,0,0.6756,0.1983,0.084,0.1488,0.0714,0.1364,0.6837,0.2298,0.1446,0.1475,0.5,0.6364,370,0,extracted,0.2258,0.0333,0.1613,0.239,0.1076,0.1698
24,2024,12,849,79,68,46,0.054,28,0,0.6756,0.1983,0.084,0.1488,0.0714,0.1364,0.6837,0.2298,0.1446,0.1475,0.5,0.6364,370,0,extracted,0.2258,0.0333,0.1613,0.239,0.1076,0.1698
24,2024,13,849,79,68,46,0.054,28,0,0.6756,0.1983,0.084,0.1488,0.0714,0.1364,0.6837,0.2298,0.1446,0.1475,0.5,0.6364,370,0,extracted,0.2258,0.0333,0.1613,0.239,0.1076,0.1698
24,2024,14,849,79,68,46,0.054,28,0,0.6756,0.1983,0.084,0.1488,0.0714,0.1364,0.6837,0.2298,0.1446,0.1475,0.5,0.6364,370,0,extracted,0.2258,0.0333,0.1613,0.239,0.1076,0.1698
24,2024,15,849,79,68,46,0.054,28,0,0.6756,0.1983,0.084,0.1488,0.0714,0.1364,0.6837,0.2298,0.1446,0.1475,0.5,0.6364,370,0,extracted,0.2258,0.0333,0.1613,0.239,0.1076,0.1698
24,2024,16,849,79,68,46,0.054,28,0,0.6756,0.1983,0.084,0.1488,0.0714,0.1364,0.6837,0.2298,0.1446,0.1475,0.5,0.6364,370,0,extracted,0.2258,0.0333,0.1613,0.239,0.1076,0.1698
24,2024,17,849,79,110,67,0.079,42,0,0.6949,0.3836,0.1528,0.1918,0.1429,0.1818,0.6837,0.2298,0.1446,0.1475,0.5,0.6364,370,0,extracted,0.3902,0.05,0.2195,0.239,0.1076,0.1698
24,2024,18,849,79,110,67,0.079,42,0,0.6949,0.3836,0.1528,0.1918,0.1429,0.1818,0.6837,0.2298,0.1446,0.1475,0.5,0.6364,370,0,extracted,0.3902,0.05,0.2195,0.239,0.1076,0.1698
24,2024,19,849,79,110,67,0.079,42,0,0.6949,0.3836,0.1528,0.1918,0.1429,0.1818,0.6837,0.2298,0.1446,0.1475,0.5,0.6364,370,0,extracted,0.3902,0.05,0.2195,0.239,0.1076,0.1698
24,2024,20,849,79,110,67,0.079,42,0,0.6949,0.3836,0.1528,0.1918,0.1429,0.1818,0.6837,0.2298,0.1446,0.1475,0.5,0.6364,370,0,extracted,0.3902,0.05,0.2195,0.239,0.1076,0.1698
24,2024,21,849,79,110,67,0.079,42,0,0.6949,0.3836,0.1528,0.1918,0.1429,0.1818,0.6837,0.2298,0.1446,0.1475,0.5,0.6364,370,0,extracted,0.3902,0.05,0.2195,0.239,0.1076,0.1698
24,2024,22,849,79,110,67,0.079,42,0,0.6949,0.3836,0.1528,0.1918,0.1429,0.1818,0.6837,0.2298,0.1446,0.1475,0.5,0.6364,370,0,extracted,0.3902,0.05,0.2195,0.239,0.1076,0.1698
24,2024,23,849,79,110,67,0.079,42,0,0.6949,0.3836,0.1528,0.1918,0.1429,0.1818,0.6837,0.2298,0.1446,0.1475,0.5,0.6364,370,0,extracted,0.3902,0.05,0.2195,0.239,0.1076,0.1698
24,2024,24,849,79,162,97,0.114,64,0,0.7332,0.4886,0.2414,0.3068,0.2571,0.3182,0.6837,0.2298,0.1446,0.1475,0.5,0.6364,370,0,extracted,0.42,0.102,0.3,0.239,0.1076,0.1698
24,2024,25,849,79,162,97,0.114,64,0,0.7332,0.4886,0.2414,0.3068,0.2571,0.3182,0.6837,0.2298,0.1446,0.1475,0.5,0.6364,370,0,extracted,0.42,0.102,0.3,0.239,0.1076,0.1698
24,2024,26,849,79,162,97,0.114,64,0,0.7332,0.4886,0.2414,0.3068,0.2571,0.3182,0.6837,0.2298,0.1446,0.1475,0.5,0.6364,370,0,extracted,0.42,0.102,0.3,0.239,0.1076,0.1698
24,2024,27,849,79,162,97,0.114,64,0,0.7332,0.4886,0.2414,0.3068,0.2571,0.3182,0.6837,0.2298,0.1446,0.1475,0.5,0.6364,370,0,extracted,0.42,0.102,0.3,0.239,0.1076,0.1698
24,2024,28,849,79,162,97,0.114,64,0,0.7332,0.4886,0.2414,0.3068,0.2571,0.3182,0.6837,0.2298,0.1446,0.1475,0.5,0.6364,370,0,extracted,0.42,0.102,0.3,0.239,0.1076,0.1698
24,2024,29,849,79,162,97,0.114,64,0,0.7332,0.4886,0.2414,0.3068,0.2571,0.3182,0.6837,0.2298,0.1446,0.1475,0.5,0.6364,370,0,extracted,0.42,0.102,0.3,0.239,0.1076,0.1698
24,2024,30,849,79,162,97,0.114,64,0,0.7332,0.4886,0.2414,0.3068,0.2571,0.3182,0.6837,0.2298,0.1446,0.1475,0.5,0.6364,370,0,extracted,0.42,0.102,0.3,0.239,0.1076,0.1698
24,2024,31,849,79,200,128,0.151,84,0,0.7167,0.4488,0.2069,0.2829,0.2571,0.3182,0.6837,0.2298,0.1446,0.1475,0.5,0.6364,370,0,extracted,0.4211,0.0893,0.2982,0.239,0.1076,0.1698
24,2024,32,849,79,200,128,0.151,84,0,0.7167,0.4488,0.2069,0.2829,0.2571,0.3182,0.6837,0.2298,0.1446,0.1475,0.5,0.6364,370,0,extracted,0.4211,0.0893,0.2982,0.239,0.1076,0.1698
24,2024,33,849,79,200,128,0.151,84,0,0.7167,0.4488,0.2069,0.2829,0.2571,0.3182,0.6837,0.2298,0.1446,0.1475,0.5,0.6364,370,0,extracted,0.4211,0.0893,0.2982,0.239,0.1076,0.1698
24,2024,34,849,79,200,128,0.151,84,0,0.7167,0.4488,0.2069,0.2829,0.2571,0.3182,0.6837,0.2298,0.1446,0.1475,0.5,0.6364,370,0,extracted,0.4211,0.0893,0.2982,0.239,0.1076,0.1698
24,2024,35,849,79,200,128,0.151,84,0,0.7167,0.4488,0.2069,0.2829,0.2571,0.3182,0.6837,0.2298,0.1446,0.1475,0.5,0.6364,370,0,extracted,0.4211,0.0893,0.2982,0.239,0.1076,0.1698
24,2024,36,849,79,200,128,0.151,84,0,0.7167,0.4488,0.2069,0.2829,0.2571,0.3182,0.6837,0.2298,0.1446,0.1475,0.5,0.6364,370,0,extracted,0.4211,0.0893,0.2982,0.239,0.1076,0.1698
24,2024,37,849,79,242,156,0.184,103,0,0.7092,0.4035,0.1858,0.2544,0.2571,0.3182,0.6837,0.2298,0.1446,0.1475,0.5,0.6364,370,0,extracted,0.4034,0.0855,0.2857,0.239,0.1076,0.1698
24,2024,38,849,79,242,156,0.184,103,0,0.7092,0.4035,0.1858,0.2544,0.2571,0.3182,0.6837,0.2298,0.1446,0.1475,0.5,0.6364,370,0,extracted,0.4034,0.0855,0.2857,0.239,0.1076,0.1698
24,2024,39,849,79,242,156,0.184,103,0,0.7092,0.4035,0.1858,0.2544,0.2571,0.3182,0.6837,0.2298,0.1446,0.1475,0.5,0.6364,370,0,extracted,0.4034,0.0855,0.2857,0.239,0.1076,0.1698
24,2024,40,849,79,242,156,0.184,103,0,0.7092,0.4035,0.1858,0.2544,0.2571,0.3182,0.6837,0.2298,0.1446,0.1475,0.5,0.6364,370,0,extracted,0.4034,0.0855,0.2857,0.239,0.1076,0.1698
24,2024,41,849,79,242,156,0.184,103,0,0.7092,0.4035,0.1858,0.2544,0.2571,0.3182,0.6837,0.2298,0.1446,0.1475,0.5,0.6364,370,0,extracted,0.4034,0.0855,0.2857,0.239,0.1076,0.1698
24,2024,42,849,79,242,156,0.184,103,0,0.7092,0.4035,0.1858,0.2544,0.2571,0.3182,0.6837,0.2298,0.1446,0.1475,0.5,0.6364,370,0,extracted,0.4034,0.0855,0.2857,0.239,0.1076,0.1698
24,2024,43,849,79,242,156,0.184,103,0,0.7092,0.4035,0.1858,0.2544,0.2571,0.3182,0.6837,0.2298,0.1446,0.1475,0.5,0.6364,370,0,extracted,0.4034,0.0855,0.2857,0.239,0.1076,0.1698
24,2024,44,849,79,314,192,0.226,136,0,0.7195,0.4428,0.2751,0.2509,0.4286,0.5,0.6837,0.2298,0.1446,0.1475,0.5,0.6364,370,0,extracted,0.4156,0.1842,0.2597,0.239,0.1076,0.1698
24,2024,45,849,79,314,192,0.226,136,0,0.7195,0.4428,0.2751,0.2509,0.4286,0.5,0.6837,0.2298,0.1446,0.1475,0.5,0.6364,370,0,extracted,0.4156,0.1842,0.2597,0.239,0.1076,0.1698
24,2024,46,849,79,314,192,0.226,136,0,0.7195,0.4428,0.2751,0.2509,0.4286,0.5,0.6837,0.2298,0.1446,0.1475,0.5,0.6364,370,0,extracted,0.4156,0.1842,0.2597,0.239,0.1076,0.1698
24,2024,47,849,79,314,192,0.226,136,0,0.7195,0.4428,0.2751,0.2509,0.4286,0.5,0.6837,0.2298,0.1446,0.1475,0.5,0.6364,370,0,extracted,0.4156,0.1842,0.2597,0.239,0.1076,0.1698
24,2024,48,849,79,314,192,0.226,136,0,0.7195,0.4428,0.2751,0.2509,0.4286,0.5,0.6837,0.2298,0.1446,0.1475,0.5,0.6364,370,0,extracted,0.4156,0.1842,0.2597,0.239,0.1076,0.1698
24,2024,49,849,79,314,192,0.226,136,0,0.7195,0.4428,0.2751,0.2509,0.4286,0.5,0.6837,0.2298,0.1446,0.1475,0.5,0.6364,370,0,extracted,0.4156,0.1842,0.2597,0.239,0.1076,0.1698
24,2024,50,849,79,389,244,0.287,164,0,0.7406,0.3937,0.2236,0.2222,0.4,0.5,0.6837,0.2298,0.1446,0.1475,0.5,0.6364,370,0,extracted,0.3864,0.1379,0.25,0.239,0.1076,0.1698
24,2024,51,849,79,389,244,0.287,164,0,0.7406,0.3937,0.2236,0.2222,0.4,0.5,0.6837,0.2298,0.1446,0.1475,0.5,0.6364,370,0,extracted,0.3864,0.1379,0.25,0.239,0.1076,0.1698
24,2024,52,849,79,389,244,0.287,164,0,0.7406,0.3937,0.2236,0.2222,0.4,0.5,0.6837,0.2298,0.1446,0.1475,0.5,0.6364,370,0,extracted,0.3864,0.1379,0.25,0.239,0.1076,0.1698
24,2024,53,849,79,389,244,0.287,164,0,0.7406,0.3937,0.2236,0.2222,0.4,0.5,0.6837,0.2298,0.1446,0.1475,0.5,0.6364,370,0,extracted,0.3864,0.1379,0.25,0.239,0.1076,0.1698
24,2024,54,849,79,389,244,0.287,164,0,0.7406,0.3937,0.2236,0.2222,0.4,0.5,0.6837,0.2298,0.1446,0.1475,0.5,0.6364,370,0,extracted,0.3864,0.1379,0.25,0.239,0.1076,0.1698
24,2024,55,849,79,389,244,0.287,164,0,0.7406,0.3937,0.2236,0.2222,0.4,0.5,0.6837,0.2298,0.1446,0.1475,0.5,0.6364,370,0,extracted,0.3864,0.1379,0.25,0.239,0.1076,0.1698
24,2024,56,849,79,389,244,0.287,164,0,0.7406,0.3937,0.2236,0.2222,0.4,0.5,0.6837,0.2298,0.1446,0.1475,0.5,0.6364,370,0,extracted,0.3864,0.1379,0.25,0.239,0.1076,0.1698
24,2024,57,849,79,464,287,0.338,195,0,0.7155,0.3296,0.1629,0.1788,0.3714,0.5,0.6837,0.2298,0.1446,0.1475,0.5,0.6364,370,0,extracted,0.3232,0.1122,0.1919,0.239,0.1076,0.1698
24,2024,58,849,79,464,287,0.338,195,0,0.7155,0.3296,0.1629,0.1788,0.3714,0.5,0.6837,0.2298,0.1446,0.1475,0.5,0.6364,370,0,extracted,0.3232,0.1122,0.1919,0.239,0.1076,0.1698
24,2024,59,849,79,464,287,0.338,195,0,0.7155,0.3296,0.1629,0.1788,0.3714,0.5,0.6837,0.2298,0.1446,0.1475,0.5,0.6364,370,0,extracted,0.3232,0.1122,0.1919,0.239,0.1076,0.1698
24,2024,60,849,79,464,287,0.338,195,0,0.7155,0.3296,0.1629,0.1788,0.3714,0.5,0.6837,0.2298,0.1446,0.1475,0.5,0.6364,370,0,extracted,0.3232,0.1122,0.1919,0.239,0.1076,0.1698
24,2024,61,849,79,464,287,0.338,195,0,0.7155,0.3296,0.1629,0.1788,0.3714,0.5,0.6837,0.2298,0.1446,0.1475,0.5,0.6364,370,0,extracted,0.3232,0.1122,0.1919,0.239,0.1076,0.1698
24,2024,62,849,79,464,287,0.338,195,0,0.7155,0.3296,0.1629,0.1788,0.3714,0.5,0.6837,0.2298,0.1446,0.1475,0.5,0.6364,370,0,extracted,0.3232,0.1122,0.1919,0.239,0.1076,0.1698
24,2024,63,849,79,464,287,0.338,195,0,0.7155,0.3296,0.1629,0.1788,0.3714,0.5,0.6837,0.2298,0.1446,0.1475,0.5,0.6364,370,0,extracted,0.3232,0.1122,0.1919,0.239,0.1076,0.1698
24,2024,64,849,79,520,326,0.384,221,0,0.7049,0.316,0.1638,0.1778,0.4143,0.5455,0.6837,0.2298,0.1446,0.1475,0.5,0.6364,370,0,extracted,0.2918,0.1039,0.1717,0.239,0.1076,0.1698
24,2024,65,849,79,520,326,0.384,221,0,0.7049,0.316,0.1638,0.1778,0.4143,0.5455,0.6837,0.2298,0.1446,0.1475,0.5,0.6364,370,0,extracted,0.2918,0.1039,0.1717,0.239,0.1076,0.1698
24,2024,66,849,79,520,326,0.384,221,0,0.7049,0.316,0.1638,0.1778,0.4143,0.5455,0.6837,0.2298,0.1446,0.1475,0.5,0.6364,370,0,extracted,0.2918,0.1039,0.1717,0.239,0.1076,0.1698
24,2024,67,849,79,520,326,0.384,221,0,0.7049,0.316,0.1638,0.1778,0.4143,0.5455,0.6837,0.2298,0.1446,0.1475,0.5,0.6364,370,0,extracted,0.2918,0.1039,0.1717,0.239,0.1076,0.1698
24,2024,68,849,79,520,326,0.384,221,0,0.7049,0.316,0.1638,0.1778,0.4143,0.5455,0.6837,0.2298,0.1446,0.1475,0.5,0.6364,370,0,extracted,0.2918,0.1039,0.1717,0.239,0.1076,0.1698
24,2024,69,849,79,520,326,0.384,221,0,0.7049,0.316,0.1638,0.1778,0.4143,0.5455,0.6837,0.2298,0.1446,0.1475,0.5,0.6364,370,0,extracted,0.2918,0.1039,0.1717,0.239,0.1076,0.1698
24,2024,70,849,79,520,326,0.384,221,0,0.7049,0.316,0.1638,0.1778,0.4143,0.5455,0.6837,0.2298,0.1446,0.1475,0.5,0.6364,370,0,extracted,0.2918,0.1039,0.1717,0.239,0.1076,0.1698
24,2024,71,849,79,587,364,0.429,246,0,0.6912,0.2889,0.1587,0.149,0.4,0.5,0.6837,0.2298,0.1446,0.1475,0.5,0.6364,370,0,extracted,0.2703,0.0856,0.1622,0.239,0.1076,0.1698
24,2024,72,849,79,587,364,0.429,246,0,0.6912,0.2889,0.1587,0.149,0.4,0.5,0.6837,0.2298,0.1446,0.1475,0.5,0.6364,370,0,extracted,0.2703,0.0856,0.1622,0.239,0.1076,0.1698
24,2024,73,849,79,587,364,0.429,246,0,0.6912,0.2889,0.1587,0.149,0.4,0.5,0.6837,0.2298,0.1446,0.1475,0.5,0.6364,370,0,extracted,0.2703,0.0856,0.1622,0.239,0.1076,0.1698
24,2024,74,849,79,587,364,0.429,246,0,0.6912,0.2889,0.1587,0.149,0.4,0.5,0.6837,0.2298,0.1446,0.1475,0.5,0.6364,370,0,extracted,0.2703,0.0856,0.1622,0.239,0.1076,0.1698
24,2024,75,849,79,587,364,0.429,246,0,0.6912,0.2889,0.1587,0.149,0.4,0.5,0.6837,0.2298,0.1446,0.1475,0.5,0.6364,370,0,extracted,0.2703,0.0856,0.1622,0.239,0.1076,0.1698
24,2024,76,849,79,587,364,0.429,246,0,0.6912,0.2889,0.1587,0.149,0.4,0.5,0.6837,0.2298,0.1446,0.1475,0.5,0.6364,370,0,extracted,0.2703,0.0856,0.1622,0.239,0.1076,0.1698
24,2024,77,849,79,657,408,0.481,278,0,0.6822,0.2516,0.1221,0.1426,0.3571,0.4545,0.6837,0.2298,0.1446,0.1475,0.5,0.6364,370,0,extracted,0.2454,0.0674,0.1561,0.239,0.1076,0.1698
24,2024,78,849,79,657,408,0.481,278,0,0.6822,0.2516,0.1221,0.1426,0.3571,0.4545,0.6837,0.2298,0.1446,0.1475,0.5,0.6364,370,0,extracted,0.2454,0.0674,0.1561,0.239,0.1076,0.1698
24,2024,79,849,79,657,408,0.481,278,0,0.6822,0.2516,0.1221,0.1426,0.3571,0.4545,0.6837,0.2298,0.1446,0.1475,0.5,0.6364,370,0,extracted,0.2454,0.0674,0.1561,0.239,0.1076,0.1698
24,2024,80,849,79,657,408,0.481,278,0,0.6822,0.2516,0.1221,0.1426,0.3571,0.4545,0.6837,0.2298,0.1446,0.1475,0.5,0.6364,370,0,extracted,0.2454,0.0674,0.1561,0.239,0.1076,0.1698
24,2024,81,849,79,657,408,0.481,278,0,0.6822,0.2516,0.1221,0.1426,0.3571,0.4545,0.6837,0.2298,0.1446,0.1475,0.5,0.6364,370,0,extracted,0.2454,0.0674,0.1561,0.239,0.1076,0.1698
24,2024,82,849,79,657,408,0.481,278,0,0.6822,0.2516,0.1221,0.1426,0.3571,0.4545,0.6837,0.2298,0.1446,0.1475,0.5,0.6364,370,0,extracted,0.2454,0.0674,0.1561,0.239,0.1076,0.1698
24,2024,83,849,79,657,408,0.481,278,0,0.6822,0.2516,0.1221,0.1426,0.3571,0.4545,0.6837,0.2298,0.1446,0.1475,0.5,0.6364,370,0,extracted,0.2454,0.0674,0.1561,0.239,0.1076,0.1698
24,2024,84,849,79,725,436,0.514,312,0,0.6952,0.2495,0.1392,0.1307,0.4286,0.5,0.6837,0.2298,0.1446,0.1475,0.5,0.6364,370,0,extracted,0.2327,0.1026,0.1527,0.239,0.1076,0.1698
24,2024,85,849,79,725,436,0.514,312,0,0.6952,0.2495,0.1392,0.1307,0.4286,0.5,0.6837,0.2298,0.1446,0.1475,0.5,0.6364,370,0,extracted,0.2327,0.1026,0.1527,0.239,0.1076,0.1698
24,2024,86,849,79,725,436,0.514,312,0,0.6952,0.2495,0.1392,0.1307,0.4286,0.5,0.6837,0.2298,0.1446,0.1475,0.5,0.6364,370,0,extracted,0.2327,0.1026,0.1527,0.239,0.1076,0.1698
24,2024,87,849,79,725,436,0.514,312,0,0.6952,0.2495,0.1392,0.1307,0.4286,0.5,0.6837,0.2298,0.1446,0.1475,0.5,0.6364,370,0,extracted,0.2327,0.1026,0.1527,0.239,0.1076,0.1698
24,2024,88,849,79,725,436,0.514,312,0,0.6952,0.2495,0.1392,0.1307,0.4286,0.5,0.6837,0.2298,0.1446,0.1475,0.5,0.6364,370,0,extracted,0.2327,0.1026,0.1527,0.239,0.1076,0.1698
24,2024,89,849,79,725,436,0.514,312,0,0.6952,0.2495,0.1392,0.1307,0.4286,0.5,0.6837,0.2298,0.1446,0.1475,0.5,0.6364,370,0,extracted,0.2327,0.1026,0.1527,0.239,0.1076,0.1698
24,2024,90,849,79,781,472,0.556,339,0,0.6778,0.2399,0.1333,0.1365,0.4429,0.5,0.6837,0.2298,0.1446,0.1475,0.5,0.6364,370,0,extracted,0.2186,0.0906,0.1479,0.239,0.1076,0.1698
24,2024,91,849,79,781,472,0.556,339,0,0.6778,0.2399,0.1333,0.1365,0.4429,0.5,0.6837,0.2298,0.1446,0.1475,0.5,0.6364,370,0,extracted,0.2186,0.0906,0.1479,0.239,0.1076,0.1698
24,2024,92,849,79,781,472,0.556,339,0,0.6778,0.2399,0.1333,0.1365,0.4429,0.5,0.6837,0.2298,0.1446,0.1475,0.5,0.6364,370,0,extracted,0.2186,0.0906,0.1479,0.239,0.1076,0.1698
24,2024,93,849,79,781,472,0.556,339,0,0.6778,0.2399,0.1333,0.1365,0.4429,0.5,0.6837,0.2298,0.1446,0.1475,0.5,0.6364,370,0,extracted,0.2186,0.0906,0.1479,0.239,0.1076,0.1698
24,2024,94,849,79,781,472,0.556,339,0,0.6778,0.2399,0.1333,0.1365,0.4429,0.5,0.6837,0.2298,0.1446,0.1475,0.5,0.6364,370,0,extracted,0.2186,0.0906,0.1479,0.239,0.1076,0.1698
24,2024,95,849,79,781,472,0.556,339,0,0.6778,0.2399,0.1333,0.1365,0.4429,0.5,0.6837,0.2298,0.1446,0.1475,0.5,0.6364,370,0,extracted,0.2186,0.0906,0.1479,0.239,0.1076,0.1698
24,2024,96,849,79,781,472,0.556,339,0,0.6778,0.2399,0.1333,0.1365,0.4429,0.5,0.6837,0.2298,0.1446,0.1475,0.5,0.6364,370,0,extracted,0.2186,0.0906,0.1479,0.239,0.1076,0.1698
24,2024,97,849,79,838,511,0.602,360,0,0.687,0.2306,0.1382,0.1239,0.4571,0.5455,0.6837,0.2298,0.1446,0.1475,0.5,0.6364,370,0,extracted,0.2167,0.0997,0.13,0.239,0.1076,0.1698
24,2024,98,849,79,838,511,0.602,360,0,0.687,0.2306,0.1382,0.1239,0.4571,0.5455,0.6837,0.2298,0.1446,0.1475,0.5,0.6364,370,0,extracted,0.2167,0.0997,0.13,0.239,0.1076,0.1698
24,2024,99,849,79,838,511,0.602,360,0,0.687,0.2306,0.1382,0.1239,0.4571,0.5455,0.6837,0.2298,0.1446,0.1475,0.5,0.6364,370,0,extracted,0.2167,0.0997,0.13,0.239,0.1076,0.1698
24,2024,100,849,79,838,511,0.602,360,0,0.687,0.2306,0.1382,0.1239,0.4571,0.5455,0.6837,0.2298,0.1446,0.1475,0.5,0.6364,370,0,extracted,0.2167,0.0997,0.13,0.239,0.1076,0.1698
25,2024,1,957,102,20,24,0.025,10,0,0.5835,0.0794,0.0,0.0635,0.0,0.0,0.6432,0.2194,0.0766,0.1113,0.2449,0.2963,457,0,extracted,0.1143,0.0,0.1143,0.2365,0.0612,0.1554
25,2024,2,957,102,20,24,0.025,10,0,0.5835,0.0794,0.0,0.0635,0.0,0.0,0.6432,0.2194,0.0766,0.1113,0.2449,0.2963,457,0,extracted,0.1143,0.0,0.1143,0.2365,0.0612,0.1554
25,2024,3,957,102,20,24,0.025,10,0,0.5835,0.0794,0.0,0.0635,0.0,0.0,0.6432,0.2194,0.0766,0.1113,0.2449,0.2963,457,0,extracted,0.1143,0.0,0.1143,0.2365,0.0612,0.1554
25,2024,4,957,102,20,24,0.025,10,0,0.5835,0.0794,0.0,0.0635,0.0,0.0,0.6432,0.2194,0.0766,0.1113,0.2449,0.2963,457,0,extracted,0.1143,0.0,0.1143,0.2365,0.0612,0.1554
25,2024,5,957,102,20,24,0.025,10,0,0.5835,0.0794,0.0,0.0635,0.0,0.0,0.6432,0.2194,0.0766,0.1113,0.2449,0.2963,457,0,extracted,0.1143,0.0,0.1143,0.2365,0.0612,0.1554
25,2024,6,957,102,20,24,0.025,10,0,0.5835,0.0794,0.0,0.0635,0.0,0.0,0.6432,0.2194,0.0766,0.1113,0.2449,0.2963,457,0,extracted,0.1143,0.0,0.1143,0.2365,0.0612,0.1554
25,2024,7,957,102,20,24,0.025,10,0,0.5835,0.0794,0.0,0.0635,0.0,0.0,0.6432,0.2194,0.0766,0.1113,0.2449,0.2963,457,0,extracted,0.1143,0.0,0.1143,0.2365,0.0612,0.1554
25,2024,8,957,102,20,24,0.025,10,0,0.5835,0.0794,0.0,0.0635,0.0,0.0,0.6432,0.2194,0.0766,0.1113,0.2449,0.2963,457,0,extracted,0.1143,0.0,0.1143,0.2365,0.0612,0.1554
25,2024,9,957,102,41,41,0.043,16,0,0.6291,0.2098,0.0851,0.1538,0.0612,0.0741,0.6432,0.2194,0.0766,0.1113,0.2449,0.2963,457,0,extracted,0.2532,0.0779,0.1772,0.2365,0.0612,0.1554
25,2024,10,957,102,41,41,0.043,16,0,0.6291,0.2098,0.0851,0.1538,0.0612,0.0741,0.6432,0.2194,0.0766,0.1113,0.2449,0.2963,457,0,extracted,0.2532,0.0779,0.1772,0.2365,0.0612,0.1554
25,2024,11,957,102,41,41,0.043,16,0,0.6291,0.2098,0.0851,0.1538,0.0612,0.0741,0.6432,0.2194,0.0766,0.1113,0.2449,0.2963,457,0,extracted,0.2532,0.0779,0.1772,0.2365,0.0612,0.1554
25,2024,12,957,102,41,41,0.043,16,0,0.6291,0.2098,0.0851,0.1538,0.0612,0.0741,0.6432,0.2194,0.0766,0.1113,0.2449,0.2963,457,0,extracted,0.2532,0.0779,0.1772,0.2365,0.0612,0.1554
25,2024,13,957,102,41,41,0.043,16,0,0.6291,0.2098,0.0851,0.1538,0.0612,0.0741,0.6432,0.2194,0.0766,0.1113,0.2449,0.2963,457,0,extracted,0.2532,0.0779,0.1772,0.2365,0.0612,0.1554
25,2024,14,957,102,41,41,0.043,16,0,0.6291,0.2098,0.0851,0.1538,0.0612,0.0741,0.6432,0.2194,0.0766,0.1113,0.2449,0.2963,457,0,extracted,0.2532,0.0779,0.1772,0.2365,0.0612,0.1554
25,2024,15,957,102,73,50,0.052,31,0,0.6304,0.25,0.08,0.1447,0.0612,0.0741,0.6432,0.2194,0.0766,0.1113,0.2449,0.2963,457,0,extracted,0.2824,0.0723,0.1647,0.2365,0.0612,0.1554
25,2024,16,957,102,73,50,0.052,31,0,0.6304,0.25,0.08,0.1447,0.0612,0.0741,0.6432,0.2194,0.0766,0.1113,0.2449,0.2963,457,0,extracted,0.2824,0.0723,0.1647,0.2365,0.0612,0.1554
25,2024,17,957,102,73,50,0.052,31,0,0.6304,0.25,0.08,0.1447,0.0612,0.0741,0.6432,0.2194,0.0766,0.1113,0.2449,0.2963,457,0,extracted,0.2824,0.0723,0.1647,0.2365,0.0612,0.1554
25,2024,18,957,102,73,50,0.052,31,0,0.6304,0.25,0.08,0.1447,0.0612,0.0741,0.6432,0.2194,0.0766,0.1113,0.2449,0.2963,457,0,extracted,0.2824,0.0723,0.1647,0.2365,0.0612,0.1554
25,2024,19,957,102,73,50,0.052,31,0,0.6304,0.25,0.08,0.1447,0.0612,0.0741,0.6432,0.2194,0.0766,0.1113,0.2449,0.2963,457,0,extracted,0.2824,0.0723,0.1647,0.2365,0.0612,0.1554
25,2024,20,957,102,73,50,0.052,31,0,0.6304,0.25,0.08,0.1447,0.0612,0.0741,0.6432,0.2194,0.0766,0.1113,0.2449,0.2963,457,0,extracted,0.2824,0.0723,0.1647,0.2365,0.0612,0.1554
25,2024,21,957,102,112,65,0.068,52,0,0.711,0.491,0.2303,0.2515,0.1939,0.2222,0.6432,0.2194,0.0766,0.1113,0.2449,0.2963,457,0,extracted,0.5,0.2128,0.3125,0.2365,0.0612,0.1554
25,2024,22,957,102,112,65,0.068,52,0,0.711,0.491,0.2303,0.2515,0.1939,0.2222,0.6432,0.2194,0.0766,0.1113,0.2449,0.2963,457,0,extracted,0.5,0.2128,0.3125,0.2365,0.0612,0.1554
25,2024,23,957,102,112,65,0.068,52,0,0.711,0.491,0.2303,0.2515,0.1939,0.2222,0.6432,0.2194,0.0766,0.1113,0.2449,0.2963,457,0,extracted,0.5,0.2128,0.3125,0.2365,0.0612,0.1554
25,2024,24,957,102,112,65,0.068,52,0,0.711,0.491,0.2303,0.2515,0.1939,0.2222,0.6432,0.2194,0.0766,0.1113,0.2449,0.2963,457,0,extracted,0.5,0.2128,0.3125,0.2365,0.0612,0.1554
25,2024,25,957,102,112,65,0.068,52,0,0.711,0.491,0.2303,0.2515,0.1939,0.2222,0.6432,0.2194,0.0766,0.1113,0.2449,0.2963,457,0,extracted,0.5,0.2128,0.3125,0.2365,0.0612,0.1554
25,2024,26,957,102,112,65,0.068,52,0,0.711,0.491,0.2303,0.2515,0.1939,0.2222,0.6432,0.2194,0.0766,0.1113,0.2449,0.2963,457,0,extracted,0.5,0.2128,0.3125,0.2365,0.0612,0.1554
25,2024,27,957,102,140,77,0.08,63,0,0.6946,0.4581,0.2147,0.2346,0.1939,0.2222,0.6432,0.2194,0.0766,0.1113,0.2449,0.2963,457,0,extracted,0.4615,0.1961,0.2885,0.2365,0.0612,0.1554
25,2024,28,957,102,140,77,0.08,63,0,0.6946,0.4581,0.2147,0.2346,0.1939,0.2222,0.6432,0.2194,0.0766,0.1113,0.2449,0.2963,457,0,extracted,0.4615,0.1961,0.2885,0.2365,0.0612,0.1554
25,2024,29,957,102,140,77,0.08,63,0,0.6946,0.4581,0.2147,0.2346,0.1939,0.2222,0.6432,0.2194,0.0766,0.1113,0.2449,0.2963,457,0,extracted,0.4615,0.1961,0.2885,0.2365,0.0612,0.1554
25,2024,30,957,102,140,77,0.08,63,0,0.6946,0.4581,0.2147,0.2346,0.1939,0.2222,0.6432,0.2194,0.0766,0.1113,0.2449,0.2963,457,0,extracted,0.4615,0.1961,0.2885,0.2365,0.0612,0.1554
25,2024,31,957,102,140,77,0.08,63,0,0.6946,0.4581,0.2147,0.2346,0.1939,0.2222,0.6432,0.2194,0.0766,0.1113,0.2449,0.2963,457,0,extracted,0.4615,0.1961,0.2885,0.2365,0.0612,0.1554
25,2024,32,957,102,140,77,0.08,63,0,0.6946,0.4581,0.2147,0.2346,0.1939,0.2222,0.6432,0.2194,0.0766,0.1113,0.2449,0.2963,457,0,extracted,0.4615,0.1961,0.2885,0.2365,0.0612,0.1554
25,2024,33,957,102,197,115,0.12,93,0,0.6808,0.4206,0.1887,0.1963,0.2041,0.2222,0.6432,0.2194,0.0766,0.1113,0.2449,0.2963,457,0,extracted,0.4202,0.1709,0.2521,0.2365,0.0612,0.1554
25,2024,34,957,102,197,115,0.12,93,0,0.6808,0.4206,0.1887,0.1963,0.2041,0.2222,0.6432,0.2194,0.0766,0.1113,0.2449,0.2963,457,0,extracted,0.4202,0.1709,0.2521,0.2365,0.0612,0.1554
25,2024,35,957,102,197,115,0.12,93,0,0.6808,0.4206,0.1887,0.1963,0.2041,0.2222,0.6432,0.2194,0.0766,0.1113,0.2449,0.2963,457,0,extracted,0.4202,0.1709,0.2521,0.2365,0.0612,0.1554
25,2024,36,957,102,197,115,0.12,93,0,0.6808,0.4206,0.1887,0.1963,0.2041,0.2222,0.6432,0.2194,0.0766,0.1113,0.2449,0.2963,457,0,extracted,0.4202,0.1709,0.2521,0.2365,0.0612,0.1554
25,2024,37,957,102,197,115,0.12,93,0,0.6808,0.4206,0.1887,0.1963,0.2041,0.2222,0.6432,0.2194,0.0766,0.1113,0.2449,0.2963,457,0,extracted,0.4202,0.1709,0.2521,0.2365,0.0612,0.1554
25,2024,38,957,102,197,115,0.12,93,0,0.6808,0.4206,0.1887,0.1963,0.2041,0.2222,0.6432,0.2194,0.0766,0.1113,0.2449,0.2963,457,0,extracted,0.4202,0.1709,0.2521,0.2365,0.0612,0.1554
25,2024,39,957,102,228,131,0.137,109,0,0.6754,0.3965,0.1778,0.185,0.2041,0.2222,0.6432,0.2194,0.0766,0.1113,0.2449,0.2963,457,0,extracted,0.4132,0.1681,0.2479,0.2365,0.0612,0.1554
25,2024,40,957,102,228,131,0.137,109,0,0.6754,0.3965,0.1778,0.185,0.2041,0.2222,0.6432,0.2194,0.0766,0.1113,0.2449,0.2963,457,0,extracted,0.4132,0.1681,0.2479,0.2365,0.0612,0.1554
25,2024,41,957,102,228,131,0.137,109,0,0.6754,0.3965,0.1778,0.185,0.2041,0.2222,0.6432,0.2194,0.0766,0.1113,0.2449,0.2963,457,0,extracted,0.4132,0.1681,0.2479,0.2365,0.0612,0.1554
25,2024,42,957,102,228,131,0.137,109,0,0.6754,0.3965,0.1778,0.185,0.2041,0.2222,0.6432,0.2194,0.0766,0.1113,0.2449,0.2963,457,0,extracted,0.4132,0.1681,0.2479,0.2365,0.0612,0.1554
25,2024,43,957,102,228,131,0.137,109,0,0.6754,0.3965,0.1778,0.185,0.2041,0.2222,0.6432,0.2194,0.0766,0.1113,0.2449,0.2963,457,0,extracted,0.4132,0.1681,0.2479,0.2365,0.0612,0.1554
25,2024,44,957,102,228,131,0.137,109,0,0.6754,0.3965,0.1778,0.185,0.2041,0.2222,0.6432,0.2194,0.0766,0.1113,0.2449,0.2963,457,0,extracted,0.4132,0.1681,0.2479,0.2365,0.0612,0.1554
25,2024,45,957,102,280,150,0.157,128,0,0.6623,0.3443,0.1322,0.1639,0.1633,0.1481,0.6432,0.2194,0.0766,0.1113,0.2449,0.2963,457,0,extracted,0.381,0.1452,0.2222,0.2365,0.0612,0.1554
25,2024,46,957,102,280,150,0.157,128,0,0.6623,0.3443,0.1322,0.1639,0.1633,0.1481,0.6432,0.2194,0.0766,0.1113,0.2449,0.2963,457,0,extracted,0.381,0.1452,0.2222,0.2365,0.0612,0.1554
25,2024,47,957,102,280,150,0.157,128,0,0.6623,0.3443,0.1322,0.1639,0.1633,0.1481,0.6432,0.2194,0.0766,0.1113,0.2449,0.2963,457,0,extracted,0.381,0.1452,0.2222,0.2365,0.0612,0.1554
25,2024,48,957,102,280,150,0.157,128,0,0.6623,0.3443,0.1322,0.1639,0.1633,0.1481,0.6432,0.2194,0.0766,0.1113,0.2449,0.2963,457,0,extracted,0.381,0.1452,0.2222,0.2365,0.0612,0.1554
25,2024,49,957,102,280,150,0.157,128,0,0.6623,0.3443,0.1322,0.1639,0.1633,0.1481,0.6432,0.2194,0.0766,0.1113,0.2449,0.2963,457,0,extracted,0.381,0.1452,0.2222,0.2365,0.0612,0.1554
25,2024,50,957,102,280,150,0.157,128,0,0.6623,0.3443,0.1322,0.1639,0.1633,0.1481,0.6432,0.2194,0.0766,0.1113,0.2449,0.2963,457,0,extracted,0.381,0.1452,0.2222,0.2365,0.0612,0.1554
25,2024,51,957,102,336,209,0.218,152,0,0.6955,0.4,0.1558,0.1871,0.2449,0.2963,0.6432,0.2194,0.0766,0.1113,0.2449,0.2963,457,0,extracted,0.3846,0.1333,0.1978,0.2365,0.0612,0.1554
25,2024,52,957,102,336,209,0.218,152,0,0.6955,0.4,0.1558,0.1871,0.2449,0.2963,0.6432,0.2194,0.0766,0.1113,0.2449,0.2963,457,0,extracted,0.3846,0.1333,0.1978,0.2365,0.0612,0.1554
25,2024,53,957,102,336,209,0.218,152,0,0.6955,0.4,0.1558,0.1871,0.2449,0.2963,0.6432,0.2194,0.0766,0.1113,0.2449,0.2963,457,0,extracted,0.3846,0.1333,0.1978,0.2365,0.0612,0.1554
25,2024,54,957,102,336,209,0.218,152,0,0.6955,0.4,0.1558,0.1871,0.2449,0.2963,0.6432,0.2194,0.0766,0.1113,0.2449,0.2963,457,0,extracted,0.3846,0.1333,0.1978,0.2365,0.0612,0.1554
25,2024,55,957,102,336,209,0.218,152,0,0.6955,0.4,0.1558,0.1871,0.2449,0.2963,0.6432,0.2194,0.0766,0.1113,0.2449,0.2963,457,0,extracted,0.3846,0.1333,0.1978,0.2365,0.0612,0.1554
25,2024,56,957,102,408,248,0.259,187,0,0.6909,0.4128,0.193,0.2384,0.3367,0.4444,0.6432,0.2194,0.0766,0.1113,0.2449,0.2963,457,0,extracted,0.3892,0.1311,0.227,0.2365,0.0612,0.1554
25,2024,57,957,102,408,248,0.259,187,0,0.6909,0.4128,0.193,0.2384,0.3367,0.4444,0.6432,0.2194,0.0766,0.1113,0.2449,0.2963,457,0,extracted,0.3892,0.1311,0.227,0.2365,0.0612,0.1554
25,2024,58,957,102,408,248,0.259,187,0,0.6909,0.4128,0.193,0.2384,0.3367,0.4444,0.6432,0.2194,0.0766,0.1113,0.2449,0.2963,457,0,extracted,0.3892,0.1311,0.227,0.2365,0.0612,0.1554
25,2024,59,957,102,408,248,0.259,187,0,0.6909,0.4128,0.193,0.2384,0.3367,0.4444,0.6432,0.2194,0.0766,0.1113,0.2449,0.2963,457,0,extracted,0.3892,0.1311,0.227,0.2365,0.0612,0.1554
25,2024,60,957,102,408,248,0.259,187,0,0.6909,0.4128,0.193,0.2384,0.3367,0.4444,0.6432,0.2194,0.0766,0.1113,0.2449,0.2963,457,0,extracted,0.3892,0.1311,0.227,0.2365,0.0612,0.1554
25,2024,61,957,102,408,248,0.259,187,0,0.6909,0.4128,0.193,0.2384,0.3367,0.4444,0.6432,0.2194,0.0766,0.1113,0.2449,0.2963,457,0,extracted,0.3892,0.1311,0.227,0.2365,0.0612,0.1554
25,2024,62,957,102,495,292,0.305,230,0,0.6904,0.3918,0.1917,0.2113,0.3776,0.4444,0.6432,0.2194,0.0766,0.1113,0.2449,0.2963,457,0,extracted,0.3941,0.1194,0.2365,0.2365,0.0612,0.1554
25,2024,63,957,102,495,292,0.305,230,0,0.6904,0.3918,0.1917,0.2113,0.3776,0.4444,0.6432,0.2194,0.0766,0.1113,0.2449,0.2963,457,0,extracted,0.3941,0.1194,0.2365,0.2365,0.0612,0.1554
25,2024,64,957,102,495,292,0.305,230,0,0.6904,0.3918,0.1917,0.2113,0.3776,0.4444,0.6432,0.2194,0.0766,0.1113,0.2449,0.2963,457,0,extracted,0.3941,0.1194,0.2365,0.2365,0.0612,0.1554
25,2024,65,957,102,495,292,0.305,230,0,0.6904,0.3918,0.1917,0.2113,0.3776,0.4444,0.6432,0.2194,0.0766,0.1113,0.2449,0.2963,457,0,extracted,0.3941,0.1194,0.2365,0.2365,0.0612,0.1554
25,2024,66,957,102,495,292,0.305,230,0,0.6904,0.3918,0.1917,0.2113,0.3776,0.4444,0.6432,0.2194,0.0766,0.1113,0.2449,0.2963,457,0,extracted,0.3941,0.1194,0.2365,0.2365,0.0612,0.1554
25,2024,67,957,102,495,292,0.305,230,0,0.6904,0.3918,0.1917,0.2113,0.3776,0.4444,0.6432,0.2194,0.0766,0.1113,0.2449,0.2963,457,0,extracted,0.3941,0.1194,0.2365,0.2365,0.0612,0.1554
25,2024,68,957,102,550,316,0.33,253,0,0.6796,0.3671,0.1553,0.1739,0.3265,0.3704,0.6432,0.2194,0.0766,0.1113,0.2449,0.2963,457,0,extracted,0.3103,0.0522,0.1724,0.2365,0.0612,0.1554
25,2024,69,957,102,550,316,0.33,253,0,0.6796,0.3671,0.1553,0.1739,0.3265,0.3704,0.6432,0.2194,0.0766,0.1113,0.2449,0.2963,457,0,extracted,0.3103,0.0522,0.1724,0.2365,0.0612,0.1554
25,2024,70,957,102,550,316,0.33,253,0,0.6796,0.3671,0.1553,0.1739,0.3265,0.3704,0.6432,0.2194,0.0766,0.1113,0.2449,0.2963,457,0,extracted,0.3103,0.0522,0.1724,0.2365,0.0612,0.1554
25,2024,71,957,102,550,316,0.33,253,0,0.6796,0.3671,0.1553,0.1739,0.3265,0.3704,0.6432,0.2194,0.0766,0.1113,0.2449,0.2963,457,0,extracted,0.3103,0.0522,0.1724,0.2365,0.0612,0.1554
25,2024,72,957,102,550,316,0.33,253,0,0.6796,0.3671,0.1553,0.1739,0.3265,0.3704,0.6432,0.2194,0.0766,0.1113,0.2449,0.2963,457,0,extracted,0.3103,0.0522,0.1724,0.2365,0.0612,0.1554
25,2024,73,957,102,550,316,0.33,253,0,0.6796,0.3671,0.1553,0.1739,0.3265,0.3704,0.6432,0.2194,0.0766,0.1113,0.2449,0.2963,457,0,extracted,0.3103,0.0522,0.1724,0.2365,0.0612,0.1554
25,2024,74,957,102,623,358,0.374,292,0,0.7075,0.3592,0.2094,0.1863,0.4796,0.5556,0.6432,0.2194,0.0766,0.1113,0.2449,0.2963,457,0,extracted,0.3529,0.1441,0.2101,0.2365,0.0612,0.1554
25,2024,75,957,102,623,358,0.374,292,0,0.7075,0.3592,0.2094,0.1863,0.4796,0.5556,0.6432,0.2194,0.0766,0.1113,0.2449,0.2963,457,0,extracted,0.3529,0.1441,0.2101,0.2365,0.0612,0.1554
25,2024,76,957,102,623,358,0.374,292,0,0.7075,0.3592,0.2094,0.1863,0.4796,0.5556,0.6432,0.2194,0.0766,0.1113,0.2449,0.2963,457,0,extracted,0.3529,0.1441,0.2101,0.2365,0.0612,0.1554
25,2024,77,957,102,623,358,0.374,292,0,0.7075,0.3592,0.2094,0.1863,0.4796,0.5556,0.6432,0.2194,0.0766,0.1113,0.2449,0.2963,457,0,extracted,0.3529,0.1441,0.2101,0.2365,0.0612,0.1554
25,2024,78,957,102,623,358,0.374,292,0,0.7075,0.3592,0.2094,0.1863,0.4796,0.5556,0.6432,0.2194,0.0766,0.1113,0.2449,0.2963,457,0,extracted,0.3529,0.1441,0.2101,0.2365,0.0612,0.1554
25,2024,79,957,102,623,358,0.374,292,0,0.7075,0.3592,0.2094,0.1863,0.4796,0.5556,0.6432,0.2194,0.0766,0.1113,0.2449,0.2963,457,0,extracted,0.3529,0.1441,0.2101,0.2365,0.0612,0.1554
25,2024,80,957,102,704,402,0.42,336,0,0.6696,0.3036,0.1098,0.1538,0.2755,0.2963,0.6432,0.2194,0.0766,0.1113,0.2449,0.2963,457,0,extracted,0.2802,0.0549,0.179,0.2365,0.0612,0.1554
25,2024,81,957,102,704,402,0.42,336,0,0.6696,0.3036,0.1098,0.1538,0.2755,0.2963,0.6432,0.2194,0.0766,0.1113,0.2449,0.2963,457,0,extracted,0.2802,0.0549,0.179,0.2365,0.0612,0.1554
25,2024,82,957,102,704,402,0.42,336,0,0.6696,0.3036,0.1098,0.1538,0.2755,0.2963,0.6432,0.2194,0.0766,0.1113,0.2449,0.2963,457,0,extracted,0.2802,0.0549,0.179,0.2365,0.0612,0.1554
25,2024,83,957,102,704,402,0.42,336,0,0.6696,0.3036,0.1098,0.1538,0.2755,0.2963,0.6432,0.2194,0.0766,0.1113,0.2449,0.2963,457,0,extracted,0.2802,0.0549,0.179,0.2365,0.0612,0.1554
25,2024,84,957,102,704,402,0.42,336,0,0.6696,0.3036,0.1098,0.1538,0.2755,0.2963,0.6432,0.2194,0.0766,0.1113,0.2449,0.2963,457,0,extracted,0.2802,0.0549,0.179,0.2365,0.0612,0.1554
25,2024,85,957,102,704,402,0.42,336,0,0.6696,0.3036,0.1098,0.1538,0.2755,0.2963,0.6432,0.2194,0.0766,0.1113,0.2449,0.2963,457,0,extracted,0.2802,0.0549,0.179,0.2365,0.0612,0.1554
25,2024,86,957,102,760,454,0.474,366,0,0.6764,0.2883,0.1538,0.1387,0.4286,0.4815,0.6432,0.2194,0.0766,0.1113,0.2449,0.2963,457,0,extracted,0.2653,0.0822,0.1633,0.2365,0.0612,0.1554
25,2024,87,957,102,760,454,0.474,366,0,0.6764,0.2883,0.1538,0.1387,0.4286,0.4815,0.6432,0.2194,0.0766,0.1113,0.2449,0.2963,457,0,extracted,0.2653,0.0822,0.1633,0.2365,0.0612,0.1554
25,2024,88,957,102,760,454,0.474,366,0,0.6764,0.2883,0.1538,0.1387,0.4286,0.4815,0.6432,0.2194,0.0766,0.1113,0.2449,0.2963,457,0,extracted,0.2653,0.0822,0.1633,0.2365,0.0612,0.1554
25,2024,89,957,102,760,454,0.474,366,0,0.6764,0.2883,0.1538,0.1387,0.4286,0.4815,0.6432,0.2194,0.0766,0.1113,0.2449,0.2963,457,0,extracted,0.2653,0.0822,0.1633,0.2365,0.0612,0.1554
25,2024,90,957,102,760,454,0.474,366,0,0.6764,0.2883,0.1538,0.1387,0.4286,0.4815,0.6432,0.2194,0.0766,0.1113,0.2449,0.2963,457,0,extracted,0.2653,0.0822,0.1633,0.2365,0.0612,0.1554
25,2024,91,957,102,760,454,0.474,366,0,0.6764,0.2883,0.1538,0.1387,0.4286,0.4815,0.6432,0.2194,0.0766,0.1113,0.2449,0.2963,457,0,extracted,0.2653,0.0822,0.1633,0.2365,0.0612,0.1554
25,2024,92,957,102,842,479,0.501,403,0,0.6852,0.2754,0.1416,0.1411,0.4184,0.4074,0.6432,0.2194,0.0766,0.1113,0.2449,0.2963,457,0,extracted,0.2315,0.0955,0.1484,0.2365,0.0612,0.1554
25,2024,93,957,102,842,479,0.501,403,0,0.6852,0.2754,0.1416,0.1411,0.4184,0.4074,0.6432,0.2194,0.0766,0.1113,0.2449,0.2963,457,0,extracted,0.2315,0.0955,0.1484,0.2365,0.0612,0.1554
25,2024,94,957,102,842,479,0.501,403,0,0.6852,0.2754,0.1416,0.1411,0.4184,0.4074,0.6432,0.2194,0.0766,0.1113,0.2449,0.2963,457,0,extracted,0.2315,0.0955,0.1484,0.2365,0.0612,0.1554
25,2024,95,957,102,842,479,0.501,403,0,0.6852,0.2754,0.1416,0.1411,0.4184,0.4074,0.6432,0.2194,0.0766,0.1113,0.2449,0.2963,457,0,extracted,0.2315,0.0955,0.1484,0.2365,0.0612,0.1554
25,2024,96,957,102,842,479,0.501,403,0,0.6852,0.2754,0.1416,0.1411,0.4184,0.4074,0.6432,0.2194,0.0766,0.1113,0.2449,0.2963,457,0,extracted,0.2315,0.0955,0.1484,0.2365,0.0612,0.1554
25,2024,97,957,102,842,479,0.501,403,0,0.6852,0.2754,0.1416,0.1411,0.4184,0.4074,0.6432,0.2194,0.0766,0.1113,0.2449,0.2963,457,0,extracted,0.2315,0.0955,0.1484,0.2365,0.0612,0.1554
25,2024,98,957,102,946,560,0.585,447,0,0.668,0.2419,0.1275,0.1209,0.4184,0.4815,0.6432,0.2194,0.0766,0.1113,0.2449,0.2963,457,0,extracted,0.2374,0.0597,0.1365,0.2365,0.0612,0.1554
25,2024,99,957,102,946,560,0.585,447,0,0.668,0.2419,0.1275,0.1209,0.4184,0.4815,0.6432,0.2194,0.0766,0.1113,0.2449,0.2963,457,0,extracted,0.2374,0.0597,0.1365,0.2365,0.0612,0.1554
25,2024,100,957,102,946,560,0.585,447,0,0.668,0.2419,0.1275,0.1209,0.4184,0.4815,0.6432,0.2194,0.0766,0.1113,0.2449,0.2963,457,0,extracted,0.2374,0.0597,0.1365,0.2365,0.0612,0.1554
26,2024,1,946,149,12,14,0.015,10,0,0.6146,0.1104,0.0497,0.0982,0.02,0.0857,0.6859,0.3416,0.164,0.1781,0.38,0.4,462,0,extracted,0.12,0.0408,0.1,0.285,0.0905,0.175
26,2024,2,946,149,12,14,0.015,10,0,0.6146,0.1104,0.0497,0.0982,0.02,0.0857,0.6859,0.3416,0.164,0.1781,0.38,0.4,462,0,extracted,0.12,0.0408,0.1,0.285,0.0905,0.175
26,2024,3,946,149,12,14,0.015,10,0,0.6146,0.1104,0.0497,0.0982,0.02,0.0857,0.6859,0.3416,0.164,0.1781,0.38,0.4,462,0,extracted,0.12,0.0408,0.1,0.285,0.0905,0.175
26,2024,4,946,149,12,14,0.015,10,0,0.6146,0.1104,0.0497,0.0982,0.02,0.0857,0.6859,0.3416,0.164,0.1781,0.38,0.4,462,0,extracted,0.12,0.0408,0.1,0.285,0.0905,0.175
26,2024,5,946,149,12,14,0.015,10,0,0.6146,0.1104,0.0497,0.0982,0.02,0.0857,0.6859,0.3416,0.164,0.1781,0.38,0.4,462,0,extracted,0.12,0.0408,0.1,0.285,0.0905,0.175
26,2024,6,946,149,12,14,0.015,10,0,0.6146,0.1104,0.0497,0.0982,0.02,0.0857,0.6859,0.3416,0.164,0.1781,0.38,0.4,462,0,extracted,0.12,0.0408,0.1,0.285,0.0905,0.175
26,2024,7,946,149,12,14,0.015,10,0,0.6146,0.1104,0.0497,0.0982,0.02,0.0857,0.6859,0.3416,0.164,0.1781,0.38,0.4,462,0,extracted,0.12,0.0408,0.1,0.285,0.0905,0.175
26,2024,8,946,149,12,14,0.015,10,0,0.6146,0.1104,0.0497,0.0982,0.02,0.0857,0.6859,0.3416,0.164,0.1781,0.38,0.4,462,0,extracted,0.12,0.0408,0.1,0.285,0.0905,0.175
26,2024,9,946,149,40,35,0.037,25,0,0.6222,0.2174,0.0769,0.1522,0.05,0.1143,0.6859,0.3416,0.164,0.1781,0.38,0.4,462,0,extracted,0.2301,0.036,0.1416,0.285,0.0905,0.175
26,2024,10,946,149,40,35,0.037,25,0,0.6222,0.2174,0.0769,0.1522,0.05,0.1143,0.6859,0.3416,0.164,0.1781,0.38,0.4,462,0,extracted,0.2301,0.036,0.1416,0.285,0.0905,0.175
26,2024,11,946,149,40,35,0.037,25,0,0.6222,0.2174,0.0769,0.1522,0.05,0.1143,0.6859,0.3416,0.164,0.1781,0.38,0.4,462,0,extracted,0.2301,0.036,0.1416,0.285,0.0905,0.175
26,2024,12,946,149,40,35,0.037,25,0,0.6222,0.2174,0.0769,0.1522,0.05,0.1143,0.6859,0.3416,0.164,0.1781,0.38,0.4,462,0,extracted,0.2301,0.036,0.1416,0.285,0.0905,0.175
26,2024,13,946,149,40,35,0.037,25,0,0.6222,0.2174,0.0769,0.1522,0.05,0.1143,0.6859,0.3416,0.164,0.1781,0.38,0.4,462,0,extracted,0.2301,0.036,0.1416,0.285,0.0905,0.175
26,2024,14,946,149,62,35,0.037,34,0,0.6222,0.2174,0.0769,0.1522,0.05,0.1143,0.6859,0.3416,0.164,0.1781,0.38,0.4,462,0,extracted,0.2301,0.036,0.1416,0.285,0.0905,0.175
26,2024,15,946,149,62,35,0.037,34,0,0.6222,0.2174,0.0769,0.1522,0.05,0.1143,0.6859,0.3416,0.164,0.1781,0.38,0.4,462,0,extracted,0.2301,0.036,0.1416,0.285,0.0905,0.175
26,2024,16,946,149,62,35,0.037,34,0,0.6222,0.2174,0.0769,0.1522,0.05,0.1143,0.6859,0.3416,0.164,0.1781,0.38,0.4,462,0,extracted,0.2301,0.036,0.1416,0.285,0.0905,0.175
26,2024,17,946,149,62,35,0.037,34,0,0.6222,0.2174,0.0769,0.1522,0.05,0.1143,0.6859,0.3416,0.164,0.1781,0.38,0.4,462,0,extracted,0.2301,0.036,0.1416,0.285,0.0905,0.175
26,2024,18,946,149,62,35,0.037,34,0,0.6222,0.2174,0.0769,0.1522,0.05,0.1143,0.6859,0.3416,0.164,0.1781,0.38,0.4,462,0,extracted,0.2301,0.036,0.1416,0.285,0.0905,0.175
26,2024,19,946,149,62,35,0.037,34,0,0.6222,0.2174,0.0769,0.1522,0.05,0.1143,0.6859,0.3416,0.164,0.1781,0.38,0.4,462,0,extracted,0.2301,0.036,0.1416,0.285,0.0905,0.175
26,2024,20,946,149,103,59,0.062,49,0,0.6669,0.375,0.1553,0.2308,0.13,0.1714,0.6859,0.3416,0.164,0.1781,0.38,0.4,462,0,extracted,0.3175,0.0968,0.2222,0.285,0.0905,0.175
26,2024,21,946,149,103,59,0.062,49,0,0.6669,0.375,0.1553,0.2308,0.13,0.1714,0.6859,0.3416,0.164,0.1781,0.38,0.4,462,0,extracted,0.3175,0.0968,0.2222,0.285,0.0905,0.175
26,2024,22,946,149,103,59,0.062,49,0,0.6669,0.375,0.1553,0.2308,0.13,0.1714,0.6859,0.3416,0.164,0.1781,0.38,0.4,462,0,extracted,0.3175,0.0968,0.2222,0.285,0.0905,0.175
26,2024,23,946,149,103,59,0.062,49,0,0.6669,0.375,0.1553,0.2308,0.13,0.1714,0.6859,0.3416,0.164,0.1781,0.38,0.4,462,0,extracted,0.3175,0.0968,0.2222,0.285,0.0905,0.175
26,2024,24,946,149,103,59,0.062,49,0,0.6669,0.375,0.1553,0.2308,0.13,0.1714,0.6859,0.3416,0.164,0.1781,0.38,0.4,462,0,extracted,0.3175,0.0968,0.2222,0.285,0.0905,0.175
26,2024,25,946,149,103,59,0.062,49,0,0.6669,0.375,0.1553,0.2308,0.13,0.1714,0.6859,0.3416,0.164,0.1781,0.38,0.4,462,0,extracted,0.3175,0.0968,0.2222,0.285,0.0905,0.175
26,2024,26,946,149,144,88,0.093,68,0,0.6767,0.4473,0.1191,0.2278,0.13,0.1429,0.6859,0.3416,0.164,0.1781,0.38,0.4,462,0,extracted,0.3673,0.069,0.2177,0.285,0.0905,0.175
26,2024,27,946,149,144,88,0.093,68,0,0.6767,0.4473,0.1191,0.2278,0.13,0.1429,0.6859,0.3416,0.164,0.1781,0.38,0.4,462,0,extracted,0.3673,0.069,0.2177,0.285,0.0905,0.175
26,2024,28,946,149,144,88,0.093,68,0,0.6767,0.4473,0.1191,0.2278,0.13,0.1429,0.6859,0.3416,0.164,0.1781,0.38,0.4,462,0,extracted,0.3673,0.069,0.2177,0.285,0.0905,0.175
26,2024,29,946,149,144,88,0.093,68,0,0.6767,0.4473,0.1191,0.2278,0.13,0.1429,0.6859,0.3416,0.164,0.1781,0.38,0.4,462,0,extracted,0.3673,0.069,0.2177,0.285,0.0905,0.175
26,2024,30,946,149,144,88,0.093,68,0,0.6767,0.4473,0.1191,0.2278,0.13,0.1429,0.6859,0.3416,0.164,0.1781,0.38,0.4,462,0,extracted,0.3673,0.069,0.2177,0.285,0.0905,0.175
26,2024,31,946,149,186,111,0.117,85,0,0.6717,0.4692,0.1318,0.2385,0.16,0.1714,0.6859,0.3416,0.164,0.1781,0.38,0.4,462,0,extracted,0.3704,0.0625,0.2346,0.285,0.0905,0.175
26,2024,32,946,149,186,111,0.117,85,0,0.6717,0.4692,0.1318,0.2385,0.16,0.1714,0.6859,0.3416,0.164,0.1781,0.38,0.4,462,0,extracted,0.3704,0.0625,0.2346,0.285,0.0905,0.175
26,2024,33,946,149,186,111,0.117,85,0,0.6717,0.4692,0.1318,0.2385,0.16,0.1714,0.6859,0.3416,0.164,0.1781,0.38,0.4,462,0,extracted,0.3704,0.0625,0.2346,0.285,0.0905,0.175
26,2024,34,946,149,186,111,0.117,85,0,0.6717,0.4692,0.1318,0.2385,0.16,0.1714,0.6859,0.3416,0.164,0.1781,0.38,0.4,462,0,extracted,0.3704,0.0625,0.2346,0.285,0.0905,0.175
26,2024,35,946,149,186,111,0.117,85,0,0.6717,0.4692,0.1318,0.2385,0.16,0.1714,0.6859,0.3416,0.164,0.1781,0.38,0.4,462,0,extracted,0.3704,0.0625,0.2346,0.285,0.0905,0.175
26,2024,36,946,149,186,111,0.117,85,0,0.6717,0.4692,0.1318,0.2385,0.16,0.1714,0.6859,0.3416,0.164,0.1781,0.38,0.4,462,0,extracted,0.3704,0.0625,0.2346,0.285,0.0905,0.175
26,2024,37,946,149,224,136,0.144,100,0,0.6683,0.4842,0.1625,0.2386,0.19,0.2,0.6859,0.3416,0.164,0.1781,0.38,0.4,462,0,extracted,0.3636,0.069,0.2273,0.285,0.0905,0.175
26,2024,38,946,149,224,136,0.144,100,0,0.6683,0.4842,0.1625,0.2386,0.19,0.2,0.6859,0.3416,0.164,0.1781,0.38,0.4,462,0,extracted,0.3636,0.069,0.2273,0.285,0.0905,0.175
26,2024,39,946,149,224,136,0.144,100,0,0.6683,0.4842,0.1625,0.2386,0.19,0.2,0.6859,0.3416,0.164,0.1781,0.38,0.4,462,0,extracted,0.3636,0.069,0.2273,0.285,0.0905,0.175
26,2024,40,946,149,224,136,0.144,100,0,0.6683,0.4842,0.1625,0.2386,0.19,0.2,0.6859,0.3416,0.164,0.1781,0.38,0.4,462,0,extracted,0.3636,0.069,0.2273,0.285,0.0905,0.175
26,2024,41,946,149,224,136,0.144,100,0,0.6683,0.4842,0.1625,0.2386,0.19,0.2,0.6859,0.3416,0.164,0.1781,0.38,0.4,462,0,extracted,0.3636,0.069,0.2273,0.285,0.0905,0.175
26,2024,42,946,149,285,171,0.181,129,0,0.6631,0.4268,0.1282,0.2166,0.19,0.2,0.6859,0.3416,0.164,0.1781,0.38,0.4,462,0,extracted,0.3407,0.0667,0.2198,0.285,0.0905,0.175
26,2024,43,946,149,285,171,0.181,129,0,0.6631,0.4268,0.1282,0.2166,0.19,0.2,0.6859,0.3416,0.164,0.1781,0.38,0.4,462,0,extracted,0.3407,0.0667,0.2198,0.285,0.0905,0.175
26,2024,44,946,149,285,171,0.181,129,0,0.6631,0.4268,0.1282,0.2166,0.19,0.2,0.6859,0.3416,0.164,0.1781,0.38,0.4,462,0,extracted,0.3407,0.0667,0.2198,0.285,0.0905,0.175
26,2024,45,946,149,285,171,0.181,129,0,0.6631,0.4268,0.1282,0.2166,0.19,0.2,0.6859,0.3416,0.164,0.1781,0.38,0.4,462,0,extracted,0.3407,0.0667,0.2198,0.285,0.0905,0.175
26,2024,46,946,149,285,171,0.181,129,0,0.6631,0.4268,0.1282,0.2166,0.19,0.2,0.6859,0.3416,0.164,0.1781,0.38,0.4,462,0,extracted,0.3407,0.0667,0.2198,0.285,0.0905,0.175
26,2024,47,946,149,285,171,0.181,129,0,0.6631,0.4268,0.1282,0.2166,0.19,0.2,0.6859,0.3416,0.164,0.1781,0.38,0.4,462,0,extracted,0.3407,0.0667,0.2198,0.285,0.0905,0.175
26,2024,48,946,149,332,201,0.212,150,0,0.6762,0.4706,0.1834,0.2176,0.19,0.2286,0.6859,0.3416,0.164,0.1781,0.38,0.4,462,0,extracted,0.4316,0.117,0.2421,0.285,0.0905,0.175
26,2024,49,946,149,332,201,0.212,150,0,0.6762,0.4706,0.1834,0.2176,0.19,0.2286,0.6859,0.3416,0.164,0.1781,0.38,0.4,462,0,extracted,0.4316,0.117,0.2421,0.285,0.0905,0.175
26,2024,50,946,149,332,201,0.212,150,0,0.6762,0.4706,0.1834,0.2176,0.19,0.2286,0.6859,0.3416,0.164,0.1781,0.38,0.4,462,0,extracted,0.4316,0.117,0.2421,0.285,0.0905,0.175
26,2024,51,946,149,332,201,0.212,150,0,0.6762,0.4706,0.1834,0.2176,0.19,0.2286,0.6859,0.3416,0.164,0.1781,0.38,0.4,462,0,extracted,0.4316,0.117,0.2421,0.285,0.0905,0.175
26,2024,52,946,149,332,201,0.212,150,0,0.6762,0.4706,0.1834,0.2176,0.19,0.2286,0.6859,0.3416,0.164,0.1781,0.38,0.4,462,0,extracted,0.4316,0.117,0.2421,0.285,0.0905,0.175
26,2024,53,946,149,369,215,0.227,163,0,0.675,0.4576,0.1591,0.2316,0.2,0.2571,0.6859,0.3416,0.164,0.1781,0.38,0.4,462,0,extracted,0.4158,0.1,0.2376,0.285,0.0905,0.175
26,2024,54,946,149,369,215,0.227,163,0,0.675,0.4576,0.1591,0.2316,0.2,0.2571,0.6859,0.3416,0.164,0.1781,0.38,0.4,462,0,extracted,0.4158,0.1,0.2376,0.285,0.0905,0.175
26,2024,55,946,149,369,215,0.227,163,0,0.675,0.4576,0.1591,0.2316,0.2,0.2571,0.6859,0.3416,0.164,0.1781,0.38,0.4,462,0,extracted,0.4158,0.1,0.2376,0.285,0.0905,0.175
26,2024,56,946,149,369,215,0.227,163,0,0.675,0.4576,0.1591,0.2316,0.2,0.2571,0.6859,0.3416,0.164,0.1781,0.38,0.4,462,0,extracted,0.4158,0.1,0.2376,0.285,0.0905,0.175
26,2024,57,946,149,369,215,0.227,163,0,0.675,0.4576,0.1591,0.2316,0.2,0.2571,0.6859,0.3416,0.164,0.1781,0.38,0.4,462,0,extracted,0.4158,0.1,0.2376,0.285,0.0905,0.175
26,2024,58,946,149,369,215,0.227,163,0,0.675,0.4576,0.1591,0.2316,0.2,0.2571,0.6859,0.3416,0.164,0.1781,0.38,0.4,462,0,extracted,0.4158,0.1,0.2376,0.285,0.0905,0.175
26,2024,59,946,149,398,242,0.256,179,0,0.676,0.4859,0.1851,0.2251,0.24,0.3143,0.6859,0.3416,0.164,0.1781,0.38,0.4,462,0,extracted,0.4016,0.0972,0.2088,0.285,0.0905,0.175
26,2024,60,946,149,398,242,0.256,179,0,0.676,0.4859,0.1851,0.2251,0.24,0.3143,0.6859,0.3416,0.164,0.1781,0.38,0.4,462,0,extracted,0.4016,0.0972,0.2088,0.285,0.0905,0.175
26,2024,61,946,149,398,242,0.256,179,0,0.676,0.4859,0.1851,0.2251,0.24,0.3143,0.6859,0.3416,0.164,0.1781,0.38,0.4,462,0,extracted,0.4016,0.0972,0.2088,0.285,0.0905,0.175
26,2024,62,946,149,398,242,0.256,179,0,0.676,0.4859,0.1851,0.2251,0.24,0.3143,0.6859,0.3416,0.164,0.1781,0.38,0.4,462,0,extracted,0.4016,0.0972,0.2088,0.285,0.0905,0.175
26,2024,63,946,149,398,242,0.256,179,0,0.676,0.4859,0.1851,0.2251,0.24,0.3143,0.6859,0.3416,0.164,0.1781,0.38,0.4,462,0,extracted,0.4016,0.0972,0.2088,0.285,0.0905,0.175
26,2024,64,946,149,471,289,0.305,217,0,0.6642,0.4439,0.1502,0.229,0.21,0.2571,0.6859,0.3416,0.164,0.1781,0.38,0.4,462,0,extracted,0.3607,0.0826,0.2213,0.285,0.0905,0.175
26,2024,65,946,149,471,289,0.305,217,0,0.6642,0.4439,0.1502,0.229,0.21,0.2571,0.6859,0.3416,0.164,0.1781,0.38,0.4,462,0,extracted,0.3607,0.0826,0.2213,0.285,0.0905,0.175
26,2024,66,946,149,471,289,0.305,217,0,0.6642,0.4439,0.1502,0.229,0.21,0.2571,0.6859,0.3416,0.164,0.1781,0.38,0.4,462,0,extracted,0.3607,0.0826,0.2213,0.285,0.0905,0.175
26,2024,67,946,149,471,289,0.305,217,0,0.6642,0.4439,0.1502,0.229,0.21,0.2571,0.6859,0.3416,0.164,0.1781,0.38,0.4,462,0,extracted,0.3607,0.0826,0.2213,0.285,0.0905,0.175
26,2024,68,946,149,471,289,0.305,217,0,0.6642,0.4439,0.1502,0.229,0.21,0.2571,0.6859,0.3416,0.164,0.1781,0.38,0.4,462,0,extracted,0.3607,0.0826,0.2213,0.285,0.0905,0.175
26,2024,69,946,149,471,289,0.305,217,0,0.6642,0.4439,0.1502,0.229,0.21,0.2571,0.6859,0.3416,0.164,0.1781,0.38,0.4,462,0,extracted,0.3607,0.0826,0.2213,0.285,0.0905,0.175
26,2024,70,946,149,542,342,0.362,254,0,0.6631,0.4033,0.142,0.1913,0.22,0.2857,0.6859,0.3416,0.164,0.1781,0.38,0.4,462,0,extracted,0.3369,0.0794,0.2007,0.285,0.0905,0.175
26,2024,71,946,149,542,342,0.362,254,0,0.6631,0.4033,0.142,0.1913,0.22,0.2857,0.6859,0.3416,0.164,0.1781,0.38,0.4,462,0,extracted,0.3369,0.0794,0.2007,0.285,0.0905,0.175
26,2024,72,946,149,542,342,0.362,254,0,0.6631,0.4033,0.142,0.1913,0.22,0.2857,0.6859,0.3416,0.164,0.1781,0.38,0.4,462,0,extracted,0.3369,0.0794,0.2007,0.285,0.0905,0.175
26,2024,73,946,149,542,342,0.362,254,0,0.6631,0.4033,0.142,0.1913,0.22,0.2857,0.6859,0.3416,0.164,0.1781,0.38,0.4,462,0,extracted,0.3369,0.0794,0.2007,0.285,0.0905,0.175
26,2024,74,946,149,542,342,0.362,254,0,0.6631,0.4033,0.142,0.1913,0.22,0.2857,0.6859,0.3416,0.164,0.1781,0.38,0.4,462,0,extracted,0.3369,0.0794,0.2007,0.285,0.0905,0.175
26,2024,75,946,149,609,383,0.405,288,0,0.6772,0.4176,0.1731,0.2222,0.28,0.3429,0.6859,0.3416,0.164,0.1781,0.38,0.4,462,0,extracted,0.3595,0.0987,0.2222,0.285,0.0905,0.175
26,2024,76,946,149,609,383,0.405,288,0,0.6772,0.4176,0.1731,0.2222,0.28,0.3429,0.6859,0.3416,0.164,0.1781,0.38,0.4,462,0,extracted,0.3595,0.0987,0.2222,0.285,0.0905,0.175
26,2024,77,946,149,609,383,0.405,288,0,0.6772,0.4176,0.1731,0.2222,0.28,0.3429,0.6859,0.3416,0.164,0.1781,0.38,0.4,462,0,extracted,0.3595,0.0987,0.2222,0.285,0.0905,0.175
26,2024,78,946,149,609,383,0.405,288,0,0.6772,0.4176,0.1731,0.2222,0.28,0.3429,0.6859,0.3416,0.164,0.1781,0.38,0.4,462,0,extracted,0.3595,0.0987,0.2222,0.285,0.0905,0.175
26,2024,79,946,149,609,383,0.405,288,0,0.6772,0.4176,0.1731,0.2222,0.28,0.3429,0.6859,0.3416,0.164,0.1781,0.38,0.4,462,0,extracted,0.3595,0.0987,0.2222,0.285,0.0905,0.175
26,2024,80,946,149,609,383,0.405,288,0,0.6772,0.4176,0.1731,0.2222,0.28,0.3429,0.6859,0.3416,0.164,0.1781,0.38,0.4,462,0,extracted,0.3595,0.0987,0.2222,0.285,0.0905,0.175
26,2024,81,946,149,718,423,0.447,344,0,0.6899,0.3993,0.1877,0.205,0.38,0.4571,0.6859,0.3416,0.164,0.1781,0.38,0.4,462,0,extracted,0.3822,0.1346,0.2229,0.285,0.0905,0.175
26,2024,82,946,149,718,423,0.447,344,0,0.6899,0.3993,0.1877,0.205,0.38,0.4571,0.6859,0.3416,0.164,0.1781,0.38,0.4,462,0,extracted,0.3822,0.1346,0.2229,0.285,0.0905,0.175
26,2024,83,946,149,718,423,0.447,344,0,0.6899,0.3993,0.1877,0.205,0.38,0.4571,0.6859,0.3416,0.164,0.1781,0.38,0.4,462,0,extracted,0.3822,0.1346,0.2229,0.285,0.0905,0.175
26,2024,84,946,149,718,423,0.447,344,0,0.6899,0.3993,0.1877,0.205,0.38,0.4571,0.6859,0.3416,0.164,0.1781,0.38,0.4,462,0,extracted,0.3822,0.1346,0.2229,0.285,0.0905,0.175
26,2024,85,946,149,718,423,0.447,344,0,0.6899,0.3993,0.1877,0.205,0.38,0.4571,0.6859,0.3416,0.164,0.1781,0.38,0.4,462,0,extracted,0.3822,0.1346,0.2229,0.285,0.0905,0.175
26,2024,86,946,149,718,423,0.447,344,0,0.6899,0.3993,0.1877,0.205,0.38,0.4571,0.6859,0.3416,0.164,0.1781,0.38,0.4,462,0,extracted,0.3822,0.1346,0.2229,0.285,0.0905,0.175
26,2024,87,946,149,768,460,0.486,370,0,0.6735,0.3643,0.169,0.1924,0.35,0.4286,0.6859,0.3416,0.164,0.1781,0.38,0.4,462,0,extracted,0.3608,0.1274,0.2089,0.285,0.0905,0.175
26,2024,88,946,149,768,460,0.486,370,0,0.6735,0.3643,0.169,0.1924,0.35,0.4286,0.6859,0.3416,0.164,0.1781,0.38,0.4,462,0,extracted,0.3608,0.1274,0.2089,0.285,0.0905,0.175
26,2024,89,946,149,768,460,0.486,370,0,0.6735,0.3643,0.169,0.1924,0.35,0.4286,0.6859,0.3416,0.164,0.1781,0.38,0.4,462,0,extracted,0.3608,0.1274,0.2089,0.285,0.0905,0.175
26,2024,90,946,149,768,460,0.486,370,0,0.6735,0.3643,0.169,0.1924,0.35,0.4286,0.6859,0.3416,0.164,0.1781,0.38,0.4,462,0,extracted,0.3608,0.1274,0.2089,0.285,0.0905,0.175
26,2024,91,946,149,768,460,0.486,370,0,0.6735,0.3643,0.169,0.1924,0.35,0.4286,0.6859,0.3416,0.164,0.1781,0.38,0.4,462,0,extracted,0.3608,0.1274,0.2089,0.285,0.0905,0.175
26,2024,92,946,149,845,505,0.534,407,0,0.6798,0.3665,0.1776,0.177,0.38,0.4571,0.6859,0.3416,0.164,0.1781,0.38,0.4,462,0,extracted,0.3253,0.1126,0.1653,0.285,0.0905,0.175
26,2024,93,946,149,845,505,0.534,407,0,0.6798,0.3665,0.1776,0.177,0.38,0.4571,0.6859,0.3416,0.164,0.1781,0.38,0.4,462,0,extracted,0.3253,0.1126,0.1653,0.285,0.0905,0.175
26,2024,94,946,149,845,505,0.534,407,0,0.6798,0.3665,0.1776,0.177,0.38,0.4571,0.6859,0.3416,0.164,0.1781,0.38,0.4,462,0,extracted,0.3253,0.1126,0.1653,0.285,0.0905,0.175
26,2024,95,946,149,845,505,0.534,407,0,0.6798,0.3665,0.1776,0.177,0.38,0.4571,0.6859,0.3416,0.164,0.1781,0.38,0.4,462,0,extracted,0.3253,0.1126,0.1653,0.285,0.0905,0.175
26,2024,96,946,149,845,505,0.534,407,0,0.6798,0.3665,0.1776,0.177,0.38,0.4571,0.6859,0.3416,0.164,0.1781,0.38,0.4,462,0,extracted,0.3253,0.1126,0.1653,0.285,0.0905,0.175
26,2024,97,946,149,845,505,0.534,407,0,0.6798,0.3665,0.1776,0.177,0.38,0.4571,0.6859,0.3416,0.164,0.1781,0.38,0.4,462,0,extracted,0.3253,0.1126,0.1653,0.285,0.0905,0.175
26,2024,98,946,149,936,559,0.591,453,0,0.6599,0.3191,0.1333,0.1713,0.26,0.3429,0.6859,0.3416,0.164,0.1781,0.38,0.4,462,0,extracted,0.282,0.084,0.1775,0.285,0.0905,0.175
26,2024,99,946,149,936,559,0.591,453,0,0.6599,0.3191,0.1333,0.1713,0.26,0.3429,0.6859,0.3416,0.164,0.1781,0.38,0.4,462,0,extracted,0.282,0.084,0.1775,0.285,0.0905,0.175
26,2024,100,946,149,936,559,0.591,453,0,0.6599,0.3191,0.1333,0.1713,0.26,0.3429,0.6859,0.3416,0.164,0.1781,0.38,0.4,462,0,extracted,0.282,0.084,0.1775,0.285,0.0905,0.175
27,2024,1,1124,43,11,21,0.019,7,0,0.6435,0.1562,0.0,0.125,0.0,0.0909,0.6876,0.1161,0.0932,0.0871,0.75,0.9091,489,0,extracted,0.2105,0.0,0.2105,0.1041,0.0551,0.0712
27,2024,2,1124,43,11,21,0.019,7,0,0.6435,0.1562,0.0,0.125,0.0,0.0909,0.6876,0.1161,0.0932,0.0871,0.75,0.9091,489,0,extracted,0.2105,0.0,0.2105,0.1041,0.0551,0.0712
27,2024,3,1124,43,11,21,0.019,7,0,0.6435,0.1562,0.0,0.125,0.0,0.0909,0.6876,0.1161,0.0932,0.0871,0.75,0.9091,489,0,extracted,0.2105,0.0,0.2105,0.1041,0.0551,0.0712
27,2024,4,1124,43,11,21,0.019,7,0,0.6435,0.1562,0.0,0.125,0.0,0.0909,0.6876,0.1161,0.0932,0.0871,0.75,0.9091,489,0,extracted,0.2105,0.0,0.2105,0.1041,0.0551,0.0712
27,2024,5,1124,43,11,21,0.019,7,0,0.6435,0.1562,0.0,0.125,0.0,0.0909,0.6876,0.1161,0.0932,0.0871,0.75,0.9091,489,0,extracted,0.2105,0.0,0.2105,0.1041,0.0551,0.0712
27,2024,6,1124,43,11,21,0.019,7,0,0.6435,0.1562,0.0,0.125,0.0,0.0909,0.6876,0.1161,0.0932,0.0871,0.75,0.9091,489,0,extracted,0.2105,0.0,0.2105,0.1041,0.0551,0.0712
27,2024,7,1124,43,11,21,0.019,7,0,0.6435,0.1562,0.0,0.125,0.0,0.0909,0.6876,0.1161,0.0932,0.0871,0.75,0.9091,489,0,extracted,0.2105,0.0,0.2105,0.1041,0.0551,0.0712
27,2024,8,1124,43,39,38,0.034,22,0,0.6394,0.2222,0.0253,0.1235,0.025,0.0909,0.6876,0.1161,0.0932,0.0871,0.75,0.9091,489,0,extracted,0.2353,0.0408,0.1569,0.1041,0.0551,0.0712
27,2024,9,1124,43,39,38,0.034,22,0,0.6394,0.2222,0.0253,0.1235,0.025,0.0909,0.6876,0.1161,0.0932,0.0871,0.75,0.9091,489,0,extracted,0.2353,0.0408,0.1569,0.1041,0.0551,0.0712
27,2024,10,1124,43,39,38,0.034,22,0,0.6394,0.2222,0.0253,0.1235,0.025,0.0909,0.6876,0.1161,0.0932,0.0871,0.75,0.9091,489,0,extracted,0.2353,0.0408,0.1569,0.1041,0.0551,0.0712
27,2024,11,1124,43,39,38,0.034,22,0,0.6394,0.2222,0.0253,0.1235,0.025,0.0909,0.6876,0.1161,0.0932,0.0871,0.75,0.9091,489,0,extracted,0.2353,0.0408,0.1569,0.1041,0.0551,0.0712
27,2024,12,1124,43,39,38,0.034,22,0,0.6394,0.2222,0.0253,0.1235,0.025,0.0909,0.6876,0.1161,0.0932,0.0871,0.75,0.9091,489,0,extracted,0.2353,0.0408,0.1569,0.1041,0.0551,0.0712
27,2024,13,1124,43,39,38,0.034,22,0,0.6394,0.2222,0.0253,0.1235,0.025,0.0909,0.6876,0.1161,0.0932,0.0871,0.75,0.9091,489,0,extracted,0.2353,0.0408,0.1569,0.1041,0.0551,0.0712
27,2024,14,1124,43,81,49,0.044,43,0,0.6324,0.1957,0.0222,0.1304,0.025,0.0909,0.6876,0.1161,0.0932,0.0871,0.75,0.9091,489,0,extracted,0.2,0.0345,0.1333,0.1041,0.0551,0.0712
27,2024,15,1124,43,81,49,0.044,43,0,0.6324,0.1957,0.0222,0.1304,0.025,0.0909,0.6876,0.1161,0.0932,0.0871,0.75,0.9091,489,0,extracted,0.2,0.0345,0.1333,0.1041,0.0551,0.0712
27,2024,16,1124,43,81,49,0.044,43,0,0.6324,0.1957,0.0222,0.1304,0.025,0.0909,0.6876,0.1161,0.0932,0.0871,0.75,0.9091,489,0,extracted,0.2,0.0345,0.1333,0.1041,0.0551,0.0712
27,2024,17,1124,43,81,49,0.044,43,0,0.6324,0.1957,0.0222,0.1304,0.025,0.0909,0.6876,0.1161,0.0932,0.0871,0.75,0.9091,489,0,extracted,0.2,0.0345,0.1333,0.1041,0.0551,0.0712
27,2024,18,1124,43,81,49,0.044,43,0,0.6324,0.1957,0.0222,0.1304,0.025,0.0909,0.6876,0.1161,0.0932,0.0871,0.75,0.9091,489,0,extracted,0.2,0.0345,0.1333,0.1041,0.0551,0.0712
27,2024,19,1124,43,108,66,0.059,55,0,0.6816,0.3119,0.1121,0.2569,0.15,0.2727,0.6876,0.1161,0.0932,0.0871,0.75,0.9091,489,0,extracted,0.2647,0.0303,0.2059,0.1041,0.0551,0.0712
27,2024,20,1124,43,108,66,0.059,55,0,0.6816,0.3119,0.1121,0.2569,0.15,0.2727,0.6876,0.1161,0.0932,0.0871,0.75,0.9091,489,0,extracted,0.2647,0.0303,0.2059,0.1041,0.0551,0.0712
27,2024,21,1124,43,108,66,0.059,55,0,0.6816,0.3119,0.1121,0.2569,0.15,0.2727,0.6876,0.1161,0.0932,0.0871,0.75,0.9091,489,0,extracted,0.2647,0.0303,0.2059,0.1041,0.0551,0.0712
27,2024,22,1124,43,108,66,0.059,55,0,0.6816,0.3119,0.1121,0.2569,0.15,0.2727,0.6876,0.1161,0.0932,0.0871,0.75,0.9091,489,0,extracted,0.2647,0.0303,0.2059,0.1041,0.0551,0.0712
27,2024,23,1124,43,108,66,0.059,55,0,0.6816,0.3119,0.1121,0.2569,0.15,0.2727,0.6876,0.1161,0.0932,0.0871,0.75,0.9091,489,0,extracted,0.2647,0.0303,0.2059,0.1041,0.0551,0.0712
27,2024,24,1124,43,165,82,0.073,81,0,0.6432,0.15,0.0169,0.1,0.025,0.0909,0.6876,0.1161,0.0932,0.0871,0.75,0.9091,489,0,extracted,0.1875,0.0323,0.125,0.1041,0.0551,0.0712
27,2024,25,1124,43,165,82,0.073,81,0,0.6432,0.15,0.0169,0.1,0.025,0.0909,0.6876,0.1161,0.0932,0.0871,0.75,0.9091,489,0,extracted,0.1875,0.0323,0.125,0.1041,0.0551,0.0712
27,2024,26,1124,43,165,82,0.073,81,0,0.6432,0.15,0.0169,0.1,0.025,0.0909,0.6876,0.1161,0.0932,0.0871,0.75,0.9091,489,0,extracted,0.1875,0.0323,0.125,0.1041,0.0551,0.0712
27,2024,27,1124,43,165,82,0.073,81,0,0.6432,0.15,0.0169,0.1,0.025,0.0909,0.6876,0.1161,0.0932,0.0871,0.75,0.9091,489,0,extracted,0.1875,0.0323,0.125,0.1041,0.0551,0.0712
27,2024,28,1124,43,165,82,0.073,81,0,0.6432,0.15,0.0169,0.1,0.025,0.0909,0.6876,0.1161,0.0932,0.0871,0.75,0.9091,489,0,extracted,0.1875,0.0323,0.125,0.1041,0.0551,0.0712
27,2024,29,1124,43,208,123,0.109,97,0,0.6523,0.303,0.135,0.2061,0.275,0.3636,0.6876,0.1161,0.0932,0.0871,0.75,0.9091,489,0,extracted,0.1961,0.04,0.1569,0.1041,0.0551,0.0712
27,2024,30,1124,43,208,123,0.109,97,0,0.6523,0.303,0.135,0.2061,0.275,0.3636,0.6876,0.1161,0.0932,0.0871,0.75,0.9091,489,0,extracted,0.1961,0.04,0.1569,0.1041,0.0551,0.0712
27,2024,31,1124,43,208,123,0.109,97,0,0.6523,0.303,0.135,0.2061,0.275,0.3636,0.6876,0.1161,0.0932,0.0871,0.75,0.9091,489,0,extracted,0.1961,0.04,0.1569,0.1041,0.0551,0.0712
27,2024,32,1124,43,208,123,0.109,97,0,0.6523,0.303,0.135,0.2061,0.275,0.3636,0.6876,0.1161,0.0932,0.0871,0.75,0.9091,489,0,extracted,0.1961,0.04,0.1569,0.1041,0.0551,0.0712
27,2024,33,1124,43,208,123,0.109,97,0,0.6523,0.303,0.135,0.2061,0.275,0.3636,0.6876,0.1161,0.0932,0.0871,0.75,0.9091,489,0,extracted,0.1961,0.04,0.1569,0.1041,0.0551,0.0712
27,2024,34,1124,43,208,123,0.109,97,0,0.6523,0.303,0.135,0.2061,0.275,0.3636,0.6876,0.1161,0.0932,0.0871,0.75,0.9091,489,0,extracted,0.1961,0.04,0.1569,0.1041,0.0551,0.0712
27,2024,35,1124,43,254,155,0.138,114,0,0.6486,0.2421,0.117,0.1789,0.275,0.3636,0.6876,0.1161,0.0932,0.0871,0.75,0.9091,489,0,extracted,0.1856,0.0421,0.1649,0.1041,0.0551,0.0712
27,2024,36,1124,43,254,155,0.138,114,0,0.6486,0.2421,0.117,0.1789,0.275,0.3636,0.6876,0.1161,0.0932,0.0871,0.75,0.9091,489,0,extracted,0.1856,0.0421,0.1649,0.1041,0.0551,0.0712
27,2024,37,1124,43,254,155,0.138,114,0,0.6486,0.2421,0.117,0.1789,0.275,0.3636,0.6876,0.1161,0.0932,0.0871,0.75,0.9091,489,0,extracted,0.1856,0.0421,0.1649,0.1041,0.0551,0.0712
27,2024,38,1124,43,254,155,0.138,114,0,0.6486,0.2421,0.117,0.1789,0.275,0.3636,0.6876,0.1161,0.0932,0.0871,0.75,0.9091,489,0,extracted,0.1856,0.0421,0.1649,0.1041,0.0551,0.0712
27,2024,39,1124,43,254,155,0.138,114,0,0.6486,0.2421,0.117,0.1789,0.275,0.3636,0.6876,0.1161,0.0932,0.0871,0.75,0.9091,489,0,extracted,0.1856,0.0421,0.1649,0.1041,0.0551,0.0712
27,2024,40,1124,43,285,169,0.15,125,0,0.671,0.2439,0.1182,0.1659,0.3,0.4545,0.6876,0.1161,0.0932,0.0871,0.75,0.9091,489,0,extracted,0.1887,0.0385,0.1509,0.1041,0.0551,0.0712
27,2024,41,1124,43,285,169,0.15,125,0,0.671,0.2439,0.1182,0.1659,0.3,0.4545,0.6876,0.1161,0.0932,0.0871,0.75,0.9091,489,0,extracted,0.1887,0.0385,0.1509,0.1041,0.0551,0.0712
27,2024,42,1124,43,285,169,0.15,125,0,0.671,0.2439,0.1182,0.1659,0.3,0.4545,0.6876,0.1161,0.0932,0.0871,0.75,0.9091,489,0,extracted,0.1887,0.0385,0.1509,0.1041,0.0551,0.0712
27,2024,43,1124,43,285,169,0.15,125,0,0.671,0.2439,0.1182,0.1659,0.3,0.4545,0.6876,0.1161,0.0932,0.0871,0.75,0.9091,489,0,extracted,0.1887,0.0385,0.1509,0.1041,0.0551,0.0712
27,2024,44,1124,43,285,169,0.15,125,0,0.671,0.2439,0.1182,0.1659,0.3,0.4545,0.6876,0.1161,0.0932,0.0871,0.75,0.9091,489,0,extracted,0.1887,0.0385,0.1509,0.1041,0.0551,0.0712
27,2024,45,1124,43,366,228,0.203,160,0,0.6551,0.1736,0.0837,0.1434,0.275,0.3636,0.6876,0.1161,0.0932,0.0871,0.75,0.9091,489,0,extracted,0.1583,0.0292,0.1295,0.1041,0.0551,0.0712
27,2024,46,1124,43,366,228,0.203,160,0,0.6551,0.1736,0.0837,0.1434,0.275,0.3636,0.6876,0.1161,0.0932,0.0871,0.75,0.9091,489,0,extracted,0.1583,0.0292,0.1295,0.1041,0.0551,0.0712
27,2024,47,1124,43,366,228,0.203,160,0,0.6551,0.1736,0.0837,0.1434,0.275,0.3636,0.6876,0.1161,0.0932,0.0871,0.75,0.9091,489,0,extracted,0.1583,0.0292,0.1295,0.1041,0.0551,0.0712
27,2024,48,1124,43,366,228,0.203,160,0,0.6551,0.1736,0.0837,0.1434,0.275,0.3636,0.6876,0.1161,0.0932,0.0871,0.75,0.9091,489,0,extracted,0.1583,0.0292,0.1295,0.1041,0.0551,0.0712
27,2024,49,1124,43,366,228,0.203,160,0,0.6551,0.1736,0.0837,0.1434,0.275,0.3636,0.6876,0.1161,0.0932,0.0871,0.75,0.9091,489,0,extracted,0.1583,0.0292,0.1295,0.1041,0.0551,0.0712
27,2024,50,1124,43,420,261,0.232,187,0,0.6487,0.1645,0.0795,0.1316,0.3,0.3636,0.6876,0.1161,0.0932,0.0871,0.75,0.9091,489,0,extracted,0.1222,0.0337,0.1,0.1041,0.0551,0.0712
27,2024,51,1124,43,420,261,0.232,187,0,0.6487,0.1645,0.0795,0.1316,0.3,0.3636,0.6876,0.1161,0.0932,0.0871,0.75,0.9091,489,0,extracted,0.1222,0.0337,0.1,0.1041,0.0551,0.0712
27,2024,52,1124,43,420,261,0.232,187,0,0.6487,0.1645,0.0795,0.1316,0.3,0.3636,0.6876,0.1161,0.0932,0.0871,0.75,0.9091,489,0,extracted,0.1222,0.0337,0.1,0.1041,0.0551,0.0712
27,2024,53,1124,43,420,261,0.232,187,0,0.6487,0.1645,0.0795,0.1316,0.3,0.3636,0.6876,0.1161,0.0932,0.0871,0.75,0.9091,489,0,extracted,0.1222,0.0337,0.1,0.1041,0.0551,0.0712
27,2024,54,1124,43,420,261,0.232,187,0,0.6487,0.1645,0.0795,0.1316,0.3,0.3636,0.6876,0.1161,0.0932,0.0871,0.75,0.9091,489,0,extracted,0.1222,0.0337,0.1,0.1041,0.0551,0.0712
27,2024,55,1124,43,420,261,0.232,187,0,0.6487,0.1645,0.0795,0.1316,0.3,0.3636,0.6876,0.1161,0.0932,0.0871,0.75,0.9091,489,0,extracted,0.1222,0.0337,0.1,0.1041,0.0551,0.0712
27,2024,56,1124,43,479,305,0.271,215,0,0.6399,0.1408,0.0708,0.1173,0.3,0.3636,0.6876,0.1161,0.0932,0.0871,0.75,0.9091,489,0,extracted,0.1196,0.033,0.0978,0.1041,0.0551,0.0712
27,2024,57,1124,43,479,305,0.271,215,0,0.6399,0.1408,0.0708,0.1173,0.3,0.3636,0.6876,0.1161,0.0932,0.0871,0.75,0.9091,489,0,extracted,0.1196,0.033,0.0978,0.1041,0.0551,0.0712
27,2024,58,1124,43,479,305,0.271,215,0,0.6399,0.1408,0.0708,0.1173,0.3,0.3636,0.6876,0.1161,0.0932,0.0871,0.75,0.9091,489,0,extracted,0.1196,0.033,0.0978,0.1041,0.0551,0.0712
27,2024,59,1124,43,479,305,0.271,215,0,0.6399,0.1408,0.0708,0.1173,0.3,0.3636,0.6876,0.1161,0.0932,0.0871,0.75,0.9091,489,0,extracted,0.1196,0.033,0.0978,0.1041,0.0551,0.0712
27,2024,60,1124,43,479,305,0.271,215,0,0.6399,0.1408,0.0708,0.1173,0.3,0.3636,0.6876,0.1161,0.0932,0.0871,0.75,0.9091,489,0,extracted,0.1196,0.033,0.0978,0.1041,0.0551,0.0712
27,2024,61,1124,43,535,328,0.292,239,0,0.6806,0.1887,0.1084,0.1294,0.45,0.5455,0.6876,0.1161,0.0932,0.0871,0.75,0.9091,489,0,extracted,0.1273,0.0275,0.0909,0.1041,0.0551,0.0712
27,2024,62,1124,43,535,328,0.292,239,0,0.6806,0.1887,0.1084,0.1294,0.45,0.5455,0.6876,0.1161,0.0932,0.0871,0.75,0.9091,489,0,extracted,0.1273,0.0275,0.0909,0.1041,0.0551,0.0712
27,2024,63,1124,43,535,328,0.292,239,0,0.6806,0.1887,0.1084,0.1294,0.45,0.5455,0.6876,0.1161,0.0932,0.0871,0.75,0.9091,489,0,extracted,0.1273,0.0275,0.0909,0.1041,0.0551,0.0712
27,2024,64,1124,43,535,328,0.292,239,0,0.6806,0.1887,0.1084,0.1294,0.45,0.5455,0.6876,0.1161,0.0932,0.0871,0.75,0.9091,489,0,extracted,0.1273,0.0275,0.0909,0.1041,0.0551,0.0712
27,2024,65,1124,43,535,328,0.292,239,0,0.6806,0.1887,0.1084,0.1294,0.45,0.5455,0.6876,0.1161,0.0932,0.0871,0.75,0.9091,489,0,extracted,0.1273,0.0275,0.0909,0.1041,0.0551,0.0712
27,2024,66,1124,43,614,373,0.332,277,0,0.6663,0.1675,0.0792,0.1182,0.35,0.4545,0.6876,0.1161,0.0932,0.0871,0.75,0.9091,489,0,extracted,0.1204,0.0187,0.0926,0.1041,0.0551,0.0712
27,2024,67,1124,43,614,373,0.332,277,0,0.6663,0.1675,0.0792,0.1182,0.35,0.4545,0.6876,0.1161,0.0932,0.0871,0.75,0.9091,489,0,extracted,0.1204,0.0187,0.0926,0.1041,0.0551,0.0712
27,2024,68,1124,43,614,373,0.332,277,0,0.6663,0.1675,0.0792,0.1182,0.35,0.4545,0.6876,0.1161,0.0932,0.0871,0.75,0.9091,489,0,extracted,0.1204,0.0187,0.0926,0.1041,0.0551,0.0712
27,2024,69,1124,43,614,373,0.332,277,0,0.6663,0.1675,0.0792,0.1182,0.35,0.4545,0.6876,0.1161,0.0932,0.0871,0.75,0.9091,489,0,extracted,0.1204,0.0187,0.0926,0.1041,0.0551,0.0712
27,2024,70,1124,43,614,373,0.332,277,0,0.6663,0.1675,0.0792,0.1182,0.35,0.4545,0.6876,0.1161,0.0932,0.0871,0.75,0.9091,489,0,extracted,0.1204,0.0187,0.0926,0.1041,0.0551,0.0712
27,2024,71,1124,43,614,373,0.332,277,0,0.6663,0.1675,0.0792,0.1182,0.35,0.4545,0.6876,0.1161,0.0932,0.0871,0.75,0.9091,489,0,extracted,0.1204,0.0187,0.0926,0.1041,0.0551,0.0712
27,2024,72,1124,43,693,457,0.407,305,0,0.6641,0.14,0.0723,0.116,0.4,0.5455,0.6876,0.1161,0.0932,0.0871,0.75,0.9091,489,0,extracted,0.0962,0.0138,0.0825,0.1041,0.0551,0.0712
27,2024,73,1124,43,693,457,0.407,305,0,0.6641,0.14,0.0723,0.116,0.4,0.5455,0.6876,0.1161,0.0932,0.0871,0.75,0.9091,489,0,extracted,0.0962,0.0138,0.0825,0.1041,0.0551,0.0712
27,2024,74,1124,43,693,457,0.407,305,0,0.6641,0.14,0.0723,0.116,0.4,0.5455,0.6876,0.1161,0.0932,0.0871,0.75,0.9091,489,0,extracted,0.0962,0.0138,0.0825,0.1041,0.0551,0.0712
27,2024,75,1124,43,693,457,0.407,305,0,0.6641,0.14,0.0723,0.116,0.4,0.5455,0.6876,0.1161,0.0932,0.0871,0.75,0.9091,489,0,extracted,0.0962,0.0138,0.0825,0.1041,0.0551,0.0712
27,2024,76,1124,43,693,457,0.407,305,0,0.6641,0.14,0.0723,0.116,0.4,0.5455,0.6876,0.1161,0.0932,0.0871,0.75,0.9091,489,0,extracted,0.0962,0.0138,0.0825,0.1041,0.0551,0.0712
27,2024,77,1124,43,779,465,0.414,347,0,0.6699,0.1417,0.0909,0.0945,0.525,0.6364,0.6876,0.1161,0.0932,0.0871,0.75,0.9091,489,0,extracted,0.0971,0.0261,0.0712,0.1041,0.0551,0.0712
27,2024,78,1124,43,779,465,0.414,347,0,0.6699,0.1417,0.0909,0.0945,0.525,0.6364,0.6876,0.1161,0.0932,0.0871,0.75,0.9091,489,0,extracted,0.0971,0.0261,0.0712,0.1041,0.0551,0.0712
27,2024,79,1124,43,779,465,0.414,347,0,0.6699,0.1417,0.0909,0.0945,0.525,0.6364,0.6876,0.1161,0.0932,0.0871,0.75,0.9091,489,0,extracted,0.0971,0.0261,0.0712,0.1041,0.0551,0.0712
27,2024,80,1124,43,779,465,0.414,347,0,0.6699,0.1417,0.0909,0.0945,0.525,0.6364,0.6876,0.1161,0.0932,0.0871,0.75,0.9091,489,0,extracted,0.0971,0.0261,0.0712,0.1041,0.0551,0.0712
27,2024,81,1124,43,779,465,0.414,347,0,0.6699,0.1417,0.0909,0.0945,0.525,0.6364,0.6876,0.1161,0.0932,0.0871,0.75,0.9091,489,0,extracted,0.0971,0.0261,0.0712,0.1041,0.0551,0.0712
27,2024,82,1124,43,864,543,0.483,379,0,0.6501,0.1271,0.0724,0.0859,0.475,0.6364,0.6876,0.1161,0.0932,0.0871,0.75,0.9091,489,0,extracted,0.0932,0.0187,0.0621,0.1041,0.0551,0.0712
27,2024,83,1124,43,864,543,0.483,379,0,0.6501,0.1271,0.0724,0.0859,0.475,0.6364,0.6876,0.1161,0.0932,0.0871,0.75,0.9091,489,0,extracted,0.0932,0.0187,0.0621,0.1041,0.0551,0.0712
27,2024,84,1124,43,864,543,0.483,379,0,0.6501,0.1271,0.0724,0.0859,0.475,0.6364,0.6876,0.1161,0.0932,0.0871,0.75,0.9091,489,0,extracted,0.0932,0.0187,0.0621,0.1041,0.0551,0.0712
27,2024,85,1124,43,864,543,0.483,379,0,0.6501,0.1271,0.0724,0.0859,0.475,0.6364,0.6876,0.1161,0.0932,0.0871,0.75,0.9091,489,0,extracted,0.0932,0.0187,0.0621,0.1041,0.0551,0.0712
27,2024,86,1124,43,864,543,0.483,379,0,0.6501,0.1271,0.0724,0.0859,0.475,0.6364,0.6876,0.1161,0.0932,0.0871,0.75,0.9091,489,0,extracted,0.0932,0.0187,0.0621,0.1041,0.0551,0.0712
27,2024,87,1124,43,986,562,0.5,427,0,0.6937,0.1325,0.1063,0.0993,0.75,0.9091,0.6876,0.1161,0.0932,0.0871,0.75,0.9091,489,0,extracted,0.1141,0.0604,0.0781,0.1041,0.0551,0.0712
27,2024,88,1124,43,986,562,0.5,427,0,0.6937,0.1325,0.1063,0.0993,0.75,0.9091,0.6876,0.1161,0.0932,0.0871,0.75,0.9091,489,0,extracted,0.1141,0.0604,0.0781,0.1041,0.0551,0.0712
27,2024,89,1124,43,986,562,0.5,427,0,0.6937,0.1325,0.1063,0.0993,0.75,0.9091,0.6876,0.1161,0.0932,0.0871,0.75,0.9091,489,0,extracted,0.1141,0.0604,0.0781,0.1041,0.0551,0.0712
27,2024,90,1124,43,986,562,0.5,427,0,0.6937,0.1325,0.1063,0.0993,0.75,0.9091,0.6876,0.1161,0.0932,0.0871,0.75,0.9091,489,0,extracted,0.1141,0.0604,0.0781,0.1041,0.0551,0.0712
27,2024,91,1124,43,986,562,0.5,427,0,0.6937,0.1325,0.1063,0.0993,0.75,0.9091,0.6876,0.1161,0.0932,0.0871,0.75,0.9091,489,0,extracted,0.1141,0.0604,0.0781,0.1041,0.0551,0.0712
27,2024,92,1124,43,986,562,0.5,427,0,0.6937,0.1325,0.1063,0.0993,0.75,0.9091,0.6876,0.1161,0.0932,0.0871,0.75,0.9091,489,0,extracted,0.1141,0.0604,0.0781,0.1041,0.0551,0.0712
27,2024,93,1124,43,1050,641,0.57,455,0,0.6695,0.1175,0.0884,0.0852,0.7,0.8182,0.6876,0.1161,0.0932,0.0871,0.75,0.9091,489,0,extracted,0.1023,0.0514,0.0739,0.1041,0.0551,0.0712
27,2024,94,1124,43,1050,641,0.57,455,0,0.6695,0.1175,0.0884,0.0852,0.7,0.8182,0.6876,0.1161,0.0932,0.0871,0.75,0.9091,489,0,extracted,0.1023,0.0514,0.0739,0.1041,0.0551,0.0712
27,2024,95,1124,43,1050,641,0.57,455,0,0.6695,0.1175,0.0884,0.0852,0.7,0.8182,0.6876,0.1161,0.0932,0.0871,0.75,0.9091,489,0,extracted,0.1023,0.0514,0.0739,0.1041,0.0551,0.0712
27,2024,96,1124,43,1050,641,0.57,455,0,0.6695,0.1175,0.0884,0.0852,0.7,0.8182,0.6876,0.1161,0.0932,0.0871,0.75,0.9091,489,0,extracted,0.1023,0.0514,0.0739,0.1041,0.0551,0.0712
27,2024,97,1124,43,1050,641,0.57,455,0,0.6695,0.1175,0.0884,0.0852,0.7,0.8182,0.6876,0.1161,0.0932,0.0871,0.75,0.9091,489,0,extracted,0.1023,0.0514,0.0739,0.1041,0.0551,0.0712
27,2024,98,1124,43,1111,621,0.552,477,0,0.6792,0.1207,0.0877,0.0845,0.675,0.8182,0.6876,0.1161,0.0932,0.0871,0.75,0.9091,489,0,extracted,0.1089,0.0519,0.0745,0.1041,0.0551,0.0712
27,2024,99,1124,43,1111,621,0.552,477,0,0.6792,0.1207,0.0877,0.0845,0.675,0.8182,0.6876,0.1161,0.0932,0.0871,0.75,0.9091,489,0,extracted,0.1089,0.0519,0.0745,0.1041,0.0551,0.0712
27,2024,100,1124,43,1111,621,0.552,477,0,0.6792,0.1207,0.0877,0.0845,0.675,0.8182,0.6876,0.1161,0.0932,0.0871,0.75,0.9091,489,0,extracted,0.1089,0.0519,0.0745,0.1041,0.0551,0.0712
28,2024,1,476,52,20,20,0.042,13,0,0.6627,0.3056,0.0857,0.1944,0.0588,0.1053,0.6669,0.2563,0.1069,0.1687,0.3333,0.4737,226,0,extracted,0.2609,0.0455,0.1739,0.25,0.0345,0.1364
28,2024,2,476,52,20,20,0.042,13,0,0.6627,0.3056,0.0857,0.1944,0.0588,0.1053,0.6669,0.2563,0.1069,0.1687,0.3333,0.4737,226,0,extracted,0.2609,0.0455,0.1739,0.25,0.0345,0.1364
28,2024,3,476,52,20,20,0.042,13,0,0.6627,0.3056,0.0857,0.1944,0.0588,0.1053,0.6669,0.2563,0.1069,0.1687,0.3333,0.4737,226,0,extracted,0.2609,0.0455,0.1739,0.25,0.0345,0.1364
28,2024,4,476,52,20,20,0.042,13,0,0.6627,0.3056,0.0857,0.1944,0.0588,0.1053,0.6669,0.2563,0.1069,0.1687,0.3333,0.4737,226,0,extracted,0.2609,0.0455,0.1739,0.25,0.0345,0.1364
28,2024,5,476,52,20,20,0.042,13,0,0.6627,0.3056,0.0857,0.1944,0.0588,0.1053,0.6669,0.2563,0.1069,0.1687,0.3333,0.4737,226,0,extracted,0.2609,0.0455,0.1739,0.25,0.0345,0.1364
28,2024,6,476,52,20,20,0.042,13,0,0.6627,0.3056,0.0857,0.1944,0.0588,0.1053,0.6669,0.2563,0.1069,0.1687,0.3333,0.4737,226,0,extracted,0.2609,0.0455,0.1739,0.25,0.0345,0.1364
28,2024,7,476,52,20,20,0.042,13,0,0.6627,0.3056,0.0857,0.1944,0.0588,0.1053,0.6669,0.2563,0.1069,0.1687,0.3333,0.4737,226,0,extracted,0.2609,0.0455,0.1739,0.25,0.0345,0.1364
28,2024,8,476,52,20,20,0.042,13,0,0.6627,0.3056,0.0857,0.1944,0.0588,0.1053,0.6669,0.2563,0.1069,0.1687,0.3333,0.4737,226,0,extracted,0.2609,0.0455,0.1739,0.25,0.0345,0.1364
28,2024,9,476,52,20,20,0.042,13,0,0.6627,0.3056,0.0857,0.1944,0.0588,0.1053,0.6669,0.2563,0.1069,0.1687,0.3333,0.4737,226,0,extracted,0.2609,0.0455,0.1739,0.25,0.0345,0.1364
28,2024,10,476,52,20,20,0.042,13,0,0.6627,0.3056,0.0857,0.1944,0.0588,0.1053,0.6669,0.2563,0.1069,0.1687,0.3333,0.4737,226,0,extracted,0.2609,0.0455,0.1739,0.25,0.0345,0.1364
28,2024,11,476,52,20,20,0.042,13,0,0.6627,0.3056,0.0857,0.1944,0.0588,0.1053,0.6669,0.2563,0.1069,0.1687,0.3333,0.4737,226,0,extracted,0.2609,0.0455,0.1739,0.25,0.0345,0.1364
28,2024,12,476,52,20,20,0.042,13,0,0.6627,0.3056,0.0857,0.1944,0.0588,0.1053,0.6669,0.2563,0.1069,0.1687,0.3333,0.4737,226,0,extracted,0.2609,0.0455,0.1739,0.25,0.0345,0.1364
28,2024,13,476,52,20,20,0.042,13,0,0.6627,0.3056,0.0857,0.1944,0.0588,0.1053,0.6669,0.2563,0.1069,0.1687,0.3333,0.4737,226,0,extracted,0.2609,0.0455,0.1739,0.25,0.0345,0.1364
28,2024,14,476,52,20,20,0.042,13,0,0.6627,0.3056,0.0857,0.1944,0.0588,0.1053,0.6669,0.2563,0.1069,0.1687,0.3333,0.4737,226,0,extracted,0.2609,0.0455,0.1739,0.25,0.0345,0.1364
28,2024,15,476,52,20,20,0.042,13,0,0.6627,0.3056,0.0857,0.1944,0.0588,0.1053,0.6669,0.2563,0.1069,0.1687,0.3333,0.4737,226,0,extracted,0.2609,0.0455,0.1739,0.25,0.0345,0.1364
28,2024,16,476,52,20,20,0.042,13,0,0.6627,0.3056,0.0857,0.1944,0.0588,0.1053,0.6669,0.2563,0.1069,0.1687,0.3333,0.4737,226,0,extracted,0.2609,0.0455,0.1739,0.25,0.0345,0.1364
28,2024,17,476,52,48,39,0.082,26,0,0.6676,0.3956,0.1348,0.2857,0.1176,0.2632,0.6669,0.2563,0.1069,0.1687,0.3333,0.4737,226,0,extracted,0.386,0.0727,0.3158,0.25,0.0345,0.1364
28,2024,18,476,52,48,39,0.082,26,0,0.6676,0.3956,0.1348,0.2857,0.1176,0.2632,0.6669,0.2563,0.1069,0.1687,0.3333,0.4737,226,0,extracted,0.386,0.0727,0.3158,0.25,0.0345,0.1364
28,2024,19,476,52,48,39,0.082,26,0,0.6676,0.3956,0.1348,0.2857,0.1176,0.2632,0.6669,0.2563,0.1069,0.1687,0.3333,0.4737,226,0,extracted,0.386,0.0727,0.3158,0.25,0.0345,0.1364
28,2024,20,476,52,48,39,0.082,26,0,0.6676,0.3956,0.1348,0.2857,0.1176,0.2632,0.6669,0.2563,0.1069,0.1687,0.3333,0.4737,226,0,extracted,0.386,0.0727,0.3158,0.25,0.0345,0.1364
28,2024,21,476,52,48,39,0.082,26,0,0.6676,0.3956,0.1348,0.2857,0.1176,0.2632,0.6669,0.2563,0.1069,0.1687,0.3333,0.4737,226,0,extracted,0.386,0.0727,0.3158,0.25,0.0345,0.1364
28,2024,22,476,52,48,39,0.082,26,0,0.6676,0.3956,0.1348,0.2857,0.1176,0.2632,0.6669,0.2563,0.1069,0.1687,0.3333,0.4737,226,0,extracted,0.386,0.0727,0.3158,0.25,0.0345,0.1364
28,2024,23,476,52,48,39,0.082,26,0,0.6676,0.3956,0.1348,0.2857,0.1176,0.2632,0.6669,0.2563,0.1069,0.1687,0.3333,0.4737,226,0,extracted,0.386,0.0727,0.3158,0.25,0.0345,0.1364
28,2024,24,476,52,48,39,0.082,26,0,0.6676,0.3956,0.1348,0.2857,0.1176,0.2632,0.6669,0.2563,0.1069,0.1687,0.3333,0.4737,226,0,extracted,0.386,0.0727,0.3158,0.25,0.0345,0.1364
28,2024,25,476,52,48,39,0.082,26,0,0.6676,0.3956,0.1348,0.2857,0.1176,0.2632,0.6669,0.2563,0.1069,0.1687,0.3333,0.4737,226,0,extracted,0.386,0.0727,0.3158,0.25,0.0345,0.1364
28,2024,26,476,52,48,39,0.082,26,0,0.6676,0.3956,0.1348,0.2857,0.1176,0.2632,0.6669,0.2563,0.1069,0.1687,0.3333,0.4737,226,0,extracted,0.386,0.0727,0.3158,0.25,0.0345,0.1364
28,2024,27,476,52,48,39,0.082,26,0,0.6676,0.3956,0.1348,0.2857,0.1176,0.2632,0.6669,0.2563,0.1069,0.1687,0.3333,0.4737,226,0,extracted,0.386,0.0727,0.3158,0.25,0.0345,0.1364
28,2024,28,476,52,95,55,0.116,49,0,0.6353,0.2804,0.0381,0.1495,0.0392,0.1053,0.6669,0.2563,0.1069,0.1687,0.3333,0.4737,226,0,extracted,0.2121,0.0,0.1818,0.25,0.0345,0.1364
28,2024,29,476,52,95,55,0.116,49,0,0.6353,0.2804,0.0381,0.1495,0.0392,0.1053,0.6669,0.2563,0.1069,0.1687,0.3333,0.4737,226,0,extracted,0.2121,0.0,0.1818,0.25,0.0345,0.1364
28,2024,30,476,52,95,55,0.116,49,0,0.6353,0.2804,0.0381,0.1495,0.0392,0.1053,0.6669,0.2563,0.1069,0.1687,0.3333,0.4737,226,0,extracted,0.2121,0.0,0.1818,0.25,0.0345,0.1364
28,2024,31,476,52,95,55,0.116,49,0,0.6353,0.2804,0.0381,0.1495,0.0392,0.1053,0.6669,0.2563,0.1069,0.1687,0.3333,0.4737,226,0,extracted,0.2121,0.0,0.1818,0.25,0.0345,0.1364
28,2024,32,476,52,95,55,0.116,49,0,0.6353,0.2804,0.0381,0.1495,0.0392,0.1053,0.6669,0.2563,0.1069,0.1687,0.3333,0.4737,226,0,extracted,0.2121,0.0,0.1818,0.25,0.0345,0.1364
28,2024,33,476,52,95,55,0.116,49,0,0.6353,0.2804,0.0381,0.1495,0.0392,0.1053,0.6669,0.2563,0.1069,0.1687,0.3333,0.4737,226,0,extracted,0.2121,0.0,0.1818,0.25,0.0345,0.1364
28,2024,34,476,52,95,55,0.116,49,0,0.6353,0.2804,0.0381,0.1495,0.0392,0.1053,0.6669,0.2563,0.1069,0.1687,0.3333,0.4737,226,0,extracted,0.2121,0.0,0.1818,0.25,0.0345,0.1364
28,2024,35,476,52,95,55,0.116,49,0,0.6353,0.2804,0.0381,0.1495,0.0392,0.1053,0.6669,0.2563,0.1069,0.1687,0.3333,0.4737,226,0,extracted,0.2121,0.0,0.1818,0.25,0.0345,0.1364
28,2024,36,476,52,95,55,0.116,49,0,0.6353,0.2804,0.0381,0.1495,0.0392,0.1053,0.6669,0.2563,0.1069,0.1687,0.3333,0.4737,226,0,extracted,0.2121,0.0,0.1818,0.25,0.0345,0.1364
28,2024,37,476,52,95,55,0.116,49,0,0.6353,0.2804,0.0381,0.1495,0.0392,0.1053,0.6669,0.2563,0.1069,0.1687,0.3333,0.4737,226,0,extracted,0.2121,0.0,0.1818,0.25,0.0345,0.1364
28,2024,38,476,52,95,55,0.116,49,0,0.6353,0.2804,0.0381,0.1495,0.0392,0.1053,0.6669,0.2563,0.1069,0.1687,0.3333,0.4737,226,0,extracted,0.2121,0.0,0.1818,0.25,0.0345,0.1364
28,2024,39,476,52,133,79,0.166,65,0,0.66,0.3359,0.093,0.229,0.1176,0.2105,0.6669,0.2563,0.1069,0.1687,0.3333,0.4737,226,0,extracted,0.3,0.0513,0.275,0.25,0.0345,0.1364
28,2024,40,476,52,133,79,0.166,65,0,0.66,0.3359,0.093,0.229,0.1176,0.2105,0.6669,0.2563,0.1069,0.1687,0.3333,0.4737,226,0,extracted,0.3,0.0513,0.275,0.25,0.0345,0.1364
28,2024,41,476,52,133,79,0.166,65,0,0.66,0.3359,0.093,0.229,0.1176,0.2105,0.6669,0.2563,0.1069,0.1687,0.3333,0.4737,226,0,extracted,0.3,0.0513,0.275,0.25,0.0345,0.1364
28,2024,42,476,52,133,79,0.166,65,0,0.66,0.3359,0.093,0.229,0.1176,0.2105,0.6669,0.2563,0.1069,0.1687,0.3333,0.4737,226,0,extracted,0.3,0.0513,0.275,0.25,0.0345,0.1364
28,2024,43,476,52,133,79,0.166,65,0,0.66,0.3359,0.093,0.229,0.1176,0.2105,0.6669,0.2563,0.1069,0.1687,0.3333,0.4737,226,0,extracted,0.3,0.0513,0.275,0.25,0.0345,0.1364
28,2024,44,476,52,133,79,0.166,65,0,0.66,0.3359,0.093,0.229,0.1176,0.2105,0.6669,0.2563,0.1069,0.1687,0.3333,0.4737,226,0,extracted,0.3,0.0513,0.275,0.25,0.0345,0.1364
28,2024,45,476,52,133,79,0.166,65,0,0.66,0.3359,0.093,0.229,0.1176,0.2105,0.6669,0.2563,0.1069,0.1687,0.3333,0.4737,226,0,extracted,0.3,0.0513,0.275,0.25,0.0345,0.1364
28,2024,46,476,52,133,79,0.166,65,0,0.66,0.3359,0.093,0.229,0.1176,0.2105,0.6669,0.2563,0.1069,0.1687,0.3333,0.4737,226,0,extracted,0.3,0.0513,0.275,0.25,0.0345,0.1364
28,2024,47,476,52,133,79,0.166,65,0,0.66,0.3359,0.093,0.229,0.1176,0.2105,0.6669,0.2563,0.1069,0.1687,0.3333,0.4737,226,0,extracted,0.3,0.0513,0.275,0.25,0.0345,0.1364
28,2024,48,476,52,133,79,0.166,65,0,0.66,0.3359,0.093,0.229,0.1176,0.2105,0.6669,0.2563,0.1069,0.1687,0.3333,0.4737,226,0,extracted,0.3,0.0513,0.275,0.25,0.0345,0.1364
28,2024,49,476,52,133,79,0.166,65,0,0.66,0.3359,0.093,0.229,0.1176,0.2105,0.6669,0.2563,0.1069,0.1687,0.3333,0.4737,226,0,extracted,0.3,0.0513,0.275,0.25,0.0345,0.1364
28,2024,50,476,52,133,79,0.166,65,0,0.66,0.3359,0.093,0.229,0.1176,0.2105,0.6669,0.2563,0.1069,0.1687,0.3333,0.4737,226,0,extracted,0.3,0.0513,0.275,0.25,0.0345,0.1364
28,2024,51,476,52,189,106,0.223,89,0,0.6705,0.2857,0.0789,0.1948,0.1176,0.2105,0.6669,0.2563,0.1069,0.1687,0.3333,0.4737,226,0,extracted,0.2927,0.05,0.2683,0.25,0.0345,0.1364
28,2024,52,476,52,189,106,0.223,89,0,0.6705,0.2857,0.0789,0.1948,0.1176,0.2105,0.6669,0.2563,0.1069,0.1687,0.3333,0.4737,226,0,extracted,0.2927,0.05,0.2683,0.25,0.0345,0.1364
28,2024,53,476,52,189,106,0.223,89,0,0.6705,0.2857,0.0789,0.1948,0.1176,0.2105,0.6669,0.2563,0.1069,0.1687,0.3333,0.4737,226,0,extracted,0.2927,0.05,0.2683,0.25,0.0345,0.1364
28,2024,54,476,52,189,106,0.223,89,0,0.6705,0.2857,0.0789,0.1948,0.1176,0.2105,0.6669,0.2563,0.1069,0.1687,0.3333,0.4737,226,0,extracted,0.2927,0.05,0.2683,0.25,0.0345,0.1364
28,2024,55,476,52,189,106,0.223,89,0,0.6705,0.2857,0.0789,0.1948,0.1176,0.2105,0.6669,0.2563,0.1069,0.1687,0.3333,0.4737,226,0,extracted,0.2927,0.05,0.2683,0.25,0.0345,0.1364
28,2024,56,476,52,189,106,0.223,89,0,0.6705,0.2857,0.0789,0.1948,0.1176,0.2105,0.6669,0.2563,0.1069,0.1687,0.3333,0.4737,226,0,extracted,0.2927,0.05,0.2683,0.25,0.0345,0.1364
28,2024,57,476,52,189,106,0.223,89,0,0.6705,0.2857,0.0789,0.1948,0.1176,0.2105,0.6669,0.2563,0.1069,0.1687,0.3333,0.4737,226,0,extracted,0.2927,0.05,0.2683,0.25,0.0345,0.1364
28,2024,58,476,52,189,106,0.223,89,0,0.6705,0.2857,0.0789,0.1948,0.1176,0.2105,0.6669,0.2563,0.1069,0.1687,0.3333,0.4737,226,0,extracted,0.2927,0.05,0.2683,0.25,0.0345,0.1364
28,2024,59,476,52,189,106,0.223,89,0,0.6705,0.2857,0.0789,0.1948,0.1176,0.2105,0.6669,0.2563,0.1069,0.1687,0.3333,0.4737,226,0,extracted,0.2927,0.05,0.2683,0.25,0.0345,0.1364
28,2024,60,476,52,189,106,0.223,89,0,0.6705,0.2857,0.0789,0.1948,0.1176,0.2105,0.6669,0.2563,0.1069,0.1687,0.3333,0.4737,226,0,extracted,0.2927,0.05,0.2683,0.25,0.0345,0.1364
28,2024,61,476,52,189,106,0.223,89,0,0.6705,0.2857,0.0789,0.1948,0.1176,0.2105,0.6669,0.2563,0.1069,0.1687,0.3333,0.4737,226,0,extracted,0.2927,0.05,0.2683,0.25,0.0345,0.1364
28,2024,62,476,52,231,137,0.288,106,0,0.6504,0.2872,0.1075,0.1809,0.1961,0.2105,0.6669,0.2563,0.1069,0.1687,0.3333,0.4737,226,0,extracted,0.2478,0.036,0.1593,0.25,0.0345,0.1364
28,2024,63,476,52,231,137,0.288,106,0,0.6504,0.2872,0.1075,0.1809,0.1961,0.2105,0.6669,0.2563,0.1069,0.1687,0.3333,0.4737,226,0,extracted,0.2478,0.036,0.1593,0.25,0.0345,0.1364
28,2024,64,476,52,231,137,0.288,106,0,0.6504,0.2872,0.1075,0.1809,0.1961,0.2105,0.6669,0.2563,0.1069,0.1687,0.3333,0.4737,226,0,extracted,0.2478,0.036,0.1593,0.25,0.0345,0.1364
28,2024,65,476,52,231,137,0.288,106,0,0.6504,0.2872,0.1075,0.1809,0.1961,0.2105,0.6669,0.2563,0.1069,0.1687,0.3333,0.4737,226,0,extracted,0.2478,0.036,0.1593,0.25,0.0345,0.1364
28,2024,66,476,52,231,137,0.288,106,0,0.6504,0.2872,0.1075,0.1809,0.1961,0.2105,0.6669,0.2563,0.1069,0.1687,0.3333,0.4737,226,0,extracted,0.2478,0.036,0.1593,0.25,0.0345,0.1364
28,2024,67,476,52,231,137,0.288,106,0,0.6504,0.2872,0.1075,0.1809,0.1961,0.2105,0.6669,0.2563,0.1069,0.1687,0.3333,0.4737,226,0,extracted,0.2478,0.036,0.1593,0.25,0.0345,0.1364
28,2024,68,476,52,231,137,0.288,106,0,0.6504,0.2872,0.1075,0.1809,0.1961,0.2105,0.6669,0.2563,0.1069,0.1687,0.3333,0.4737,226,0,extracted,0.2478,0.036,0.1593,0.25,0.0345,0.1364
28,2024,69,476,52,231,137,0.288,106,0,0.6504,0.2872,0.1075,0.1809,0.1961,0.2105,0.6669,0.2563,0.1069,0.1687,0.3333,0.4737,226,0,extracted,0.2478,0.036,0.1593,0.25,0.0345,0.1364
28,2024,70,476,52,231,137,0.288,106,0,0.6504,0.2872,0.1075,0.1809,0.1961,0.2105,0.6669,0.2563,0.1069,0.1687,0.3333,0.4737,226,0,extracted,0.2478,0.036,0.1593,0.25,0.0345,0.1364
28,2024,71,476,52,231,137,0.288,106,0,0.6504,0.2872,0.1075,0.1809,0.1961,0.2105,0.6669,0.2563,0.1069,0.1687,0.3333,0.4737,226,0,extracted,0.2478,0.036,0.1593,0.25,0.0345,0.1364
28,2024,72,476,52,231,137,0.288,106,0,0.6504,0.2872,0.1075,0.1809,0.1961,0.2105,0.6669,0.2563,0.1069,0.1687,0.3333,0.4737,226,0,extracted,0.2478,0.036,0.1593,0.25,0.0345,0.1364
28,2024,73,476,52,335,200,0.42,154,0,0.6805,0.3267,0.1446,0.1833,0.3529,0.4211,0.6669,0.2563,0.1069,0.1687,0.3333,0.4737,226,0,extracted,0.2877,0.0556,0.137,0.25,0.0345,0.1364
28,2024,74,476,52,335,200,0.42,154,0,0.6805,0.3267,0.1446,0.1833,0.3529,0.4211,0.6669,0.2563,0.1069,0.1687,0.3333,0.4737,226,0,extracted,0.2877,0.0556,0.137,0.25,0.0345,0.1364
28,2024,75,476,52,335,200,0.42,154,0,0.6805,0.3267,0.1446,0.1833,0.3529,0.4211,0.6669,0.2563,0.1069,0.1687,0.3333,0.4737,226,0,extracted,0.2877,0.0556,0.137,0.25,0.0345,0.1364
28,2024,76,476,52,335,200,0.42,154,0,0.6805,0.3267,0.1446,0.1833,0.3529,0.4211,0.6669,0.2563,0.1069,0.1687,0.3333,0.4737,226,0,extracted,0.2877,0.0556,0.137,0.25,0.0345,0.1364
28,2024,77,476,52,335,200,0.42,154,0,0.6805,0.3267,0.1446,0.1833,0.3529,0.4211,0.6669,0.2563,0.1069,0.1687,0.3333,0.4737,226,0,extracted,0.2877,0.0556,0.137,0.25,0.0345,0.1364
28,2024,78,476,52,335,200,0.42,154,0,0.6805,0.3267,0.1446,0.1833,0.3529,0.4211,0.6669,0.2563,0.1069,0.1687,0.3333,0.4737,226,0,extracted,0.2877,0.0556,0.137,0.25,0.0345,0.1364
28,2024,79,476,52,335,200,0.42,154,0,0.6805,0.3267,0.1446,0.1833,0.3529,0.4211,0.6669,0.2563,0.1069,0.1687,0.3333,0.4737,226,0,extracted,0.2877,0.0556,0.137,0.25,0.0345,0.1364
28,2024,80,476,52,335,200,0.42,154,0,0.6805,0.3267,0.1446,0.1833,0.3529,0.4211,0.6669,0.2563,0.1069,0.1687,0.3333,0.4737,226,0,extracted,0.2877,0.0556,0.137,0.25,0.0345,0.1364
28,2024,81,476,52,335,200,0.42,154,0,0.6805,0.3267,0.1446,0.1833,0.3529,0.4211,0.6669,0.2563,0.1069,0.1687,0.3333,0.4737,226,0,extracted,0.2877,0.0556,0.137,0.25,0.0345,0.1364
28,2024,82,476,52,335,200,0.42,154,0,0.6805,0.3267,0.1446,0.1833,0.3529,0.4211,0.6669,0.2563,0.1069,0.1687,0.3333,0.4737,226,0,extracted,0.2877,0.0556,0.137,0.25,0.0345,0.1364
28,2024,83,476,52,335,200,0.42,154,0,0.6805,0.3267,0.1446,0.1833,0.3529,0.4211,0.6669,0.2563,0.1069,0.1687,0.3333,0.4737,226,0,extracted,0.2877,0.0556,0.137,0.25,0.0345,0.1364
28,2024,84,476,52,404,243,0.511,188,0,0.6565,0.2639,0.1259,0.1528,0.3529,0.4737,0.6669,0.2563,0.1069,0.1687,0.3333,0.4737,226,0,extracted,0.2456,0.0355,0.117,0.25,0.0345,0.1364
28,2024,85,476,52,404,243,0.511,188,0,0.6565,0.2639,0.1259,0.1528,0.3529,0.4737,0.6669,0.2563,0.1069,0.1687,0.3333,0.4737,226,0,extracted,0.2456,0.0355,0.117,0.25,0.0345,0.1364
28,2024,86,476,52,404,243,0.511,188,0,0.6565,0.2639,0.1259,0.1528,0.3529,0.4737,0.6669,0.2563,0.1069,0.1687,0.3333,0.4737,226,0,extracted,0.2456,0.0355,0.117,0.25,0.0345,0.1364
28,2024,87,476,52,404,243,0.511,188,0,0.6565,0.2639,0.1259,0.1528,0.3529,0.4737,0.6669,0.2563,0.1069,0.1687,0.3333,0.4737,226,0,extracted,0.2456,0.0355,0.117,0.25,0.0345,0.1364
28,2024,88,476,52,404,243,0.511,188,0,0.6565,0.2639,0.1259,0.1528,0.3529,0.4737,0.6669,0.2563,0.1069,0.1687,0.3333,0.4737,226,0,extracted,0.2456,0.0355,0.117,0.25,0.0345,0.1364
28,2024,89,476,52,404,243,0.511,188,0,0.6565,0.2639,0.1259,0.1528,0.3529,0.4737,0.6669,0.2563,0.1069,0.1687,0.3333,0.4737,226,0,extracted,0.2456,0.0355,0.117,0.25,0.0345,0.1364
28,2024,90,476,52,404,243,0.511,188,0,0.6565,0.2639,0.1259,0.1528,0.3529,0.4737,0.6669,0.2563,0.1069,0.1687,0.3333,0.4737,226,0,extracted,0.2456,0.0355,0.117,0.25,0.0345,0.1364
28,2024,91,476,52,404,243,0.511,188,0,0.6565,0.2639,0.1259,0.1528,0.3529,0.4737,0.6669,0.2563,0.1069,0.1687,0.3333,0.4737,226,0,extracted,0.2456,0.0355,0.117,0.25,0.0345,0.1364
28,2024,92,476,52,404,243,0.511,188,0,0.6565,0.2639,0.1259,0.1528,0.3529,0.4737,0.6669,0.2563,0.1069,0.1687,0.3333,0.4737,226,0,extracted,0.2456,0.0355,0.117,0.25,0.0345,0.1364
28,2024,93,476,52,404,243,0.511,188,0,0.6565,0.2639,0.1259,0.1528,0.3529,0.4737,0.6669,0.2563,0.1069,0.1687,0.3333,0.4737,226,0,extracted,0.2456,0.0355,0.117,0.25,0.0345,0.1364
28,2024,94,476,52,404,243,0.511,188,0,0.6565,0.2639,0.1259,0.1528,0.3529,0.4737,0.6669,0.2563,0.1069,0.1687,0.3333,0.4737,226,0,extracted,0.2456,0.0355,0.117,0.25,0.0345,0.1364
28,2024,95,476,52,472,279,0.586,223,0,0.6716,0.2606,0.1159,0.1879,0.3725,0.5263,0.6669,0.2563,0.1069,0.1687,0.3333,0.4737,226,0,extracted,0.2323,0.0408,0.1414,0.25,0.0345,0.1364
28,2024,96,476,52,472,279,0.586,223,0,0.6716,0.2606,0.1159,0.1879,0.3725,0.5263,0.6669,0.2563,0.1069,0.1687,0.3333,0.4737,226,0,extracted,0.2323,0.0408,0.1414,0.25,0.0345,0.1364
28,2024,97,476,52,472,279,0.586,223,0,0.6716,0.2606,0.1159,0.1879,0.3725,0.5263,0.6669,0.2563,0.1069,0.1687,0.3333,0.4737,226,0,extracted,0.2323,0.0408,0.1414,0.25,0.0345,0.1364
28,2024,98,476,52,472,279,0.586,223,0,0.6716,0.2606,0.1159,0.1879,0.3725,0.5263,0.6669,0.2563,0.1069,0.1687,0.3333,0.4737,226,0,extracted,0.2323,0.0408,0.1414,0.25,0.0345,0.1364
28,2024,99,476,52,472,279,0.586,223,0,0.6716,0.2606,0.1159,0.1879,0.3725,0.5263,0.6669,0.2563,0.1069,0.1687,0.3333,0.4737,226,0,extracted,0.2323,0.0408,0.1414,0.25,0.0345,0.1364
28,2024,100,476,52,472,279,0.586,223,0,0.6716,0.2606,0.1159,0.1879,0.3725,0.5263,0.6669,0.2563,0.1069,0.1687,0.3333,0.4737,226,0,extracted,0.2323,0.0408,0.1414,0.25,0.0345,0.1364
29,2024,1,1164,82,6,13,0.011,7,0,0.586,0.1263,0.0,0.0632,0.0,0.0,0.6829,0.209,0.1339,0.1538,0.5467,0.7,512,1,extracted,0.0714,0.0,0.0714,0.1729,0.0798,0.1402
29,2024,2,1164,82,6,13,0.011,7,0,0.586,0.1263,0.0,0.0632,0.0,0.0,0.6829,0.209,0.1339,0.1538,0.5467,0.7,512,1,extracted,0.0714,0.0,0.0714,0.1729,0.0798,0.1402
29,2024,3,1164,82,6,13,0.011,7,0,0.586,0.1263,0.0,0.0632,0.0,0.0,0.6829,0.209,0.1339,0.1538,0.5467,0.7,512,1,extracted,0.0714,0.0,0.0714,0.1729,0.0798,0.1402
29,2024,4,1164,82,6,13,0.011,7,0,0.586,0.1263,0.0,0.0632,0.0,0.0,0.6829,0.209,0.1339,0.1538,0.5467,0.7,512,1,extracted,0.0714,0.0,0.0714,0.1729,0.0798,0.1402
29,2024,5,1164,82,6,13,0.011,7,0,0.586,0.1263,0.0,0.0632,0.0,0.0,0.6829,0.209,0.1339,0.1538,0.5467,0.7,512,1,extracted,0.0714,0.0,0.0714,0.1729,0.0798,0.1402
29,2024,6,1164,82,6,13,0.011,7,0,0.586,0.1263,0.0,0.0632,0.0,0.0,0.6829,0.209,0.1339,0.1538,0.5467,0.7,512,1,extracted,0.0714,0.0,0.0714,0.1729,0.0798,0.1402
29,2024,7,1164,82,24,24,0.021,17,0,0.601,0.1321,0.0,0.0755,0.0,0.0,0.6829,0.209,0.1339,0.1538,0.5467,0.7,512,1,extracted,0.0968,0.0,0.0968,0.1729,0.0798,0.1402
29,2024,8,1164,82,24,24,0.021,17,0,0.601,0.1321,0.0,0.0755,0.0,0.0,0.6829,0.209,0.1339,0.1538,0.5467,0.7,512,1,extracted,0.0968,0.0,0.0968,0.1729,0.0798,0.1402
29,2024,9,1164,82,24,24,0.021,17,0,0.601,0.1321,0.0,0.0755,0.0,0.0,0.6829,0.209,0.1339,0.1538,0.5467,0.7,512,1,extracted,0.0968,0.0,0.0968,0.1729,0.0798,0.1402
29,2024,10,1164,82,24,24,0.021,17,0,0.601,0.1321,0.0,0.0755,0.0,0.0,0.6829,0.209,0.1339,0.1538,0.5467,0.7,512,1,extracted,0.0968,0.0,0.0968,0.1729,0.0798,0.1402
29,2024,11,1164,82,42,29,0.025,27,0,0.6057,0.1261,0.0,0.0721,0.0,0.0,0.6829,0.209,0.1339,0.1538,0.5467,0.7,512,1,extracted,0.0937,0.0,0.0937,0.1729,0.0798,0.1402
29,2024,12,1164,82,42,29,0.025,27,0,0.6057,0.1261,0.0,0.0721,0.0,0.0,0.6829,0.209,0.1339,0.1538,0.5467,0.7,512,1,extracted,0.0937,0.0,0.0937,0.1729,0.0798,0.1402
29,2024,13,1164,82,42,29,0.025,27,0,0.6057,0.1261,0.0,0.0721,0.0,0.0,0.6829,0.209,0.1339,0.1538,0.5467,0.7,512,1,extracted,0.0937,0.0,0.0937,0.1729,0.0798,0.1402
29,2024,14,1164,82,42,29,0.025,27,0,0.6057,0.1261,0.0,0.0721,0.0,0.0,0.6829,0.209,0.1339,0.1538,0.5467,0.7,512,1,extracted,0.0937,0.0,0.0937,0.1729,0.0798,0.1402
29,2024,15,1164,82,42,29,0.025,27,0,0.6057,0.1261,0.0,0.0721,0.0,0.0,0.6829,0.209,0.1339,0.1538,0.5467,0.7,512,1,extracted,0.0937,0.0,0.0937,0.1729,0.0798,0.1402
29,2024,16,1164,82,70,39,0.034,42,0,0.6102,0.2314,0.0168,0.1157,0.0133,0.0,0.6829,0.209,0.1339,0.1538,0.5467,0.7,512,1,extracted,0.1944,0.0,0.1111,0.1729,0.0798,0.1402
29,2024,17,1164,82,70,39,0.034,42,0,0.6102,0.2314,0.0168,0.1157,0.0133,0.0,0.6829,0.209,0.1339,0.1538,0.5467,0.7,512,1,extracted,0.1944,0.0,0.1111,0.1729,0.0798,0.1402
29,2024,18,1164,82,70,39,0.034,42,0,0.6102,0.2314,0.0168,0.1157,0.0133,0.0,0.6829,0.209,0.1339,0.1538,0.5467,0.7,512,1,extracted,0.1944,0.0,0.1111,0.1729,0.0798,0.1402
29,2024,19,1164,82,70,39,0.034,42,0,0.6102,0.2314,0.0168,0.1157,0.0133,0.0,0.6829,0.209,0.1339,0.1538,0.5467,0.7,512,1,extracted,0.1944,0.0,0.1111,0.1729,0.0798,0.1402
29,2024,20,1164,82,99,62,0.053,61,0,0.6354,0.2917,0.0423,0.125,0.04,0.05,0.6829,0.209,0.1339,0.1538,0.5467,0.7,512,1,extracted,0.2353,0.0,0.1412,0.1729,0.0798,0.1402
29,2024,21,1164,82,99,62,0.053,61,0,0.6354,0.2917,0.0423,0.125,0.04,0.05,0.6829,0.209,0.1339,0.1538,0.5467,0.7,512,1,extracted,0.2353,0.0,0.1412,0.1729,0.0798,0.1402
29,2024,22,1164,82,99,62,0.053,61,0,0.6354,0.2917,0.0423,0.125,0.04,0.05,0.6829,0.209,0.1339,0.1538,0.5467,0.7,512,1,extracted,0.2353,0.0,0.1412,0.1729,0.0798,0.1402
29,2024,23,1164,82,99,62,0.053,61,0,0.6354,0.2917,0.0423,0.125,0.04,0.05,0.6829,0.209,0.1339,0.1538,0.5467,0.7,512,1,extracted,0.2353,0.0,0.1412,0.1729,0.0798,0.1402
29,2024,24,1164,82,138,90,0.077,77,0,0.6772,0.4302,0.1765,0.1744,0.2,0.15,0.6829,0.209,0.1339,0.1538,0.5467,0.7,512,1,extracted,0.3061,0.0208,0.1633,0.1729,0.0798,0.1402
29,2024,25,1164,82,138,90,0.077,77,0,0.6772,0.4302,0.1765,0.1744,0.2,0.15,0.6829,0.209,0.1339,0.1538,0.5467,0.7,512,1,extracted,0.3061,0.0208,0.1633,0.1729,0.0798,0.1402
29,2024,26,1164,82,138,90,0.077,77,0,0.6772,0.4302,0.1765,0.1744,0.2,0.15,0.6829,0.209,0.1339,0.1538,0.5467,0.7,512,1,extracted,0.3061,0.0208,0.1633,0.1729,0.0798,0.1402
29,2024,27,1164,82,138,90,0.077,77,0,0.6772,0.4302,0.1765,0.1744,0.2,0.15,0.6829,0.209,0.1339,0.1538,0.5467,0.7,512,1,extracted,0.3061,0.0208,0.1633,0.1729,0.0798,0.1402
29,2024,28,1164,82,138,90,0.077,77,0,0.6772,0.4302,0.1765,0.1744,0.2,0.15,0.6829,0.209,0.1339,0.1538,0.5467,0.7,512,1,extracted,0.3061,0.0208,0.1633,0.1729,0.0798,0.1402
29,2024,29,1164,82,171,91,0.078,88,0,0.682,0.4277,0.2105,0.1965,0.2267,0.2,0.6829,0.209,0.1339,0.1538,0.5467,0.7,512,1,extracted,0.2772,0.0404,0.1782,0.1729,0.0798,0.1402
29,2024,30,1164,82,171,91,0.078,88,0,0.682,0.4277,0.2105,0.1965,0.2267,0.2,0.6829,0.209,0.1339,0.1538,0.5467,0.7,512,1,extracted,0.2772,0.0404,0.1782,0.1729,0.0798,0.1402
29,2024,31,1164,82,171,91,0.078,88,0,0.682,0.4277,0.2105,0.1965,0.2267,0.2,0.6829,0.209,0.1339,0.1538,0.5467,0.7,512,1,extracted,0.2772,0.0404,0.1782,0.1729,0.0798,0.1402
29,2024,32,1164,82,171,91,0.078,88,0,0.682,0.4277,0.2105,0.1965,0.2267,0.2,0.6829,0.209,0.1339,0.1538,0.5467,0.7,512,1,extracted,0.2772,0.0404,0.1782,0.1729,0.0798,0.1402
29,2024,33,1164,82,207,110,0.095,105,0,0.6734,0.4375,0.1789,0.1667,0.2267,0.2,0.6829,0.209,0.1339,0.1538,0.5467,0.7,512,1,extracted,0.3063,0.0183,0.1622,0.1729,0.0798,0.1402
29,2024,34,1164,82,207,110,0.095,105,0,0.6734,0.4375,0.1789,0.1667,0.2267,0.2,0.6829,0.209,0.1339,0.1538,0.5467,0.7,512,1,extracted,0.3063,0.0183,0.1622,0.1729,0.0798,0.1402
29,2024,35,1164,82,207,110,0.095,105,0,0.6734,0.4375,0.1789,0.1667,0.2267,0.2,0.6829,0.209,0.1339,0.1538,0.5467,0.7,512,1,extracted,0.3063,0.0183,0.1622,0.1729,0.0798,0.1402
29,2024,36,1164,82,207,110,0.095,105,0,0.6734,0.4375,0.1789,0.1667,0.2267,0.2,0.6829,0.209,0.1339,0.1538,0.5467,0.7,512,1,extracted,0.3063,0.0183,0.1622,0.1729,0.0798,0.1402
29,2024,37,1164,82,242,133,0.114,118,0,0.6535,0.3721,0.1221,0.1488,0.1733,0.25,0.6829,0.209,0.1339,0.1538,0.5467,0.7,512,1,extracted,0.2901,0.0465,0.1679,0.1729,0.0798,0.1402
29,2024,38,1164,82,242,133,0.114,118,0,0.6535,0.3721,0.1221,0.1488,0.1733,0.25,0.6829,0.209,0.1339,0.1538,0.5467,0.7,512,1,extracted,0.2901,0.0465,0.1679,0.1729,0.0798,0.1402
29,2024,39,1164,82,242,133,0.114,118,0,0.6535,0.3721,0.1221,0.1488,0.1733,0.25,0.6829,0.209,0.1339,0.1538,0.5467,0.7,512,1,extracted,0.2901,0.0465,0.1679,0.1729,0.0798,0.1402
29,2024,40,1164,82,242,133,0.114,118,0,0.6535,0.3721,0.1221,0.1488,0.1733,0.25,0.6829,0.209,0.1339,0.1538,0.5467,0.7,512,1,extracted,0.2901,0.0465,0.1679,0.1729,0.0798,0.1402
29,2024,41,1164,82,242,133,0.114,118,0,0.6535,0.3721,0.1221,0.1488,0.1733,0.25,0.6829,0.209,0.1339,0.1538,0.5467,0.7,512,1,extracted,0.2901,0.0465,0.1679,0.1729,0.0798,0.1402
29,2024,42,1164,82,299,169,0.145,150,0,0.6567,0.3644,0.1551,0.17,0.24,0.25,0.6829,0.209,0.1339,0.1538,0.5467,0.7,512,1,extracted,0.2963,0.0451,0.163,0.1729,0.0798,0.1402
29,2024,43,1164,82,299,169,0.145,150,0,0.6567,0.3644,0.1551,0.17,0.24,0.25,0.6829,0.209,0.1339,0.1538,0.5467,0.7,512,1,extracted,0.2963,0.0451,0.163,0.1729,0.0798,0.1402
29,2024,44,1164,82,299,169,0.145,150,0,0.6567,0.3644,0.1551,0.17,0.24,0.25,0.6829,0.209,0.1339,0.1538,0.5467,0.7,512,1,extracted,0.2963,0.0451,0.163,0.1729,0.0798,0.1402
29,2024,45,1164,82,299,169,0.145,150,0,0.6567,0.3644,0.1551,0.17,0.24,0.25,0.6829,0.209,0.1339,0.1538,0.5467,0.7,512,1,extracted,0.2963,0.0451,0.163,0.1729,0.0798,0.1402
29,2024,46,1164,82,344,220,0.189,172,0,0.6726,0.3522,0.1739,0.1728,0.3067,0.4,0.6829,0.209,0.1339,0.1538,0.5467,0.7,512,1,extracted,0.3011,0.0978,0.1613,0.1729,0.0798,0.1402
29,2024,47,1164,82,344,220,0.189,172,0,0.6726,0.3522,0.1739,0.1728,0.3067,0.4,0.6829,0.209,0.1339,0.1538,0.5467,0.7,512,1,extracted,0.3011,0.0978,0.1613,0.1729,0.0798,0.1402
29,2024,48,1164,82,344,220,0.189,172,0,0.6726,0.3522,0.1739,0.1728,0.3067,0.4,0.6829,0.209,0.1339,0.1538,0.5467,0.7,512,1,extracted,0.3011,0.0978,0.1613,0.1729,0.0798,0.1402
29,2024,49,1164,82,344,220,0.189,172,0,0.6726,0.3522,0.1739,0.1728,0.3067,0.4,0.6829,0.209,0.1339,0.1538,0.5467,0.7,512,1,extracted,0.3011,0.0978,0.1613,0.1729,0.0798,0.1402
29,2024,50,1164,82,387,222,0.191,193,0,0.63,0.2542,0.0808,0.1405,0.1333,0.25,0.6829,0.209,0.1339,0.1538,0.5467,0.7,512,1,extracted,0.2682,0.0904,0.1564,0.1729,0.0798,0.1402
29,2024,51,1164,82,387,222,0.191,193,0,0.63,0.2542,0.0808,0.1405,0.1333,0.25,0.6829,0.209,0.1339,0.1538,0.5467,0.7,512,1,extracted,0.2682,0.0904,0.1564,0.1729,0.0798,0.1402
29,2024,52,1164,82,387,222,0.191,193,0,0.63,0.2542,0.0808,0.1405,0.1333,0.25,0.6829,0.209,0.1339,0.1538,0.5467,0.7,512,1,extracted,0.2682,0.0904,0.1564,0.1729,0.0798,0.1402
29,2024,53,1164,82,387,222,0.191,193,0,0.63,0.2542,0.0808,0.1405,0.1333,0.25,0.6829,0.209,0.1339,0.1538,0.5467,0.7,512,1,extracted,0.2682,0.0904,0.1564,0.1729,0.0798,0.1402
29,2024,54,1164,82,387,222,0.191,193,0,0.63,0.2542,0.0808,0.1405,0.1333,0.25,0.6829,0.209,0.1339,0.1538,0.5467,0.7,512,1,extracted,0.2682,0.0904,0.1564,0.1729,0.0798,0.1402
29,2024,55,1164,82,434,252,0.216,214,0,0.678,0.3537,0.1779,0.1707,0.3467,0.5,0.6829,0.209,0.1339,0.1538,0.5467,0.7,512,1,extracted,0.3279,0.0884,0.153,0.1729,0.0798,0.1402
29,2024,56,1164,82,434,252,0.216,214,0,0.678,0.3537,0.1779,0.1707,0.3467,0.5,0.6829,0.209,0.1339,0.1538,0.5467,0.7,512,1,extracted,0.3279,0.0884,0.153,0.1729,0.0798,0.1402
29,2024,57,1164,82,434,252,0.216,214,0,0.678,0.3537,0.1779,0.1707,0.3467,0.5,0.6829,0.209,0.1339,0.1538,0.5467,0.7,512,1,extracted,0.3279,0.0884,0.153,0.1729,0.0798,0.1402
29,2024,58,1164,82,434,252,0.216,214,0,0.678,0.3537,0.1779,0.1707,0.3467,0.5,0.6829,0.209,0.1339,0.1538,0.5467,0.7,512,1,extracted,0.3279,0.0884,0.153,0.1729,0.0798,0.1402
29,2024,59,1164,82,477,272,0.234,235,0,0.6822,0.3276,0.1618,0.1954,0.32,0.35,0.6829,0.209,0.1339,0.1538,0.5467,0.7,512,1,extracted,0.2788,0.0874,0.1827,0.1729,0.0798,0.1402
29,2024,60,1164,82,477,272,0.234,235,0,0.6822,0.3276,0.1618,0.1954,0.32,0.35,0.6829,0.209,0.1339,0.1538,0.5467,0.7,512,1,extracted,0.2788,0.0874,0.1827,0.1729,0.0798,0.1402
29,2024,61,1164,82,477,272,0.234,235,0,0.6822,0.3276,0.1618,0.1954,0.32,0.35,0.6829,0.209,0.1339,0.1538,0.5467,0.7,512,1,extracted,0.2788,0.0874,0.1827,0.1729,0.0798,0.1402
29,2024,62,1164,82,477,272,0.234,235,0,0.6822,0.3276,0.1618,0.1954,0.32,0.35,0.6829,0.209,0.1339,0.1538,0.5467,0.7,512,1,extracted,0.2788,0.0874,0.1827,0.1729,0.0798,0.1402
29,2024,63,1164,82,477,272,0.234,235,0,0.6822,0.3276,0.1618,0.1954,0.32,0.35,0.6829,0.209,0.1339,0.1538,0.5467,0.7,512,1,extracted,0.2788,0.0874,0.1827,0.1729,0.0798,0.1402
29,2024,64,1164,82,540,312,0.268,267,0,0.6726,0.3005,0.1615,0.1813,0.3467,0.4,0.6829,0.209,0.1339,0.1538,0.5467,0.7,512,1,extracted,0.2719,0.1504,0.2018,0.1729,0.0798,0.1402
29,2024,65,1164,82,540,312,0.268,267,0,0.6726,0.3005,0.1615,0.1813,0.3467,0.4,0.6829,0.209,0.1339,0.1538,0.5467,0.7,512,1,extracted,0.2719,0.1504,0.2018,0.1729,0.0798,0.1402
29,2024,66,1164,82,540,312,0.268,267,0,0.6726,0.3005,0.1615,0.1813,0.3467,0.4,0.6829,0.209,0.1339,0.1538,0.5467,0.7,512,1,extracted,0.2719,0.1504,0.2018,0.1729,0.0798,0.1402
29,2024,67,1164,82,540,312,0.268,267,0,0.6726,0.3005,0.1615,0.1813,0.3467,0.4,0.6829,0.209,0.1339,0.1538,0.5467,0.7,512,1,extracted,0.2719,0.1504,0.2018,0.1729,0.0798,0.1402
29,2024,68,1164,82,609,344,0.296,297,0,0.6727,0.2721,0.1343,0.1384,0.32,0.35,0.6829,0.209,0.1339,0.1538,0.5467,0.7,512,1,extracted,0.2348,0.0735,0.1377,0.1729,0.0798,0.1402
29,2024,69,1164,82,609,344,0.296,297,0,0.6727,0.2721,0.1343,0.1384,0.32,0.35,0.6829,0.209,0.1339,0.1538,0.5467,0.7,512,1,extracted,0.2348,0.0735,0.1377,0.1729,0.0798,0.1402
29,2024,70,1164,82,609,344,0.296,297,0,0.6727,0.2721,0.1343,0.1384,0.32,0.35,0.6829,0.209,0.1339,0.1538,0.5467,0.7,512,1,extracted,0.2348,0.0735,0.1377,0.1729,0.0798,0.1402
29,2024,71,1164,82,609,344,0.296,297,0,0.6727,0.2721,0.1343,0.1384,0.32,0.35,0.6829,0.209,0.1339,0.1538,0.5467,0.7,512,1,extracted,0.2348,0.0735,0.1377,0.1729,0.0798,0.1402
29,2024,72,1164,82,668,384,0.33,327,0,0.6719,0.2707,0.1316,0.1354,0.3467,0.45,0.6829,0.209,0.1339,0.1538,0.5467,0.7,512,1,extracted,0.2296,0.0597,0.1481,0.1729,0.0798,0.1402
29,2024,73,1164,82,668,384,0.33,327,0,0.6719,0.2707,0.1316,0.1354,0.3467,0.45,0.6829,0.209,0.1339,0.1538,0.5467,0.7,512,1,extracted,0.2296,0.0597,0.1481,0.1729,0.0798,0.1402
29,2024,74,1164,82,668,384,0.33,327,0,0.6719,0.2707,0.1316,0.1354,0.3467,0.45,0.6829,0.209,0.1339,0.1538,0.5467,0.7,512,1,extracted,0.2296,0.0597,0.1481,0.1729,0.0798,0.1402
29,2024,75,1164,82,668,384,0.33,327,0,0.6719,0.2707,0.1316,0.1354,0.3467,0.45,0.6829,0.209,0.1339,0.1538,0.5467,0.7,512,1,extracted,0.2296,0.0597,0.1481,0.1729,0.0798,0.1402
29,2024,76,1164,82,668,384,0.33,327,0,0.6719,0.2707,0.1316,0.1354,0.3467,0.45,0.6829,0.209,0.1339,0.1538,0.5467,0.7,512,1,extracted,0.2296,0.0597,0.1481,0.1729,0.0798,0.1402
29,2024,77,1164,82,713,432,0.371,347,0,0.6816,0.249,0.1429,0.1542,0.4133,0.5,0.6829,0.209,0.1339,0.1538,0.5467,0.7,512,1,extracted,0.2105,0.0861,0.1579,0.1729,0.0798,0.1402
29,2024,78,1164,82,713,432,0.371,347,0,0.6816,0.249,0.1429,0.1542,0.4133,0.5,0.6829,0.209,0.1339,0.1538,0.5467,0.7,512,1,extracted,0.2105,0.0861,0.1579,0.1729,0.0798,0.1402
29,2024,79,1164,82,713,432,0.371,347,0,0.6816,0.249,0.1429,0.1542,0.4133,0.5,0.6829,0.209,0.1339,0.1538,0.5467,0.7,512,1,extracted,0.2105,0.0861,0.1579,0.1729,0.0798,0.1402
29,2024,80,1164,82,713,432,0.371,347,0,0.6816,0.249,0.1429,0.1542,0.4133,0.5,0.6829,0.209,0.1339,0.1538,0.5467,0.7,512,1,extracted,0.2105,0.0861,0.1579,0.1729,0.0798,0.1402
29,2024,81,1164,82,792,472,0.405,387,0,0.6976,0.2601,0.1581,0.1795,0.5067,0.6,0.6829,0.209,0.1339,0.1538,0.5467,0.7,512,1,extracted,0.2054,0.0851,0.1511,0.1729,0.0798,0.1402
29,2024,82,1164,82,792,472,0.405,387,0,0.6976,0.2601,0.1581,0.1795,0.5067,0.6,0.6829,0.209,0.1339,0.1538,0.5467,0.7,512,1,extracted,0.2054,0.0851,0.1511,0.1729,0.0798,0.1402
29,2024,83,1164,82,792,472,0.405,387,0,0.6976,0.2601,0.1581,0.1795,0.5067,0.6,0.6829,0.209,0.1339,0.1538,0.5467,0.7,512,1,extracted,0.2054,0.0851,0.1511,0.1729,0.0798,0.1402
29,2024,84,1164,82,792,472,0.405,387,0,0.6976,0.2601,0.1581,0.1795,0.5067,0.6,0.6829,0.209,0.1339,0.1538,0.5467,0.7,512,1,extracted,0.2054,0.0851,0.1511,0.1729,0.0798,0.1402
29,2024,85,1164,82,860,496,0.426,420,0,0.668,0.2289,0.1343,0.1338,0.44,0.6,0.6829,0.209,0.1339,0.1538,0.5467,0.7,512,1,extracted,0.196,0.0812,0.1383,0.1729,0.0798,0.1402
29,2024,86,1164,82,860,496,0.426,420,0,0.668,0.2289,0.1343,0.1338,0.44,0.6,0.6829,0.209,0.1339,0.1538,0.5467,0.7,512,1,extracted,0.196,0.0812,0.1383,0.1729,0.0798,0.1402
29,2024,87,1164,82,860,496,0.426,420,0,0.668,0.2289,0.1343,0.1338,0.44,0.6,0.6829,0.209,0.1339,0.1538,0.5467,0.7,512,1,extracted,0.196,0.0812,0.1383,0.1729,0.0798,0.1402
29,2024,88,1164,82,860,496,0.426,420,0,0.668,0.2289,0.1343,0.1338,0.44,0.6,0.6829,0.209,0.1339,0.1538,0.5467,0.7,512,1,extracted,0.196,0.0812,0.1383,0.1729,0.0798,0.1402
29,2024,89,1164,82,860,496,0.426,420,0,0.668,0.2289,0.1343,0.1338,0.44,0.6,0.6829,0.209,0.1339,0.1538,0.5467,0.7,512,1,extracted,0.196,0.0812,0.1383,0.1729,0.0798,0.1402
29,2024,90,1164,82,925,506,0.435,448,0,0.6839,0.2421,0.1655,0.1579,0.56,0.6,0.6829,0.209,0.1339,0.1538,0.5467,0.7,512,1,extracted,0.2273,0.1111,0.1558,0.1729,0.0798,0.1402
29,2024,91,1164,82,925,506,0.435,448,0,0.6839,0.2421,0.1655,0.1579,0.56,0.6,0.6829,0.209,0.1339,0.1538,0.5467,0.7,512,1,extracted,0.2273,0.1111,0.1558,0.1729,0.0798,0.1402
29,2024,92,1164,82,925,506,0.435,448,0,0.6839,0.2421,0.1655,0.1579,0.56,0.6,0.6829,0.209,0.1339,0.1538,0.5467,0.7,512,1,extracted,0.2273,0.1111,0.1558,0.1729,0.0798,0.1402
29,2024,93,1164,82,925,506,0.435,448,0,0.6839,0.2421,0.1655,0.1579,0.56,0.6,0.6829,0.209,0.1339,0.1538,0.5467,0.7,512,1,extracted,0.2273,0.1111,0.1558,0.1729,0.0798,0.1402
29,2024,94,1164,82,1062,601,0.516,510,0,0.6879,0.2059,0.1416,0.1588,0.5733,0.65,0.6829,0.209,0.1339,0.1538,0.5467,0.7,512,1,extracted,0.169,0.0896,0.1362,0.1729,0.0798,0.1402
29,2024,95,1164,82,1062,601,0.516,510,0,0.6879,0.2059,0.1416,0.1588,0.5733,0.65,0.6829,0.209,0.1339,0.1538,0.5467,0.7,512,1,extracted,0.169,0.0896,0.1362,0.1729,0.0798,0.1402
29,2024,96,1164,82,1062,601,0.516,510,0,0.6879,0.2059,0.1416,0.1588,0.5733,0.65,0.6829,0.209,0.1339,0.1538,0.5467,0.7,512,1,extracted,0.169,0.0896,0.1362,0.1729,0.0798,0.1402
29,2024,97,1164,82,1062,601,0.516,510,0,0.6879,0.2059,0.1416,0.1588,0.5733,0.65,0.6829,0.209,0.1339,0.1538,0.5467,0.7,512,1,extracted,0.169,0.0896,0.1362,0.1729,0.0798,0.1402
29,2024,98,1164,82,1147,542,0.466,512,1,0.675,0.2251,0.1452,0.1415,0.5333,0.65,0.6829,0.209,0.1339,0.1538,0.5467,0.7,512,1,extracted,0.187,0.0888,0.1299,0.1729,0.0798,0.1402
29,2024,99,1164,82,1147,542,0.466,512,1,0.675,0.2251,0.1452,0.1415,0.5333,0.65,0.6829,0.209,0.1339,0.1538,0.5467,0.7,512,1,extracted,0.187,0.0888,0.1299,0.1729,0.0798,0.1402
29,2024,100,1164,82,1147,542,0.466,512,1,0.675,0.2251,0.1452,0.1415,0.5333,0.65,0.6829,0.209,0.1339,0.1538,0.5467,0.7,512,1,extracted,0.187,0.0888,0.1299,0.1729,0.0798,0.1402
30,2024,1,741,94,16,19,0.026,10,0,0.6075,0.1416,0.036,0.0885,0.022,0.0,0.6792,0.2634,0.1379,0.1336,0.3846,0.4483,334,0,extracted,0.0833,0.0286,0.0556,0.2437,0.1132,0.1375
30,2024,2,741,94,16,19,0.026,10,0,0.6075,0.1416,0.036,0.0885,0.022,0.0,0.6792,0.2634,0.1379,0.1336,0.3846,0.4483,334,0,extracted,0.0833,0.0286,0.0556,0.2437,0.1132,0.1375
30,2024,3,741,94,16,19,0.026,10,0,0.6075,0.1416,0.036,0.0885,0.022,0.0,0.6792,0.2634,0.1379,0.1336,0.3846,0.4483,334,0,extracted,0.0833,0.0286,0.0556,0.2437,0.1132,0.1375
30,2024,4,741,94,16,19,0.026,10,0,0.6075,0.1416,0.036,0.0885,0.022,0.0,0.6792,0.2634,0.1379,0.1336,0.3846,0.4483,334,0,extracted,0.0833,0.0286,0.0556,0.2437,0.1132,0.1375
30,2024,5,741,94,16,19,0.026,10,0,0.6075,0.1416,0.036,0.0885,0.022,0.0,0.6792,0.2634,0.1379,0.1336,0.3846,0.4483,334,0,extracted,0.0833,0.0286,0.0556,0.2437,0.1132,0.1375
30,2024,6,741,94,16,19,0.026,10,0,0.6075,0.1416,0.036,0.0885,0.022,0.0,0.6792,0.2634,0.1379,0.1336,0.3846,0.4483,334,0,extracted,0.0833,0.0286,0.0556,0.2437,0.1132,0.1375
30,2024,7,741,94,16,19,0.026,10,0,0.6075,0.1416,0.036,0.0885,0.022,0.0,0.6792,0.2634,0.1379,0.1336,0.3846,0.4483,334,0,extracted,0.0833,0.0286,0.0556,0.2437,0.1132,0.1375
30,2024,8,741,94,16,19,0.026,10,0,0.6075,0.1416,0.036,0.0885,0.022,0.0,0.6792,0.2634,0.1379,0.1336,0.3846,0.4483,334,0,extracted,0.0833,0.0286,0.0556,0.2437,0.1132,0.1375
30,2024,9,741,94,16,19,0.026,10,0,0.6075,0.1416,0.036,0.0885,0.022,0.0,0.6792,0.2634,0.1379,0.1336,0.3846,0.4483,334,0,extracted,0.0833,0.0286,0.0556,0.2437,0.1132,0.1375
30,2024,10,741,94,16,19,0.026,10,0,0.6075,0.1416,0.036,0.0885,0.022,0.0,0.6792,0.2634,0.1379,0.1336,0.3846,0.4483,334,0,extracted,0.0833,0.0286,0.0556,0.2437,0.1132,0.1375
30,2024,11,741,94,43,43,0.058,20,0,0.6413,0.292,0.0741,0.1752,0.0549,0.0345,0.6792,0.2634,0.1379,0.1336,0.3846,0.4483,334,0,extracted,0.2273,0.0465,0.1364,0.2437,0.1132,0.1375
30,2024,12,741,94,43,43,0.058,20,0,0.6413,0.292,0.0741,0.1752,0.0549,0.0345,0.6792,0.2634,0.1379,0.1336,0.3846,0.4483,334,0,extracted,0.2273,0.0465,0.1364,0.2437,0.1132,0.1375
30,2024,13,741,94,43,43,0.058,20,0,0.6413,0.292,0.0741,0.1752,0.0549,0.0345,0.6792,0.2634,0.1379,0.1336,0.3846,0.4483,334,0,extracted,0.2273,0.0465,0.1364,0.2437,0.1132,0.1375
30,2024,14,741,94,43,43,0.058,20,0,0.6413,0.292,0.0741,0.1752,0.0549,0.0345,0.6792,0.2634,0.1379,0.1336,0.3846,0.4483,334,0,extracted,0.2273,0.0465,0.1364,0.2437,0.1132,0.1375
30,2024,15,741,94,43,43,0.058,20,0,0.6413,0.292,0.0741,0.1752,0.0549,0.0345,0.6792,0.2634,0.1379,0.1336,0.3846,0.4483,334,0,extracted,0.2273,0.0465,0.1364,0.2437,0.1132,0.1375
30,2024,16,741,94,43,43,0.058,20,0,0.6413,0.292,0.0741,0.1752,0.0549,0.0345,0.6792,0.2634,0.1379,0.1336,0.3846,0.4483,334,0,extracted,0.2273,0.0465,0.1364,0.2437,0.1132,0.1375
30,2024,17,741,94,43,43,0.058,20,0,0.6413,0.292,0.0741,0.1752,0.0549,0.0345,0.6792,0.2634,0.1379,0.1336,0.3846,0.4483,334,0,extracted,0.2273,0.0465,0.1364,0.2437,0.1132,0.1375
30,2024,18,741,94,72,49,0.066,32,0,0.698,0.3357,0.1418,0.2378,0.1099,0.1724,0.6792,0.2634,0.1379,0.1336,0.3846,0.4483,334,0,extracted,0.3261,0.0889,0.2391,0.2437,0.1132,0.1375
30,2024,19,741,94,72,49,0.066,32,0,0.698,0.3357,0.1418,0.2378,0.1099,0.1724,0.6792,0.2634,0.1379,0.1336,0.3846,0.4483,334,0,extracted,0.3261,0.0889,0.2391,0.2437,0.1132,0.1375
30,2024,20,741,94,72,49,0.066,32,0,0.698,0.3357,0.1418,0.2378,0.1099,0.1724,0.6792,0.2634,0.1379,0.1336,0.3846,0.4483,334,0,extracted,0.3261,0.0889,0.2391,0.2437,0.1132,0.1375
30,2024,21,741,94,72,49,0.066,32,0,0.698,0.3357,0.1418,0.2378,0.1099,0.1724,0.6792,0.2634,0.1379,0.1336,0.3846,0.4483,334,0,extracted,0.3261,0.0889,0.2391,0.2437,0.1132,0.1375
30,2024,22,741,94,72,49,0.066,32,0,0.698,0.3357,0.1418,0.2378,0.1099,0.1724,0.6792,0.2634,0.1379,0.1336,0.3846,0.4483,334,0,extracted,0.3261,0.0889,0.2391,0.2437,0.1132,0.1375
30,2024,23,741,94,72,49,0.066,32,0,0.698,0.3357,0.1418,0.2378,0.1099,0.1724,0.6792,0.2634,0.1379,0.1336,0.3846,0.4483,334,0,extracted,0.3261,0.0889,0.2391,0.2437,0.1132,0.1375
30,2024,24,741,94,72,49,0.066,32,0,0.698,0.3357,0.1418,0.2378,0.1099,0.1724,0.6792,0.2634,0.1379,0.1336,0.3846,0.4483,334,0,extracted,0.3261,0.0889,0.2391,0.2437,0.1132,0.1375
30,2024,25,741,94,123,69,0.093,59,0,0.6736,0.3436,0.0994,0.184,0.0879,0.1724,0.6792,0.2634,0.1379,0.1336,0.3846,0.4483,334,0,extracted,0.3238,0.0777,0.2286,0.2437,0.1132,0.1375
30,2024,26,741,94,123,69,0.093,59,0,0.6736,0.3436,0.0994,0.184,0.0879,0.1724,0.6792,0.2634,0.1379,0.1336,0.3846,0.4483,334,0,extracted,0.3238,0.0777,0.2286,0.2437,0.1132,0.1375
30,2024,27,741,94,123,69,0.093,59,0,0.6736,0.3436,0.0994,0.184,0.0879,0.1724,0.6792,0.2634,0.1379,0.1336,0.3846,0.4483,334,0,extracted,0.3238,0.0777,0.2286,0.2437,0.1132,0.1375
30,2024,28,741,94,123,69,0.093,59,0,0.6736,0.3436,0.0994,0.184,0.0879,0.1724,0.6792,0.2634,0.1379,0.1336,0.3846,0.4483,334,0,extracted,0.3238,0.0777,0.2286,0.2437,0.1132,0.1375
30,2024,29,741,94,123,69,0.093,59,0,0.6736,0.3436,0.0994,0.184,0.0879,0.1724,0.6792,0.2634,0.1379,0.1336,0.3846,0.4483,334,0,extracted,0.3238,0.0777,0.2286,0.2437,0.1132,0.1375
30,2024,30,741,94,123,69,0.093,59,0,0.6736,0.3436,0.0994,0.184,0.0879,0.1724,0.6792,0.2634,0.1379,0.1336,0.3846,0.4483,334,0,extracted,0.3238,0.0777,0.2286,0.2437,0.1132,0.1375
30,2024,31,741,94,123,69,0.093,59,0,0.6736,0.3436,0.0994,0.184,0.0879,0.1724,0.6792,0.2634,0.1379,0.1336,0.3846,0.4483,334,0,extracted,0.3238,0.0777,0.2286,0.2437,0.1132,0.1375
30,2024,32,741,94,123,69,0.093,59,0,0.6736,0.3436,0.0994,0.184,0.0879,0.1724,0.6792,0.2634,0.1379,0.1336,0.3846,0.4483,334,0,extracted,0.3238,0.0777,0.2286,0.2437,0.1132,0.1375
30,2024,33,741,94,156,79,0.107,73,0,0.6647,0.3584,0.0936,0.1734,0.0769,0.1724,0.6792,0.2634,0.1379,0.1336,0.3846,0.4483,334,0,extracted,0.3486,0.0748,0.1835,0.2437,0.1132,0.1375
30,2024,34,741,94,156,79,0.107,73,0,0.6647,0.3584,0.0936,0.1734,0.0769,0.1724,0.6792,0.2634,0.1379,0.1336,0.3846,0.4483,334,0,extracted,0.3486,0.0748,0.1835,0.2437,0.1132,0.1375
30,2024,35,741,94,156,79,0.107,73,0,0.6647,0.3584,0.0936,0.1734,0.0769,0.1724,0.6792,0.2634,0.1379,0.1336,0.3846,0.4483,334,0,extracted,0.3486,0.0748,0.1835,0.2437,0.1132,0.1375
30,2024,36,741,94,156,79,0.107,73,0,0.6647,0.3584,0.0936,0.1734,0.0769,0.1724,0.6792,0.2634,0.1379,0.1336,0.3846,0.4483,334,0,extracted,0.3486,0.0748,0.1835,0.2437,0.1132,0.1375
30,2024,37,741,94,156,79,0.107,73,0,0.6647,0.3584,0.0936,0.1734,0.0769,0.1724,0.6792,0.2634,0.1379,0.1336,0.3846,0.4483,334,0,extracted,0.3486,0.0748,0.1835,0.2437,0.1132,0.1375
30,2024,38,741,94,156,79,0.107,73,0,0.6647,0.3584,0.0936,0.1734,0.0769,0.1724,0.6792,0.2634,0.1379,0.1336,0.3846,0.4483,334,0,extracted,0.3486,0.0748,0.1835,0.2437,0.1132,0.1375
30,2024,39,741,94,156,79,0.107,73,0,0.6647,0.3584,0.0936,0.1734,0.0769,0.1724,0.6792,0.2634,0.1379,0.1336,0.3846,0.4483,334,0,extracted,0.3486,0.0748,0.1835,0.2437,0.1132,0.1375
30,2024,40,741,94,200,108,0.146,89,0,0.6684,0.4059,0.11,0.1683,0.1099,0.2069,0.6792,0.2634,0.1379,0.1336,0.3846,0.4483,334,0,extracted,0.3721,0.0945,0.186,0.2437,0.1132,0.1375
30,2024,41,741,94,200,108,0.146,89,0,0.6684,0.4059,0.11,0.1683,0.1099,0.2069,0.6792,0.2634,0.1379,0.1336,0.3846,0.4483,334,0,extracted,0.3721,0.0945,0.186,0.2437,0.1132,0.1375
30,2024,42,741,94,200,108,0.146,89,0,0.6684,0.4059,0.11,0.1683,0.1099,0.2069,0.6792,0.2634,0.1379,0.1336,0.3846,0.4483,334,0,extracted,0.3721,0.0945,0.186,0.2437,0.1132,0.1375
30,2024,43,741,94,200,108,0.146,89,0,0.6684,0.4059,0.11,0.1683,0.1099,0.2069,0.6792,0.2634,0.1379,0.1336,0.3846,0.4483,334,0,extracted,0.3721,0.0945,0.186,0.2437,0.1132,0.1375
30,2024,44,741,94,200,108,0.146,89,0,0.6684,0.4059,0.11,0.1683,0.1099,0.2069,0.6792,0.2634,0.1379,0.1336,0.3846,0.4483,334,0,extracted,0.3721,0.0945,0.186,0.2437,0.1132,0.1375
30,2024,45,741,94,200,108,0.146,89,0,0.6684,0.4059,0.11,0.1683,0.1099,0.2069,0.6792,0.2634,0.1379,0.1336,0.3846,0.4483,334,0,extracted,0.3721,0.0945,0.186,0.2437,0.1132,0.1375
30,2024,46,741,94,200,108,0.146,89,0,0.6684,0.4059,0.11,0.1683,0.1099,0.2069,0.6792,0.2634,0.1379,0.1336,0.3846,0.4483,334,0,extracted,0.3721,0.0945,0.186,0.2437,0.1132,0.1375
30,2024,47,741,94,263,149,0.201,118,0,0.6677,0.3374,0.0747,0.1646,0.0879,0.1724,0.6792,0.2634,0.1379,0.1336,0.3846,0.4483,334,0,extracted,0.3333,0.0704,0.2083,0.2437,0.1132,0.1375
30,2024,48,741,94,263,149,0.201,118,0,0.6677,0.3374,0.0747,0.1646,0.0879,0.1724,0.6792,0.2634,0.1379,0.1336,0.3846,0.4483,334,0,extracted,0.3333,0.0704,0.2083,0.2437,0.1132,0.1375
30,2024,49,741,94,263,149,0.201,118,0,0.6677,0.3374,0.0747,0.1646,0.0879,0.1724,0.6792,0.2634,0.1379,0.1336,0.3846,0.4483,334,0,extracted,0.3333,0.0704,0.2083,0.2437,0.1132,0.1375
30,2024,50,741,94,263,149,0.201,118,0,0.6677,0.3374,0.0747,0.1646,0.0879,0.1724,0.6792,0.2634,0.1379,0.1336,0.3846,0.4483,334,0,extracted,0.3333,0.0704,0.2083,0.2437,0.1132,0.1375
30,2024,51,741,94,263,149,0.201,118,0,0.6677,0.3374,0.0747,0.1646,0.0879,0.1724,0.6792,0.2634,0.1379,0.1336,0.3846,0.4483,334,0,extracted,0.3333,0.0704,0.2083,0.2437,0.1132,0.1375
30,2024,52,741,94,263,149,0.201,118,0,0.6677,0.3374,0.0747,0.1646,0.0879,0.1724,0.6792,0.2634,0.1379,0.1336,0.3846,0.4483,334,0,extracted,0.3333,0.0704,0.2083,0.2437,0.1132,0.1375
30,2024,53,741,94,263,149,0.201,118,0,0.6677,0.3374,0.0747,0.1646,0.0879,0.1724,0.6792,0.2634,0.1379,0.1336,0.3846,0.4483,334,0,extracted,0.3333,0.0704,0.2083,0.2437,0.1132,0.1375
30,2024,54,741,94,321,201,0.271,144,0,0.6773,0.3439,0.1484,0.1754,0.2198,0.3448,0.6792,0.2634,0.1379,0.1336,0.3846,0.4483,334,0,extracted,0.3563,0.093,0.1954,0.2437,0.1132,0.1375
30,2024,55,741,94,321,201,0.271,144,0,0.6773,0.3439,0.1484,0.1754,0.2198,0.3448,0.6792,0.2634,0.1379,0.1336,0.3846,0.4483,334,0,extracted,0.3563,0.093,0.1954,0.2437,0.1132,0.1375
30,2024,56,741,94,321,201,0.271,144,0,0.6773,0.3439,0.1484,0.1754,0.2198,0.3448,0.6792,0.2634,0.1379,0.1336,0.3846,0.4483,334,0,extracted,0.3563,0.093,0.1954,0.2437,0.1132,0.1375
30,2024,57,741,94,321,201,0.271,144,0,0.6773,0.3439,0.1484,0.1754,0.2198,0.3448,0.6792,0.2634,0.1379,0.1336,0.3846,0.4483,334,0,extracted,0.3563,0.093,0.1954,0.2437,0.1132,0.1375
30,2024,58,741,94,321,201,0.271,144,0,0.6773,0.3439,0.1484,0.1754,0.2198,0.3448,0.6792,0.2634,0.1379,0.1336,0.3846,0.4483,334,0,extracted,0.3563,0.093,0.1954,0.2437,0.1132,0.1375
30,2024,59,741,94,321,201,0.271,144,0,0.6773,0.3439,0.1484,0.1754,0.2198,0.3448,0.6792,0.2634,0.1379,0.1336,0.3846,0.4483,334,0,extracted,0.3563,0.093,0.1954,0.2437,0.1132,0.1375
30,2024,60,741,94,321,201,0.271,144,0,0.6773,0.3439,0.1484,0.1754,0.2198,0.3448,0.6792,0.2634,0.1379,0.1336,0.3846,0.4483,334,0,extracted,0.3563,0.093,0.1954,0.2437,0.1132,0.1375
30,2024,61,741,94,383,228,0.308,175,0,0.6725,0.3269,0.1097,0.1538,0.1758,0.3103,0.6792,0.2634,0.1379,0.1336,0.3846,0.4483,334,0,extracted,0.3152,0.0769,0.1848,0.2437,0.1132,0.1375
30,2024,62,741,94,383,228,0.308,175,0,0.6725,0.3269,0.1097,0.1538,0.1758,0.3103,0.6792,0.2634,0.1379,0.1336,0.3846,0.4483,334,0,extracted,0.3152,0.0769,0.1848,0.2437,0.1132,0.1375
30,2024,63,741,94,383,228,0.308,175,0,0.6725,0.3269,0.1097,0.1538,0.1758,0.3103,0.6792,0.2634,0.1379,0.1336,0.3846,0.4483,334,0,extracted,0.3152,0.0769,0.1848,0.2437,0.1132,0.1375
30,2024,64,741,94,383,228,0.308,175,0,0.6725,0.3269,0.1097,0.1538,0.1758,0.3103,0.6792,0.2634,0.1379,0.1336,0.3846,0.4483,334,0,extracted,0.3152,0.0769,0.1848,0.2437,0.1132,0.1375
30,2024,65,741,94,383,228,0.308,175,0,0.6725,0.3269,0.1097,0.1538,0.1758,0.3103,0.6792,0.2634,0.1379,0.1336,0.3846,0.4483,334,0,extracted,0.3152,0.0769,0.1848,0.2437,0.1132,0.1375
30,2024,66,741,94,383,228,0.308,175,0,0.6725,0.3269,0.1097,0.1538,0.1758,0.3103,0.6792,0.2634,0.1379,0.1336,0.3846,0.4483,334,0,extracted,0.3152,0.0769,0.1848,0.2437,0.1132,0.1375
30,2024,67,741,94,383,228,0.308,175,0,0.6725,0.3269,0.1097,0.1538,0.1758,0.3103,0.6792,0.2634,0.1379,0.1336,0.3846,0.4483,334,0,extracted,0.3152,0.0769,0.1848,0.2437,0.1132,0.1375
30,2024,68,741,94,433,250,0.337,195,0,0.6646,0.3114,0.1084,0.1437,0.1868,0.3103,0.6792,0.2634,0.1379,0.1336,0.3846,0.4483,334,0,extracted,0.2929,0.0816,0.1717,0.2437,0.1132,0.1375
30,2024,69,741,94,433,250,0.337,195,0,0.6646,0.3114,0.1084,0.1437,0.1868,0.3103,0.6792,0.2634,0.1379,0.1336,0.3846,0.4483,334,0,extracted,0.2929,0.0816,0.1717,0.2437,0.1132,0.1375
30,2024,70,741,94,433,250,0.337,195,0,0.6646,0.3114,0.1084,0.1437,0.1868,0.3103,0.6792,0.2634,0.1379,0.1336,0.3846,0.4483,334,0,extracted,0.2929,0.0816,0.1717,0.2437,0.1132,0.1375
30,2024,71,741,94,433,250,0.337,195,0,0.6646,0.3114,0.1084,0.1437,0.1868,0.3103,0.6792,0.2634,0.1379,0.1336,0.3846,0.4483,334,0,extracted,0.2929,0.0816,0.1717,0.2437,0.1132,0.1375
30,2024,72,741,94,433,250,0.337,195,0,0.6646,0.3114,0.1084,0.1437,0.1868,0.3103,0.6792,0.2634,0.1379,0.1336,0.3846,0.4483,334,0,extracted,0.2929,0.0816,0.1717,0.2437,0.1132,0.1375
30,2024,73,741,94,433,250,0.337,195,0,0.6646,0.3114,0.1084,0.1437,0.1868,0.3103,0.6792,0.2634,0.1379,0.1336,0.3846,0.4483,334,0,extracted,0.2929,0.0816,0.1717,0.2437,0.1132,0.1375
30,2024,74,741,94,433,250,0.337,195,0,0.6646,0.3114,0.1084,0.1437,0.1868,0.3103,0.6792,0.2634,0.1379,0.1336,0.3846,0.4483,334,0,extracted,0.2929,0.0816,0.1717,0.2437,0.1132,0.1375
30,2024,75,741,94,433,250,0.337,195,0,0.6646,0.3114,0.1084,0.1437,0.1868,0.3103,0.6792,0.2634,0.1379,0.1336,0.3846,0.4483,334,0,extracted,0.2929,0.0816,0.1717,0.2437,0.1132,0.1375
30,2024,76,741,94,485,287,0.387,220,0,0.6718,0.2803,0.0921,0.1402,0.1758,0.2759,0.6792,0.2634,0.1379,0.1336,0.3846,0.4483,334,0,extracted,0.2597,0.0699,0.1558,0.2437,0.1132,0.1375
30,2024,77,741,94,485,287,0.387,220,0,0.6718,0.2803,0.0921,0.1402,0.1758,0.2759,0.6792,0.2634,0.1379,0.1336,0.3846,0.4483,334,0,extracted,0.2597,0.0699,0.1558,0.2437,0.1132,0.1375
30,2024,78,741,94,485,287,0.387,220,0,0.6718,0.2803,0.0921,0.1402,0.1758,0.2759,0.6792,0.2634,0.1379,0.1336,0.3846,0.4483,334,0,extracted,0.2597,0.0699,0.1558,0.2437,0.1132,0.1375
30,2024,79,741,94,485,287,0.387,220,0,0.6718,0.2803,0.0921,0.1402,0.1758,0.2759,0.6792,0.2634,0.1379,0.1336,0.3846,0.4483,334,0,extracted,0.2597,0.0699,0.1558,0.2437,0.1132,0.1375
30,2024,80,741,94,485,287,0.387,220,0,0.6718,0.2803,0.0921,0.1402,0.1758,0.2759,0.6792,0.2634,0.1379,0.1336,0.3846,0.4483,334,0,extracted,0.2597,0.0699,0.1558,0.2437,0.1132,0.1375
30,2024,81,741,94,485,287,0.387,220,0,0.6718,0.2803,0.0921,0.1402,0.1758,0.2759,0.6792,0.2634,0.1379,0.1336,0.3846,0.4483,334,0,extracted,0.2597,0.0699,0.1558,0.2437,0.1132,0.1375
30,2024,82,741,94,485,287,0.387,220,0,0.6718,0.2803,0.0921,0.1402,0.1758,0.2759,0.6792,0.2634,0.1379,0.1336,0.3846,0.4483,334,0,extracted,0.2597,0.0699,0.1558,0.2437,0.1132,0.1375
30,2024,83,741,94,567,329,0.444,261,0,0.6724,0.2654,0.158,0.1671,0.3516,0.3448,0.6792,0.2634,0.1379,0.1336,0.3846,0.4483,334,0,extracted,0.2759,0.1391,0.1638,0.2437,0.1132,0.1375
30,2024,84,741,94,567,329,0.444,261,0,0.6724,0.2654,0.158,0.1671,0.3516,0.3448,0.6792,0.2634,0.1379,0.1336,0.3846,0.4483,334,0,extracted,0.2759,0.1391,0.1638,0.2437,0.1132,0.1375
30,2024,85,741,94,567,329,0.444,261,0,0.6724,0.2654,0.158,0.1671,0.3516,0.3448,0.6792,0.2634,0.1379,0.1336,0.3846,0.4483,334,0,extracted,0.2759,0.1391,0.1638,0.2437,0.1132,0.1375
30,2024,86,741,94,567,329,0.444,261,0,0.6724,0.2654,0.158,0.1671,0.3516,0.3448,0.6792,0.2634,0.1379,0.1336,0.3846,0.4483,334,0,extracted,0.2759,0.1391,0.1638,0.2437,0.1132,0.1375
30,2024,87,741,94,567,329,0.444,261,0,0.6724,0.2654,0.158,0.1671,0.3516,0.3448,0.6792,0.2634,0.1379,0.1336,0.3846,0.4483,334,0,extracted,0.2759,0.1391,0.1638,0.2437,0.1132,0.1375
30,2024,88,741,94,567,329,0.444,261,0,0.6724,0.2654,0.158,0.1671,0.3516,0.3448,0.6792,0.2634,0.1379,0.1336,0.3846,0.4483,334,0,extracted,0.2759,0.1391,0.1638,0.2437,0.1132,0.1375
30,2024,89,741,94,567,329,0.444,261,0,0.6724,0.2654,0.158,0.1671,0.3516,0.3448,0.6792,0.2634,0.1379,0.1336,0.3846,0.4483,334,0,extracted,0.2759,0.1391,0.1638,0.2437,0.1132,0.1375
30,2024,90,741,94,644,388,0.524,293,0,0.6795,0.2754,0.1532,0.1483,0.3846,0.4483,0.6792,0.2634,0.1379,0.1336,0.3846,0.4483,334,0,extracted,0.2543,0.1246,0.1375,0.2437,0.1132,0.1375
30,2024,91,741,94,644,388,0.524,293,0,0.6795,0.2754,0.1532,0.1483,0.3846,0.4483,0.6792,0.2634,0.1379,0.1336,0.3846,0.4483,334,0,extracted,0.2543,0.1246,0.1375,0.2437,0.1132,0.1375
30,2024,92,741,94,644,388,0.524,293,0,0.6795,0.2754,0.1532,0.1483,0.3846,0.4483,0.6792,0.2634,0.1379,0.1336,0.3846,0.4483,334,0,extracted,0.2543,0.1246,0.1375,0.2437,0.1132,0.1375
30,2024,93,741,94,644,388,0.524,293,0,0.6795,0.2754,0.1532,0.1483,0.3846,0.4483,0.6792,0.2634,0.1379,0.1336,0.3846,0.4483,334,0,extracted,0.2543,0.1246,0.1375,0.2437,0.1132,0.1375
30,2024,94,741,94,644,388,0.524,293,0,0.6795,0.2754,0.1532,0.1483,0.3846,0.4483,0.6792,0.2634,0.1379,0.1336,0.3846,0.4483,334,0,extracted,0.2543,0.1246,0.1375,0.2437,0.1132,0.1375
30,2024,95,741,94,644,388,0.524,293,0,0.6795,0.2754,0.1532,0.1483,0.3846,0.4483,0.6792,0.2634,0.1379,0.1336,0.3846,0.4483,334,0,extracted,0.2543,0.1246,0.1375,0.2437,0.1132,0.1375
30,2024,96,741,94,644,388,0.524,293,0,0.6795,0.2754,0.1532,0.1483,0.3846,0.4483,0.6792,0.2634,0.1379,0.1336,0.3846,0.4483,334,0,extracted,0.2543,0.1246,0.1375,0.2437,0.1132,0.1375
30,2024,97,741,94,734,429,0.579,329,0,0.681,0.269,0.1448,0.1365,0.3956,0.4828,0.6792,0.2634,0.1379,0.1336,0.3846,0.4483,334,0,extracted,0.2453,0.1203,0.1258,0.2437,0.1132,0.1375
30,2024,98,741,94,734,429,0.579,329,0,0.681,0.269,0.1448,0.1365,0.3956,0.4828,0.6792,0.2634,0.1379,0.1336,0.3846,0.4483,334,0,extracted,0.2453,0.1203,0.1258,0.2437,0.1132,0.1375
30,2024,99,741,94,734,429,0.579,329,0,0.681,0.269,0.1448,0.1365,0.3956,0.4828,0.6792,0.2634,0.1379,0.1336,0.3846,0.4483,334,0,extracted,0.2453,0.1203,0.1258,0.2437,0.1132,0.1375
30,2024,100,741,94,734,429,0.579,329,0,0.681,0.269,0.1448,0.1365,0.3956,0.4828,0.6792,0.2634,0.1379,0.1336,0.3846,0.4483,334,0,extracted,0.2453,0.1203,0.1258,0.2437,0.1132,0.1375
